system	code	display
http://loinc.org	code	display
http://loinc.org	18779-9	Radiology Comparison study - date and time
http://loinc.org	18782-3	Radiology Study observation (narrative)
http://loinc.org	18783-1	Radiology Study recommendation (narrative)
http://loinc.org	18785-6	Radiology Reason for study (narrative)
http://loinc.org	18834-2	Radiology Comparison study (narrative)
http://loinc.org	19005-8	Radiology Imaging study [Impression] (narrative)
http://loinc.org	24533-2	MRA Abdominal vessels W contrast IV
http://loinc.org	24535-7	XR Acetabulum Views
http://loinc.org	24536-5	XR Acromioclavicular Joint Views
http://loinc.org	24538-1	MR Ankle
http://loinc.org	24539-9	MR Ankle WO and W contrast IV
http://loinc.org	24540-7	XR Ankle 2 Views
http://loinc.org	24541-5	XR Ankle Views
http://loinc.org	24543-1	RFA Guidance for angioplasty of Thoracic and abdominal aorta-- W contrast IA
http://loinc.org	24544-9	CT Thoracic Aorta
http://loinc.org	24545-6	CT Thoracic Aorta W contrast IV
http://loinc.org	24549-8	MRA Upper extremity vessels W contrast IV
http://loinc.org	24550-6	RFA Upper extremity veins Views W contrast IV
http://loinc.org	24551-4	RFA AV fistula Views W contrast IA
http://loinc.org	24552-2	RF Stent Views W contrast intra stent
http://loinc.org	24553-0	RFA Guidance for embolectomy of Intracranial vessel-- W contrast IV
http://loinc.org	24554-8	RFA Guidance for embolization of Artery-- W contrast IA
http://loinc.org	24555-5	RFA Guidance for placement of stent in Artery
http://loinc.org	24556-3	MR Abdomen
http://loinc.org	24557-1	MR Abdomen WO and W contrast IV
http://loinc.org	24560-5	Portable XR Abdomen AP left lateral-decubitus
http://loinc.org	24561-3	XR Abdomen AP left lateral-decubitus
http://loinc.org	24562-1	XR Abdomen Left lateral-decubitus and Right lateral-decubitus
http://loinc.org	24563-9	XR Abdomen AP right lateral-decubitus
http://loinc.org	24564-7	Portable XR Abdomen AP upright
http://loinc.org	24566-2	CT Retroperitoneum
http://loinc.org	24568-8	RFA Guidance for atherectomy of AV fistula-- W contrast IV
http://loinc.org	24569-6	RFA AV shunt Views W contrast IV
http://loinc.org	24570-4	RF Guidance for removal of calculus from Biliary duct common-- W contrast retrograde intra biliary
http://loinc.org	24571-2	NM Biliary ducts and Gallbladder Views for patency of biliary structures and ejection fraction W sincalide and W radionuclide IV
http://loinc.org	24572-0	NM Biliary ducts and Gallbladder Views for patency of biliary structures W Tc-99m IV
http://loinc.org	24573-8	XR Biliary ducts and Gallbladder Views W contrast IV
http://loinc.org	24574-6	RF Biliary ducts and Gallbladder Views during surgery W contrast biliary duct
http://loinc.org	24575-3	RF Biliary ducts and Gallbladder Views W contrast percutaneous transhepatic
http://loinc.org	24576-1	RFA Urinary bladder arteries Views W contrast IA
http://loinc.org	24577-9	XR Bone Views during surgery
http://loinc.org	24578-7	SPECT Bones
http://loinc.org	24579-5	XR Long bones Survey Views
http://loinc.org	24580-3	RFA Guidance for angioplasty of Brachiocephalic artery-- W contrast IA
http://loinc.org	24581-1	RFA Subclavian artery and Brachial artery Views W contrast IA
http://loinc.org	24582-9	MR Brachial plexus
http://loinc.org	24583-7	MR Brachial plexus WO and W contrast IV
http://loinc.org	24584-5	MRA Thoracic inlet vessels W contrast IV
http://loinc.org	24585-2	CT Guidance for stereotactic biopsy of Head-- W contrast IV
http://loinc.org	24586-0	MR Brain W anesthesia
http://loinc.org	24587-8	MR Brain WO and W contrast IV
http://loinc.org	24588-6	MR Brain WO and W contrast IV and W anesthesia
http://loinc.org	24589-4	MR Brain W contrast IV
http://loinc.org	24590-2	MR Brain
http://loinc.org	24591-0	NM Brain Brain death protocol Views W Tc-99m HMPAO IV
http://loinc.org	24593-6	MRA Head vessels W contrast IV
http://loinc.org	24594-4	MG Guidance for aspiration of cyst of Breast
http://loinc.org	24595-1	MG Guidance for needle localization of mass of Breast
http://loinc.org	24597-7	MG Breast specimen Views
http://loinc.org	24598-5	MG Guidance for fluid aspiration of Breast
http://loinc.org	24602-5	MG Guidance for biopsy of Breast
http://loinc.org	24603-3	MG stereo Guidance for biopsy of Breast
http://loinc.org	24604-1	MG Breast Diagnostic Limited Views
http://loinc.org	24605-8	MG Breast Diagnostic
http://loinc.org	24606-6	MG Breast Screening
http://loinc.org	24609-0	MG Guidance for percutaneous biopsy.core needle of Breast
http://loinc.org	24610-8	MG Breast Limited Views
http://loinc.org	24612-4	XR Calcaneus Views
http://loinc.org	24614-0	RFA Guidance for angioplasty of Carotid artery extracranial-- W contrast IA
http://loinc.org	24615-7	RFA Guidance for angioplasty of Carotid artery.intracranial-- W contrast IA
http://loinc.org	24617-3	RFA Carotid arteries Views W contrast IA
http://loinc.org	24619-9	XR Wrist Views
http://loinc.org	24620-7	RF Catheter Views for patency check W contrast via catheter
http://loinc.org	24621-5	RF Guidance for percutaneous drainage and placement of drainage catheter of Unspecified body region
http://loinc.org	24622-3	RFA Celiac artery Views W contrast IA
http://loinc.org	24623-1	CT Guidance for nerve block of Celiac plexus
http://loinc.org	24624-9	RFA Guidance for change of CV catheter in Vein-- W contrast IV
http://loinc.org	24625-6	RFA Guidance for placement of CV catheter in Vein-- W contrast IV
http://loinc.org	24626-4	RFA Guidance for reposition of CV catheter in Vein-- W contrast IV
http://loinc.org	24627-2	CT Chest
http://loinc.org	24628-0	CT Chest W contrast IV
http://loinc.org	24629-8	MR Chest
http://loinc.org	24631-4	RF Unspecified body region Views for central venous catheter placement check
http://loinc.org	24632-2	Portable XR Chest Views AP
http://loinc.org	24634-8	Portable XR Chest Views W inspiration and expiration
http://loinc.org	24635-5	XR Chest PA upright Views W inspiration and expiration
http://loinc.org	24636-3	Portable XR Chest AP left lateral-decubitus
http://loinc.org	24637-1	XR Chest AP left lateral-decubitus
http://loinc.org	24638-9	Portable XR Chest Left lateral upright
http://loinc.org	24639-7	XR Chest Left lateral upright
http://loinc.org	24640-5	XR Chest Apical lordotic
http://loinc.org	24641-3	Portable XR Chest Left oblique
http://loinc.org	24642-1	XR Chest AP and PA upright
http://loinc.org	24643-9	XR Chest PA and Lateral and Oblique upright
http://loinc.org	24644-7	Portable XR Chest PA and Lateral upright
http://loinc.org	24645-4	Portable XR Chest PA and Right lateral and Right oblique and Left oblique upright
http://loinc.org	24646-2	XR Chest PA and Right lateral and Right oblique and Left oblique upright
http://loinc.org	24647-0	XR Chest PA and Lateral upright
http://loinc.org	24648-8	XR Chest PA upright
http://loinc.org	24649-6	Portable XR Chest Right lateral-decubitus and Left lateral-decubitus
http://loinc.org	24650-4	XR Chest Right lateral-decubitus and Left lateral-decubitus
http://loinc.org	24651-2	XR Chest Right oblique and Left oblique upright
http://loinc.org	24652-0	Portable XR Chest AP right lateral-decubitus
http://loinc.org	24653-8	XR Chest AP and AP right lateral-decubitus
http://loinc.org	24654-6	Portable XR Chest AP and AP right lateral-decubitus
http://loinc.org	24656-1	RF Chest Single view during surgery
http://loinc.org	24657-9	XR tomography Chest
http://loinc.org	24658-7	RFA Thoracic and abdominal aorta Views W contrast IA
http://loinc.org	24659-5	MRA Chest vessels W contrast IV
http://loinc.org	24660-3	MRA Thoracic Aorta
http://loinc.org	24661-1	RF Pleural space Views W contrast intra pleural space
http://loinc.org	24663-7	NM Cerebral cisterns Views W radionuclide IT
http://loinc.org	24664-5	XR Clavicle Views
http://loinc.org	24665-2	XR Sacrum and Coccyx Views
http://loinc.org	24666-0	RF Colon Views W air and barium contrast PR
http://loinc.org	24667-8	RF Colon Views W contrast PR
http://loinc.org	24668-6	RF Colon Single view for transit Post solid contrast
http://loinc.org	24669-4	RF Colon Views W water soluble contrast PR
http://loinc.org	24671-0	RF Guidance for aspiration of cyst of Unspecified body region
http://loinc.org	24674-4	MR Elbow
http://loinc.org	24675-1	MR Elbow WO and W contrast IV
http://loinc.org	24676-9	XR Elbow Views
http://loinc.org	24678-5	RF Esophagus Views W contrast PO
http://loinc.org	24679-3	RF Esophagus Views W gastrografin PO
http://loinc.org	24680-1	RF Guidance for dilation of Esophagus
http://loinc.org	24681-9	RF videography Hypopharynx and Esophagus Views
http://loinc.org	24682-7	RF videography Hypopharynx and Esophagus Views W liquid and paste contrast PO during swallowing
http://loinc.org	24683-5	NM Esophagus+Stomach Views W Tc-99m SC PO
http://loinc.org	24684-3	RFA Guidance for embolectomy of Extracranial vessels-- W contrast IA
http://loinc.org	24685-0	RFA Peripheral veins Views W contrast IV
http://loinc.org	24686-8	XR Lower extremity Views
http://loinc.org	24687-6	MR Lower Extremity Joint
http://loinc.org	24688-4	MR Upper extremity
http://loinc.org	24689-2	XR Upper extremity Views
http://loinc.org	24690-0	CT Extremity
http://loinc.org	24691-8	CT Extremity W contrast IV
http://loinc.org	24694-2	MR Face WO and W contrast IV
http://loinc.org	24695-9	XR Facial bones Views
http://loinc.org	24696-7	CT Facial bones
http://loinc.org	24697-5	CT Facial bones W contrast IV
http://loinc.org	24698-3	RFA Guidance for angioplasty of Femoral artery-- W contrast IA
http://loinc.org	24699-1	RFA Femoral artery Runoff W contrast IA
http://loinc.org	24700-7	XR Femur and Tibia Views for leg length
http://loinc.org	24701-5	DXA Femur [Mass/Area] Bone density
http://loinc.org	24702-3	MR Thigh
http://loinc.org	24703-1	MR Thigh WO and W contrast IV
http://loinc.org	24704-9	XR Femur Views
http://loinc.org	24705-6	MR Finger
http://loinc.org	24706-4	XR Finger Views
http://loinc.org	24707-2	MR Foot
http://loinc.org	24708-0	XR Foot Views W standing
http://loinc.org	24709-8	XR Foot Views
http://loinc.org	24710-6	MR Forearm
http://loinc.org	24712-2	XR Gallbladder Views W contrast PO
http://loinc.org	24713-0	XR Gallbladder Views 48H post contrast PO
http://loinc.org	24714-8	NM Gastrointestinal tract Views for gastrointestinal bleeding W Tc-99m tagged RBC IV
http://loinc.org	24715-5	RF Gastrointestinal tract upper Single view W contrast PO
http://loinc.org	24716-3	RF Guidance for placement of decompression tube in Gastrointestinal tract
http://loinc.org	24718-9	RF Guidance for transjugular biopsy of Liver-- W contrast IV
http://loinc.org	24720-5	MR Hand
http://loinc.org	24721-3	XR Hand 2 Views
http://loinc.org	24722-1	XR Hand 3 Views
http://loinc.org	24723-9	XR Hand Arthritis
http://loinc.org	24724-7	XR Wrist and Hand Bone age Views
http://loinc.org	24725-4	CT Head
http://loinc.org	24726-2	CT Head WO and W contrast IV
http://loinc.org	24727-0	CT Head W contrast IV
http://loinc.org	24728-8	CT perfusion Head
http://loinc.org	24729-6	CT perfusion Head WO and W contrast IV
http://loinc.org	24730-4	NM Brain Views
http://loinc.org	24734-6	CT Cerebral cisterns W contrast IT
http://loinc.org	24735-3	MR Internal auditory canal and Posterior fossa
http://loinc.org	24740-3	MR Internal auditory canal and Posterior fossa WO and W contrast IV
http://loinc.org	24745-2	XR Petrous part of temporal bone Views
http://loinc.org	24748-6	MR Heart
http://loinc.org	24750-2	NM Heart Views at rest and W Tl-201 IV
http://loinc.org	24751-0	NM Parathyroid gland Views W TI-201 subtraction Tc-99m IV
http://loinc.org	24752-8	RF videography Heart Views
http://loinc.org	24753-6	CT Unspecified body region W contrast IV
http://loinc.org	24755-1	RFA Guidance for atherectomy of Vein-- W contrast IV
http://loinc.org	24756-9	RFA Guidance for placement of stent in Vein
http://loinc.org	24761-9	XR Hip Single view
http://loinc.org	24762-7	XR Hip Views
http://loinc.org	24764-3	RF Hip Arthrogram
http://loinc.org	24765-0	XR Humerus 2 Views
http://loinc.org	24766-8	RFA Guidance for angioplasty of Iliac artery-- W contrast IA
http://loinc.org	24767-6	XR tomography Internal auditory canal
http://loinc.org	24769-2	CT Guidance for injection of Joint space
http://loinc.org	24770-0	NM Joint Views W In-111 intrajoint
http://loinc.org	24771-8	RF Guidance for arthrocentesis of Joint space
http://loinc.org	24773-4	NM Kidney Views W radionuclide transplant scan
http://loinc.org	24776-7	NM Kidney Views
http://loinc.org	24778-3	XR Kidney - bilateral 3 Serial Views WO and W contrast IV
http://loinc.org	24779-1	RF Guidance for percutaneous placement of nephrostomy tube of Kidney - bilateral-- W contrast via tube
http://loinc.org	24780-9	RF Kidney - bilateral Views W contrast via nephrostomy tube
http://loinc.org	24781-7	RF Guidance for exchange of nephrostomy tube of Kidney - bilateral-- W contrast
http://loinc.org	24782-5	RF Guidance for percutaneous placement of nephroureteral stent of Kidney - bilateral-- W contrast via stent
http://loinc.org	24783-3	RF Kidney - bilateral Views for urodynamics
http://loinc.org	24784-1	XR tomography Kidney - bilateral WO and W contrast IV
http://loinc.org	24787-4	XR tomography Kidney - bilateral WO contrast and 10M post contrast IV
http://loinc.org	24788-2	XR Kidney - bilateral Views W contrast IV
http://loinc.org	24789-0	XR tomography Kidney - bilateral
http://loinc.org	24790-8	XR tomography Kidney - bilateral W contrast IV
http://loinc.org	24792-4	Portable XR Abdomen AP and AP left lateral-decubitus
http://loinc.org	24793-2	Portable XR Abdomen AP and Lateral
http://loinc.org	24794-0	XR Abdomen AP and Lateral
http://loinc.org	24795-7	Portable XR Abdomen Supine and Upright
http://loinc.org	24796-5	XR Abdomen AP and AP left lateral-decubitus
http://loinc.org	24797-3	XR Abdomen AP and Oblique prone
http://loinc.org	24798-1	XR Abdomen Supine and Upright
http://loinc.org	24799-9	XR Abdomen AP
http://loinc.org	24800-5	RF Knee Arthrogram
http://loinc.org	24801-3	XR Knee Merchants
http://loinc.org	24802-1	MR Knee
http://loinc.org	24803-9	MR Knee WO and W contrast IV
http://loinc.org	24804-7	NM Knee Views
http://loinc.org	24805-4	XR Knee AP and Lateral W standing
http://loinc.org	24806-2	XR Knee 2 Views
http://loinc.org	24807-0	XR Knee AP W standing
http://loinc.org	24809-6	XR Knee Views W standing
http://loinc.org	24811-2	CT Guidance for fluid aspiration of Liver
http://loinc.org	24812-0	CT Guidance for biopsy of Liver
http://loinc.org	24813-8	CT Guidance for core needle biopsy of Liver
http://loinc.org	24814-6	CT Liver
http://loinc.org	24815-3	CT Liver W contrast IV
http://loinc.org	24817-9	SPECT Liver W Tc-99m IV
http://loinc.org	24820-3	MRA Lower leg vessels W contrast IV
http://loinc.org	24821-1	MR Lower leg
http://loinc.org	24822-9	CT Guidance for fluid aspiration of Lung
http://loinc.org	24823-7	CT Guidance for biopsy of Lung
http://loinc.org	24824-5	NM Lung Portable Views
http://loinc.org	24825-2	XR Lung Views W contrast intrabronchial
http://loinc.org	24826-0	NM Lymphatic vessels Views W radionuclide intra lymphatic
http://loinc.org	24827-8	RFA Lymphatic vessels Views W contrast intra lymphatic
http://loinc.org	24828-6	XR tomography Mandible Panoramic
http://loinc.org	24829-4	XR Mandible Views
http://loinc.org	24830-2	XR Mastoid Views
http://loinc.org	24831-0	NM Small bowel Views for Meckels diverticulum W Tc-99m M04 IV
http://loinc.org	24832-8	RFA Guidance for angioplasty of Mesenteric artery-- W contrast IA
http://loinc.org	24833-6	RFA Mesenteric artery Views W contrast IA
http://loinc.org	24834-4	XR Nasal bones Views
http://loinc.org	24835-1	CT Nasopharynx and Neck
http://loinc.org	24836-9	CT Nasopharynx and Neck W contrast IV
http://loinc.org	24837-7	CT Guidance for fluid aspiration of Neck
http://loinc.org	24838-5	CT Guidance for biopsy of Neck
http://loinc.org	24839-3	MR Neck
http://loinc.org	24840-1	MR Neck WO and W contrast IV
http://loinc.org	24841-9	MR Neck W contrast IV
http://loinc.org	24843-5	XR Neck Lateral
http://loinc.org	24844-3	MRA Neck vessels W contrast IV
http://loinc.org	24845-0	RF Neck Views W contrast intra larynx
http://loinc.org	24846-8	XR Optic foramen Views
http://loinc.org	24848-4	CT Orbit - bilateral
http://loinc.org	24849-2	CT Orbit - bilateral WO and W contrast IV
http://loinc.org	24850-0	CT Orbit - bilateral W contrast IV
http://loinc.org	24851-8	MR Orbit - bilateral WO and W contrast IV
http://loinc.org	24852-6	MR Orbit - bilateral W contrast IV
http://loinc.org	24854-2	XR Orbit - bilateral Views
http://loinc.org	24855-9	RF videography Oropharynx Views
http://loinc.org	24856-7	CT Guidance for fluid aspiration of Pancreas
http://loinc.org	24857-5	CT Pancreas
http://loinc.org	24858-3	CT Pancreas W contrast IV
http://loinc.org	24860-9	RFA Pancreatic artery Views W contrast IA
http://loinc.org	24861-7	XR Patella 2 Views
http://loinc.org	24862-5	RFA Iliac artery Internal Views W contrast IA
http://loinc.org	24863-3	CT Guidance for fluid aspiration of Pelvis
http://loinc.org	24864-1	CT Guidance for biopsy of Pelvis
http://loinc.org	24865-8	CT Pelvis
http://loinc.org	24866-6	CT Pelvis W contrast IV
http://loinc.org	24867-4	MR Pelvis
http://loinc.org	24871-6	XR Pelvis Pelvimetry
http://loinc.org	24872-4	MR Pelvis and Hip
http://loinc.org	24873-2	MRA Pelvis vessels W contrast IV
http://loinc.org	24874-0	RFA Peripheral arteries Views W contrast IA
http://loinc.org	24876-5	NM Head to Pelvis Views for shunt patency W Tc-99m DTPA IT
http://loinc.org	24877-3	CT Petrous part of temporal bone
http://loinc.org	24878-1	CT Petrous part of temporal bone W contrast IV
http://loinc.org	24879-9	MR Pituitary and Sella turcica WO and W contrast IV
http://loinc.org	24880-7	MR Pituitary and Sella turcica
http://loinc.org	24882-3	RFA Guidance for percutaneous transluminal angioplasty of Popliteal artery-- W contrast IA
http://loinc.org	24887-2	RFA Guidance for embolectomy of Pulmonary arteries-- W contrast IA
http://loinc.org	24888-0	NM Pulmonary system Ventilation and Perfusion W Xe-133 IH and W Tc-99m MAA IV
http://loinc.org	24890-6	DXA Radius and Ulna [Mass/Area] Bone density
http://loinc.org	24891-4	XR Radius and Ulna Views
http://loinc.org	24893-0	RF Rectum Single view post contrast PR during defecation
http://loinc.org	24894-8	RF Rectum and Urinary bladder Views W contrast PR and intra bladder during defecation and voiding
http://loinc.org	24899-7	XR Ribs Views
http://loinc.org	24900-3	XR Sacroiliac Joint Views
http://loinc.org	24901-1	CT Guidance for injection of Sacroiliac Joint
http://loinc.org	24902-9	RF Salivary gland Views W contrast intra salivary duct
http://loinc.org	24903-7	XR Scapula Views
http://loinc.org	24904-5	CT Pituitary and Sella turcica WO and W contrast IV
http://loinc.org	24905-2	MR Shoulder
http://loinc.org	24906-0	MR Shoulder WO and W contrast IV
http://loinc.org	24908-6	XR Shoulder 3 Views
http://loinc.org	24909-4	XR Shoulder Views
http://loinc.org	24910-2	RF Shoulder Arthrogram
http://loinc.org	24911-0	RF Shunt Views
http://loinc.org	24912-8	RF Sinus tract Views W contrast intra sinus tract
http://loinc.org	24913-6	CT Sinuses limited
http://loinc.org	24914-4	MR Sinuses
http://loinc.org	24915-1	MR Sinuses W contrast IV
http://loinc.org	24916-9	XR Sinuses Views
http://loinc.org	24917-7	XR Skull Single view
http://loinc.org	24918-5	XR Skull 3 Views
http://loinc.org	24919-3	XR Skull AP and Lateral
http://loinc.org	24920-1	XR Skull Lateral
http://loinc.org	24921-9	XR Skull Waters
http://loinc.org	24922-7	XR Skull 5 Views
http://loinc.org	24923-5	RF Small bowel Views W positive contrast via enteroclysis tube
http://loinc.org	24924-3	RF Small bowel Views W contrast PO
http://loinc.org	24925-0	RFA Spinal artery Views W contrast IA
http://loinc.org	24929-2	XR Thoracic and lumbar spine Views for scoliosis W flexion and W extension
http://loinc.org	24930-0	XR Thoracic and lumbar spine Views for scoliosis
http://loinc.org	24931-8	RF Guidance for injection of Spine facet joint
http://loinc.org	24932-6	CT Cervical spine
http://loinc.org	24933-4	CT Cervical spine W contrast IV
http://loinc.org	24934-2	CT Cervical spine W contrast IT
http://loinc.org	24935-9	MR Cervical spine
http://loinc.org	24936-7	MR Cervical spine W anesthesia
http://loinc.org	24937-5	MR Cervical spine WO and W contrast IV
http://loinc.org	24938-3	MR Cervical spine W contrast IV
http://loinc.org	24939-1	XR Cervical spine 5 Views
http://loinc.org	24940-9	XR Cervical spine Single view
http://loinc.org	24941-7	XR Cervical spine 3 Views
http://loinc.org	24942-5	XR Cervical spine AP and Lateral
http://loinc.org	24943-3	XR Cervical spine Lateral
http://loinc.org	24944-1	XR Cervical spine Swimmers
http://loinc.org	24945-8	XR Cervical spine Views W flexion and W extension
http://loinc.org	24946-6	XR Cervical spine Views
http://loinc.org	24947-4	RF Cervical spine Views W contrast IT
http://loinc.org	24948-2	XR Spine Cervical Odontoid and Cervical axis AP
http://loinc.org	24963-1	CT Lumbar spine
http://loinc.org	24964-9	CT Lumbar spine W contrast IV
http://loinc.org	24965-6	CT Lumbar spine W contrast IT
http://loinc.org	24966-4	DXA Lumbar spine [Mass/Area] Bone density
http://loinc.org	24967-2	MR Lumbar spine WO and W contrast IV
http://loinc.org	24968-0	MR Lumbar spine
http://loinc.org	24969-8	XR Lumbar spine Lateral
http://loinc.org	24970-6	XR Lumbar spine AP and Lateral
http://loinc.org	24971-4	XR Lumbar spine Views W flexion and W extension
http://loinc.org	24972-2	XR Lumbar spine Views
http://loinc.org	24973-0	RF Guidance for fluid aspiration of Lumbar spine space
http://loinc.org	24974-8	RF Lumbar spine Views W contrast IT
http://loinc.org	24975-5	XR Spine.lumbar and Sacroiliac joint - bilateral Views
http://loinc.org	24977-1	MR Lumbar spine W anesthesia
http://loinc.org	24978-9	CT Thoracic spine
http://loinc.org	24979-7	CT Thoracic spine W contrast IV
http://loinc.org	24980-5	MR Thoracic spine
http://loinc.org	24981-3	MR Thoracic spine WO and W contrast IV
http://loinc.org	24982-1	MR Thoracic spine W contrast IV
http://loinc.org	24983-9	XR Thoracic spine Views
http://loinc.org	24984-7	XR Thoracic and lumbar spine 2 Views
http://loinc.org	24985-4	RF Thoracic spine Views W contrast IT
http://loinc.org	24988-8	CT Spleen
http://loinc.org	24989-6	CT Spleen WO and W contrast IV
http://loinc.org	24991-2	RFA Splenic vein and Portal vein Views W contrast IA
http://loinc.org	24992-0	RFA Splenic artery Views W contrast IA
http://loinc.org	24994-6	XR Sternum Views
http://loinc.org	24995-3	RF Guidance for placement of tube in Stomach
http://loinc.org	24996-1	RF Guidance for percutaneous replacement of gastrostomy of Stomach
http://loinc.org	24997-9	NM Stomach Views for gastric emptying solid phase W Tc-99m SC PO
http://loinc.org	24998-7	RF Placement check of gastrostomy tube W contrast via GI tube
http://loinc.org	24999-5	MR Temporomandibular joint
http://loinc.org	25000-1	XR Temporomandibular joint Views
http://loinc.org	25001-9	NM Scrotum and testicle Views W Tc-99m pertechnetate IV
http://loinc.org	25003-5	MRA Thigh vessels W contrast IV
http://loinc.org	25006-8	XR Thumb Views
http://loinc.org	25007-6	NM Thyroid gland Views W I-131 IV
http://loinc.org	25008-4	NM Thyroid gland Views and Views uptake W I-131 IV
http://loinc.org	25011-8	XR Tibia and Fibula Views
http://loinc.org	25013-4	XR Toes Views
http://loinc.org	25016-7	RF Urethra Views W contrast intra urethra
http://loinc.org	25017-5	RF Urinary bladder and Urethra Views W contrast intra bladder
http://loinc.org	25018-3	NM Urinary bladder Views
http://loinc.org	25020-9	RF Urinary bladder and Urethra Views W contrast retrograde via urethra
http://loinc.org	25022-5	RF Uterus and Fallopian tubes Views W contrast IU
http://loinc.org	25023-3	RFA Vein Views W contrast IV
http://loinc.org	25024-1	RFA Guidance for placement of peripherally-inserted central venous catheter in Vein
http://loinc.org	25025-8	RFA Vena cava Views W contrast IV
http://loinc.org	25026-6	RFA Guidance for placement of venous filter in Inferior vena cava-- W contrast IV
http://loinc.org	25027-4	Guidance for placement of large bore CV catheter in Vein
http://loinc.org	25028-2	RFA Guidance for placement of catheter for infusion of thrombolytic in Vessel-- W contrast intravascular
http://loinc.org	25029-0	RFA Guidance for placement of catheter for vasoconstrictor infusion in Vessels
http://loinc.org	25030-8	RFA Abdominal arteries Views W contrast IA
http://loinc.org	25031-6	NM Bone Views
http://loinc.org	25032-4	NM Bone Views W In-111 tagged WBC IV
http://loinc.org	25033-2	MR Wrist
http://loinc.org	25034-0	RF Wrist Arthrogram
http://loinc.org	25035-7	MR Wrist WO and W contrast IV
http://loinc.org	25039-9	CT Unspecified body region limited
http://loinc.org	25043-1	CT Guidance for fluid aspiration of Unspecified body region
http://loinc.org	25044-9	CT Guidance for biopsy of Unspecified body region
http://loinc.org	25045-6	CT Unspecified body region
http://loinc.org	25046-4	CT Unspecified body region W anesthesia
http://loinc.org	25047-2	CT Unspecified body region W conscious sedation
http://loinc.org	25053-0	CT Guidance for radiosurgery of Unspecified body region
http://loinc.org	25054-8	CT Guidance for radiosurgery of Unspecified body region-- W contrast IV
http://loinc.org	25056-3	MR Unspecified body region
http://loinc.org	25057-1	MR Unspecified body region W conscious sedation
http://loinc.org	25058-9	MRA Unspecified body region W contrast IV
http://loinc.org	25062-1	XR Unspecified body region Comparison view
http://loinc.org	25063-9	RFA Vessel Single view W contrast IA
http://loinc.org	25064-7	RFA Vessel Views for angioplasty W contrast IA
http://loinc.org	25065-4	RF 15 minutes
http://loinc.org	25066-2	RF 30 minutes
http://loinc.org	25067-0	RF 45 minutes
http://loinc.org	25068-8	RF 1 hour
http://loinc.org	25069-6	RF Guidance for biopsy of Unspecified body region
http://loinc.org	25070-4	RF Unspecified body region Views during surgery
http://loinc.org	25071-2	XR tomography Unspecified body region
http://loinc.org	25072-0	Guidance for placement of infusion port
http://loinc.org	25073-8	RFA Guidance for removal of foreign body from Vessel
http://loinc.org	25074-6	XR Zygomatic arch Views
http://loinc.org	25076-1	RFA Hepatic artery Views W contrast IA
http://loinc.org	25077-9	RFA Guidance for placement of catheter in Hepatic artery-- W contrast IA
http://loinc.org	25078-7	RF Guidance for placement of stent in Intrahepatic portal system
http://loinc.org	25079-5	RFA Renal arteries Views W contrast IA
http://loinc.org	25080-3	RFA Renal vein - bilateral Views for renin sampling W contrast IV
http://loinc.org	25081-1	RFA Guidance for angioplasty of Renal vessel-- W contrast IA
http://loinc.org	26064-6	RFA Vein - bilateral Views W contrast IV
http://loinc.org	26065-3	RFA Vein - left Views W contrast IV
http://loinc.org	26066-1	RFA Vein - right Views W contrast IV
http://loinc.org	26067-9	RF Salivary gland - bilateral Views W contrast intra salivary duct
http://loinc.org	26068-7	RF Salivary gland - left Views W contrast intra salivary duct
http://loinc.org	26069-5	RF Salivary gland - right Views W contrast intra salivary duct
http://loinc.org	26070-3	RF Hip - bilateral Arthrogram
http://loinc.org	26071-1	RF Hip - left Arthrogram
http://loinc.org	26072-9	RF Hip - right Arthrogram
http://loinc.org	26073-7	RF Knee - bilateral Arthrogram
http://loinc.org	26074-5	RF Knee - left Arthrogram
http://loinc.org	26075-2	RF Knee - right Arthrogram
http://loinc.org	26076-0	RF Shoulder - bilateral Arthrogram
http://loinc.org	26077-8	RF Shoulder - left Arthrogram
http://loinc.org	26078-6	RF Shoulder - right Arthrogram
http://loinc.org	26079-4	RFA Carotid arteries - bilateral Views W contrast IA
http://loinc.org	26080-2	RFA Carotid arteries - left Views W contrast IA
http://loinc.org	26081-0	RFA Carotid arteries -right Views W contrast IA
http://loinc.org	26082-8	RFA Spinal artery - bilateral Views W contrast IA
http://loinc.org	26083-6	RFA Spinal artery - left Views W contrast IA
http://loinc.org	26084-4	RFA Spinal artery - right Views W contrast IA
http://loinc.org	26085-1	XR Knee - bilateral Views W standing
http://loinc.org	26086-9	XR Knee - left Views W standing
http://loinc.org	26087-7	XR Knee - right Views W standing
http://loinc.org	26088-5	NM Knee - bilateral Views
http://loinc.org	26089-3	NM Knee - left Views
http://loinc.org	26090-1	NM Knee - right Views
http://loinc.org	26091-9	NM Scrotum and Testicle - bilateral Views W Tc-99m pertechnetate IV
http://loinc.org	26092-7	NM Scrotum and Testicle - left Views W Tc-99m pertechnetate IV
http://loinc.org	26093-5	NM Scrotum and Testicle - right Views W Tc-99m pertechnetate IV
http://loinc.org	26094-3	XR Foot - bilateral Views W standing
http://loinc.org	26095-0	XR Foot - left Views W standing
http://loinc.org	26096-8	XR Foot - right Views W standing
http://loinc.org	26097-6	XR Ankle - bilateral Views
http://loinc.org	26098-4	XR Ankle - left Views
http://loinc.org	26099-2	XR Ankle - right Views
http://loinc.org	26100-8	XR Calcaneus - bilateral Views
http://loinc.org	26101-6	XR Calcaneus - left Views
http://loinc.org	26102-4	XR Calcaneus - right Views
http://loinc.org	26106-5	XR Clavicle - bilateral Views
http://loinc.org	26107-3	XR Clavicle - left Views
http://loinc.org	26108-1	XR Clavicle - right Views
http://loinc.org	26109-9	XR Elbow - bilateral Views
http://loinc.org	26110-7	XR Elbow - left Views
http://loinc.org	26111-5	XR Elbow - right Views
http://loinc.org	26112-3	XR Lower extremity - bilateral Views
http://loinc.org	26113-1	XR Lower extremity - left Views
http://loinc.org	26114-9	XR Lower extremity - right Views
http://loinc.org	26115-6	XR Upper extremity - bilateral Views
http://loinc.org	26116-4	XR Upper extremity - left Views
http://loinc.org	26117-2	XR Upper extremity - right Views
http://loinc.org	26118-0	XR Femur - bilateral Views
http://loinc.org	26120-6	XR Femur - left Views
http://loinc.org	26122-2	XR Femur - right Views
http://loinc.org	26124-8	XR Finger - bilateral Views
http://loinc.org	26125-5	XR Finger - left Views
http://loinc.org	26126-3	XR Finger - right Views
http://loinc.org	26127-1	XR Foot - bilateral Views
http://loinc.org	26128-9	XR Foot - left Views
http://loinc.org	26129-7	XR Foot - right Views
http://loinc.org	26130-5	XR Hip - bilateral Views
http://loinc.org	26131-3	XR Hip - left Views
http://loinc.org	26132-1	XR Hip - right Views
http://loinc.org	26133-9	XR Acetabulum - bilateral Views
http://loinc.org	26134-7	XR Acetabulum - left Views
http://loinc.org	26135-4	XR Acetabulum - right Views
http://loinc.org	26136-2	XR Acromioclavicular joint - bilateral Views
http://loinc.org	26137-0	XR Acromioclavicular joint - left Views
http://loinc.org	26138-8	XR Acromioclavicular joint - right Views
http://loinc.org	26139-6	XR Mastoid - bilateral Views
http://loinc.org	26140-4	XR Mastoid - left Views
http://loinc.org	26141-2	XR Mastoid - right Views
http://loinc.org	26142-0	XR Optic foramen - bilateral Views
http://loinc.org	26143-8	XR Optic foramen - left Views
http://loinc.org	26144-6	XR Optic foramen - right Views
http://loinc.org	26146-1	XR Radius and Ulna - bilateral Views
http://loinc.org	26148-7	XR Radius and Ulna - left Views
http://loinc.org	26150-3	XR Radius and Ulna - right Views
http://loinc.org	26151-1	XR Ribs - bilateral Views
http://loinc.org	26152-9	XR Ribs - left Views
http://loinc.org	26153-7	XR Ribs - right Views
http://loinc.org	26154-5	XR Scapula - bilateral Views
http://loinc.org	26155-2	XR Scapula - left Views
http://loinc.org	26156-0	XR Scapula - right Views
http://loinc.org	26157-8	XR Shoulder - bilateral Views
http://loinc.org	26158-6	XR Shoulder - left Views
http://loinc.org	26159-4	XR Shoulder - right Views
http://loinc.org	26160-2	XR Thumb - bilateral Views
http://loinc.org	26161-0	XR Thumb - left Views
http://loinc.org	26162-8	XR Thumb - right Views
http://loinc.org	26163-6	XR Tibia and Fibula - bilateral Views
http://loinc.org	26164-4	XR Tibia and Fibula - left Views
http://loinc.org	26165-1	XR Tibia and Fibula - right Views
http://loinc.org	26166-9	XR Toes - bilateral Views
http://loinc.org	26167-7	XR Toes - left Views
http://loinc.org	26168-5	XR Toes - right Views
http://loinc.org	26169-3	XR Wrist - bilateral Views
http://loinc.org	26170-1	XR Wrist - left Views
http://loinc.org	26171-9	XR Wrist - right Views
http://loinc.org	26172-7	XR Zygomatic arch - bilateral Views
http://loinc.org	26173-5	XR Zygomatic arch - left Views
http://loinc.org	26174-3	XR Zygomatic arch - right Views
http://loinc.org	26175-0	MG Breast - bilateral Screening
http://loinc.org	26176-8	MG Breast - left Screening
http://loinc.org	26177-6	MG Breast - right Screening
http://loinc.org	26178-4	RFA Femoral artery - bilateral Runoff W contrast IA
http://loinc.org	26179-2	RFA Femoral artery - left Runoff W contrast IA
http://loinc.org	26180-0	RFA Femoral artery - right Runoff W contrast IA
http://loinc.org	26181-8	MRA Thoracic inlet vessels - bilateral W contrast IV
http://loinc.org	26182-6	MRA Thoracic inlet vessels - left W contrast IV
http://loinc.org	26183-4	MRA Thoracic inlet vessels - right W contrast IV
http://loinc.org	26184-2	CT Extremity - bilateral W contrast IV
http://loinc.org	26185-9	CT Extremity - left W contrast IV
http://loinc.org	26186-7	CT Extremity - right W contrast IV
http://loinc.org	26187-5	MR Ankle - bilateral WO and W contrast IV
http://loinc.org	26188-3	MR Ankle - left WO and W contrast IV
http://loinc.org	26189-1	MR Ankle - right WO and W contrast IV
http://loinc.org	26190-9	MR Brachial plexus - bilateral WO and W contrast IV
http://loinc.org	26191-7	MR Brachial plexus - left WO and W contrast IV
http://loinc.org	26192-5	MR Brachial plexus - right WO and W contrast IV
http://loinc.org	26193-3	MR Elbow - bilateral WO and W contrast IV
http://loinc.org	26194-1	MR Elbow - left WO and W contrast IV
http://loinc.org	26195-8	MR Elbow - right WO and W contrast IV
http://loinc.org	26196-6	MR Thigh - bilateral WO and W contrast IV
http://loinc.org	26197-4	MR Thigh - left WO and W contrast IV
http://loinc.org	26198-2	MR Thigh - right WO and W contrast IV
http://loinc.org	26199-0	MR Knee - bilateral WO and W contrast IV
http://loinc.org	26200-6	MR Knee - left WO and W contrast IV
http://loinc.org	26201-4	MR Knee - right WO and W contrast IV
http://loinc.org	26202-2	MR Shoulder - bilateral WO and W contrast IV
http://loinc.org	26203-0	MR Shoulder - left WO and W contrast IV
http://loinc.org	26204-8	MR Shoulder - right WO and W contrast IV
http://loinc.org	26205-5	MR Wrist - bilateral WO and W contrast IV
http://loinc.org	26206-3	MR Wrist - left WO and W contrast IV
http://loinc.org	26207-1	MR Wrist - right WO and W contrast IV
http://loinc.org	26208-9	MR Ankle - bilateral
http://loinc.org	26209-7	MR Ankle - left
http://loinc.org	26210-5	MR Ankle - right
http://loinc.org	26211-3	MR Brachial plexus - bilateral
http://loinc.org	26212-1	MR Brachial plexus - left
http://loinc.org	26213-9	MR Brachial plexus - right
http://loinc.org	26220-4	MR Elbow - bilateral
http://loinc.org	26221-2	MR Elbow - left
http://loinc.org	26222-0	MR Elbow - right
http://loinc.org	26224-6	CT Extremity - bilateral
http://loinc.org	26226-1	CT Extremity - left
http://loinc.org	26227-9	MR Lower extremity joint - bilateral
http://loinc.org	26228-7	MR Lower extremity joint - left
http://loinc.org	26229-5	MR Lower extremity joint - right
http://loinc.org	26231-1	CT Extremity - right
http://loinc.org	26232-9	MR Upper extremity - bilateral
http://loinc.org	26233-7	MR Upper extremity - left
http://loinc.org	26234-5	MR Upper extremity - right
http://loinc.org	26235-2	MR Thigh - bilateral
http://loinc.org	26236-0	MR Thigh - left
http://loinc.org	26237-8	MR Thigh - right
http://loinc.org	26238-6	MR Finger - bilateral
http://loinc.org	26239-4	MR Finger - left
http://loinc.org	26240-2	MR Finger - right
http://loinc.org	26241-0	MR Foot - bilateral
http://loinc.org	26242-8	MR Foot - left
http://loinc.org	26243-6	MR Foot - right
http://loinc.org	26244-4	MR Forearm - bilateral
http://loinc.org	26245-1	MR Forearm - left
http://loinc.org	26246-9	MR Forearm - right
http://loinc.org	26247-7	MR Hand - bilateral
http://loinc.org	26248-5	MR Hand - left
http://loinc.org	26249-3	MR Hand - right
http://loinc.org	26253-5	XR tomography Internal auditory canal - bilateral
http://loinc.org	26254-3	XR tomography Internal auditory canal - left
http://loinc.org	26255-0	XR tomography Internal auditory canal - right
http://loinc.org	26256-8	MR Knee - bilateral
http://loinc.org	26257-6	MR Knee - left
http://loinc.org	26258-4	MR Knee - right
http://loinc.org	26259-2	MR Pelvis and Hip - bilateral
http://loinc.org	26260-0	MR Pelvis and Hip - left
http://loinc.org	26261-8	MR Pelvis and Hip - right
http://loinc.org	26266-7	MR Shoulder - bilateral
http://loinc.org	26268-3	MR Shoulder - left
http://loinc.org	26270-9	MR Shoulder - right
http://loinc.org	26277-4	MR Wrist - bilateral
http://loinc.org	26279-0	MR Wrist - left
http://loinc.org	26281-6	MR Wrist - right
http://loinc.org	26283-2	XR Knee - bilateral Merchants
http://loinc.org	26284-0	XR Knee - left Merchants
http://loinc.org	26285-7	XR Knee - right Merchants
http://loinc.org	26287-3	MG Breast - bilateral Limited Views
http://loinc.org	26289-9	MG Breast - left Limited Views
http://loinc.org	26291-5	MG Breast - right Limited Views
http://loinc.org	26292-3	MG stereo Guidance for biopsy of Breast - bilateral
http://loinc.org	26293-1	MG stereo Guidance for biopsy of Breast - left
http://loinc.org	26294-9	MG stereo Guidance for biopsy of Breast - right
http://loinc.org	26295-6	RFA Guidance for reposition of CV catheter in Vein - bilateral-- W contrast IV
http://loinc.org	26296-4	RFA Guidance for reposition of CV catheter in Vein - left-- W contrast IV
http://loinc.org	26297-2	RFA Guidance for reposition of CV catheter in Vein - right-- W contrast IV
http://loinc.org	26298-0	RFA Guidance for atherectomy of Vein - bilateral-- W contrast IV
http://loinc.org	26299-8	RFA Guidance for atherectomy of Vein - left-- W contrast IV
http://loinc.org	26300-4	RFA Guidance for atherectomy of Vein - right-- W contrast IV
http://loinc.org	26301-2	RFA Guidance for placement of stent in Vein - bilateral
http://loinc.org	26302-0	RFA Guidance for placement of stent in Vein - left
http://loinc.org	26303-8	RFA Guidance for placement of stent in Vein - right
http://loinc.org	26304-6	RFA Guidance for placement of peripherally-inserted central venous catheter in Vein - bilateral
http://loinc.org	26305-3	RFA Guidance for placement of peripherally-inserted central venous catheter in Vein - left
http://loinc.org	26306-1	RFA Guidance for placement of peripherally-inserted central venous catheter in Vein - right
http://loinc.org	26307-9	Guidance for placement of large bore CV catheter in Vein - bilateral
http://loinc.org	26308-7	Guidance for placement of large bore CV catheter in Vein - left
http://loinc.org	26309-5	Guidance for placement of large bore CV catheter in Vein - right
http://loinc.org	26310-3	RFA Guidance for placement of CV catheter in Vein - bilateral-- W contrast IV
http://loinc.org	26311-1	RFA Guidance for placement of CV catheter in Vein - left-- W contrast IV
http://loinc.org	26312-9	RFA Guidance for placement of CV catheter in Vein - right-- W contrast IV
http://loinc.org	26315-2	MG Guidance for needle localization of mass of Breast - bilateral
http://loinc.org	26316-0	MG Guidance for needle localization of mass of Breast - left
http://loinc.org	26317-8	MG Guidance for needle localization of mass of Breast - right
http://loinc.org	26319-4	CT Guidance for injection of Sacroiliac joint - bilateral
http://loinc.org	26320-2	CT Guidance for injection of Sacroiliac joint - left
http://loinc.org	26321-0	CT Guidance for injection of Sacroiliac joint - right
http://loinc.org	26322-8	RF Guidance for injection of Spine facet joint - bilateral
http://loinc.org	26323-6	RF Guidance for injection of Spine facet joint - left
http://loinc.org	26324-4	RF Guidance for injection of Spine facet joint - right
http://loinc.org	26331-9	RFA Guidance for change of CV catheter in Vein - bilateral-- W contrast IV
http://loinc.org	26332-7	RFA Guidance for change of CV catheter in Vein - left-- W contrast IV
http://loinc.org	26333-5	RFA Guidance for change of CV catheter in Vein - right-- W contrast IV
http://loinc.org	26334-3	MG Guidance for percutaneous biopsy.core needle of Breast - bilateral
http://loinc.org	26335-0	MG Guidance for percutaneous biopsy.core needle of Breast - left
http://loinc.org	26336-8	MG Guidance for percutaneous biopsy.core needle of Breast - right
http://loinc.org	26337-6	MG Guidance for biopsy of Breast - bilateral
http://loinc.org	26338-4	MG Guidance for biopsy of Breast - left
http://loinc.org	26339-2	MG Guidance for biopsy of Breast - right
http://loinc.org	26343-4	MG Guidance for aspiration of cyst of Breast - bilateral
http://loinc.org	26344-2	MG Guidance for aspiration of cyst of Breast - left
http://loinc.org	26345-9	MG Guidance for aspiration of cyst of Breast - right
http://loinc.org	26346-7	MG Breast - bilateral Diagnostic
http://loinc.org	26347-5	MG Breast - left Diagnostic
http://loinc.org	26348-3	MG Breast - right Diagnostic
http://loinc.org	26349-1	MG Breast - bilateral Diagnostic Limited Views
http://loinc.org	26350-9	MG Breast - left Diagnostic Limited Views
http://loinc.org	26351-7	MG Breast - right Diagnostic Limited Views
http://loinc.org	26352-5	XR Wrist - bilateral and Hand - bilateral Bone age Views
http://loinc.org	26353-3	XR Wrist - left and Hand - left Bone age Views
http://loinc.org	26354-1	XR Wrist - right and Hand - right Bone age Views
http://loinc.org	26355-8	XR Hand - bilateral Arthritis
http://loinc.org	26356-6	XR Hand - left Arthritis
http://loinc.org	26357-4	XR Hand - right Arthritis
http://loinc.org	26358-2	XR Knee - bilateral AP W standing
http://loinc.org	26359-0	XR Knee - left AP W standing
http://loinc.org	26360-8	XR Knee - right AP W standing
http://loinc.org	26364-0	XR Knee - bilateral AP and Lateral W standing
http://loinc.org	26365-7	XR Knee - left AP and Lateral W standing
http://loinc.org	26366-5	XR Knee - right AP and Lateral W standing
http://loinc.org	26370-7	RFA Guidance for angioplasty of Iliac artery - bilateral-- W contrast IA
http://loinc.org	26371-5	RFA Guidance for angioplasty of Iliac artery - left-- W contrast IA
http://loinc.org	26372-3	RFA Guidance for angioplasty of Iliac artery - right-- W contrast IA
http://loinc.org	26379-8	XR Hand - bilateral 3 Views
http://loinc.org	26380-6	XR Hand - left 3 Views
http://loinc.org	26381-4	XR Hand - right 3 Views
http://loinc.org	26382-2	XR Shoulder - bilateral 3 Views
http://loinc.org	26383-0	XR Shoulder - left 3 Views
http://loinc.org	26384-8	XR Shoulder - right 3 Views
http://loinc.org	26385-5	XR Ankle - bilateral 2 Views
http://loinc.org	26386-3	XR Ankle - left 2 Views
http://loinc.org	26387-1	XR Ankle - right 2 Views
http://loinc.org	26388-9	XR Hand - bilateral 2 Views
http://loinc.org	26389-7	XR Hand - left 2 Views
http://loinc.org	26390-5	XR Hand - right 2 Views
http://loinc.org	26391-3	XR Humerus - bilateral 2 Views
http://loinc.org	26392-1	XR Humerus - left 2 Views
http://loinc.org	26393-9	XR Humerus - right 2 Views
http://loinc.org	26394-7	XR Knee - bilateral 2 Views
http://loinc.org	26395-4	XR Knee - left 2 Views
http://loinc.org	26396-2	XR Knee - right 2 Views
http://loinc.org	26397-0	XR Patella - bilateral 2 Views
http://loinc.org	26398-8	XR Patella - left 2 Views
http://loinc.org	26399-6	XR Patella - right 2 Views
http://loinc.org	26400-2	XR Hip - bilateral Single view
http://loinc.org	26401-0	XR Hip - left Single view
http://loinc.org	26402-8	XR Hip - right Single view
http://loinc.org	28561-9	XR Pelvis Views
http://loinc.org	28564-3	XR Skull Views
http://loinc.org	28565-0	XR Knee Views
http://loinc.org	28567-6	XR Humerus Views
http://loinc.org	28576-7	MR Joint
http://loinc.org	28582-5	XR Hand Views
http://loinc.org	29252-4	CT Chest WO contrast
http://loinc.org	30578-9	CT Guidance for drainage of abscess and placement of drainage catheter of Unspecified body region
http://loinc.org	30579-7	CT Guidance for injection of Spine facet joint
http://loinc.org	30580-5	CT Guidance for fine needle aspiration of Unspecified body region
http://loinc.org	30581-3	CT Guidance for radiation treatment of Unspecified body region-- W contrast IV
http://loinc.org	30582-1	CT Guidance for radiation treatment of Unspecified body region-- WO contrast
http://loinc.org	30583-9	CT Internal auditory canal W contrast IV
http://loinc.org	30584-7	CT Internal auditory canal WO contrast
http://loinc.org	30585-4	CT Nasopharynx and Neck WO contrast
http://loinc.org	30586-2	CT Neck WO and W contrast IV
http://loinc.org	30587-0	CT Orbit - bilateral WO contrast
http://loinc.org	30588-8	CT Sinuses
http://loinc.org	30589-6	CT Petrous part of temporal bone WO contrast
http://loinc.org	30590-4	CT Pituitary and Sella turcica W contrast IV
http://loinc.org	30591-2	CT Pituitary and Sella turcica WO contrast
http://loinc.org	30592-0	CT Cervical spine WO contrast
http://loinc.org	30593-8	CTA Head vessels WO and W contrast IV
http://loinc.org	30594-6	CTA Neck vessels WO and W contrast IV
http://loinc.org	30595-3	CT Guidance for fine needle aspiration of Lung
http://loinc.org	30596-1	CT Thoracic spine W contrast IT
http://loinc.org	30597-9	CT Thoracic spine WO contrast
http://loinc.org	30598-7	CT Chest WO and W contrast IV
http://loinc.org	30600-1	CT Small bowel W positive contrast via enteroclysis tube
http://loinc.org	30601-9	CT Guidance for biopsy of Abdomen
http://loinc.org	30602-7	CT Guidance for fine needle aspiration of Abdomen
http://loinc.org	30603-5	CT Guidance for fine needle aspiration of Liver
http://loinc.org	30604-3	CT Guidance for biopsy of Pancreas
http://loinc.org	30605-0	CT Guidance for fine needle aspiration of Pancreas
http://loinc.org	30606-8	CT Guidance for fine needle aspiration of Pelvis
http://loinc.org	30607-6	CT Guidance for biopsy of Kidney - bilateral
http://loinc.org	30608-4	CT Guidance for fine needle aspiration of Kidney - bilateral
http://loinc.org	30609-2	CT Guidance for biopsy of Spleen
http://loinc.org	30610-0	CT Guidance for fine needle aspiration of Spleen
http://loinc.org	30611-8	CT Liver WO contrast
http://loinc.org	30612-6	CT Liver WO and W contrast IV
http://loinc.org	30613-4	CT Pancreas WO contrast
http://loinc.org	30614-2	CT Pancreas WO and W contrast IV
http://loinc.org	30615-9	CT Pelvis WO contrast
http://loinc.org	30616-7	CT Pelvis WO and W contrast IV
http://loinc.org	30619-1	CT Sacroiliac Joint
http://loinc.org	30620-9	CT Lumbar spine WO contrast
http://loinc.org	30621-7	CT Spleen WO contrast
http://loinc.org	30622-5	CT Spleen W contrast IV
http://loinc.org	30623-3	CTA Pelvis vessels WO and W contrast IV
http://loinc.org	30624-1	CT Lower extremity W contrast IV
http://loinc.org	30625-8	CT Lower extremity WO contrast
http://loinc.org	30626-6	CT Upper extremity W contrast IV
http://loinc.org	30627-4	CT Upper extremity WO contrast
http://loinc.org	30628-2	RF Guidance for removal of foreign body of Unspecified body region
http://loinc.org	30630-8	RF videography Cerebral cisterns Views W contrast
http://loinc.org	30631-6	RF Chest Views
http://loinc.org	30632-4	RF Diaphragm for motion
http://loinc.org	30633-2	RF Esophagus Views W barium contrast PO
http://loinc.org	30634-0	RF Guidance for biopsy of Lung
http://loinc.org	30636-5	RF Colon Views for reduction W contrast PR
http://loinc.org	30637-3	RF Guidance for placement of tube in Gastrointestinal tract
http://loinc.org	30638-1	RF Guidance for injection of Hip
http://loinc.org	30639-9	RFA Vessel Single view W contrast
http://loinc.org	30640-7	RFA Guidance for angioplasty of Vein-- W contrast IV
http://loinc.org	30641-5	RFA Guidance for Additional angioplasty of Vein-- W contrast IV
http://loinc.org	30642-3	RF Unspecified body region Single view
http://loinc.org	30645-6	RFA Superior vena cava Views W contrast IV
http://loinc.org	30646-4	RF Guidance for change of tube in Sinus tract-- W contrast
http://loinc.org	30647-2	RF Biliary ducts and Gallbladder Views W contrast via T-tube
http://loinc.org	30648-0	RFA Peripheral artery Views for angioplasty W contrast IA
http://loinc.org	30649-8	RFA Guidance for Additional angioplasty of Peripheral artery-- W contrast IA
http://loinc.org	30650-6	RF Unspecified body region Views for shunt
http://loinc.org	30654-8	MR Brachial plexus WO contrast
http://loinc.org	30655-5	MR Cerebral cisterns
http://loinc.org	30656-3	MR Guidance for stereotactic localization of Brain-- W contrast IV
http://loinc.org	30657-1	MR Brain WO contrast
http://loinc.org	30658-9	MR Internal auditory canal WO contrast
http://loinc.org	30659-7	MR Internal auditory canal WO and W contrast IV
http://loinc.org	30660-5	MR Neck WO contrast
http://loinc.org	30661-3	MR Orbit - bilateral WO contrast
http://loinc.org	30662-1	MR Sinuses WO contrast
http://loinc.org	30663-9	MR Sinuses WO and W contrast IV
http://loinc.org	30664-7	MR Guidance for radiation treatment of Unspecified body region-- W contrast IV
http://loinc.org	30665-4	MR Guidance for radiation treatment of Unspecified body region-- WO contrast
http://loinc.org	30666-2	MR Pituitary and Sella turcica WO contrast
http://loinc.org	30667-0	MR Cervical spine WO contrast
http://loinc.org	30668-8	MR Abdomen WO contrast
http://loinc.org	30669-6	MR Liver WO contrast
http://loinc.org	30670-4	MR Liver WO and W contrast IV
http://loinc.org	30671-2	MR Pelvis and Hip WO contrast
http://loinc.org	30672-0	MR Pelvis and Hip WO and W contrast IV
http://loinc.org	30673-8	MR Pelvis WO contrast
http://loinc.org	30674-6	MR Pelvis WO and W contrast IV
http://loinc.org	30675-3	MR Prostate
http://loinc.org	30678-7	MR Lumbar spine W contrast IV
http://loinc.org	30679-5	MR Lumbar spine WO contrast
http://loinc.org	30680-3	MR Ankle WO contrast
http://loinc.org	30681-1	MR Foot WO contrast
http://loinc.org	30682-9	MR Foot WO and W contrast IV
http://loinc.org	30683-7	MR Forearm WO contrast
http://loinc.org	30684-5	MR Forearm WO and W contrast IV
http://loinc.org	30685-2	MR Hand WO contrast
http://loinc.org	30686-0	MR Hand WO and W contrast IV
http://loinc.org	30687-8	MR Hip WO contrast
http://loinc.org	30688-6	MR Hip WO and W contrast IV
http://loinc.org	30689-4	MR Upper arm WO contrast
http://loinc.org	30690-2	MR Upper arm WO and W contrast IV
http://loinc.org	30691-0	MR Knee WO contrast
http://loinc.org	30692-8	MR Lower extremity
http://loinc.org	30693-6	MR Shoulder WO contrast
http://loinc.org	30694-4	NM Thyroid gland and uptake single view
http://loinc.org	30695-1	NM Thyroid gland Views
http://loinc.org	30696-9	NM Scrotum and testicle Views
http://loinc.org	30697-7	NM Pulmonary system Ventilation and Perfusion
http://loinc.org	30714-0	XR Thoracic and lumbar spine AP for scoliosis
http://loinc.org	30715-7	XR Thoracic and lumbar spine AP and lateral for scoliosis
http://loinc.org	30716-5	XR Thoracic and lumbar spine Lateral Views for scoliosis
http://loinc.org	30717-3	XR Thoracic and lumbar spine Views for scoliosis W standing
http://loinc.org	30719-9	XR tomography Temporomandibular joint
http://loinc.org	30720-7	XR Orbit - bilateral Views for foreign body
http://loinc.org	30721-5	XR Sinuses PA and Lateral
http://loinc.org	30722-3	Portable XR Skull Single view
http://loinc.org	30723-1	Portable XR Skull Views
http://loinc.org	30724-9	Portable XR Cervical spine Single view
http://loinc.org	30725-6	XR Cervical spine AP
http://loinc.org	30726-4	Portable XR Cervical spine AP and Lateral
http://loinc.org	30727-2	Portable XR Cervical spine AP
http://loinc.org	30729-8	Portable XR Spine Cervical Odontoid and Cervical axis AP
http://loinc.org	30730-6	Portable XR Zygomatic arch - bilateral Views
http://loinc.org	30731-4	Portable XR Zygomatic arch Views
http://loinc.org	30733-0	Portable XR Chest Right oblique and Left oblique
http://loinc.org	30734-8	XR Chest AP lateral-decubitus
http://loinc.org	30735-5	Portable XR Chest AP lateral-decubitus
http://loinc.org	30736-3	XR Chest Views W inspiration and expiration
http://loinc.org	30737-1	XR Chest Left lateral
http://loinc.org	30738-9	Portable XR Chest Left lateral
http://loinc.org	30739-7	Portable XR Chest Oblique
http://loinc.org	30740-5	XR Chest Oblique
http://loinc.org	30741-3	XR Chest PA and Lateral and Lordotic upright
http://loinc.org	30742-1	XR Chest PA and Lateral and Right oblique and Left oblique
http://loinc.org	30743-9	Portable XR Chest PA and Lateral and Right oblique and Left oblique
http://loinc.org	30744-7	XR Chest PA and Lateral and Oblique
http://loinc.org	30745-4	XR Chest Views
http://loinc.org	30746-2	Portable XR Chest Views
http://loinc.org	30747-0	Portable XR Ribs Views
http://loinc.org	30748-8	XR Shoulder Single view
http://loinc.org	30749-6	Portable XR Shoulder Single view
http://loinc.org	30750-4	XR Shoulder 5 Views
http://loinc.org	30751-2	XR Shoulder West Point
http://loinc.org	30752-0	XR Thoracic spine AP
http://loinc.org	30753-8	XR Thoracic spine AP and Lateral
http://loinc.org	30754-6	Portable XR Thoracic spine AP and Lateral
http://loinc.org	30755-3	Portable XR Thoracic spine AP
http://loinc.org	30756-1	XR Thoracic spine Lateral
http://loinc.org	30757-9	Portable XR Thoracic spine Lateral
http://loinc.org	30758-7	XR Thoracic spine Oblique
http://loinc.org	30759-5	Portable XR Thoracic spine Oblique
http://loinc.org	30760-3	XR tomography Kidney - bilateral 3 views W contrast IV
http://loinc.org	30762-9	XR tomography Abdomen
http://loinc.org	30763-7	Portable XR Abdomen AP and Lateral crosstable
http://loinc.org	30764-5	Portable XR Acetabulum - bilateral Views
http://loinc.org	30765-2	Portable XR Acetabulum Views
http://loinc.org	30766-0	XR Pelvis 3 Views
http://loinc.org	30767-8	XR Pelvis and Hip Views
http://loinc.org	30768-6	XR Pelvis and Hip - bilateral Views
http://loinc.org	30769-4	XR Pelvis and Hip - bilateral Maximum abduction Views
http://loinc.org	30770-2	XR Pelvis and Hip AP and Lateral frog
http://loinc.org	30771-0	XR Pelvis Inlet and Outlet
http://loinc.org	30772-8	Portable XR Pelvis Views
http://loinc.org	30773-6	XR Lumbar spine Single view
http://loinc.org	30774-4	Portable XR Lumbar spine Single view
http://loinc.org	30775-1	XR Lumbar spine 3 Views
http://loinc.org	30776-9	Portable XR Lumbar spine 3 Views
http://loinc.org	30777-7	XR Lumbar spine AP
http://loinc.org	30778-5	XR Lumbar spine Oblique
http://loinc.org	30779-3	XR Ankle AP and Lateral
http://loinc.org	30780-1	XR Finger second Views
http://loinc.org	30781-9	XR Finger third Views
http://loinc.org	30782-7	XR Finger fourth Views
http://loinc.org	30783-5	XR Finger fifth Views
http://loinc.org	30784-3	XR Foot 2 Views
http://loinc.org	30785-0	XR Foot Views W forced dorsiflexion
http://loinc.org	30786-8	XR Hip Lateral frog
http://loinc.org	30787-6	XR Joint Single view
http://loinc.org	30788-4	XR Knee 3 Views
http://loinc.org	30789-2	XR Knee 4 Views
http://loinc.org	30790-0	XR Knee Tunnel
http://loinc.org	30791-8	XR Patella Views
http://loinc.org	30792-6	Portable XR Patella Views
http://loinc.org	30793-4	XR Wrist AP and Lateral
http://loinc.org	30794-2	MR Breast
http://loinc.org	30795-9	MR Breast - bilateral
http://loinc.org	30796-7	MR Elbow WO contrast
http://loinc.org	30797-5	XR Lumbar spine 5 Views
http://loinc.org	30799-1	CT Head WO contrast
http://loinc.org	30800-7	MR Guidance for stereotactic localization of Brain-- WO contrast
http://loinc.org	30801-5	CT Maxillofacial region W contrast IV
http://loinc.org	30802-3	CT Maxillofacial region WO contrast
http://loinc.org	30803-1	CT Maxillofacial region WO and W contrast IV
http://loinc.org	30804-9	CTA Chest vessels WO and W contrast IV
http://loinc.org	30805-6	CTA Abdominal vessels WO and W contrast IV
http://loinc.org	30807-2	CTA Lower extremity vessels WO and W contrast IV
http://loinc.org	30808-0	RF Cervical and thoracic and lumbar spine Views W contrast IT
http://loinc.org	30809-8	RF Upper gastrointestinal tract and Small bowel Single view W contrast PO
http://loinc.org	30810-6	RF Lacrimal duct Views W contrast intra lacrimal duct
http://loinc.org	30811-4	RF Posterior fossa Views W contrast IT
http://loinc.org	30812-2	RF Guidance for injection of Spine Cervical Facet Joint
http://loinc.org	30813-0	XR Lung - bilateral Views W contrast intrabronchial
http://loinc.org	30814-8	RF Guidance for injection of Spine Thoracic Facet Joint
http://loinc.org	30815-5	RF Guidance for endoscopy of Biliary ducts and Pancreatic duct-- W contrast retrograde
http://loinc.org	30816-3	RFA Peritoneum Views W contrast percutaneous intraperitoneal
http://loinc.org	30817-1	RF Guidance for injection of Lumbar Spine Facet Joint
http://loinc.org	30818-9	RF Guidance for placement of catheter in Fallopian tubes-- transcervical
http://loinc.org	30819-7	RFA Epidural veins Views W contrast IV
http://loinc.org	30820-5	RFA Carotid artery.external - bilateral Views W contrast IA
http://loinc.org	30821-3	RFA Carotid artery.external Views W contrast IA
http://loinc.org	30822-1	RFA Head artery - bilateral and Neck artery - bilateral Views W contrast IA
http://loinc.org	30823-9	RFA Head artery and Neck artery Views W contrast IA
http://loinc.org	30824-7	RFA Intercranial vessel and Neck Vessel Views W contrast
http://loinc.org	30825-4	RFA Orbit veins Views W contrast IV
http://loinc.org	30828-8	RFA Brachial artery Views W contrast IA
http://loinc.org	30829-6	RFA Internal thoracic artery Views W contrast IA
http://loinc.org	30830-4	RFA Pulmonary artery - bilateral Views W contrast IA
http://loinc.org	30831-2	RFA Adrenal artery - bilateral Views W contrast IA
http://loinc.org	30832-0	RFA Adrenal artery Views W contrast IA
http://loinc.org	30833-8	RFA Pelvis arteries Views W contrast IA
http://loinc.org	30834-6	RFA Renal artery - bilateral Views W contrast IA
http://loinc.org	30836-1	RFA Guidance for angioplasty of Visceral artery-- W contrast IA
http://loinc.org	30837-9	RFA Abdominal Aorta Views W contrast IA
http://loinc.org	30838-7	RFA Aorta and Femoral artery - bilateral Runoff W contrast IA
http://loinc.org	30839-5	RFA Abdominal lymphatic vessels Views W contrast intra lymphatic
http://loinc.org	30840-3	RFA Abdominal lymphatic vessels - bilateral Views W contrast intra lymphatic
http://loinc.org	30841-1	RFA Portal vein Views W contrast transhepatic
http://loinc.org	30842-9	RFA Portal vein Views for hemodynamics W contrast transhepatic
http://loinc.org	30843-7	RFA Adrenal vein Views W contrast IV
http://loinc.org	30844-5	RFA Adrenal vein - bilateral Views W contrast IV
http://loinc.org	30845-2	RFA Inferior vena cava Views W contrast IV
http://loinc.org	30846-0	RFA Renal vein - bilateral Views W contrast IV
http://loinc.org	30847-8	RFA Renal vein Views W contrast IV
http://loinc.org	30848-6	RFA Extremity arteries Views W contrast IA
http://loinc.org	30849-4	RFA Extremity arteries - bilateral Views W contrast IA
http://loinc.org	30850-2	RFA Extremity lymphatic vessels Views W contrast intra lymphatic
http://loinc.org	30851-0	RFA Extremity lymphatic vessels - bilateral Views W contrast intra lymphatic
http://loinc.org	30852-8	RFA XXX>Peripheral veins - bilateral Views W contrast IV
http://loinc.org	30854-4	MR Cervical and thoracic and lumbar spine WO contrast
http://loinc.org	30855-1	MR Cervical and thoracic and lumbar spine WO and W contrast IV
http://loinc.org	30856-9	MRA Head vessels
http://loinc.org	30857-7	MR Nerves cranial
http://loinc.org	30858-5	MRA Head veins
http://loinc.org	30859-3	MRA Carotid vessels and Neck vessels
http://loinc.org	30860-1	MR Nasopharynx
http://loinc.org	30861-9	MRA Aortic arch and Neck vessels
http://loinc.org	30862-7	MRA Chest vessels
http://loinc.org	30864-3	MRA Abdominal veins and IVC
http://loinc.org	30865-0	MRA Celiac vessels and Superior mesenteric Vessels
http://loinc.org	30866-8	MR Lumbosacral plexus
http://loinc.org	30867-6	MRA Pelvis vessels
http://loinc.org	30868-4	MRA Renal vessels
http://loinc.org	30869-2	MR Lower leg WO contrast
http://loinc.org	30870-0	MR Lower leg WO and W contrast IV
http://loinc.org	30871-8	MRA Femoral vessels
http://loinc.org	30872-6	MRA Foot vessels
http://loinc.org	30873-4	MRA Forearm vessels
http://loinc.org	30874-2	MRA Lower extremity vessels
http://loinc.org	30875-9	MR Upper extremity.joint
http://loinc.org	30876-7	MRA Extremity veins
http://loinc.org	30877-5	NM Kidney+Renal vessels Views
http://loinc.org	30883-3	XR Coccyx Views
http://loinc.org	30884-1	XR Sacrum Views
http://loinc.org	30885-8	XR Pelvis symphysis pubis Views
http://loinc.org	30887-4	MRA Renal vessels W contrast IV
http://loinc.org	30888-2	MRA Tibioperoneal vessels
http://loinc.org	30889-0	XR Temporomandibular joint - left Views
http://loinc.org	30890-8	XR Temporomandibular joint - right Views
http://loinc.org	30892-4	RF Guidance for placement of catheter in Biliary ducts and Pancreatic duct-- W contrast retrograde
http://loinc.org	35881-2	RFA Guidance for angioplasty of Extremity artery-- W contrast IA
http://loinc.org	35882-0	RFA Guidance for angioplasty of Inferior vena cava-- W contrast IV
http://loinc.org	35883-8	RFA Guidance for atherectomy of Thoracic and abdominal aorta-- W contrast IA
http://loinc.org	35884-6	CT Guidance for drainage of abscess and placement of drainage catheter of Abdomen
http://loinc.org	35885-3	RF Guidance for drainage of abscess and placement of drainage catheter of Unspecified body region
http://loinc.org	35886-1	CT Guidance for fluid aspiration of Breast
http://loinc.org	35887-9	CT Guidance for aspiration of cyst of Unspecified body region
http://loinc.org	35888-7	RF Guidance for arthrocentesis of Hip
http://loinc.org	35889-5	RF Guidance for bronchoscopy of Chest
http://loinc.org	35890-3	RF Guidance for biopsy of Abdomen
http://loinc.org	35891-1	CT guidance for percutaneous biopsy of Bone
http://loinc.org	35892-9	CT Guidance for biopsy of Head
http://loinc.org	35893-7	CT Guidance for biopsy of Breast
http://loinc.org	35894-5	RF Guidance for biopsy of Chest
http://loinc.org	35895-2	CT Guidance for biopsy of Chest
http://loinc.org	35896-0	CT Guidance for biopsy of Lower extremity
http://loinc.org	35897-8	CT Guidance for biopsy of Upper extremity
http://loinc.org	35898-6	CT Guidance for biopsy of Salivary gland
http://loinc.org	35899-4	RF Guidance for biopsy of Kidney
http://loinc.org	35900-0	RF Guidance for percutaneous biopsy of Liver
http://loinc.org	35901-8	CT Guidance for biopsy of Lymph node
http://loinc.org	35902-6	RF Guidance for biopsy of Pancreas
http://loinc.org	35903-4	CT Guidance for biopsy of Prostate
http://loinc.org	35904-2	CT Guidance for biopsy of Cervical spine
http://loinc.org	35905-9	CT Guidance for biopsy of Lumbar spine
http://loinc.org	35906-7	CT Guidance for biopsy of Thoracic spine
http://loinc.org	35907-5	RF Guidance for biopsy of Spleen
http://loinc.org	35908-3	CT Guidance for biopsy of Thyroid gland
http://loinc.org	35909-1	CT Guidance for biopsy of Chest-- W contrast IV
http://loinc.org	35910-9	CT Guidance for biopsy of Chest-- WO and W contrast IV
http://loinc.org	35911-7	CT Guidance for biopsy of Chest-- WO contrast
http://loinc.org	35912-5	RF Guidance for placement of catheter in Unspecified body region
http://loinc.org	35913-3	CT Guidance for drainage and placement of drainage catheter of Abdomen
http://loinc.org	35914-1	CT Guidance for drainage and placement of drainage catheter of Anus
http://loinc.org	35915-8	CT Guidance for drainage and placement of drainage catheter of Appendix
http://loinc.org	35916-6	CT Guidance for drainage and placement of drainage catheter of Chest
http://loinc.org	35917-4	CT Guidance for drainage and placement of drainage catheter of Gallbladder
http://loinc.org	35918-2	CT Guidance for drainage and placement of drainage catheter of Kidney
http://loinc.org	35919-0	CT Guidance for drainage and placement of drainage catheter of Liver
http://loinc.org	35920-8	CT Guidance for drainage of Lymph node
http://loinc.org	35921-6	CT Guidance for drainage and placement of drainage catheter of Pelvis
http://loinc.org	35922-4	CT Guidance for drainage and placement of drainage catheter of Unspecified body region
http://loinc.org	35923-2	CT Guidance for drainage and placement of drainage catheter of Chest-- W contrast IV
http://loinc.org	35924-0	CT Guidance for drainage and placement of drainage catheter of Chest-- WO contrast
http://loinc.org	35925-7	RF Guidance for endoscopy of Stomach
http://loinc.org	35926-5	RF Guidance for gastrostomy of Stomach
http://loinc.org	35927-3	RF Guidance for injection of Sacroiliac Joint
http://loinc.org	35928-1	CT Guidance for localization of Breast - left
http://loinc.org	35929-9	CT Guidance for localization of Breast - right
http://loinc.org	35930-7	CT Guidance for nerve block of Abdomen
http://loinc.org	35931-5	CT Guidance for nerve block of Pelvis
http://loinc.org	35932-3	CT Guidance for nerve block of Lumbar spine
http://loinc.org	35934-9	CT Guidance for percutaneous vertebroplasty of Lumbar spine
http://loinc.org	35935-6	CT Guidance for percutaneous vertebroplasty of Thoracic spine
http://loinc.org	35937-2	CT Guidance for placement of radiation therapy fields in Unspecified body region
http://loinc.org	35938-0	CT Guidance for placement of tube in Chest
http://loinc.org	35939-8	XR tomography Ankle
http://loinc.org	35940-6	CT Ankle
http://loinc.org	35941-4	CT Ankle - bilateral
http://loinc.org	35942-2	CT Ankle - left
http://loinc.org	35943-0	XR tomography Ankle - left
http://loinc.org	35944-8	CT Ankle - right
http://loinc.org	35945-5	CT Thoracic and abdominal aorta
http://loinc.org	35946-3	MRA Thoracic and abdominal aorta
http://loinc.org	35947-1	MR Thoracic and abdominal aorta
http://loinc.org	35948-9	CT Abdominal Aorta
http://loinc.org	35949-7	MR Abdominal Aorta
http://loinc.org	35950-5	MR Thoracic Aorta
http://loinc.org	35951-3	MRA Aortic arch
http://loinc.org	35952-1	CT Appendix
http://loinc.org	35953-9	MR Face
http://loinc.org	35954-7	MR Breast - left
http://loinc.org	35955-4	MR Breast - right
http://loinc.org	35956-2	MR Internal auditory canal
http://loinc.org	35957-0	CT Internal auditory canal - left
http://loinc.org	35958-8	CT Internal auditory canal
http://loinc.org	35959-6	XR tomography Clavicle
http://loinc.org	35960-4	CT Clavicle
http://loinc.org	35961-2	MR Clavicle
http://loinc.org	35962-0	CT Elbow
http://loinc.org	35963-8	XR tomography Elbow
http://loinc.org	35964-6	XR tomography Elbow - bilateral
http://loinc.org	35965-3	CT Elbow - bilateral
http://loinc.org	35966-1	CT Elbow - left
http://loinc.org	35967-9	XR tomography Elbow - left
http://loinc.org	35968-7	CT Elbow - right
http://loinc.org	35969-5	CT Esophagus
http://loinc.org	35970-3	XR tomography Extremity
http://loinc.org	35971-1	CT Lower extremity
http://loinc.org	35972-9	XR tomography Lower extremity
http://loinc.org	35973-7	CT Lower extremity - bilateral
http://loinc.org	35974-5	MRA Lower extremity vessels - bilateral
http://loinc.org	35975-2	MR Lower extremity - bilateral
http://loinc.org	35976-0	CT Lower extremity - left
http://loinc.org	35977-8	XR tomography Lower extremity - left
http://loinc.org	35978-6	MR Lower extremity - left
http://loinc.org	35979-4	CT Lower extremity - right
http://loinc.org	35980-2	MR Lower extremity - right
http://loinc.org	35981-0	CT Upper extremity
http://loinc.org	35982-8	CT Upper extremity - left
http://loinc.org	35983-6	CT Upper extremity - right
http://loinc.org	35984-4	CT Thigh
http://loinc.org	35985-1	XR tomography Femur
http://loinc.org	35986-9	XR tomography Femur - bilateral
http://loinc.org	35987-7	CT Thigh - left
http://loinc.org	35988-5	XR tomography Femur - left
http://loinc.org	35989-3	CT Thigh - right
http://loinc.org	35990-1	MR Fetal
http://loinc.org	35991-9	CT Foot
http://loinc.org	35992-7	XR tomography Foot
http://loinc.org	35993-5	CT Foot - bilateral
http://loinc.org	35994-3	CT Foot - left
http://loinc.org	35995-0	XR tomography Foot - left
http://loinc.org	35996-8	CT Foot - right
http://loinc.org	35997-6	CT Forearm
http://loinc.org	35998-4	CT Forearm - bilateral
http://loinc.org	35999-2	CT Forearm - left
http://loinc.org	36000-8	CT Forearm - right
http://loinc.org	36001-6	XR tomography Gallbladder
http://loinc.org	36002-4	CT Hand
http://loinc.org	36003-2	XR tomography Hand
http://loinc.org	36004-0	CT Hand - bilateral
http://loinc.org	36005-7	CT Hand - left
http://loinc.org	36006-5	XR tomography Hand - left
http://loinc.org	36007-3	CT Hand - right
http://loinc.org	36008-1	MR Wrist and Hand
http://loinc.org	36009-9	MRA Heart
http://loinc.org	36011-5	XR tomography Calcaneus
http://loinc.org	36012-3	XR tomography Hip
http://loinc.org	36013-1	MR Hip
http://loinc.org	36014-9	CT Hip
http://loinc.org	36015-6	XR tomography Hip - bilateral
http://loinc.org	36016-4	CT Hip - bilateral
http://loinc.org	36017-2	MR Hip - bilateral
http://loinc.org	36018-0	CT Hip - left
http://loinc.org	36019-8	XR tomography Hip - left
http://loinc.org	36020-6	MR Hip - left
http://loinc.org	36021-4	CT Hip - right
http://loinc.org	36022-2	MR Hip - right
http://loinc.org	36023-0	CT Upper arm
http://loinc.org	36024-8	XR tomography Humerus
http://loinc.org	36025-5	MR Upper arm
http://loinc.org	36026-3	CT Upper arm - bilateral
http://loinc.org	36027-1	CT Upper arm - left
http://loinc.org	36028-9	MR Upper arm - left
http://loinc.org	36029-7	CT Upper arm - right
http://loinc.org	36030-5	MR Upper arm - right
http://loinc.org	36031-3	MR Sacroiliac Joint
http://loinc.org	36032-1	XR tomography Kidney
http://loinc.org	36033-9	MR Kidney
http://loinc.org	36034-7	MR Kidney - bilateral
http://loinc.org	36035-4	MR Kidney - left
http://loinc.org	36036-2	MR Kidney - right
http://loinc.org	36037-0	CT Knee
http://loinc.org	36038-8	XR tomography Knee
http://loinc.org	36039-6	XR tomography Knee - bilateral
http://loinc.org	36040-4	CT Knee - bilateral
http://loinc.org	36041-2	CT Knee - left
http://loinc.org	36042-0	XR tomography Knee - left
http://loinc.org	36043-8	CT Knee - right
http://loinc.org	36044-6	XR tomography Larynx
http://loinc.org	36045-3	MR Larynx
http://loinc.org	36046-1	MR Liver
http://loinc.org	36047-9	CT Mandible
http://loinc.org	36048-7	XR tomography Mandible
http://loinc.org	36049-5	CT Maxilla and Mandible
http://loinc.org	36050-3	CT Maxilla
http://loinc.org	36051-1	CT Neck
http://loinc.org	36052-9	MR Pancreas
http://loinc.org	36053-7	MR Parathyroid gland
http://loinc.org	36054-5	CT Brachial plexus
http://loinc.org	36055-2	CT Posterior fossa
http://loinc.org	36056-0	MR Posterior fossa
http://loinc.org	36057-8	CT Prostate
http://loinc.org	36058-6	CT Sacrum
http://loinc.org	36059-4	MR Sacrum
http://loinc.org	36060-2	MR Sacrum and Coccyx
http://loinc.org	36061-0	MR Scapula
http://loinc.org	36062-8	CT Shoulder
http://loinc.org	36063-6	CT Shoulder - bilateral
http://loinc.org	36064-4	CT Shoulder - left
http://loinc.org	36065-1	XR tomography Shoulder - left
http://loinc.org	36066-9	CT Shoulder - right
http://loinc.org	36068-5	XR tomography Cervical spine
http://loinc.org	36069-3	XR tomography Lumbar spine
http://loinc.org	36070-1	MR Spleen
http://loinc.org	36071-9	CT Sternum
http://loinc.org	36072-7	MR Sternum
http://loinc.org	36073-5	MR Scrotum and testicle
http://loinc.org	36074-3	CT Lower leg
http://loinc.org	36075-0	MR Lower leg - left
http://loinc.org	36076-8	MR Lower leg - right
http://loinc.org	36077-6	MRA Portal vein
http://loinc.org	36078-4	MRA Renal vein
http://loinc.org	36079-2	MRA Lower extremity veins
http://loinc.org	36080-0	MRA Upper extremity veins
http://loinc.org	36081-8	MRA Vena cava
http://loinc.org	36082-6	MRA Inferior vena cava
http://loinc.org	36083-4	MR Inferior vena cava
http://loinc.org	36084-2	MRA Upper extremity vessels
http://loinc.org	36085-9	MRA Neck vessels
http://loinc.org	36086-7	CT Abdomen limited
http://loinc.org	36087-5	CT Head limited
http://loinc.org	36088-3	MR Internal auditory canal limited
http://loinc.org	36089-1	CT Chest limited
http://loinc.org	36090-9	CT Extremity limited
http://loinc.org	36091-7	MR Heart limited
http://loinc.org	36092-5	CT Hip limited
http://loinc.org	36093-3	MR Lower Extremity Joint limited
http://loinc.org	36094-1	MR Upper extremity.joint limited
http://loinc.org	36095-8	CT Abdomen limited W contrast IV
http://loinc.org	36096-6	MR Brain limited W contrast IV
http://loinc.org	36097-4	CT Upper extremity limited W contrast IV
http://loinc.org	36098-2	CT Pelvis limited W contrast IV
http://loinc.org	36099-0	CT Cervical spine limited W contrast IV
http://loinc.org	36100-6	MR Lumbar spine limited W contrast IV
http://loinc.org	36101-4	MR Thoracic spine limited W contrast IV
http://loinc.org	36102-2	CT Abdomen limited WO and W contrast IV
http://loinc.org	36103-0	CT Abdomen limited WO contrast
http://loinc.org	36104-8	CT Head limited WO contrast
http://loinc.org	36105-5	MR Brain limited WO contrast
http://loinc.org	36106-3	CT Lower extremity limited WO contrast
http://loinc.org	36107-1	MR Lower extremity joint - left limited WO contrast
http://loinc.org	36108-9	CT Pelvis limited WO contrast
http://loinc.org	36109-7	CT Cervical spine limited WO contrast
http://loinc.org	36110-5	CT Lumbar spine limited WO contrast
http://loinc.org	36111-3	MR Lumbar spine limited WO contrast
http://loinc.org	36112-1	MR Thoracic spine limited WO contrast
http://loinc.org	36113-9	MR Kidney W contrast IV
http://loinc.org	36114-7	MR Breast - bilateral dynamic W contrast IV
http://loinc.org	36115-4	MR Ankle Arthrogram
http://loinc.org	36116-2	MR Ankle - left Arthrogram
http://loinc.org	36117-0	MR Ankle - right Arthrogram
http://loinc.org	36118-8	MR Elbow - left Arthrogram
http://loinc.org	36119-6	MR Elbow - right Arthrogram
http://loinc.org	36120-4	MR Hip Arthrogram
http://loinc.org	36121-2	MR Hip - left Arthrogram
http://loinc.org	36122-0	MR Hip - right Arthrogram
http://loinc.org	36123-8	CT Sacroiliac Joint Arthrogram
http://loinc.org	36124-6	CT Knee Arthrogram
http://loinc.org	36125-3	MR Knee Arthrogram
http://loinc.org	36126-1	MR Knee - left Arthrogram
http://loinc.org	36127-9	MR Knee - right Arthrogram
http://loinc.org	36128-7	CT Shoulder Arthrogram
http://loinc.org	36129-5	MR Shoulder Arthrogram
http://loinc.org	36130-3	MR Shoulder - left Arthrogram
http://loinc.org	36131-1	CT Shoulder - right Arthrogram
http://loinc.org	36132-9	MR Shoulder - right Arthrogram
http://loinc.org	36134-5	MR Abdomen W contrast IV
http://loinc.org	36135-2	CT Ankle W contrast IV
http://loinc.org	36136-0	MR Ankle W contrast IV
http://loinc.org	36137-8	CT Ankle - left W contrast IV
http://loinc.org	36138-6	MR Ankle - left W contrast IV
http://loinc.org	36139-4	CT Ankle - right W contrast IV
http://loinc.org	36140-2	MR Ankle - right W contrast IV
http://loinc.org	36141-0	CTA Thoracic and abdominal aorta W contrast IV
http://loinc.org	36142-8	CT Thoracic and abdominal aorta W contrast IV
http://loinc.org	36143-6	CT Abdominal Aorta W contrast IV
http://loinc.org	36144-4	CTA Aortic arch W contrast IV
http://loinc.org	36145-1	CT Appendix W contrast IV
http://loinc.org	36146-9	CTA Carotid artery W contrast IV
http://loinc.org	36147-7	CTA Pulmonary arteries W contrast IV
http://loinc.org	36148-5	MR Face W contrast IV
http://loinc.org	36149-3	MR Breast W contrast IV
http://loinc.org	36150-1	MR Breast - bilateral W contrast IV
http://loinc.org	36151-9	MR Breast - left W contrast IV
http://loinc.org	36152-7	MR Breast - right W contrast IV
http://loinc.org	36155-0	MR Internal auditory canal W contrast IV
http://loinc.org	36156-8	MR Chest W contrast IV
http://loinc.org	36157-6	CT Elbow W contrast IV
http://loinc.org	36158-4	MR Elbow W contrast IV
http://loinc.org	36159-2	CT Elbow - left W contrast IV
http://loinc.org	36160-0	MR Elbow - left W contrast IV
http://loinc.org	36161-8	CT Elbow - right W contrast IV
http://loinc.org	36162-6	MR Elbow - right W contrast IV
http://loinc.org	36163-4	MR Lower extremity - bilateral W contrast IV
http://loinc.org	36164-2	CT Lower extremity - left W contrast IV
http://loinc.org	36165-9	MR Lower extremity - left W contrast IV
http://loinc.org	36166-7	CT Lower extremity - right W contrast IV
http://loinc.org	36167-5	MR Lower extremity - right W contrast IV
http://loinc.org	36168-3	CT Upper extremity - bilateral W contrast IV
http://loinc.org	36169-1	CT Upper extremity - left W contrast IV
http://loinc.org	36170-9	CT Upper extremity - right W contrast IV
http://loinc.org	36171-7	MR Upper extremity - right W contrast IV
http://loinc.org	36172-5	CT Thigh W contrast IV
http://loinc.org	36173-3	MR Thigh W contrast IV
http://loinc.org	36174-1	CT Thigh - left W contrast IV
http://loinc.org	36175-8	MR Thigh - left W contrast IV
http://loinc.org	36176-6	CT Thigh - right W contrast IV
http://loinc.org	36177-4	MR Thigh - right W contrast IV
http://loinc.org	36178-2	CT Foot W contrast IV
http://loinc.org	36179-0	MR Foot W contrast IV
http://loinc.org	36180-8	MR Foot - bilateral W contrast IV
http://loinc.org	36181-6	CT Foot - left W contrast IV
http://loinc.org	36182-4	MR Foot - left W contrast IV
http://loinc.org	36183-2	CT Foot - right W contrast IV
http://loinc.org	36184-0	MR Foot - right W contrast IV
http://loinc.org	36185-7	CT Forearm W contrast IV
http://loinc.org	36186-5	MR Forearm W contrast IV
http://loinc.org	36187-3	CT Forearm - left W contrast IV
http://loinc.org	36188-1	MR Forearm - left W contrast IV
http://loinc.org	36189-9	CT Forearm - right W contrast IV
http://loinc.org	36190-7	MR Forearm - right W contrast IV
http://loinc.org	36191-5	CT Hand W contrast IV
http://loinc.org	36192-3	MR Hand W contrast IV
http://loinc.org	36193-1	CT Hand - left W contrast IV
http://loinc.org	36194-9	MR Hand - left W contrast IV
http://loinc.org	36195-6	CT Hand - right W contrast IV
http://loinc.org	36196-4	MR Hand - right W contrast IV
http://loinc.org	36197-2	MR Heart W contrast IV
http://loinc.org	36199-8	MR Hip W contrast IV
http://loinc.org	36200-4	CT Hip W contrast IV
http://loinc.org	36201-2	CT Hip - bilateral W contrast IV
http://loinc.org	36202-0	MR Hip - bilateral W contrast IV
http://loinc.org	36203-8	CT Hip - left W contrast IV
http://loinc.org	36204-6	MR Hip - left W contrast IV
http://loinc.org	36205-3	CT Hip - right W contrast IV
http://loinc.org	36206-1	MR Hip - right W contrast IV
http://loinc.org	36207-9	CT Upper arm W contrast IV
http://loinc.org	36208-7	MR Upper arm W contrast IV
http://loinc.org	36209-5	CT Upper arm - left W contrast IV
http://loinc.org	36210-3	MR Upper arm - left W contrast IV
http://loinc.org	36211-1	CT Upper arm - right W contrast IV
http://loinc.org	36212-9	MR Upper arm - right W contrast IV
http://loinc.org	36213-7	MR Lower Extremity Joint W contrast IV
http://loinc.org	36214-5	MR Lower extremity joint - left W contrast IV
http://loinc.org	36215-2	MR Lower extremity joint - right W contrast IV
http://loinc.org	36216-0	MR Upper extremity.joint W contrast IV
http://loinc.org	36217-8	CT Sacroiliac Joint W contrast IV
http://loinc.org	36218-6	MR Sacroiliac Joint W contrast IV
http://loinc.org	36219-4	MR Kidney - bilateral W contrast IV
http://loinc.org	36220-2	MR Kidney - left W contrast IV
http://loinc.org	36221-0	MR Kidney - right W contrast IV
http://loinc.org	36222-8	CT Knee W contrast IV
http://loinc.org	36223-6	MR Knee W contrast IV
http://loinc.org	36224-4	MR Knee - bilateral W contrast IV
http://loinc.org	36225-1	CT Knee - left W contrast IV
http://loinc.org	36226-9	MR Knee - left W contrast IV
http://loinc.org	36227-7	CT Knee - right W contrast IV
http://loinc.org	36228-5	MR Knee - right W contrast IV
http://loinc.org	36229-3	CT Larynx W contrast IV
http://loinc.org	36230-1	MR Larynx W contrast IV
http://loinc.org	36231-9	MR Liver W contrast IV
http://loinc.org	36232-7	CT Mandible W contrast IV
http://loinc.org	36233-5	MR Nasopharynx W contrast IV
http://loinc.org	36234-3	CTA Neck vessels W contrast IV
http://loinc.org	36235-0	CT Neck W contrast IV
http://loinc.org	36236-8	MR Pancreas W contrast IV
http://loinc.org	36237-6	MR Pelvis W contrast IV
http://loinc.org	36238-4	MR Pituitary and Sella turcica W contrast IV
http://loinc.org	36239-2	MR Brachial plexus W contrast IV
http://loinc.org	36240-0	MR Brachial plexus - left W contrast IV
http://loinc.org	36241-8	MR Brachial plexus - right W contrast IV
http://loinc.org	36242-6	CT Posterior fossa W contrast IV
http://loinc.org	36243-4	MR Posterior fossa W contrast IV
http://loinc.org	36244-2	MR Prostate W contrast IV
http://loinc.org	36245-9	CT Sacrum W contrast IV
http://loinc.org	36246-7	MR Sacrum W contrast IV
http://loinc.org	36247-5	MR Sacrum and Coccyx W contrast IV
http://loinc.org	36248-3	MR Scapula - left W contrast IV
http://loinc.org	36249-1	MR Scapula - right W contrast IV
http://loinc.org	36250-9	CT Shoulder W contrast IV
http://loinc.org	36251-7	MR Shoulder W contrast IV
http://loinc.org	36252-5	CT Shoulder - left W contrast IV
http://loinc.org	36253-3	CT Shoulder - right W contrast IV
http://loinc.org	36254-1	MR Shoulder - right W contrast IV
http://loinc.org	36255-8	CT Sinuses W contrast IV
http://loinc.org	36257-4	CT Sternum W contrast IV
http://loinc.org	36258-2	CT Lower leg W contrast IV
http://loinc.org	36259-0	MR Lower leg W contrast IV
http://loinc.org	36260-8	CT Lower leg - left W contrast IV
http://loinc.org	36261-6	MR Lower leg - left W contrast IV
http://loinc.org	36262-4	CT Lower leg - right W contrast IV
http://loinc.org	36263-2	MR Lower leg - right W contrast IV
http://loinc.org	36264-0	CT Uterus W contrast IV
http://loinc.org	36265-7	MR Uterus W contrast IV
http://loinc.org	36266-5	CTA Chest vessels W contrast IV
http://loinc.org	36267-3	CT Abdomen WO and W contrast IV
http://loinc.org	36268-1	CT Ankle WO and W contrast IV
http://loinc.org	36269-9	CT Ankle - left WO and W contrast IV
http://loinc.org	36270-7	CT Ankle - right WO and W contrast IV
http://loinc.org	36271-5	CT Abdominal Aorta WO and W contrast IV
http://loinc.org	36272-3	MRA Abdominal Aorta WO and W contrast IV
http://loinc.org	36273-1	MR Abdominal Aorta WO and W contrast IV
http://loinc.org	36274-9	MRA Thoracic Aorta WO and W contrast IV
http://loinc.org	36275-6	MRA Renal artery WO and W contrast IV
http://loinc.org	36276-4	MR Breast WO and W contrast IV
http://loinc.org	36277-2	MR Breast - bilateral WO and W contrast IV
http://loinc.org	36278-0	MR Breast - left WO and W contrast IV
http://loinc.org	36279-8	MR Breast - right WO and W contrast IV
http://loinc.org	36282-2	CT Internal auditory canal WO and W contrast IV
http://loinc.org	36283-0	MR Chest WO and W contrast IV
http://loinc.org	36284-8	MR Chest and Abdomen WO and W contrast IV
http://loinc.org	36285-5	CT Elbow WO and W contrast IV
http://loinc.org	36286-3	CT Elbow - left WO and W contrast IV
http://loinc.org	36287-1	CT Elbow - right WO and W contrast IV
http://loinc.org	36288-9	CT Lower extremity WO and W contrast IV
http://loinc.org	36289-7	MR Lower extremity - bilateral WO and W contrast IV
http://loinc.org	36290-5	CT Lower extremity - left WO and W contrast IV
http://loinc.org	36291-3	MR Lower extremity - left WO and W contrast IV
http://loinc.org	36292-1	CT Lower extremity - right WO and W contrast IV
http://loinc.org	36293-9	XR Abdomen 3 Views
http://loinc.org	36294-7	XR Ankle 3 Views
http://loinc.org	36295-4	XR Ankle - bilateral 3 Views
http://loinc.org	36296-2	XR Ankle - left 3 Views
http://loinc.org	36297-0	XR Facial bones 3 Views
http://loinc.org	36298-8	XR Chest 3 Views
http://loinc.org	36299-6	XR Elbow 3 Views
http://loinc.org	36300-2	XR Elbow - bilateral 3 Views
http://loinc.org	36301-0	XR Elbow - left 3 Views
http://loinc.org	36302-8	XR Femur 3 Views
http://loinc.org	36303-6	XR Finger 3 Views
http://loinc.org	36304-4	XR Finger - left 3 Views
http://loinc.org	36305-1	XR Foot 3 Views
http://loinc.org	36306-9	XR Foot - bilateral 3 Views
http://loinc.org	36307-7	XR Foot - left 3 Views
http://loinc.org	36308-5	XR Hip - bilateral 3 Views
http://loinc.org	36309-3	XR Hip - left 3 Views
http://loinc.org	36310-1	XR Knee - bilateral 3 Views
http://loinc.org	36311-9	XR Knee - left 3 Views
http://loinc.org	36312-7	XR Mandible 3 Views
http://loinc.org	36313-5	XR Ribs - bilateral 3 Views
http://loinc.org	36314-3	XR Ribs - left 3 Views
http://loinc.org	36315-0	XR Thumb - left 3 Views
http://loinc.org	36316-8	XR Toes - left 3 Views
http://loinc.org	36317-6	XR Ankle 4 Views
http://loinc.org	36318-4	XR Facial bones 4 Views
http://loinc.org	36319-2	MG Breast 4 Views
http://loinc.org	36320-0	XR Chest 4 Views
http://loinc.org	36321-8	XR and RF Chest 4 Views and Views
http://loinc.org	36322-6	XR Elbow - bilateral 4 Views
http://loinc.org	36323-4	XR Elbow - left 4 Views
http://loinc.org	36324-2	XR Femur - left 4 Views
http://loinc.org	36325-9	XR Knee - bilateral 4 Views
http://loinc.org	36326-7	XR Knee - left 4 Views
http://loinc.org	36327-5	XR Mandible 4 Views
http://loinc.org	36328-3	XR Ribs - bilateral 4 Views
http://loinc.org	36329-1	XR Shoulder - bilateral 4 Views
http://loinc.org	36330-9	XR Shoulder - left 4 Views
http://loinc.org	36331-7	XR Cervical spine 4 Views
http://loinc.org	36332-5	XR Lumbar spine 4 Views
http://loinc.org	36333-3	MR Lower extremity - right WO and W contrast IV
http://loinc.org	36334-1	CT Upper extremity WO and W contrast IV
http://loinc.org	36335-8	CT Upper extremity - left WO and W contrast IV
http://loinc.org	36336-6	CT Upper extremity - right WO and W contrast IV
http://loinc.org	36337-4	MR Upper extremity - right WO and W contrast IV
http://loinc.org	36338-2	CT Thigh WO and W contrast IV
http://loinc.org	36339-0	CT Thigh - left WO and W contrast IV
http://loinc.org	36340-8	CT Thigh - right WO and W contrast IV
http://loinc.org	36341-6	CT Foot WO and W contrast IV
http://loinc.org	36342-4	MR Foot - bilateral WO and W contrast IV
http://loinc.org	36343-2	CT Foot - left WO and W contrast IV
http://loinc.org	36344-0	MR Foot - left WO and W contrast IV
http://loinc.org	36345-7	CT Foot - right WO and W contrast IV
http://loinc.org	36346-5	MR Foot - right WO and W contrast IV
http://loinc.org	36347-3	CT Forearm WO and W contrast IV
http://loinc.org	36348-1	CT Forearm - left WO and W contrast IV
http://loinc.org	36349-9	MR Forearm - left WO and W contrast IV
http://loinc.org	36350-7	CT Forearm - right WO and W contrast IV
http://loinc.org	36351-5	MR Forearm - right WO and W contrast IV
http://loinc.org	36352-3	CT Hand WO and W contrast IV
http://loinc.org	36353-1	CT Hand - left WO and W contrast IV
http://loinc.org	36354-9	MR Hand - left WO and W contrast IV
http://loinc.org	36355-6	CT Hand - right WO and W contrast IV
http://loinc.org	36356-4	MR Hand - right WO and W contrast IV
http://loinc.org	36357-2	MR Heart WO and W contrast IV
http://loinc.org	36359-8	CT Hip WO and W contrast IV
http://loinc.org	36360-6	CT Hip - bilateral WO and W contrast IV
http://loinc.org	36361-4	MR Hip - bilateral WO and W contrast IV
http://loinc.org	36362-2	CT Hip - left WO and W contrast IV
http://loinc.org	36363-0	MR Hip - left WO and W contrast IV
http://loinc.org	36364-8	CT Hip - right WO and W contrast IV
http://loinc.org	36365-5	MR Hip - right WO and W contrast IV
http://loinc.org	36366-3	CT Upper arm WO and W contrast IV
http://loinc.org	36367-1	CT Upper arm - left WO and W contrast IV
http://loinc.org	36368-9	MR Upper arm - left WO and W contrast IV
http://loinc.org	36369-7	CT Upper arm - right WO and W contrast IV
http://loinc.org	36370-5	MR Upper arm - right WO and W contrast IV
http://loinc.org	36371-3	MR Lower Extremity Joint WO and W contrast IV
http://loinc.org	36372-1	MR Lower extremity joint - left WO and W contrast IV
http://loinc.org	36373-9	MR Lower extremity joint - right WO and W contrast IV
http://loinc.org	36374-7	MR Upper extremity.joint WO and W contrast IV
http://loinc.org	36375-4	CT Sacroiliac Joint WO and W contrast IV
http://loinc.org	36376-2	MR Sacroiliac Joint WO and W contrast IV
http://loinc.org	36377-0	CT Kidney - bilateral WO and W contrast IV
http://loinc.org	36378-8	MR Kidney - bilateral WO and W contrast IV
http://loinc.org	36379-6	CT Knee WO and W contrast IV
http://loinc.org	36380-4	CT Knee - left WO and W contrast IV
http://loinc.org	36381-2	CT Knee - right WO and W contrast IV
http://loinc.org	36382-0	MR Larynx WO and W contrast IV
http://loinc.org	36383-8	CT Mandible WO and W contrast IV
http://loinc.org	36384-6	MR Nasopharynx WO and W contrast IV
http://loinc.org	36385-3	MR Pancreas WO and W contrast IV
http://loinc.org	36387-9	CT Posterior fossa WO and W contrast IV
http://loinc.org	36388-7	MR Posterior fossa WO and W contrast IV
http://loinc.org	36389-5	MR Prostate WO and W contrast IV
http://loinc.org	36390-3	CT Sacrum WO and W contrast IV
http://loinc.org	36391-1	MR Sacrum WO and W contrast IV
http://loinc.org	36392-9	MR Sacrum and Coccyx WO and W contrast IV
http://loinc.org	36393-7	MR Scapula - left WO and W contrast IV
http://loinc.org	36394-5	MR Scapula - right WO and W contrast IV
http://loinc.org	36395-2	CT Shoulder WO and W contrast IV
http://loinc.org	36396-0	CT Shoulder - left WO and W contrast IV
http://loinc.org	36397-8	CT Shoulder - right WO and W contrast IV
http://loinc.org	36398-6	CT Sinuses WO and W contrast IV
http://loinc.org	36401-8	CT Cervical spine WO and W contrast IV
http://loinc.org	36402-6	CT Lumbar spine WO and W contrast IV
http://loinc.org	36403-4	CT Thoracic spine WO and W contrast IV
http://loinc.org	36404-2	MR Spleen WO and W contrast IV
http://loinc.org	36405-9	CT Sternum WO and W contrast IV
http://loinc.org	36406-7	MR Scrotum and testicle WO and W contrast IV
http://loinc.org	36407-5	MR Thyroid gland WO and W contrast IV
http://loinc.org	36408-3	CT Lower leg WO and W contrast IV
http://loinc.org	36409-1	CT Lower leg - left WO and W contrast IV
http://loinc.org	36410-9	MR Lower leg - left WO and W contrast IV
http://loinc.org	36411-7	CT Lower leg - right WO and W contrast IV
http://loinc.org	36412-5	MR Lower leg - right WO and W contrast IV
http://loinc.org	36413-3	MR Uterus WO and W contrast IV
http://loinc.org	36414-1	MRA Portal vein WO and W contrast IV
http://loinc.org	36415-8	MRA Renal vein WO and W contrast IV
http://loinc.org	36416-6	MRA Lower extremity veins WO and W contrast IV
http://loinc.org	36417-4	MRA Upper extremity veins WO and W contrast IV
http://loinc.org	36418-2	MR Inferior vena cava WO and W contrast IV
http://loinc.org	36419-0	MR Superior vena cava WO and W contrast IV
http://loinc.org	36420-8	MRA Chest vessels WO and W contrast IV
http://loinc.org	36421-6	CTA Upper extremity vessels WO and W contrast IV
http://loinc.org	36422-4	MRA Upper extremity vessels WO and W contrast IV
http://loinc.org	36423-2	MRA Neck vessels WO and W contrast IV
http://loinc.org	36424-0	CT Abdomen WO contrast
http://loinc.org	36425-7	CT Ankle WO contrast
http://loinc.org	36426-5	CT Ankle - left WO contrast
http://loinc.org	36427-3	MR Ankle - left WO contrast
http://loinc.org	36428-1	CT Ankle - right WO contrast
http://loinc.org	36429-9	MR Ankle - right WO contrast
http://loinc.org	36430-7	CT Thoracic and abdominal aorta WO contrast
http://loinc.org	36431-5	CT Abdominal Aorta WO contrast
http://loinc.org	36432-3	MRA Abdominal Aorta WO contrast
http://loinc.org	36433-1	MRA Thoracic Aorta WO contrast
http://loinc.org	36434-9	CT Appendix WO contrast
http://loinc.org	36435-6	MR Face WO contrast
http://loinc.org	36436-4	MR Breast WO contrast
http://loinc.org	36437-2	MR Breast - bilateral WO contrast
http://loinc.org	36438-0	MR Breast - left WO contrast
http://loinc.org	36439-8	MR Breast - right WO contrast
http://loinc.org	36442-2	MR Chest WO contrast
http://loinc.org	36443-0	CT Elbow WO contrast
http://loinc.org	36444-8	CT Elbow - bilateral WO contrast
http://loinc.org	36445-5	CT Elbow - left WO contrast
http://loinc.org	36446-3	MR Elbow - left WO contrast
http://loinc.org	36447-1	CT Elbow - right WO contrast
http://loinc.org	36448-9	MR Elbow - right WO contrast
http://loinc.org	36449-7	CT Lower extremity - bilateral WO contrast
http://loinc.org	36450-5	MRA Lower extremity vessels - bilateral WO contrast
http://loinc.org	36451-3	MR Lower extremity - bilateral WO contrast
http://loinc.org	36452-1	CT Lower extremity - left WO contrast
http://loinc.org	36453-9	MR Lower extremity - left WO contrast
http://loinc.org	36454-7	CT Lower extremity - right WO contrast
http://loinc.org	36455-4	MR Lower extremity - right WO contrast
http://loinc.org	36456-2	CT Upper extremity - bilateral WO contrast
http://loinc.org	36457-0	CT Upper extremity - left WO contrast
http://loinc.org	36458-8	CT Upper extremity - right WO contrast
http://loinc.org	36459-6	MR Upper extremity - right WO contrast
http://loinc.org	36460-4	CT Thigh WO contrast
http://loinc.org	36461-2	MR Thigh WO contrast
http://loinc.org	36462-0	CT Thigh - left WO contrast
http://loinc.org	36463-8	MR Thigh - left WO contrast
http://loinc.org	36464-6	CT Thigh - right WO contrast
http://loinc.org	36465-3	MR Thigh - right WO contrast
http://loinc.org	36466-1	CT Foot WO contrast
http://loinc.org	36467-9	MR Foot - bilateral WO contrast
http://loinc.org	36468-7	CT Foot - left WO contrast
http://loinc.org	36469-5	MR Foot - left WO contrast
http://loinc.org	36470-3	CT Foot - right WO contrast
http://loinc.org	36471-1	MR Foot - right WO contrast
http://loinc.org	36472-9	CT Forearm WO contrast
http://loinc.org	36473-7	CT Forearm - left WO contrast
http://loinc.org	36474-5	MR Forearm - left WO contrast
http://loinc.org	36475-2	CT Forearm - right WO contrast
http://loinc.org	36476-0	MR Forearm - right WO contrast
http://loinc.org	36477-8	CT Hand WO contrast
http://loinc.org	36478-6	CT Hand - left WO contrast
http://loinc.org	36479-4	MR Hand - left WO contrast
http://loinc.org	36480-2	CT Hand - right WO contrast
http://loinc.org	36481-0	MR Hand - right WO contrast
http://loinc.org	36482-8	MR Heart WO contrast
http://loinc.org	36484-4	CT Hip WO contrast
http://loinc.org	36485-1	CT Hip - bilateral WO contrast
http://loinc.org	36486-9	MR Hip - bilateral WO contrast
http://loinc.org	36487-7	CT Hip - left WO contrast
http://loinc.org	36488-5	MR Hip - left WO contrast
http://loinc.org	36489-3	CT Hip - right WO contrast
http://loinc.org	36490-1	MR Hip - right WO contrast
http://loinc.org	36491-9	CT Upper arm WO contrast
http://loinc.org	36492-7	CT Upper arm - left WO contrast
http://loinc.org	36493-5	MR Upper arm - left WO contrast
http://loinc.org	36494-3	CT Upper arm - right WO contrast
http://loinc.org	36495-0	MR Upper arm - right WO contrast
http://loinc.org	36496-8	MR Acromioclavicular Joint WO contrast
http://loinc.org	36497-6	MR Lower Extremity Joint WO contrast
http://loinc.org	36498-4	MR Lower extremity joint - left WO contrast
http://loinc.org	36499-2	MR Lower extremity joint - right WO contrast
http://loinc.org	36500-7	MR Upper extremity.joint WO contrast
http://loinc.org	36501-5	CT Sacroiliac Joint WO contrast
http://loinc.org	36502-3	MR Sacroiliac Joint WO contrast
http://loinc.org	36503-1	CT Kidney - bilateral WO contrast
http://loinc.org	36504-9	MR Kidney - bilateral WO contrast
http://loinc.org	36505-6	CT Knee WO contrast
http://loinc.org	36506-4	MR Knee - bilateral WO contrast
http://loinc.org	36507-2	CT Knee - left WO contrast
http://loinc.org	36508-0	MR Knee - left WO contrast
http://loinc.org	36509-8	CT Knee - right WO contrast
http://loinc.org	36510-6	MR Knee - right WO contrast
http://loinc.org	36511-4	CT Larynx WO contrast
http://loinc.org	36512-2	CT Mandible WO contrast
http://loinc.org	36513-0	MR Nasopharynx WO contrast
http://loinc.org	36514-8	CT Neck WO contrast
http://loinc.org	36515-5	MR Pancreas WO contrast
http://loinc.org	36516-3	MR Brachial plexus - right WO contrast
http://loinc.org	36517-1	CT Posterior fossa WO contrast
http://loinc.org	36518-9	MR Posterior fossa WO contrast
http://loinc.org	36519-7	MR Prostate WO contrast
http://loinc.org	36520-5	CT Sacrum WO contrast
http://loinc.org	36521-3	MR Sacrum WO contrast
http://loinc.org	36522-1	MR Sacrum and Coccyx WO contrast
http://loinc.org	36523-9	MR Scapula - left WO contrast
http://loinc.org	36524-7	CT Shoulder WO contrast
http://loinc.org	36525-4	MR Shoulder - bilateral WO contrast
http://loinc.org	36526-2	CT Shoulder - left WO contrast
http://loinc.org	36527-0	CT Shoulder - right WO contrast
http://loinc.org	36528-8	MR Shoulder - right WO contrast
http://loinc.org	36529-6	CT Sinuses WO contrast
http://loinc.org	36532-0	MR Thoracic spine WO contrast
http://loinc.org	36533-8	MR Spleen WO contrast
http://loinc.org	36534-6	CT Sternum WO contrast
http://loinc.org	36535-3	MR Scrotum and testicle WO contrast
http://loinc.org	36536-1	MR Thyroid gland WO contrast
http://loinc.org	36537-9	CT Lower leg WO contrast
http://loinc.org	36538-7	CT Lower leg - left WO contrast
http://loinc.org	36539-5	MR Lower leg - left WO contrast
http://loinc.org	36540-3	CT Lower leg - right WO contrast
http://loinc.org	36541-1	MR Lower leg - right WO contrast
http://loinc.org	36542-9	MR Uterus WO contrast
http://loinc.org	36543-7	MRA Portal vein WO contrast
http://loinc.org	36544-5	MRA Renal vein WO contrast
http://loinc.org	36545-2	MR Inferior vena cava WO contrast
http://loinc.org	36546-0	MR Superior vena cava WO contrast
http://loinc.org	36547-8	MRA Chest vessels WO contrast
http://loinc.org	36548-6	MRA Upper extremity vessels WO contrast
http://loinc.org	36549-4	MRA Neck vessels WO contrast
http://loinc.org	36550-2	XR Abdomen Single view
http://loinc.org	36551-0	XR Ankle Single view
http://loinc.org	36554-4	XR Chest Single view
http://loinc.org	36555-1	XR Clavicle Single view
http://loinc.org	36556-9	XR Elbow Single view
http://loinc.org	36557-7	XR Lower extremity - bilateral Single view
http://loinc.org	36558-5	XR Lower extremity - left Single view
http://loinc.org	36559-3	XR Femur Single view
http://loinc.org	36560-1	XR Femur - left Single view
http://loinc.org	36561-9	XR Foot Single view
http://loinc.org	36563-5	XR Hand Single view
http://loinc.org	36564-3	XR Calcaneus Single view
http://loinc.org	36565-0	XR Humerus Single view
http://loinc.org	36566-8	XR Knee - bilateral Single view
http://loinc.org	36567-6	XR Knee - left Single view
http://loinc.org	36568-4	XR Shoulder - bilateral Single view
http://loinc.org	36569-2	XR Shoulder - left Single view
http://loinc.org	36570-0	XR Wrist - left Single view
http://loinc.org	36571-8	XR Ankle AP
http://loinc.org	36572-6	XR Chest AP
http://loinc.org	36573-4	XR Clavicle AP
http://loinc.org	36574-2	XR Lower extremity AP
http://loinc.org	36575-9	XR Femur AP
http://loinc.org	36576-7	XR Finger fifth AP
http://loinc.org	36577-5	XR Finger fourth AP
http://loinc.org	36578-3	XR Finger third AP
http://loinc.org	36579-1	XR Foot AP
http://loinc.org	36580-9	XR Foot - bilateral AP
http://loinc.org	36581-7	XR Hip AP
http://loinc.org	36582-5	XR Hip - left AP
http://loinc.org	36583-3	XR Acromioclavicular joint - left AP
http://loinc.org	36584-1	XR Knee AP
http://loinc.org	36585-8	XR Knee - bilateral AP
http://loinc.org	36586-6	XR Shoulder - bilateral AP
http://loinc.org	36587-4	XR Shoulder - left AP
http://loinc.org	36588-2	Portable XR Abdomen AP
http://loinc.org	36589-0	Portable XR Chest AP single view
http://loinc.org	36590-8	XR Knee - bilateral AP and Lateral
http://loinc.org	36591-6	XR Abdomen Lateral
http://loinc.org	36592-4	XR Ankle Lateral
http://loinc.org	36593-2	XR Femur Lateral
http://loinc.org	36594-0	XR Finger fifth Lateral
http://loinc.org	36595-7	XR Finger fourth Lateral
http://loinc.org	36596-5	XR Finger second Lateral
http://loinc.org	36597-3	XR Finger third Lateral
http://loinc.org	36598-1	XR Foot - left Lateral
http://loinc.org	36599-9	XR Hand Lateral
http://loinc.org	36600-5	XR Hand - bilateral Lateral
http://loinc.org	36601-3	XR Hand - left Lateral
http://loinc.org	36602-1	XR Hip Lateral
http://loinc.org	36603-9	XR Hip - left Lateral
http://loinc.org	36604-7	XR Knee Lateral
http://loinc.org	36605-4	XR Knee - bilateral Lateral
http://loinc.org	36606-2	XR Knee - left Lateral
http://loinc.org	36607-0	XR Abdomen Oblique
http://loinc.org	36608-8	XR Elbow Oblique Views
http://loinc.org	36609-6	XR Femur Oblique
http://loinc.org	36610-4	XR Finger fifth Oblique
http://loinc.org	36611-2	XR Finger fourth Oblique
http://loinc.org	36612-0	XR Finger second Oblique
http://loinc.org	36613-8	XR Finger third Oblique
http://loinc.org	36614-6	XR Foot Oblique
http://loinc.org	36615-3	XR Foot - left Oblique
http://loinc.org	36616-1	XR Hand Oblique
http://loinc.org	36617-9	XR Hip Oblique
http://loinc.org	36618-7	XR Hip - bilateral Oblique
http://loinc.org	36619-5	XR Knee Oblique Views
http://loinc.org	36620-3	XR Chest Left anterior oblique
http://loinc.org	36621-1	XR Hand PA
http://loinc.org	36622-9	XR Hand - bilateral PA
http://loinc.org	36623-7	XR Hand - left PA
http://loinc.org	36624-5	XR Wrist - bilateral PA
http://loinc.org	36625-2	MG Breast Views
http://loinc.org	36626-0	MG Breast - bilateral Views
http://loinc.org	36627-8	MG Breast - left Views
http://loinc.org	36628-6	XR Internal auditory canal Views
http://loinc.org	36629-4	XR Hand - bilateral Views
http://loinc.org	36630-2	XR Hand - left Views
http://loinc.org	36631-0	XR Pelvis and Hip - left Views
http://loinc.org	36632-8	XR Humerus - left Views
http://loinc.org	36633-6	XR Sacroiliac joint - bilateral Views
http://loinc.org	36634-4	XR Sacroiliac joint - left Views
http://loinc.org	36635-1	XR Knee - bilateral Views
http://loinc.org	36636-9	XR Knee - left Views
http://loinc.org	36637-7	XR Maxilla Views
http://loinc.org	36638-5	XR Patella - bilateral Views
http://loinc.org	36639-3	XR Patella - left Views
http://loinc.org	36640-1	RF Cervical spine Views
http://loinc.org	36641-9	XR Abdomen 2 Views
http://loinc.org	36642-7	MG Breast - left 2 Views
http://loinc.org	36643-5	XR Chest 2 Views
http://loinc.org	36644-3	XR and RF Chest 2 Views and Views
http://loinc.org	36645-0	XR Clavicle 2 Views
http://loinc.org	36646-8	XR Clavicle - left 2 Views
http://loinc.org	36647-6	XR Coccyx 2 Views
http://loinc.org	36648-4	XR Elbow 2 Views
http://loinc.org	36649-2	XR Elbow - bilateral 2 Views
http://loinc.org	36650-0	XR Elbow - left 2 Views
http://loinc.org	36651-8	XR Lower extremity 2 Views
http://loinc.org	36652-6	XR Femur 2 Views
http://loinc.org	36653-4	XR Femur - bilateral 2 Views
http://loinc.org	36654-2	XR Femur - left 2 Views
http://loinc.org	36655-9	XR Finger 2 Views
http://loinc.org	36656-7	XR Finger - left 2 Views
http://loinc.org	36657-5	XR Foot - bilateral 2 Views
http://loinc.org	36658-3	XR Radius and Ulna 2 Views
http://loinc.org	36659-1	XR Radius and Ulna - bilateral 2 Views
http://loinc.org	36660-9	XR Radius and Ulna - left 2 Views
http://loinc.org	36661-7	XR Calcaneus 2 Views
http://loinc.org	36662-5	XR Calcaneus - left 2 Views
http://loinc.org	36663-3	XR Hip 2 Views
http://loinc.org	36664-1	XR Hip - left 2 Views
http://loinc.org	36665-8	XR Acromioclavicular joint - left 2 Views
http://loinc.org	36666-6	XR Scapula - left 2 Views
http://loinc.org	36667-4	XR Shoulder - bilateral 2 Views
http://loinc.org	36668-2	XR Shoulder - left 2 Views
http://loinc.org	36669-0	XR Cervical spine 2 Views
http://loinc.org	36670-8	XR Lumbar spine 2 Views
http://loinc.org	36671-6	XR Tibia and Fibula - bilateral 2 Views
http://loinc.org	36672-4	XR Tibia and Fibula - left 2 Views
http://loinc.org	36673-2	XR Toes - left 2 Views
http://loinc.org	36674-0	Portable XR Lumbar spine 2 Views
http://loinc.org	36675-7	XR Facial bones 5 Views
http://loinc.org	36676-5	XR Knee - left 5 Views
http://loinc.org	36677-3	XR Shoulder - left 5 Views
http://loinc.org	36678-1	XR Knee - bilateral 6 Views
http://loinc.org	36679-9	XR Shoulder - left 6 Views
http://loinc.org	36680-7	XR Cervical spine 7 Views
http://loinc.org	36681-5	XR Lumbar spine 7 Views
http://loinc.org	36682-3	XR Knee - bilateral 8 Views
http://loinc.org	36683-1	XR Wrist - left 8 Views
http://loinc.org	36684-9	XR Ankle - bilateral AP and Lateral
http://loinc.org	36685-6	XR Ankle - left AP and Lateral
http://loinc.org	36686-4	XR Calcaneus - bilateral AP and Lateral
http://loinc.org	36687-2	XR Chest AP and Lateral
http://loinc.org	36688-0	XR Coccyx AP and Lateral
http://loinc.org	36689-8	XR Elbow AP and Lateral
http://loinc.org	36690-6	XR Elbow - bilateral AP and Lateral
http://loinc.org	36691-4	XR Elbow - left AP and Lateral
http://loinc.org	36692-2	XR Lower extremity AP and Lateral
http://loinc.org	36693-0	XR Femur AP and Lateral
http://loinc.org	36694-8	XR Femur - bilateral AP and Lateral
http://loinc.org	36695-5	XR Femur - left AP and Lateral
http://loinc.org	36696-3	XR Foot - bilateral AP and Lateral
http://loinc.org	36697-1	XR Foot - left AP and Lateral
http://loinc.org	36698-9	XR Radius and Ulna AP and Lateral
http://loinc.org	36699-7	XR Radius and Ulna - bilateral AP and Lateral
http://loinc.org	36700-3	XR Radius and Ulna - left AP and Lateral
http://loinc.org	36701-1	XR Calcaneus - left AP and Lateral
http://loinc.org	36702-9	XR Hip AP and Lateral
http://loinc.org	36703-7	XR Hip - bilateral AP and Lateral
http://loinc.org	36704-5	XR Hip - left AP and Lateral
http://loinc.org	36705-2	XR Pelvis and Hip AP and Lateral
http://loinc.org	36706-0	XR Humerus AP and Lateral
http://loinc.org	36707-8	XR Humerus - bilateral AP and Lateral
http://loinc.org	36708-6	XR Humerus - left AP and Lateral
http://loinc.org	36709-4	XR Knee AP and Lateral
http://loinc.org	36710-2	XR Knee - left AP and Lateral
http://loinc.org	36711-0	XR Mandible AP and Lateral
http://loinc.org	36712-8	XR Patella - bilateral AP and Lateral
http://loinc.org	36713-6	XR Patella - left AP and Lateral
http://loinc.org	36714-4	XR Scapula - bilateral AP and Lateral
http://loinc.org	36715-1	XR Scapula - left AP and Lateral
http://loinc.org	36716-9	XR Shoulder - bilateral AP and Lateral
http://loinc.org	36717-7	XR Tibia and Fibula - bilateral AP and Lateral
http://loinc.org	36718-5	XR Tibia and Fibula - left AP and Lateral
http://loinc.org	36719-3	XR Toes - left AP and Lateral
http://loinc.org	36720-1	XR Ankle - bilateral AP and Lateral and oblique
http://loinc.org	36721-9	XR Ankle - left AP and Lateral and oblique
http://loinc.org	36722-7	XR Elbow AP and Lateral and oblique
http://loinc.org	36723-5	XR Elbow - bilateral AP and Lateral and oblique
http://loinc.org	36724-3	XR Elbow - left AP and Lateral and oblique
http://loinc.org	36725-0	XR Finger AP and Lateral and oblique
http://loinc.org	36726-8	XR Finger - bilateral AP and Lateral and oblique
http://loinc.org	36727-6	XR Finger - left AP and Lateral and oblique
http://loinc.org	36728-4	XR Foot AP and Lateral and oblique
http://loinc.org	36729-2	XR Foot - bilateral AP and Lateral and oblique
http://loinc.org	36730-0	XR Foot - left AP and Lateral and oblique
http://loinc.org	36731-8	XR Calcaneus AP and Lateral and oblique
http://loinc.org	36732-6	XR Knee - bilateral AP and Lateral and oblique
http://loinc.org	36733-4	XR Knee - left AP and Lateral and oblique
http://loinc.org	36734-2	XR Cervical spine AP and Lateral and oblique
http://loinc.org	36735-9	XR Lumbar spine AP and Lateral and oblique
http://loinc.org	36736-7	XR Thumb - left AP and Lateral and oblique
http://loinc.org	36737-5	XR Facial bones Limited Views
http://loinc.org	36738-3	XR Mandible Limited Views
http://loinc.org	36739-1	XR Wrist - bilateral Limited Views
http://loinc.org	36740-9	XR Elbow - bilateral Oblique Views
http://loinc.org	36741-7	XR Elbow - left Oblique Views
http://loinc.org	36742-5	XR Radius and Ulna - bilateral Oblique Views
http://loinc.org	36743-3	XR Radius and Ulna - left Oblique Views
http://loinc.org	36744-1	XR Humerus - left Oblique Views
http://loinc.org	36745-8	XR Knee - bilateral Oblique Views
http://loinc.org	36746-6	XR Knee - left Oblique Views
http://loinc.org	36747-4	XR Mandible Oblique Views
http://loinc.org	36748-2	XR Cervical spine Oblique Views
http://loinc.org	36749-0	XR Tibia and Fibula - left Oblique Views
http://loinc.org	36750-8	XR Chest PA and AP lateral-decubitus
http://loinc.org	36751-6	XR and RF Chest PA and Lateral and Views
http://loinc.org	36752-4	XR Hand - bilateral PA and Lateral
http://loinc.org	36753-2	XR Hand - left PA and Lateral
http://loinc.org	36754-0	XR Mandible PA and Lateral
http://loinc.org	36755-7	XR Hand PA and Lateral and Oblique
http://loinc.org	36756-5	XR Hand - bilateral PA and Lateral and Oblique
http://loinc.org	36757-3	XR Hand - left PA and Lateral and Oblique
http://loinc.org	36758-1	XR Chest PA and Lateral and Oblique and Apical lordotic
http://loinc.org	36759-9	XR Chest PA and Apical lordotic
http://loinc.org	36760-7	RFA Guidance for angioplasty of AV shunt-- W contrast
http://loinc.org	36761-5	RF Guidance for balloon dilatation of Biliary ducts-- W contrast
http://loinc.org	36762-3	RFA Guidance for angioplasty of Extremity vessel-- W contrast
http://loinc.org	36763-1	RFA Guidance for angioplasty of Femoral artery and Popliteal artery-- W contrast IA
http://loinc.org	36764-9	RFA Guidance for atherectomy of Femoral vessel and Popliteal artery-- W contrast
http://loinc.org	36765-6	RFA Guidance for atherectomy of Vessel-- W contrast
http://loinc.org	36766-4	RFA Guidance for atherectomy of Coronary arteries-- W contrast IA
http://loinc.org	36767-2	CT Guidance for biopsy of Adrenal gland
http://loinc.org	36768-0	CT Guidance for percutaneous biopsy of Muscle
http://loinc.org	36769-8	CT Guidance for exchange of nephrostomy tube of Kidney
http://loinc.org	36770-6	CT Guidance for drainage and placement of drainage catheter of Biliary ducts and Gallbladder
http://loinc.org	36771-4	RF Guidance for injection of Joint
http://loinc.org	36772-2	CT Guidance for placement of nephrostomy tube in Kidney
http://loinc.org	36773-0	CT Temporal bone
http://loinc.org	36774-8	MR Upper extremity joint - left
http://loinc.org	36775-5	MR Upper extremity joint - right
http://loinc.org	36776-3	XR tomography Mastoid
http://loinc.org	36777-1	MR Orbit
http://loinc.org	36778-9	MR Orbit - right
http://loinc.org	36779-7	MR Ovary
http://loinc.org	36780-5	MR Toe
http://loinc.org	36781-3	MRA Abdominal veins
http://loinc.org	36782-1	MRA Subclavian artery
http://loinc.org	36783-9	MRA Veins
http://loinc.org	36784-7	MRA Lower extremity veins - left
http://loinc.org	36785-4	MRA Lower extremity veins - right
http://loinc.org	36786-2	MRA Upper extremity veins - left
http://loinc.org	36787-0	MRA Upper extremity veins - right
http://loinc.org	36788-8	MRA Neck veins
http://loinc.org	36789-6	MRA Pelvis veins
http://loinc.org	36790-4	MRA Inferior vena cava + tributaries
http://loinc.org	36791-2	MRA Abdominal vessels
http://loinc.org	36792-0	MRA Adrenal vessels
http://loinc.org	36794-6	MRA Extremity vessels
http://loinc.org	36795-3	MRA Lower extremity vessels - left
http://loinc.org	36796-1	MRA Lower extremity vessels - right
http://loinc.org	36797-9	MRA Upper extremity vessels - left
http://loinc.org	36798-7	MRA Upper extremity vessels - right
http://loinc.org	36799-5	MRA Knee vessels
http://loinc.org	36800-1	MRA Knee vessels - left
http://loinc.org	36801-9	MRA Knee vessels - right
http://loinc.org	36802-7	MRA Orbit vessels
http://loinc.org	36803-5	MRA Pulmonary vessels
http://loinc.org	36804-3	MRA Renal vessels - bilateral
http://loinc.org	36805-0	MRA Shoulder vessels
http://loinc.org	36806-8	MRA Shoulder vessels - left
http://loinc.org	36807-6	MRA Shoulder vessels - right
http://loinc.org	36808-4	MRA Head vessels limited
http://loinc.org	36809-2	CTA Hepatic artery W contrast IA
http://loinc.org	36811-8	CT Joint Arthrogram
http://loinc.org	36812-6	MR Joint Arthrogram
http://loinc.org	36813-4	CT Abdomen and Pelvis W contrast IV
http://loinc.org	36814-2	CTA Head Arteries W contrast IV
http://loinc.org	36815-9	CT Temporal bone W contrast IV
http://loinc.org	36816-7	CT Temporal bone - right W contrast IV
http://loinc.org	36817-5	MR Upper extremity joint - bilateral W contrast IV
http://loinc.org	36818-3	MR Upper extremity joint - left W contrast IV
http://loinc.org	36819-1	MR Upper extremity joint - right W contrast IV
http://loinc.org	36820-9	MR Orbit W contrast IV
http://loinc.org	36821-7	MR Orbit - left W contrast IV
http://loinc.org	36822-5	MR Orbit - right W contrast IV
http://loinc.org	36823-3	MR Ovary W contrast IV
http://loinc.org	36824-1	CTA Lower extremity veins - left W contrast IV
http://loinc.org	36825-8	CTA Lower extremity veins - right W contrast IV
http://loinc.org	36826-6	MRA Head veins W contrast IV
http://loinc.org	36827-4	MRA Neck veins W contrast IV
http://loinc.org	36828-2	CTA Abdominal vessels W contrast IV
http://loinc.org	36830-8	CTA Head vessels W contrast IV
http://loinc.org	36831-6	CTA Lower extremity vessels W contrast IV
http://loinc.org	36832-4	MRA Orbit vessels W contrast IV
http://loinc.org	36833-2	CTA Renal vessels W contrast IV
http://loinc.org	36834-0	CTA Vessel W contrast IV
http://loinc.org	36835-7	CT Petrous part of temporal bone WO and W contrast IV
http://loinc.org	36837-3	CT Temporal bone WO and W contrast IV
http://loinc.org	36838-1	XR Mastoid 3 Views
http://loinc.org	36839-9	XR Mastoid 4 Views
http://loinc.org	36840-7	MR Upper extremity joint - left WO and W contrast IV
http://loinc.org	36841-5	MR Upper extremity joint - right WO and W contrast IV
http://loinc.org	36842-3	MR Orbit WO and W contrast IV
http://loinc.org	36843-1	MR Orbit - left WO and W contrast IV
http://loinc.org	36844-9	MR Orbit - right WO and W contrast IV
http://loinc.org	36845-6	MR Ovary WO and W contrast IV
http://loinc.org	36846-4	MRA Abdominal veins WO and W contrast IV
http://loinc.org	36847-2	MRA Head veins WO and W contrast IV
http://loinc.org	36848-0	MRA Chest veins WO and W contrast IV
http://loinc.org	36849-8	MRA Lower extremity veins - left WO and W contrast IV
http://loinc.org	36850-6	MRA Lower extremity veins - right WO and W contrast IV
http://loinc.org	36851-4	MRA Upper extremity veins - left WO and W contrast IV
http://loinc.org	36852-2	MRA Upper extremity veins - right WO and W contrast IV
http://loinc.org	36853-0	MRA Neck veins WO and W contrast IV
http://loinc.org	36854-8	MRA Pelvis veins WO and W contrast IV
http://loinc.org	36855-5	MRA Abdominal vessels WO and W contrast IV
http://loinc.org	36857-1	MRA Head vessels WO and W contrast IV
http://loinc.org	36858-9	MRA Lower extremity vessels - left WO and W contrast IV
http://loinc.org	36859-7	MRA Lower extremity vessels - right WO and W contrast IV
http://loinc.org	36860-5	MRA Upper extremity vessels - left WO and W contrast IV
http://loinc.org	36861-3	MRA Upper extremity vessels - right WO and W contrast IV
http://loinc.org	36862-1	MRA Knee vessels - right WO and W contrast IV
http://loinc.org	36863-9	MRA Pelvis vessels WO and W contrast IV
http://loinc.org	36864-7	MRA Shoulder vessels - left WO and W contrast IV
http://loinc.org	36865-4	MRA Shoulder vessels - right WO and W contrast IV
http://loinc.org	36866-2	CT Temporal bone WO contrast
http://loinc.org	36867-0	CT Temporal bone - left WO contrast
http://loinc.org	36868-8	CT Temporal bone - right WO contrast
http://loinc.org	36869-6	MR Upper extremity joint - left WO contrast
http://loinc.org	36870-4	MR Upper extremity joint - right WO contrast
http://loinc.org	36871-2	MR Joint WO contrast
http://loinc.org	36872-0	MR Orbit WO contrast
http://loinc.org	36873-8	MR Orbit - left WO contrast
http://loinc.org	36874-6	MR Orbit - right WO contrast
http://loinc.org	36875-3	MR Ovary WO contrast
http://loinc.org	36876-1	MRA Head veins WO contrast
http://loinc.org	36877-9	MRA Neck veins WO contrast
http://loinc.org	36878-7	MRA Abdominal vessels WO contrast
http://loinc.org	36879-5	MRA Ankle vessels WO contrast
http://loinc.org	36881-1	MRA Head vessels WO contrast
http://loinc.org	36882-9	MRA Lower extremity vessels - left WO contrast
http://loinc.org	36883-7	MRA Pelvis vessels WO contrast
http://loinc.org	36886-0	XR Orbit Views
http://loinc.org	36887-8	XR Orbit - left Views
http://loinc.org	36890-2	XR Mastoid 5 Views
http://loinc.org	36893-6	XR Mastoid Limited Views
http://loinc.org	36894-4	XR Tibia and Fibula Oblique Views
http://loinc.org	36927-2	CT Guidance for biopsy of Maxillofacial region
http://loinc.org	36928-0	CT Guidance for stereotactic biopsy of Head
http://loinc.org	36929-8	CT Guidance for stereotactic biopsy of Head-- WO contrast
http://loinc.org	36930-6	CT Adrenal gland
http://loinc.org	36931-4	MR Adrenal gland
http://loinc.org	36932-2	CT Pituitary and Sella turcica
http://loinc.org	36933-0	MR Salivary gland
http://loinc.org	36936-3	MR Guidance for stereotactic biopsy of Brain
http://loinc.org	36937-1	CT Maxillofacial region limited
http://loinc.org	36938-9	CT Maxillofacial region limited WO contrast
http://loinc.org	36941-3	CT Salivary gland W contrast intra salivary duct
http://loinc.org	36942-1	MR Chest and Abdomen W contrast IV
http://loinc.org	36943-9	CT Adrenal gland W contrast IV
http://loinc.org	36944-7	MR Biliary ducts and Pancreatic duct WO and W contrast IV
http://loinc.org	36945-4	XR Knee - bilateral 2 Views W standing
http://loinc.org	36946-2	XR Lumbar spine 2 Views W standing
http://loinc.org	36947-0	XR Foot - bilateral 3 Views W standing
http://loinc.org	36948-8	XR Foot - left 3 Views W standing
http://loinc.org	36949-6	XR Lumbar spine 3 Views W standing
http://loinc.org	36950-4	CT Adrenal gland WO and W contrast IV
http://loinc.org	36951-2	MR Adrenal gland WO and W contrast IV
http://loinc.org	36952-0	CT Abdomen and Pelvis WO contrast
http://loinc.org	36953-8	CT Adrenal gland WO contrast
http://loinc.org	36954-6	MR Adrenal gland WO contrast
http://loinc.org	36955-3	CT Thyroid gland WO contrast
http://loinc.org	36956-1	MR Orbit and Face WO contrast
http://loinc.org	36958-7	XR Ribs - bilateral AP
http://loinc.org	36959-5	XR Ribs - left AP
http://loinc.org	36960-3	Portable XR Chest AP upright
http://loinc.org	36961-1	XR Shoulder - left AP and West Point and Outlet
http://loinc.org	36962-9	MG Breast Axillary
http://loinc.org	36963-7	XR Shoulder - bilateral Axillary
http://loinc.org	36964-5	XR Shoulder - left Axillary
http://loinc.org	36965-2	XR Hand Ball Catcher
http://loinc.org	36966-0	XR Hand - bilateral Brewerton
http://loinc.org	36967-8	XR Hand - left Brewerton
http://loinc.org	36968-6	XR Wrist - bilateral Single view W clenched fist
http://loinc.org	36971-0	XR Wrist - left Lateral W extension
http://loinc.org	36972-8	XR Wrist - left Lateral W flexion
http://loinc.org	36973-6	XR Hip Friedman
http://loinc.org	36974-4	XR Shoulder - left Garth
http://loinc.org	36975-1	XR Calcaneus - bilateral Harris
http://loinc.org	36976-9	XR Foot Harris
http://loinc.org	36977-7	XR Calcaneus - left Harris
http://loinc.org	36978-5	XR Knee Holmblad
http://loinc.org	36979-3	XR Elbow Jones
http://loinc.org	36980-1	XR Elbow - left Jones
http://loinc.org	36981-9	XR Hip Judet
http://loinc.org	36982-7	XR Hip - bilateral Judet
http://loinc.org	36983-5	XR Hip - left Judet
http://loinc.org	36984-3	XR Abdomen Lateral crosstable
http://loinc.org	36985-0	XR Hip Lateral crosstable
http://loinc.org	36986-8	XR Hip - bilateral Lateral crosstable
http://loinc.org	36987-6	XR Hip - left Lateral crosstable
http://loinc.org	36988-4	XR Knee Lateral crosstable
http://loinc.org	36989-2	XR Cervical spine Lateral crosstable
http://loinc.org	36990-0	XR Lumbar spine Lateral crosstable
http://loinc.org	36991-8	Portable XR Cervical spine Lateral crosstable
http://loinc.org	36992-6	Portable XR Lumbar spine Lateral crosstable
http://loinc.org	36993-4	XR Hip - bilateral Lateral frog
http://loinc.org	36994-2	XR Hip - left Lateral frog
http://loinc.org	36995-9	XR Abdomen Left lateral
http://loinc.org	36996-7	XR Abdomen Right lateral
http://loinc.org	36997-5	XR Cervical spine Lateral W extension
http://loinc.org	36998-3	XR Cervical spine Lateral W flexion
http://loinc.org	36999-1	XR Knee - bilateral Lateral W extension
http://loinc.org	37000-7	XR Knee - left Lateral W extension
http://loinc.org	37001-5	XR Foot Lateral W standing
http://loinc.org	37002-3	XR Knee - left Lateral W standing
http://loinc.org	37003-1	XR Lumbar spine Lateral W standing
http://loinc.org	37004-9	XR Knee Laurin
http://loinc.org	37005-6	MG Breast - left Magnification
http://loinc.org	37006-4	MG Breast - bilateral MLO
http://loinc.org	37007-2	XR Ankle Mortise
http://loinc.org	37008-0	XR Chest Left oblique
http://loinc.org	37009-8	XR Lumbar spine Left oblique
http://loinc.org	37010-6	XR Chest Right oblique
http://loinc.org	37011-4	XR Lumbar spine Right oblique
http://loinc.org	37012-2	XR Shoulder - bilateral Outlet
http://loinc.org	37013-0	XR Shoulder - left Outlet
http://loinc.org	37014-8	XR Knee - left PA W standing
http://loinc.org	37015-5	XR Abdomen PA prone
http://loinc.org	37016-3	MG Breast - bilateral Rolled Views
http://loinc.org	37017-1	MG Breast - left Rolled Views
http://loinc.org	37018-9	XR Knee Rosenberg W standing
http://loinc.org	37019-7	XR Knee - left Rosenberg W standing
http://loinc.org	37020-5	XR Knee - bilateral Rosenberg W standing
http://loinc.org	37021-3	XR Calcaneus - bilateral Ski jump Views
http://loinc.org	37022-1	XR Calcaneus Ski jump Views
http://loinc.org	37023-9	XR Calcaneus - left Ski jump Views
http://loinc.org	37024-7	XR Shoulder - bilateral Stryker Notch
http://loinc.org	37025-4	XR Shoulder - left Stryker Notch
http://loinc.org	37026-2	XR Skull Submentovertex
http://loinc.org	37027-0	XR Knee - bilateral Sunrise
http://loinc.org	37028-8	MG Breast Tangential
http://loinc.org	37029-6	MG Breast - bilateral Tangential
http://loinc.org	37030-4	MG Breast - left Tangential
http://loinc.org	37031-2	XR Humerus Transthoracic
http://loinc.org	37032-0	XR Humerus - bilateral Transthoracic
http://loinc.org	37033-8	XR Humerus - left Transthoracic
http://loinc.org	37034-6	XR Shoulder - left Transthoracic
http://loinc.org	37035-3	XR Shoulder - bilateral Grashey
http://loinc.org	37037-9	MG Breast True lateral
http://loinc.org	37038-7	MG Breast - bilateral True lateral
http://loinc.org	37039-5	XR Hip True lateral
http://loinc.org	37040-3	XR Hip - left True lateral
http://loinc.org	37041-1	XR Knee - bilateral Tunnel
http://loinc.org	37042-9	XR Knee - left Tunnel
http://loinc.org	37043-7	XR Knee - left Tunnel W standing
http://loinc.org	37044-5	XR Wrist - left Ulnar deviation
http://loinc.org	37045-2	XR Wrist - bilateral Ulnar deviation
http://loinc.org	37046-0	XR Abdomen Upright
http://loinc.org	37047-8	XR Shoulder - bilateral Velpeau axillary
http://loinc.org	37048-6	XR Shoulder - left Velpeau axillary
http://loinc.org	37049-4	XR Hip Von Rosen
http://loinc.org	37050-2	XR Shoulder - bilateral West Point
http://loinc.org	37051-0	XR Shoulder - left West Point
http://loinc.org	37052-8	MG Breast - bilateral XCCL
http://loinc.org	37053-6	MG Breast - left XCCL
http://loinc.org	37054-4	XR Scapula - left Y
http://loinc.org	37055-1	XR Scapula - bilateral Y
http://loinc.org	37056-9	XR Acromioclavicular joint - bilateral Zanca
http://loinc.org	37057-7	XR Acromioclavicular joint - left Zanca
http://loinc.org	37058-5	XR Calcaneus - bilateral Single view W standing
http://loinc.org	37059-3	XR Hip - bilateral Single view W standing
http://loinc.org	37062-7	XR Humerus - bilateral Views
http://loinc.org	37063-5	RF Unspecified body region Views for foreign body
http://loinc.org	37064-3	XR Acetabulum - left 2 Views
http://loinc.org	37066-8	XR Ribs - left 2 Views
http://loinc.org	37067-6	XR Chest 2 Views W nipple markers
http://loinc.org	37068-4	XR Foot - bilateral 2 Views W standing
http://loinc.org	37069-2	XR Foot - left 2 Views W standing
http://loinc.org	37070-0	XR Wrist - bilateral 4 Views
http://loinc.org	37071-8	XR Wrist - left 4 Views
http://loinc.org	37072-6	XR Wrist - left 5 Views
http://loinc.org	37073-4	XR Lumbar spine 5 Views W standing
http://loinc.org	37074-2	XR Wrist - left 6 Views
http://loinc.org	37075-9	Portable XR Hip Views AP
http://loinc.org	37076-7	Portable XR Abdomen Supine and Lateral-decubitus
http://loinc.org	37077-5	Portable XR Hip AP and Lateral crosstable
http://loinc.org	37078-3	Portable XR Lumbar spine AP and Lateral
http://loinc.org	37079-1	Portable XR Cervical spine AP and Lateral and Odontoid
http://loinc.org	37080-9	XR Shoulder - bilateral AP and Axillary
http://loinc.org	37081-7	XR Shoulder - bilateral AP and Axillary and Outlet
http://loinc.org	37082-5	XR Shoulder - left AP and Axillary and Outlet
http://loinc.org	37083-3	XR Shoulder - left AP and Axillary and Outlet and Zanca
http://loinc.org	37084-1	XR Shoulder - left AP and Axillary and Y
http://loinc.org	37085-8	XR Abdomen Supine and Lateral-decubitus
http://loinc.org	37086-6	XR Hip AP and Lateral crosstable
http://loinc.org	37087-4	XR Hip - left AP and Lateral crosstable
http://loinc.org	37088-2	XR Pelvis and Hip - left AP and Lateral crosstable
http://loinc.org	37089-0	XR Pelvis and Hip AP and Lateral crosstable
http://loinc.org	37090-8	XR Knee AP and Lateral crosstable
http://loinc.org	37091-6	XR Hip AP and Lateral frog
http://loinc.org	37092-4	XR Hip - bilateral AP and Lateral frog
http://loinc.org	37093-2	XR Hip - left AP and Lateral frog
http://loinc.org	37094-0	XR Pelvis and Hip - left AP and Lateral frog
http://loinc.org	37095-7	XR Ankle AP and Lateral and Mortise
http://loinc.org	37096-5	XR Ankle - bilateral AP and Lateral and Mortise
http://loinc.org	37097-3	XR Ankle - left AP and Lateral and Mortise
http://loinc.org	37098-1	XR Cervical spine AP and Oblique and (Lateral W flexion and W extension)
http://loinc.org	37099-9	XR Cervical spine AP and Lateral and Oblique and Odontoid
http://loinc.org	37100-5	XR Cervical spine AP and Oblique and Odontoid and (Lateral W flexion and W extension)
http://loinc.org	37101-3	XR Lumbar spine AP and Lateral and Oblique and Spot
http://loinc.org	37102-1	XR Knee - bilateral AP and Lateral and Oblique and Sunrise
http://loinc.org	37103-9	XR Cervical spine AP and Lateral and Odontoid
http://loinc.org	37104-7	XR Cervical spine AP and Odontoid and (Lateral W flexion and W extension)
http://loinc.org	37105-4	XR Lumbar spine AP and Lateral and Spot
http://loinc.org	37106-2	XR Knee AP and Lateral and Sunrise
http://loinc.org	37107-0	XR Knee - bilateral AP and Lateral and Sunrise
http://loinc.org	37108-8	XR Knee - left AP and Lateral and Sunrise
http://loinc.org	37109-6	XR Patella - bilateral AP and Lateral and Sunrise
http://loinc.org	37110-4	XR Patella - left AP and Lateral and Sunrise
http://loinc.org	37111-2	XR Knee AP and Lateral and Sunrise and tunnel
http://loinc.org	37112-0	XR Knee AP and Lateral and Tunnel
http://loinc.org	37113-8	XR Knee - bilateral AP and Lateral and Tunnel
http://loinc.org	37114-6	XR Knee - left AP and Lateral and Tunnel
http://loinc.org	37115-3	XR Knee AP and Lateral and Oblique and Tunnel
http://loinc.org	37116-1	XR Knee - bilateral AP and Lateral and Sunrise and tunnel
http://loinc.org	37117-9	XR Knee - left AP and Lateral and Sunrise and tunnel
http://loinc.org	37118-7	XR Knee - bilateral AP and Lateral and Oblique and Sunrise and Tunnel
http://loinc.org	37119-5	XR Abdomen AP and Oblique
http://loinc.org	37120-3	XR Cervical spine AP and Odontoid and Lateral crosstable
http://loinc.org	37121-1	XR Clavicle - left AP and Serendipity
http://loinc.org	37122-9	XR Shoulder - left AP and Stryker Notch
http://loinc.org	37123-7	XR Shoulder - left AP and West Point
http://loinc.org	37124-5	XR Scapula - left AP and Y
http://loinc.org	37125-2	XR Shoulder - left AP and Y
http://loinc.org	37126-0	XR Shoulder - bilateral AP and Axillary and Y
http://loinc.org	37127-8	XR Shoulder - bilateral Axillary and Y
http://loinc.org	37128-6	XR Shoulder - left Axillary and Y
http://loinc.org	37131-0	XR Abdomen Right lateral and Left lateral
http://loinc.org	37132-8	XR Lumbar spine Lateral Views W flexion and W extension
http://loinc.org	37133-6	XR Cervical spine Lateral Views W flexion and W extension
http://loinc.org	37134-4	XR Ankle - bilateral Lateral and Mortise
http://loinc.org	37135-1	XR Ankle - left Lateral and Mortise
http://loinc.org	37136-9	XR Shoulder - left Lateral and Y
http://loinc.org	37137-7	XR Kidney Limited Views W contrast IV
http://loinc.org	37138-5	XR Abdomen Right oblique and Left oblique
http://loinc.org	37139-3	XR Cervical spine Oblique and (Lateral W flexion and W extension)
http://loinc.org	37140-1	XR Shoulder - left Outlet and Y
http://loinc.org	37141-9	XR Chest PA and Right lateral
http://loinc.org	37142-7	XR Hand - bilateral PA and Lateral and Ball Catcher
http://loinc.org	37143-5	XR Chest PA and Lateral and AP lateral-decubitus
http://loinc.org	37144-3	XR Chest PA and Lateral and AP left lateral-decubitus
http://loinc.org	37145-0	XR Chest PA and Lateral and AP right lateral-decubitus
http://loinc.org	37146-8	XR Chest PA and Lateral and Left oblique
http://loinc.org	37147-6	XR Chest PA and Lateral and Right oblique
http://loinc.org	37148-4	XR Mandible PA and Lateral and Oblique and Towne
http://loinc.org	37149-2	XR Patella - left PA and Lateral and Sunrise
http://loinc.org	37150-0	XR Chest PA and Right oblique and Left oblique
http://loinc.org	37151-8	Portable RF Unspecified body region Views
http://loinc.org	37152-6	XR Shoulder - bilateral Outlet and Y
http://loinc.org	37153-4	XR Mastoid Stenver and Arcelin
http://loinc.org	37154-2	XR Knee Oblique and Sunrise
http://loinc.org	37155-9	XR Knee Oblique and Sunrise and Tunnel
http://loinc.org	37156-7	XR Knee - left Sunrise and Tunnel
http://loinc.org	37157-5	XR Shoulder - left Grashey and Outlet
http://loinc.org	37158-3	XR Shoulder - left Grashey and Axillary and Outlet
http://loinc.org	37160-9	XR Shoulder - left Grashey and Axillary
http://loinc.org	37161-7	XR Shoulder - bilateral Grashey and Axillary and Outlet and Zanca
http://loinc.org	37162-5	XR Shoulder - left Grashey and Outlet and Serendipity
http://loinc.org	37163-3	XR Knee - bilateral Sunrise and Tunnel
http://loinc.org	37164-1	XR Facial bones Lateral and Caldwell and Waters
http://loinc.org	37165-8	XR Facial bones Lateral and Caldwell and Waters and Submentovertex
http://loinc.org	37166-6	XR Facial bones Lateral and Caldwell and Waters and Submentovertex and Towne
http://loinc.org	37167-4	XR Shoulder - left Grashey and West Point
http://loinc.org	37168-2	Portable XR Hip Views
http://loinc.org	37169-0	Portable XR Hip - left Views
http://loinc.org	37170-8	Portable XR Humerus Views
http://loinc.org	37171-6	Portable XR Cervical spine Views
http://loinc.org	37172-4	Portable XR Lumbar spine Views
http://loinc.org	37173-2	RFA Cerebral artery Views W contrast IA
http://loinc.org	37174-0	RFA Coronary arteries Views W contrast IA
http://loinc.org	37175-7	RFA Femoral artery Views W contrast IA
http://loinc.org	37176-5	RFA Femoral artery and Popliteal artery Views W contrast IA
http://loinc.org	37177-3	RFA Iliac artery - bilateral Views W contrast IA
http://loinc.org	37178-1	RFA Iliac artery - left Views W contrast IA
http://loinc.org	37179-9	RFA Inferior mesenteric artery Views W contrast IA
http://loinc.org	37180-7	RFA Superior mesenteric artery Views W contrast IA
http://loinc.org	37181-5	RFA Popliteal artery - left Views W contrast IA
http://loinc.org	37182-3	RFA Pulmonary arteries - left Views W contrast IA
http://loinc.org	37183-1	RF Ankle Arthrogram
http://loinc.org	37184-9	RF Ankle - bilateral Arthrogram
http://loinc.org	37185-6	RF Ankle - left Arthrogram
http://loinc.org	37186-4	RF Elbow Arthrogram
http://loinc.org	37187-2	RF Elbow - bilateral Arthrogram
http://loinc.org	37188-0	RF Elbow - left Arthrogram
http://loinc.org	37189-8	RF Sacroiliac joint - bilateral Arthrogram
http://loinc.org	37190-6	RF Sacroiliac joint - left Arthrogram
http://loinc.org	37191-4	RF Joint Arthrogram
http://loinc.org	37192-2	RF Cervical spine Views W contrast intradisc
http://loinc.org	37193-0	RF Lumbar spine Views W contrast intradisc
http://loinc.org	37195-5	RFA Cerebral vein Views W contrast IV
http://loinc.org	37196-3	RFA Lower extremity veins - left Views W contrast IV
http://loinc.org	37198-9	XR Esophagus Views W contrast PO
http://loinc.org	37199-7	RF Chest Views W contrast PO
http://loinc.org	37200-3	XR Chest Views W contrast PO
http://loinc.org	37201-1	XR Ankle Views W standing
http://loinc.org	37202-9	XR Ankle - bilateral Views W standing
http://loinc.org	37203-7	XR Ankle - left Views W standing
http://loinc.org	37204-5	XR Lower extremity Views W standing
http://loinc.org	37205-2	XR Calcaneus Views W standing
http://loinc.org	37206-0	XR Calcaneus - left Views W standing
http://loinc.org	37207-8	XR Hip - left Single view W standing
http://loinc.org	37208-6	XR Lumbar spine Views W standing
http://loinc.org	37209-4	XR Toes - left Views W standing
http://loinc.org	37210-2	CT Guidance for aspiration of cyst of Abdomen
http://loinc.org	37211-0	CT Guidance for biopsy of Bone marrow
http://loinc.org	37212-8	CT Guidance for biopsy of Epididymis
http://loinc.org	37213-6	CT Guidance for biopsy of Mediastinum
http://loinc.org	37214-4	CT Guidance for superficial biopsy of Tissue
http://loinc.org	37215-1	MR Brain and Larynx W contrast IV
http://loinc.org	37217-7	MR Brain stem and Cranial nerves
http://loinc.org	37218-5	MR Brain.temporal
http://loinc.org	37219-3	MR Biliary ducts
http://loinc.org	37220-1	MR Biliary ducts and Pancreatic duct
http://loinc.org	37221-9	CT Unspecified body region for fistula
http://loinc.org	37222-7	MR Ankle and Foot
http://loinc.org	37223-5	CT Parotid gland
http://loinc.org	37224-3	MR Parotid gland
http://loinc.org	37225-0	CT Sternoclavicular Joint
http://loinc.org	37226-8	CT Temporomandibular joint
http://loinc.org	37227-6	XR tomography Temporomandibular joint - bilateral
http://loinc.org	37228-4	MR Temporomandibular joint - bilateral
http://loinc.org	37229-2	XR tomography Temporomandibular joint - left
http://loinc.org	37230-0	MR Temporomandibular joint - left
http://loinc.org	37231-8	MR Temporomandibular joint - right
http://loinc.org	37232-6	CT Spine lumbosacral junction
http://loinc.org	37233-4	XR tomography Mediastinum
http://loinc.org	37234-2	MR Mediastinum
http://loinc.org	37235-9	MRA Circle of Willis
http://loinc.org	37237-5	CT Sinus tract W contrast intra sinus tract
http://loinc.org	37238-3	CT Lower Extremity Joint Arthrogram
http://loinc.org	37239-1	MR Brain and Internal auditory canal W contrast IV
http://loinc.org	37240-9	CT Parotid gland W contrast IV
http://loinc.org	37241-7	MR Parotid gland W contrast IV
http://loinc.org	37242-5	CT Sternoclavicular Joint W contrast IV
http://loinc.org	37243-3	CT Temporomandibular joint W contrast IV
http://loinc.org	37244-1	MR Temporomandibular joint W contrast IV
http://loinc.org	37245-8	MR Temporomandibular joint - bilateral W contrast IV
http://loinc.org	37246-6	CT Temporomandibular joint - left W contrast IV
http://loinc.org	37247-4	MR Temporomandibular joint - left W contrast IV
http://loinc.org	37248-2	CT Temporomandibular joint - right W contrast IV
http://loinc.org	37249-0	MR Temporomandibular joint - right W contrast IV
http://loinc.org	37253-2	MR Soft tissue W contrast IV
http://loinc.org	37254-0	MRA Circle of Willis W contrast IV
http://loinc.org	37256-5	XR Pelvis and Spine Lumbar 3 Views
http://loinc.org	37257-3	XR Spine Lumbar and Sacroiliac Joint 3 Views
http://loinc.org	37259-9	XR Spine Lumbar and Sacrum 3 Views
http://loinc.org	37260-7	XR Spine Lumbar and Sacrum and Coccyx 3 Views
http://loinc.org	37261-5	XR Lumbar spine and Sacrum and SI joint and Coccyx 3 Views
http://loinc.org	37265-6	MR Parotid gland WO and W contrast IV
http://loinc.org	37266-4	CT Sternoclavicular Joint WO and W contrast IV
http://loinc.org	37267-2	CT Temporomandibular joint WO and W contrast IV
http://loinc.org	37268-0	MR Temporomandibular joint WO and W contrast IV
http://loinc.org	37269-8	MR Temporomandibular joint - bilateral WO and W contrast IV
http://loinc.org	37270-6	MR Temporomandibular joint - left WO and W contrast IV
http://loinc.org	37271-4	MR Temporomandibular joint - right WO and W contrast IV
http://loinc.org	37272-2	MR Mediastinum WO and W contrast IV
http://loinc.org	37277-1	MRA Spinal veins WO and W contrast IV
http://loinc.org	37278-9	MR Brain and Internal auditory canal WO contrast
http://loinc.org	37279-7	MR Brain and Larynx WO contrast
http://loinc.org	37280-5	CT Parotid gland WO contrast
http://loinc.org	37281-3	MR Parotid gland WO contrast
http://loinc.org	37282-1	CT Sternoclavicular Joint WO contrast
http://loinc.org	37283-9	CT Temporomandibular joint WO contrast
http://loinc.org	37284-7	MR Temporomandibular joint WO contrast
http://loinc.org	37285-4	MR Temporomandibular joint - bilateral WO contrast
http://loinc.org	37286-2	MR Temporomandibular joint - left WO contrast
http://loinc.org	37287-0	MR Temporomandibular joint - right WO contrast
http://loinc.org	37288-8	CT Spine lumbosacral junction WO contrast
http://loinc.org	37293-8	MR Soft tissue WO contrast
http://loinc.org	37297-9	XR Abdomen and Fetal Single view for fetal age
http://loinc.org	37298-7	XR Sternoclavicular joint - bilateral Serendipity
http://loinc.org	37299-5	XR Sternoclavicular joint - left Serendipity
http://loinc.org	37300-1	XR Spine lumbosacral junction True AP
http://loinc.org	37302-7	XR Wrist - left Scaphoid Views
http://loinc.org	37303-5	XR Facial bones and Zygomatic arch Views
http://loinc.org	37304-3	XR Wrist - bilateral Scaphoid Views
http://loinc.org	37319-1	XR Humerus bicipital groove Views
http://loinc.org	37320-9	XR Humerus bicipital groove - left Views
http://loinc.org	37321-7	XR Humerus bicipital groove - bilateral Views
http://loinc.org	37323-3	XR Sternoclavicular joint - bilateral Views
http://loinc.org	37324-1	XR Sternoclavicular joint - left Views
http://loinc.org	37325-8	XR Temporomandibular joint - bilateral Views
http://loinc.org	37332-4	XR Olecranon - left Views
http://loinc.org	37338-1	XR Skull and Facial bones and Mandible Views
http://loinc.org	37340-7	XR Spine Lumbar and Sacrum Views
http://loinc.org	37341-5	XR Spine Lumbar and Sacrum and Coccyx Views
http://loinc.org	37342-3	XR Lumbar spine and Sacrum and SI joint and Coccyx Views
http://loinc.org	37348-0	XR Toes - bilateral 2 Views
http://loinc.org	37350-6	XR Temporomandibular joint - bilateral 5 Views
http://loinc.org	37351-4	XR Pelvis and Spine Lumbar 5 Views
http://loinc.org	37353-0	XR Spine Lumbar and Sacroiliac Joint 5 Views
http://loinc.org	37355-5	XR Spine Lumbar and Sacrum 5 Views
http://loinc.org	37356-3	XR Spine Lumbar and Sacrum and Coccyx 5 Views
http://loinc.org	37357-1	XR Lumbar spine and Sacrum and SI joint and Coccyx 5 Views
http://loinc.org	37361-3	XR Cervical and thoracic spine AP and Lateral
http://loinc.org	37362-1	XR Bones Bone age Views
http://loinc.org	37364-7	RFA Aorta and Femoral artery - left Runoff W contrast IA
http://loinc.org	37365-4	XR Bones Survey Views for metastasis
http://loinc.org	37379-5	RFA Aortic arch and Upper Extremity artery Views W contrast IA
http://loinc.org	37380-3	RFA Aortic arch and Brachial artery Views W contrast IA
http://loinc.org	37381-1	RFA Carotid artery Views W contrast IA
http://loinc.org	37384-5	RFA Vertebral artery Views W contrast IA
http://loinc.org	37387-8	RFA Adrenal artery - left Views W contrast IA
http://loinc.org	37388-6	RFA Brachial artery - bilateral Views W contrast IA
http://loinc.org	37389-4	RFA Bronchial artery Views W contrast IA
http://loinc.org	37390-2	RFA Carotid artery.external - left Views W contrast IA
http://loinc.org	37391-0	RFA Carotid arteries and Vertebral artery Views W contrast IA
http://loinc.org	37392-8	RFA Carotid arteries and Vertebral artery - bilateral Views W contrast IA
http://loinc.org	37393-6	RFA Carotid arteries and Vertebral artery - left Views W contrast IA
http://loinc.org	37394-4	RFA Celiac artery and Superior mesenteric artery and Inferior mesenteric artery Views W contrast IA
http://loinc.org	37395-1	RFA Extremity arteries - left Views W contrast IA
http://loinc.org	37396-9	RFA Upper extremity arteries - bilateral Views W contrast IA
http://loinc.org	37397-7	RFA Gastric artery Views W contrast IA
http://loinc.org	37398-5	RFA Gastric artery - left Views W contrast IA
http://loinc.org	37399-3	RFA Gastroduodenal artery Views W contrast IA
http://loinc.org	37401-7	RFA Internal maxillary artery Views W contrast IA
http://loinc.org	37402-5	RFA Superior mesenteric artery and Inferior mesenteric artery Views W contrast IA
http://loinc.org	37403-3	RFA Celiac artery and Gastric artery - left and Superior mesenteric artery Views W contrast IA
http://loinc.org	37404-1	RFA Internal pudendal artery Views W contrast IA
http://loinc.org	37405-8	RFA Subclavian artery - bilateral Views W contrast IA
http://loinc.org	37406-6	RFA Subclavian artery - left Views W contrast IA
http://loinc.org	37407-4	RFA Vertebral artery - bilateral Views W contrast IA
http://loinc.org	37409-0	RF Temporomandibular joint - bilateral Arthrogram
http://loinc.org	37410-8	RF Temporomandibular joint - left Arthrogram
http://loinc.org	37411-6	RFA Azygos vein Views W contrast IV
http://loinc.org	37412-4	RFA Extremity veins - bilateral Views W contrast IV
http://loinc.org	37413-2	RFA Extremity veins - left Views W contrast IV
http://loinc.org	37414-0	RFA Lower extremity veins - bilateral Views W contrast IV
http://loinc.org	37415-7	RFA Upper extremity veins - bilateral Views W contrast IV
http://loinc.org	37416-5	RFA Femoral vein Views W contrast IV
http://loinc.org	37419-9	RFA Intraosseous veins Views W contrast IV
http://loinc.org	37421-5	RFA Inferior mesenteric vein Views W contrast IV
http://loinc.org	37422-3	RFA Orbit veins - left Views W contrast IV
http://loinc.org	37423-1	RFA Renal vein - left Views W contrast IV
http://loinc.org	37426-4	RFA Guidance for angioplasty of Lower extremity vein-- W contrast IV
http://loinc.org	37428-0	CT Wrist
http://loinc.org	37429-8	XR tomography Wrist - bilateral
http://loinc.org	37430-6	CT Wrist - bilateral
http://loinc.org	37431-4	CT Wrist - left
http://loinc.org	37432-2	XR tomography Wrist - left
http://loinc.org	37433-0	CT Wrist - right
http://loinc.org	37434-8	MR Heart cine for function
http://loinc.org	37435-5	MR Temporomandibular joint cine
http://loinc.org	37437-1	MR Breast dynamic W contrast IV
http://loinc.org	37439-7	CT Lung parenchyma
http://loinc.org	37440-5	CT Lung parenchyma W contrast IV
http://loinc.org	37441-3	CT Lung parenchyma WO contrast
http://loinc.org	37442-1	MR spectroscopy Brain
http://loinc.org	37443-9	MR spectroscopy Unspecified body region
http://loinc.org	37444-7	MR Wrist Arthrogram
http://loinc.org	37445-4	MR Wrist - left Arthrogram
http://loinc.org	37446-2	MR Wrist - right Arthrogram
http://loinc.org	37447-0	CT Wrist W contrast IV
http://loinc.org	37448-8	MR Wrist W contrast IV
http://loinc.org	37449-6	MR Wrist - bilateral W contrast IV
http://loinc.org	37450-4	CT Wrist - left W contrast IV
http://loinc.org	37451-2	MR Wrist - left W contrast IV
http://loinc.org	37452-0	CT Wrist - right W contrast IV
http://loinc.org	37453-8	MR Wrist - right W contrast IV
http://loinc.org	37454-6	XR Wrist - bilateral 3 Views
http://loinc.org	37455-3	XR Wrist - left 3 Views
http://loinc.org	37457-9	CT Wrist WO and W contrast IV
http://loinc.org	37458-7	CT Wrist - left WO and W contrast IV
http://loinc.org	37459-5	CT Wrist WO contrast
http://loinc.org	37460-3	MR Wrist WO contrast
http://loinc.org	37461-1	CT Wrist - bilateral WO contrast
http://loinc.org	37462-9	MR Wrist - bilateral WO contrast
http://loinc.org	37463-7	CT Wrist - left WO contrast
http://loinc.org	37464-5	MR Wrist - left WO contrast
http://loinc.org	37465-2	CT Wrist - right WO contrast
http://loinc.org	37466-0	MR Wrist - right WO contrast
http://loinc.org	37467-8	XR Acromioclavicular Joint 10 degree cephalic angle
http://loinc.org	37468-6	XR Shoulder - bilateral 30 degree caudal angle
http://loinc.org	37469-4	XR Clavicle - bilateral 45 degree cephalic angle
http://loinc.org	37470-2	XR Clavicle - left 45 degree cephalic angle
http://loinc.org	37471-0	XR Hand - bilateral Bora
http://loinc.org	37472-8	XR Hand - left Bora
http://loinc.org	37473-6	XR Shoulder - left Grashey
http://loinc.org	37474-4	XR Ankle - left Lateral Views W manual stress
http://loinc.org	37475-1	XR Ankle - left Mortise W manual stress
http://loinc.org	37476-9	XR Knee PA 45 degree flexion
http://loinc.org	37477-7	XR Knee PA 45 degree flexion W standing
http://loinc.org	37481-9	XR Cervical and thoracic spine Views
http://loinc.org	37482-7	XR Wrist - bilateral 2 Views
http://loinc.org	37483-5	XR Wrist - left 2 Views
http://loinc.org	37484-3	XR Knee - left Views AP W manual stress
http://loinc.org	37485-0	XR Humerus AP and Transthoracic
http://loinc.org	37486-8	XR Ankle Broden Views W manual stress
http://loinc.org	37487-6	RFA Lower extremity arteries Views W contrast IA
http://loinc.org	37488-4	RFA Upper extremity arteries - left Views W contrast IA
http://loinc.org	37489-2	RFA Tibioperoneal arteries Views W contrast IA
http://loinc.org	37490-0	RFA Vertebral artery - left Views W contrast IA
http://loinc.org	37491-8	CT Guidance for fluid aspiration of Pleural space
http://loinc.org	37492-6	CT Guidance for biopsy of Chest Pleura
http://loinc.org	37493-4	CT Guidance for injection of Cervical spine Intervertebral disc
http://loinc.org	37494-2	RF Guidance for injection of Tendon
http://loinc.org	37495-9	CT Skull base
http://loinc.org	37496-7	CT Cervical spine W contrast intradisc
http://loinc.org	37497-5	MRA Spine vessels
http://loinc.org	37498-3	CTA Head vessels and Neck vessels W contrast IV
http://loinc.org	37500-6	MRA Spine vessels W contrast IV
http://loinc.org	37501-4	MRA Cervical spine vessels W contrast IV
http://loinc.org	37502-2	MRA Lumbar spine vessels W contrast IV
http://loinc.org	37503-0	MRA Thoracic spine vessels W contrast IV
http://loinc.org	37505-5	MRA Spine vessels WO and W contrast IV
http://loinc.org	37506-3	MRA Cervical spine vessels WO and W contrast IV
http://loinc.org	37507-1	MRA Lumbar spine vessels WO and W contrast IV
http://loinc.org	37508-9	MRA Thoracic spine vessels WO and W contrast IV
http://loinc.org	37509-7	CT Lumbar spine W contrast intradisc
http://loinc.org	37510-5	MRA Spine vessels WO contrast
http://loinc.org	37511-3	MRA Cervical spine vessels WO contrast
http://loinc.org	37512-1	MRA Thoracic spine vessels WO contrast
http://loinc.org	37513-9	XR Tibia - bilateral 10 degree caudal angle
http://loinc.org	37514-7	XR Tibia - left 10 degree caudal angle
http://loinc.org	37515-4	XR Spine lumbosacral junction Lateral spot
http://loinc.org	37516-2	XR Spine lumbosacral junction Lateral spot W standing
http://loinc.org	37517-0	XR Finger fifth - bilateral Views
http://loinc.org	37518-8	XR Finger fifth - left Views
http://loinc.org	37519-6	XR Finger fourth - bilateral Views
http://loinc.org	37520-4	XR Finger fourth - left Views
http://loinc.org	37521-2	XR Finger second - bilateral Views
http://loinc.org	37522-0	XR Finger second - left Views
http://loinc.org	37523-8	XR Finger third - bilateral Views
http://loinc.org	37524-6	XR Finger third - left Views
http://loinc.org	37530-3	XR Toe fifth - left Views
http://loinc.org	37531-1	XR Toe fourth - left Views
http://loinc.org	37532-9	XR Great toe - bilateral Views
http://loinc.org	37533-7	XR Great toe - left Views
http://loinc.org	37534-5	XR Toe second - left Views
http://loinc.org	37535-2	XR Toe third - left Views
http://loinc.org	37538-6	XR Shoulder - left Grashey and Axillary and Y
http://loinc.org	37539-4	MG Breast Grid Views
http://loinc.org	37540-2	XR Knee - bilateral Holmblad Views W standing
http://loinc.org	37541-0	XR Mastoid - bilateral Law and Mayer and Stenver and Towne
http://loinc.org	37542-8	MG Breast Magnification Views
http://loinc.org	37543-6	MG Breast - bilateral Magnification Views
http://loinc.org	37544-4	XR Wrist - bilateral Oblique Views
http://loinc.org	37545-1	XR Hip - left Oblique crosstable
http://loinc.org	37546-9	XR Temporomandibular joint - bilateral Open and Closed mouth
http://loinc.org	37547-7	XR Wrist - bilateral PA and Lateral
http://loinc.org	37548-5	XR Wrist - left PA and Lateral
http://loinc.org	37549-3	XR Wrist - bilateral PA and Lateral and Oblique
http://loinc.org	37550-1	XR Wrist - left PA and Lateral and Oblique
http://loinc.org	37551-9	MG Breast Spot Views
http://loinc.org	37552-7	MG Breast - bilateral Spot Views
http://loinc.org	37553-5	MG Breast - left Spot Views compression
http://loinc.org	37554-3	MG Breast - bilateral Magnification and Spot
http://loinc.org	37555-0	XR Wrist - left Ulnar deviation and Radial deviation
http://loinc.org	37556-8	XR Ankle Views W manual stress
http://loinc.org	37557-6	XR Ankle - bilateral Views W manual stress
http://loinc.org	37558-4	XR Ankle - left Views W manual stress
http://loinc.org	37559-2	XR Foot - left Views W manual stress
http://loinc.org	37560-0	XR Knee Views W manual stress
http://loinc.org	37561-8	XR Knee - bilateral Views W manual stress
http://loinc.org	37562-6	XR Knee - left Views W manual stress
http://loinc.org	37563-4	XR Thumb - bilateral Views W manual stress
http://loinc.org	37564-2	XR Thumb - left Views W manual stress
http://loinc.org	37565-9	RF Unspecified body region Views W barium contrast via fistula
http://loinc.org	37566-7	RF Unspecified body region Views W contrast via catheter
http://loinc.org	37567-5	RF Colon Views W contrast via colostomy
http://loinc.org	37568-3	RF Unspecified body region Views W contrast via fistula
http://loinc.org	37569-1	RF Urinary bladder Views W contrast via suprapubic tube
http://loinc.org	37570-9	RF Wrist - bilateral Arthrogram
http://loinc.org	37571-7	RF Wrist - left Arthrogram
http://loinc.org	37574-1	RFA Lower extremity vessels Views W contrast IV
http://loinc.org	37575-8	XR Gallbladder Views W contrast and fatty meal PO
http://loinc.org	37576-6	RF Unspecified body region Views W gastrografin via fistula
http://loinc.org	37577-4	XR Acromioclavicular Joint Views W weight
http://loinc.org	37578-2	XR Acromioclavicular joint - bilateral Views W weight
http://loinc.org	37579-0	XR Acromioclavicular Joint Views WO and W weight
http://loinc.org	37580-8	XR Acromioclavicular joint - bilateral Views WO and W weight
http://loinc.org	37581-6	XR Acromioclavicular joint - left Views WO and W weight
http://loinc.org	37582-4	XR Acromioclavicular Joint Views WO weight
http://loinc.org	37583-2	XR Pelvis and Hip - bilateral Views and Lateral frog
http://loinc.org	37584-0	XR Great toe - left Views W standing
http://loinc.org	37585-7	RF Jejunum Views W contrast
http://loinc.org	37586-5	RF Penis Views W contrast intra corpus cavernosum
http://loinc.org	37587-3	RFA Aortic arch and Carotid artery - bilateral and Vertebral artery - bilateral Views W contrast IA
http://loinc.org	37588-1	RFA Common carotid artery - bilateral Views W contrast IA
http://loinc.org	37589-9	RFA Common carotid artery - left Views W contrast IA
http://loinc.org	37590-7	RFA Common carotid artery - right Views W contrast IA
http://loinc.org	37594-9	RFA Carotid artery and Vertebral artery Views W contrast IA
http://loinc.org	37595-6	RFA Coronary arteries Views for graft W contrast IA
http://loinc.org	37596-4	RFA Abdominal and pelvic lymphatic vessels - left Views W contrast intra lymphatic
http://loinc.org	37597-2	RFA Abdominal and pelvic lymphatic vessels Views W contrast intra lymphatic
http://loinc.org	37598-0	RFA Abdominal and pelvic lymphatic vessels - bilateral Views W contrast intra lymphatic
http://loinc.org	37599-8	RFA Extremity lymphatic vessels - left Views W contrast intra lymphatic
http://loinc.org	37600-4	RFA Lymphatic vessels - left Views W contrast intra lymphatic
http://loinc.org	37601-2	RFA Pelvic lymphatic vessels - bilateral Views W contrast intra lymphatic
http://loinc.org	37602-0	RFA Adrenal vein - left Views W contrast IV
http://loinc.org	37604-6	XR Nasal bones 3 Views
http://loinc.org	37605-3	XR Nasal bones Lateral and Waters
http://loinc.org	37606-1	XR tomography Nasal bones
http://loinc.org	37607-9	XR Kidney Views W contrast IV
http://loinc.org	37609-5	XR Optic foramen 4 Views
http://loinc.org	37611-1	XR tomography Orbit - bilateral
http://loinc.org	37612-9	XR Orbit - bilateral 4 Views
http://loinc.org	37613-7	XR Orbit - bilateral Waters
http://loinc.org	37614-5	XR Patella Single view
http://loinc.org	37615-2	RFA Pelvis vessels Views W contrast
http://loinc.org	37616-0	XR Pelvis Single view
http://loinc.org	37617-8	XR Pelvis 2 Views
http://loinc.org	37618-6	XR Pelvis AP and Inlet
http://loinc.org	37619-4	XR Pelvis AP and Judet
http://loinc.org	37620-2	XR Pelvis AP and Lateral
http://loinc.org	37621-0	XR Pelvis AP and Oblique
http://loinc.org	37622-8	XR Pelvis AP
http://loinc.org	37623-6	XR Pelvis AP and Inlet and Outlet
http://loinc.org	37624-4	XR Pelvis AP and Lateral and oblique
http://loinc.org	37625-1	XR Pelvis Ferguson
http://loinc.org	37626-9	XR Pelvis Lateral frog
http://loinc.org	37627-7	XR Pelvis Inlet and Outlet and Oblique
http://loinc.org	37628-5	XR Pelvis Inlet
http://loinc.org	37629-3	XR Pelvis Lateral
http://loinc.org	37630-1	XR Pelvis Oblique Views
http://loinc.org	37631-9	XR Pelvis Outlet
http://loinc.org	37632-7	XR tomography Pelvis
http://loinc.org	37633-5	XR Pelvis Single view W standing
http://loinc.org	37634-3	XR Pelvis AP 20 degree cephalic angle
http://loinc.org	37635-0	XR Acetabulum 3 Views
http://loinc.org	37636-8	XR Abdomen Views
http://loinc.org	37637-6	XR Extremity Views
http://loinc.org	37639-2	XR Neck Views
http://loinc.org	37640-0	RFA Renal vessels Views W contrast
http://loinc.org	37641-8	RF Wrist - right Arthrogram
http://loinc.org	37642-6	XR Wrist - right Limited Views
http://loinc.org	37643-4	XR Wrist - right Oblique Views
http://loinc.org	37644-2	XR tomography Wrist - right
http://loinc.org	37645-9	XR Wrist - right Ulnar deviation
http://loinc.org	37646-7	XR Sacroiliac Joint Limited Views
http://loinc.org	37647-5	RF Sacroiliac Joint Arthrogram
http://loinc.org	37648-3	XR Sacroiliac Joint 3 Views
http://loinc.org	37649-1	XR Sacroiliac Joint AP and Oblique
http://loinc.org	37650-9	XR Sacroiliac Joint Ferguson
http://loinc.org	37651-7	XR Sacrum 2 Views
http://loinc.org	37652-5	XR Sacrum AP and Lateral
http://loinc.org	37653-3	XR tomography Sacrum
http://loinc.org	37654-1	XR Scapula Single view
http://loinc.org	37655-8	XR Scapula 2 Views
http://loinc.org	37656-6	XR Scapula Y
http://loinc.org	37658-2	XR Thoracic and lumbar spine 2 Views for scoliosis
http://loinc.org	37659-0	XR Thoracic and lumbar spine AP for scoliosis W standing
http://loinc.org	37660-8	XR Thoracic and lumbar spine Lateral for scoliosis W standing
http://loinc.org	37661-6	XR Acromioclavicular joint - right 2 Views
http://loinc.org	37662-4	XR Acromioclavicular joint - right AP
http://loinc.org	37663-2	XR Acromioclavicular joint - right Views WO and W weight
http://loinc.org	37664-0	XR Acetabulum - right 2 Views
http://loinc.org	37665-7	XR Ankle - right 3 Views
http://loinc.org	37666-5	XR Ankle - right AP and Lateral and Mortise
http://loinc.org	37667-3	XR Ankle - right AP and Lateral
http://loinc.org	37668-1	XR Ankle - right AP and Lateral and oblique
http://loinc.org	37669-9	XR Ankle - right Lateral Views W manual stress
http://loinc.org	37670-7	XR Ankle - right Lateral and Mortise
http://loinc.org	37671-5	XR Ankle - right Mortise W manual stress
http://loinc.org	37672-3	XR Ankle - right 2 Views W manual stress
http://loinc.org	37673-1	XR Ankle - right Views W manual stress
http://loinc.org	37674-9	XR tomography Ankle - right
http://loinc.org	37675-6	XR Ankle - right 2 Views W standing
http://loinc.org	37676-4	XR Ankle - right Views W standing
http://loinc.org	37677-2	XR Wrist - right Carpal tunnel
http://loinc.org	37678-0	XR Wrist - right 2 Carpal tunnel Views
http://loinc.org	37679-8	XR Clavicle - right 2 Views
http://loinc.org	37680-6	XR Clavicle - right AP and Serendipity
http://loinc.org	37681-4	XR Elbow - right 2 Views
http://loinc.org	37682-2	XR Elbow - right 3 Views
http://loinc.org	37683-0	XR Elbow - right 4 Views
http://loinc.org	37684-8	XR Elbow - right AP and Lateral
http://loinc.org	37685-5	XR Elbow - right AP and Lateral and oblique
http://loinc.org	37686-3	XR Elbow - right 2 Oblique Views
http://loinc.org	37687-1	XR Elbow - right Oblique Views
http://loinc.org	37688-9	XR tomography Elbow - right
http://loinc.org	37689-7	XR Femur - right Single view
http://loinc.org	37690-5	XR Femur - right 2 Views
http://loinc.org	37691-3	XR Femur - right 4 Views
http://loinc.org	37692-1	XR Femur - right AP and Lateral
http://loinc.org	37693-9	XR Femur - right Views W standing
http://loinc.org	37694-7	XR Finger - right 2 Views
http://loinc.org	37695-4	XR Finger - right 3 Views
http://loinc.org	37696-2	XR Finger - right AP and Lateral and oblique
http://loinc.org	37697-0	XR Foot - right 2 Views
http://loinc.org	37698-8	XR Foot - right 2 Views W standing
http://loinc.org	37699-6	XR Foot - right 3 Views
http://loinc.org	37700-2	XR Foot - right 3 Views W standing
http://loinc.org	37701-0	XR Foot - right AP and Lateral
http://loinc.org	37702-8	XR Foot - right AP and Lateral and oblique
http://loinc.org	37703-6	XR Foot - right Lateral
http://loinc.org	37704-4	XR Foot - right Oblique
http://loinc.org	37705-1	XR Foot - right Views W manual stress
http://loinc.org	37706-9	XR tomography Foot - right
http://loinc.org	37707-7	XR Radius and Ulna - right 2 Views
http://loinc.org	37708-5	XR Radius and Ulna - right AP and Lateral
http://loinc.org	37709-3	XR Radius and Ulna - right Oblique Views
http://loinc.org	37710-1	XR Hand - right AP and Lateral
http://loinc.org	37711-9	XR Hand - right AP and Lateral and oblique
http://loinc.org	37712-7	XR Hand - right Lateral
http://loinc.org	37713-5	XR Hand - right PA and Lateral
http://loinc.org	37714-3	XR Hand - right PA
http://loinc.org	37715-0	XR Hand - right PA and Lateral and Oblique
http://loinc.org	37716-8	XR Hand - right Views
http://loinc.org	37717-6	XR tomography Hand - right
http://loinc.org	37718-4	XR Calcaneus - right 2 Views
http://loinc.org	37719-2	XR Calcaneus - right AP and Lateral
http://loinc.org	37720-0	XR Calcaneus - right Views W standing
http://loinc.org	37721-8	XR Hip - right 2 Views
http://loinc.org	37722-6	XR Hip - right 3 Views
http://loinc.org	37723-4	XR Hip - right AP and Lateral crosstable
http://loinc.org	37724-2	XR Hip - right AP and Lateral frog
http://loinc.org	37725-9	XR Hip - right AP and Lateral
http://loinc.org	37726-7	XR Hip - right AP
http://loinc.org	37727-5	XR Hip - right Lateral crosstable
http://loinc.org	37728-3	XR Hip - right Oblique crosstable
http://loinc.org	37729-1	XR Hip - right Lateral frog
http://loinc.org	37730-9	XR Hip - right Lateral
http://loinc.org	37731-7	XR Hip - right Single view W standing
http://loinc.org	37732-5	XR Hip - right Judet
http://loinc.org	37733-3	XR Lower extremity - right AP W standing
http://loinc.org	37734-1	XR Lower extremity - right Single view W standing
http://loinc.org	37735-8	XR tomography Hip - right
http://loinc.org	37736-6	XR Humerus - right AP and Lateral
http://loinc.org	37737-4	XR Humerus - right Oblique Views
http://loinc.org	37738-2	XR Humerus - right Views
http://loinc.org	37739-0	RFA Iliac artery - right Views W contrast IA
http://loinc.org	37740-8	XR Knee - right AP and Lateral and Sunrise and tunnel
http://loinc.org	37741-6	XR Knee - right Single view
http://loinc.org	37742-4	XR Knee - right 3 Views
http://loinc.org	37743-2	XR Knee - right 4 Views
http://loinc.org	37744-0	XR Knee - right 5 Views
http://loinc.org	37745-7	XR Knee - right AP and Lateral
http://loinc.org	37746-5	XR Knee - right Views AP W manual stress
http://loinc.org	37747-3	XR Knee - right AP and Lateral and Tunnel
http://loinc.org	37748-1	XR Knee - right AP and Lateral and oblique
http://loinc.org	37749-9	XR Knee - right AP and Lateral and Sunrise
http://loinc.org	37750-7	XR Knee - right Lateral W extension
http://loinc.org	37751-5	XR Knee - right Lateral
http://loinc.org	37752-3	XR Knee - right Rosenberg W standing
http://loinc.org	37753-1	XR Knee - right Views W manual stress
http://loinc.org	37754-9	XR Knee - right Lateral W standing
http://loinc.org	37755-6	XR Knee - right PA W standing
http://loinc.org	37756-4	XR Knee - right Tunnel W standing
http://loinc.org	37757-2	XR Knee - right Oblique Views
http://loinc.org	37758-0	XR Knee - right Views
http://loinc.org	37759-8	XR Knee - right Sunrise and Tunnel
http://loinc.org	37760-6	XR tomography Knee - right
http://loinc.org	37761-4	XR Knee - right Tunnel
http://loinc.org	37762-2	XR Knee - right 2 Views W standing
http://loinc.org	37763-0	XR Knee - right 4 Views W standing
http://loinc.org	37764-8	XR Lower extremity - right Single view
http://loinc.org	37765-5	RFA Lower extremity vessels - right Views W contrast
http://loinc.org	37766-3	XR tomography Lower extremity - right
http://loinc.org	37767-1	RFA Lower extremity veins - right Views W contrast IV
http://loinc.org	37768-9	MG Breast - right 2 Views
http://loinc.org	37769-7	MG Breast - right Magnification and Spot
http://loinc.org	37770-5	MG Breast - right Tangential
http://loinc.org	37771-3	MG Breast - right True lateral
http://loinc.org	37772-1	MG Breast - right XCCL
http://loinc.org	37773-9	MG Breast - right Magnification
http://loinc.org	37774-7	MG Breast - right Views
http://loinc.org	37775-4	MG Breast - right Rolled Views
http://loinc.org	37776-2	XR Patella - right AP and Lateral
http://loinc.org	37777-0	XR Patella - right Views
http://loinc.org	37778-8	RFA Popliteal artery - right Views W contrast IA
http://loinc.org	37779-6	RFA Right pulmonary arteries Views W contrast IA
http://loinc.org	37780-4	XR Ribs - right 2 Views
http://loinc.org	37781-2	XR Ribs - right 3 Views
http://loinc.org	37782-0	XR Ribs - right Anterior and Lateral
http://loinc.org	37783-8	XR Ribs - right AP
http://loinc.org	37784-6	XR Ribs - right Lateral
http://loinc.org	37785-3	RF Sacroiliac joint - right Arthrogram
http://loinc.org	37786-1	XR Sacroiliac joint - right Views
http://loinc.org	37787-9	XR Scapula - right 2 Views
http://loinc.org	37788-7	XR Scapula - right AP and Lateral
http://loinc.org	37789-5	XR Scapula - right AP and Y
http://loinc.org	37790-3	XR Scapula - right Y
http://loinc.org	37791-1	XR Shoulder - right Stryker Notch
http://loinc.org	37792-9	XR Shoulder - right Single view
http://loinc.org	37793-7	XR Shoulder - right 2 Views
http://loinc.org	37794-5	XR Shoulder - right 4 Views
http://loinc.org	37795-2	XR Shoulder - right 5 Views
http://loinc.org	37796-0	XR Shoulder - right 6 Views
http://loinc.org	37797-8	XR Shoulder - right AP and Stryker Notch
http://loinc.org	37798-6	XR Shoulder - right AP
http://loinc.org	37799-4	XR Shoulder - right AP and West Point and Outlet
http://loinc.org	37800-0	XR Shoulder - right Axillary
http://loinc.org	37801-8	XR Shoulder - right Garth
http://loinc.org	37802-6	XR Shoulder - right Outlet
http://loinc.org	37803-4	XR Shoulder - right Lateral and Y
http://loinc.org	37804-2	XR Shoulder - right Outlet and Y
http://loinc.org	37805-9	XR Shoulder - right Y
http://loinc.org	37806-7	XR Shoulder - right Grashey and Axillary and Outlet
http://loinc.org	37807-5	XR Shoulder - right Axillary and Y
http://loinc.org	37808-3	XR Sternoclavicular joint - right Serendipity
http://loinc.org	37809-1	XR Shoulder - right West Point
http://loinc.org	37810-9	XR Acromioclavicular joint - right Zanca
http://loinc.org	37811-7	XR tomography Shoulder - right
http://loinc.org	37812-5	XR Thumb - right 3 Views
http://loinc.org	37813-3	XR Thumb - right AP and Lateral and oblique
http://loinc.org	37814-1	XR Thumb - right Views W manual stress
http://loinc.org	37815-8	XR Tibia and Fibula - right 2 Views
http://loinc.org	37816-6	XR Tibia and Fibula - right AP and Lateral
http://loinc.org	37817-4	XR Tibia and Fibula - right Oblique Views
http://loinc.org	37818-2	RF Temporomandibular joint - right Arthrogram
http://loinc.org	37819-0	XR tomography Temporomandibular joint - right
http://loinc.org	37820-8	XR Toes - right 3 Views
http://loinc.org	37821-6	XR Toes - right 2 Views
http://loinc.org	37822-4	XR Toes - right AP and Lateral
http://loinc.org	37823-2	XR Toes - right Views W standing
http://loinc.org	37824-0	RFA Upper extremity veins - right Views W contrast IV
http://loinc.org	37825-7	XR Wrist - right Single view
http://loinc.org	37826-5	XR Wrist - right 2 Views
http://loinc.org	37827-3	XR Wrist - right 3 Views
http://loinc.org	37828-1	XR Wrist - right 4 Views
http://loinc.org	37829-9	XR Wrist - right 5 Views
http://loinc.org	37830-7	XR Wrist - right 6 Views
http://loinc.org	37831-5	XR Wrist - right 8 Views
http://loinc.org	37832-3	XR Wrist - right AP and Lateral
http://loinc.org	37833-1	XR Wrist - right Lateral W extension
http://loinc.org	37834-9	XR Wrist - right Lateral W flexion
http://loinc.org	37835-6	XR Wrist - right PA and Lateral
http://loinc.org	37836-4	XR Wrist - right PA and Lateral and Oblique
http://loinc.org	37839-8	XR Shoulder AP and Lateral and Axillary
http://loinc.org	37840-6	XR Shoulder 2 Views
http://loinc.org	37841-4	XR Shoulder AP and Lateral
http://loinc.org	37842-2	XR Shoulder AP
http://loinc.org	37843-0	XR Shoulder Garth
http://loinc.org	37844-8	XR Shoulder Grashey
http://loinc.org	37845-5	XR Shoulder Outlet
http://loinc.org	37846-3	XR Sternoclavicular Joint Serendipity
http://loinc.org	37847-1	XR Shoulder Y
http://loinc.org	37848-9	XR Acromioclavicular Joint Zanca
http://loinc.org	37849-7	XR Shoulder Axillary
http://loinc.org	37850-5	XR tomography Shoulder
http://loinc.org	37851-3	XR Sinuses Single view
http://loinc.org	37852-1	XR Sinuses Caldwell and Waters
http://loinc.org	37853-9	XR Sinuses 2 Views
http://loinc.org	37854-7	XR Sinuses 3 Views
http://loinc.org	37855-4	XR Sinuses 4 Views
http://loinc.org	37856-2	XR Sinuses 5 Views
http://loinc.org	37857-0	XR Sinuses Caldwell
http://loinc.org	37858-8	XR Sinuses Lateral
http://loinc.org	37859-6	XR Sinuses PA and Lateral and Waters
http://loinc.org	37860-4	XR Sinuses PA and Lateral and Caldwell and Waters
http://loinc.org	37861-2	XR Sinuses Submentovertex
http://loinc.org	37862-0	XR Sinuses Lateral and Waters
http://loinc.org	37863-8	XR Sinuses Waters
http://loinc.org	37864-6	XR Sinuses Lateral and Caldwell and Waters
http://loinc.org	37866-1	XR tomography Sinuses
http://loinc.org	37867-9	XR Skull 2 Views
http://loinc.org	37868-7	XR Skull 4 Views
http://loinc.org	37869-5	XR Skull Lateral and Towne
http://loinc.org	37870-3	XR Skull Towne
http://loinc.org	37871-1	XR Skull Lateral and Caldwell and Waters and Towne
http://loinc.org	37872-9	XR Skull Lateral crosstable
http://loinc.org	37874-5	XR tomography Skull
http://loinc.org	37880-2	XR Sternoclavicular Joint AP
http://loinc.org	37881-0	XR Sternoclavicular Joint 3 Views
http://loinc.org	37882-8	XR Sternoclavicular Joint 4 Views
http://loinc.org	37883-6	XR Sternum 2 Views
http://loinc.org	37884-4	XR Sternum PA and Lateral and Oblique
http://loinc.org	37885-1	XR tomography Sternum
http://loinc.org	37886-9	RFA Subclavian artery Views W contrast IA
http://loinc.org	37887-7	RF Guidance for fluid aspiration of Pleural space
http://loinc.org	37888-5	XR Thumb 3 Views
http://loinc.org	37889-3	XR Thumb AP and Lateral
http://loinc.org	37890-1	XR Thumb AP
http://loinc.org	37891-9	XR Thumb Lateral
http://loinc.org	37892-7	XR Thumb Oblique
http://loinc.org	37893-5	XR Tibia and Fibula Lateral
http://loinc.org	37894-3	XR Tibia and Fibula Single view
http://loinc.org	37895-0	XR Tibia and Fibula 2 Views
http://loinc.org	37896-8	XR Tibia and Fibula AP and Lateral
http://loinc.org	37897-6	XR Tibia and Fibula AP
http://loinc.org	37898-4	XR tomography Tibia and Fibula
http://loinc.org	37899-2	XR Tibia and Fibula Views W standing
http://loinc.org	37901-6	RF Temporomandibular joint Arthrogram
http://loinc.org	37902-4	XR Toes 2 Views
http://loinc.org	37903-2	XR Thoracic spine Lateral crosstable
http://loinc.org	37904-0	XR Thoracic spine Single view
http://loinc.org	37905-7	XR Thoracic spine 2 Views
http://loinc.org	37906-5	XR Thoracic spine 3 Views
http://loinc.org	37907-3	XR Thoracic spine 4 Views
http://loinc.org	37908-1	XR Thoracic spine AP and Lateral and oblique
http://loinc.org	37909-9	XR Thoracic spine Lateral W hyperextension
http://loinc.org	37910-7	XR Thoracic spine Lateral W standing
http://loinc.org	37911-5	XR tomography Thoracic spine
http://loinc.org	37922-2	XR Upper extremity 2 Views
http://loinc.org	37923-0	XR tomography Upper extremity
http://loinc.org	37924-8	XR Wrist Single view
http://loinc.org	37925-5	XR Wrist 2 Views
http://loinc.org	37926-3	XR Wrist 3 Views
http://loinc.org	37927-1	XR Wrist AP and Lateral and oblique
http://loinc.org	37928-9	XR Wrist Brewerton
http://loinc.org	37929-7	XR Wrist Lateral Views W flexion and W extension
http://loinc.org	37930-5	XR Wrist Lateral
http://loinc.org	37931-3	XR Wrist PA
http://loinc.org	37932-1	XR tomography Wrist
http://loinc.org	37933-9	XR Zygomatic arch 3 Views
http://loinc.org	37934-7	XR Zygomatic arch 4 Views
http://loinc.org	37935-4	RFA Pelvis arteries and Lower extremity arteries - bilateral Views W contrast IA
http://loinc.org	37936-2	RFA Peripheral vessels Views W contrast
http://loinc.org	37937-0	XR Ribs anterior Views
http://loinc.org	37938-8	XR Ribs posterior Views
http://loinc.org	37939-6	RFA Adrenal artery - right Views W contrast IA
http://loinc.org	37940-4	RFA Adrenal vein - right Views W contrast IV
http://loinc.org	37941-2	RFA Ankle arteries - right Views W contrast IA
http://loinc.org	37942-0	RF Ankle - right Arthrogram
http://loinc.org	37943-8	RFA Carotid arteries and Vertebral artery - right Views W contrast IA
http://loinc.org	37944-6	RFA Carotid artery and Cerebral artery - right Views W contrast IA
http://loinc.org	37945-3	RFA Carotid artery.cervical - right Views W contrast IA
http://loinc.org	37947-9	RF Elbow - right Arthrogram
http://loinc.org	37948-7	RFA Carotid artery.external - right Views W contrast IA
http://loinc.org	37949-5	RFA Extremity arteries - right Views W contrast IA
http://loinc.org	37950-3	RFA Extremity veins - right Views W contrast IV
http://loinc.org	37952-9	RFA Carotid artery.internal - right Views W contrast IA
http://loinc.org	37953-7	RFA Carotid artery and Cerebral artery internal - right Views W contrast IA
http://loinc.org	37958-6	RFA Orbit veins - right Views W contrast IV
http://loinc.org	37959-4	RFA Renal vein - right Views W contrast IV
http://loinc.org	37960-2	XR Ribs lower - right Views
http://loinc.org	37961-0	XR Ribs upper - right Views
http://loinc.org	37962-8	XR Ribs anterior and posterior - right Views
http://loinc.org	37963-6	XR Ribs anterior - right Views
http://loinc.org	37964-4	XR Ribs posterior - right Views
http://loinc.org	37965-1	XR Sternoclavicular joint - right Views
http://loinc.org	37966-9	RFA Subclavian artery - right Views W contrast IA
http://loinc.org	37967-7	RFA Upper extremity arteries - right Views W contrast IA
http://loinc.org	37968-5	RFA Vertebral artery - right Views W contrast IA
http://loinc.org	37969-3	RFA Sinus vein Views W contrast IV
http://loinc.org	37970-1	RFA Splenic vein Views W contrast IV
http://loinc.org	37971-9	RFA Subclavian vein Views W contrast IV
http://loinc.org	37972-7	RFA Superior mesenteric vein Views W contrast IV
http://loinc.org	37973-5	RF Testicular vessels Views W contrast
http://loinc.org	37974-3	XR Spine thoracolumbar junction AP and Lateral
http://loinc.org	37975-0	XR Spine thoracolumbar junction Views
http://loinc.org	37976-8	RFA Upper extremity vessels Views W contrast
http://loinc.org	37977-6	RFA Upper extremity arteries Views W contrast IA
http://loinc.org	37979-2	RFA Uterine artery Views W contrast IA
http://loinc.org	37980-0	RFA Vertebral vessels Views W contrast
http://loinc.org	37981-8	RFA Visceral vessels Views W contrast
http://loinc.org	37994-1	MRA Lumbar spine vessels WO contrast
http://loinc.org	37995-8	XR Calcaneus - bilateral Broden Views
http://loinc.org	37996-6	XR Calcaneus Broden Views
http://loinc.org	37997-4	XR Calcaneus - left Broden Views
http://loinc.org	37998-2	XR Elbow Radial head capitellar
http://loinc.org	37999-0	XR Elbow - bilateral Radial head capitellar
http://loinc.org	38000-6	XR Elbow - left Radial head capitellar
http://loinc.org	38001-4	XR Chest Single view W expiration
http://loinc.org	38002-2	XR Chest Single view W inspiration
http://loinc.org	38003-0	XR Foot - left Views AP W standing
http://loinc.org	38004-8	XR Shoulder - left Grashey Views WO and W weight
http://loinc.org	38006-3	XR Elbow - right Radial head capitellar
http://loinc.org	38007-1	XR Humerus - right Transthoracic
http://loinc.org	38008-9	XR Cervical and thoracic and lumbar spine Views
http://loinc.org	38009-7	XR Thoracic spine AP and Lateral and Swimmers
http://loinc.org	38010-5	XR Thoracic spine Lateral Views W flexion and W extension
http://loinc.org	38057-6	MR Breast - left for implant
http://loinc.org	38058-4	MR Breast - right for implant
http://loinc.org	38061-8	MR Spine Cervical and Spine Thoracic and Spine Lumbar and Sacrum W contrast IV
http://loinc.org	38062-6	MR Breast - right for implant WO and W contrast IV
http://loinc.org	38064-2	MR Breast - left for implant WO contrast
http://loinc.org	38065-9	XR Hip - left Single view during surgery
http://loinc.org	38066-7	XR Hip - left Lateral during surgery
http://loinc.org	38068-3	XR Chest Right anterior oblique
http://loinc.org	38069-1	XR Abdomen Left posterior oblique
http://loinc.org	38070-9	MG Breast Views for implant
http://loinc.org	38071-7	MG Breast - bilateral Views for implant
http://loinc.org	38072-5	MG Breast - left Views for implant
http://loinc.org	38073-3	XR Ribs anterior - bilateral Views
http://loinc.org	38074-1	XR Ribs anterior - left Views
http://loinc.org	38079-0	MG Breast specimen - bilateral Views
http://loinc.org	38080-8	MG Breast specimen - left Views
http://loinc.org	38082-4	XR Shoulder - left AP and Transthoracic
http://loinc.org	38083-2	XR Cervical spine AP and Lateral and Oblique and Odontoid and Swimmers
http://loinc.org	38084-0	XR Abdomen AP and Left posterior oblique
http://loinc.org	38086-5	XR Knee Merchants 30 and 45 and 60 degrees
http://loinc.org	38087-3	XR Knee - left Sunrise 20 and 40 and 60 degrees
http://loinc.org	38088-1	XR Knee - bilateral Sunrise 20 and 40 and 60 degrees
http://loinc.org	38089-9	XR Bones Limited Survey Views for metastasis
http://loinc.org	38090-7	MG Breast - bilateral Air gap Views
http://loinc.org	38091-5	MG Breast - left Air gap Views
http://loinc.org	38092-3	RF Urinary bladder Views W chain and contrast intra bladder
http://loinc.org	38093-1	XR Chest Views W nipple markers
http://loinc.org	38094-9	RF Spinal cavity Views W contrast
http://loinc.org	38095-6	MG Breast duct - bilateral Views W contrast intra duct
http://loinc.org	38096-4	MG Breast duct - left Views W contrast intra duct
http://loinc.org	38097-2	RF Parotid gland - left Views W contrast intra salivary duct
http://loinc.org	38098-0	RF Lacrimal duct - bilateral Views W contrast intra lacrimal duct
http://loinc.org	38099-8	RF Lacrimal duct - left Views W contrast intra lacrimal duct
http://loinc.org	38100-4	RF Urinary bladder and Urethra Views W contrast antegrade
http://loinc.org	38101-2	XR Kidney Views W contrast antegrade
http://loinc.org	38102-0	XR Kidney Views W contrast antegrade via pyelostomy
http://loinc.org	38103-8	RF Spine Cervical and Spine Lumbar Views W contrast IT
http://loinc.org	38104-6	RF Spine epidural space Views W contrast IT
http://loinc.org	38105-3	XR Kidney Views W contrast retrograde
http://loinc.org	38107-9	XR Wrist Scaphoid Views
http://loinc.org	38108-7	XR Knee - right 2 Oblique Views
http://loinc.org	38112-9	RF Kidney - right Views W contrast via nephrostomy tube
http://loinc.org	38114-5	XR Tibia and Fibula - right 2 Oblique Views
http://loinc.org	38115-2	XR Wrist - right Scaphoid Views
http://loinc.org	38116-0	RF Parotid gland Views W contrast intra salivary duct
http://loinc.org	38117-8	XR Sinuses Waters upright
http://loinc.org	38118-6	XR Neck 2 Lateral Views
http://loinc.org	38119-4	RFA Thoracic artery Views W contrast IA
http://loinc.org	38120-2	RF Thoracic spine Limited Views W contrast IT
http://loinc.org	38121-0	XR Thoracic and lumbar spine Single view
http://loinc.org	38123-6	XR Thoracic and lumbar spine AP and Lateral
http://loinc.org	38124-4	XR Thoracic and lumbar spine Views W standing
http://loinc.org	38125-1	RF Cervical and thoracic and lumbar spine Limited Views W contrast IT
http://loinc.org	38144-2	XR Finger second - right Views
http://loinc.org	38145-9	XR Finger third - right Views
http://loinc.org	38146-7	XR Finger fourth - right Views
http://loinc.org	38147-5	XR Finger fifth - right Views
http://loinc.org	38148-3	XR Toe second - right Views
http://loinc.org	38149-1	XR Toe third - right Views
http://loinc.org	38150-9	XR Toe fourth - right Views
http://loinc.org	38151-7	XR Toe fifth - right Views
http://loinc.org	38152-5	XR Great toe - right Views
http://loinc.org	38153-3	RF Submandibular gland Views W contrast intra salivary duct
http://loinc.org	38154-1	RF Guidance for superficial biopsy of Bone
http://loinc.org	38155-8	XR Wrist 4 Views
http://loinc.org	38156-6	XR Wrist 6 Views
http://loinc.org	38181-4	XR Chest Diameter.lateral
http://loinc.org	38261-4	DXA Hip [Mass/Area] Bone density
http://loinc.org	38262-2	DXA Calcaneus [Mass/Area] Bone density
http://loinc.org	38263-0	DXA Femur [T-score] Bone density
http://loinc.org	38264-8	DXA Hip [T-score] Bone density
http://loinc.org	38265-5	DXA Radius and Ulna [T-score] Bone density
http://loinc.org	38266-3	DXA Calcaneus [T-score] Bone density
http://loinc.org	38267-1	DXA Lumbar spine [T-score] Bone density
http://loinc.org	38268-9	DXA Skeletal system Views for bone density
http://loinc.org	38767-0	CT Internal auditory canal - right
http://loinc.org	38768-8	XR tomography Femur - right
http://loinc.org	38769-6	MR Lower extremity joint - right limited WO contrast
http://loinc.org	38770-4	MR Scapula - right WO contrast
http://loinc.org	38771-2	XR Pelvis and Hip - right Views
http://loinc.org	38772-0	XR Hip - right True lateral
http://loinc.org	38773-8	MRA Lower extremity vessels - right WO contrast
http://loinc.org	38774-6	XR Orbit - right Views
http://loinc.org	38775-3	XR Hand - right Brewerton
http://loinc.org	38776-1	XR Calcaneus - right Harris
http://loinc.org	38777-9	XR Elbow - right Jones
http://loinc.org	38778-7	XR Calcaneus - right Ski jump Views
http://loinc.org	38779-5	XR Shoulder - right Transthoracic
http://loinc.org	38780-3	XR Shoulder - right Velpeau axillary
http://loinc.org	38781-1	XR Shoulder - right AP and Axillary and Outlet
http://loinc.org	38782-9	XR Shoulder - right AP and Axillary and Outlet and Zanca
http://loinc.org	38783-7	XR Shoulder - right AP and Axillary and Y
http://loinc.org	38784-5	XR Pelvis and Hip - right AP and Lateral crosstable
http://loinc.org	38785-2	XR Pelvis and Hip - right AP and Lateral frog
http://loinc.org	38786-0	XR Patella - right AP and Lateral and Sunrise
http://loinc.org	38787-8	XR Shoulder - right AP and West Point
http://loinc.org	38788-6	XR Shoulder - right AP and Y
http://loinc.org	38789-4	XR Shoulder - right Grashey and Axillary and Y
http://loinc.org	38790-2	XR Patella - right PA and Lateral and Sunrise
http://loinc.org	38791-0	XR Shoulder - right Grashey and Outlet
http://loinc.org	38793-6	XR Shoulder - right Grashey and Axillary
http://loinc.org	38794-4	XR Shoulder - right Grashey and Outlet and Serendipity
http://loinc.org	38795-1	XR Shoulder - right Grashey and West Point
http://loinc.org	38796-9	Portable XR Hip - right Views
http://loinc.org	38797-7	XR Humerus bicipital groove - right Views
http://loinc.org	38798-5	XR Olecranon - right Views
http://loinc.org	38799-3	RFA Aorta and Femoral artery - right Runoff W contrast IA
http://loinc.org	38801-7	RFA Gastric artery right Views W contrast IA
http://loinc.org	38802-5	CT Wrist - right WO and W contrast IV
http://loinc.org	38803-3	XR Clavicle - right 45 degree cephalic angle
http://loinc.org	38804-1	XR Hand - right Bora
http://loinc.org	38805-8	XR Shoulder - right Grashey
http://loinc.org	38806-6	XR Tibia - right 10 degree caudal angle
http://loinc.org	38807-4	MG Breast - right Spot Views
http://loinc.org	38808-2	XR Wrist - right Ulnar deviation and Radial deviation
http://loinc.org	38810-8	XR Great toe - right Views W standing
http://loinc.org	38811-6	RFA Abdominal and pelvic lymphatic vessels - right Views W contrast intra lymphatic
http://loinc.org	38812-4	RFA Extremity lymphatic vessels - right Views W contrast intra lymphatic
http://loinc.org	38813-2	RFA Lymphatic vessels - right Views W contrast intra lymphatic
http://loinc.org	38814-0	XR Calcaneus - right Broden Views
http://loinc.org	38815-7	XR Foot - right Views AP W standing
http://loinc.org	38816-5	XR Shoulder - right Grashey Views WO and W weight
http://loinc.org	38817-3	MR Breast - right for implant WO contrast
http://loinc.org	38818-1	XR Hip - right Single view during surgery
http://loinc.org	38819-9	XR Hip - right Lateral during surgery
http://loinc.org	38820-7	MG Breast - right Views for implant
http://loinc.org	38821-5	MG Breast specimen - right Views
http://loinc.org	38822-3	XR Shoulder - right AP and Transthoracic
http://loinc.org	38824-9	XR Knee - right Sunrise 20 and 40 and 60 degrees
http://loinc.org	38825-6	MG Breast duct - right Views W contrast intra duct
http://loinc.org	38826-4	RF Parotid gland - right Views W contrast intra salivary duct
http://loinc.org	38827-2	RF Lacrimal duct - right Views W contrast intra lacrimal duct
http://loinc.org	38828-0	CT Shoulder - left Arthrogram
http://loinc.org	38829-8	MR Upper extremity - left W contrast IV
http://loinc.org	38830-6	MR Shoulder - left W contrast IV
http://loinc.org	38831-4	MR Upper extremity - left WO and W contrast IV
http://loinc.org	38832-2	MR Upper extremity - left WO contrast
http://loinc.org	38833-0	MR Brachial plexus - left WO contrast
http://loinc.org	38834-8	MR Shoulder - left WO contrast
http://loinc.org	38835-5	CT Temporal bone - left W contrast IV
http://loinc.org	38836-3	MR Orbit - left
http://loinc.org	38837-1	MRA Knee vessels - left WO and W contrast IV
http://loinc.org	38838-9	XR Wrist - left Limited Views
http://loinc.org	38839-7	XR Wrist - left Oblique Views
http://loinc.org	38840-5	XR Ankle - left 2 Views W manual stress
http://loinc.org	38841-3	XR Ankle - left 2 Views W standing
http://loinc.org	38842-1	XR Wrist - left Carpal tunnel
http://loinc.org	38843-9	XR Wrist - left 2 Carpal tunnel Views
http://loinc.org	38844-7	XR Elbow - left 2 Oblique Views
http://loinc.org	38845-4	XR Femur - left Views W standing
http://loinc.org	38846-2	XR Foot - left 2 Views
http://loinc.org	38847-0	XR Hand - left AP and Lateral
http://loinc.org	38848-8	XR Hand - left AP and Lateral and oblique
http://loinc.org	38849-6	XR Lower extremity - left AP W standing
http://loinc.org	38850-4	XR Lower extremity - left Single view W standing
http://loinc.org	38851-2	XR Knee - left 2 Views W standing
http://loinc.org	38852-0	XR Knee - left 4 Views W standing
http://loinc.org	38853-8	RFA Lower extremity vessels - left Views W contrast
http://loinc.org	38854-6	MG Breast - left Magnification and Spot
http://loinc.org	38855-3	MG Breast - left True lateral
http://loinc.org	38856-1	XR Ribs - left Anterior and Lateral
http://loinc.org	38857-9	XR Ribs - left Lateral
http://loinc.org	38858-7	XR Shoulder - left Y
http://loinc.org	38859-5	RFA Upper extremity veins - left Views W contrast IV
http://loinc.org	38860-3	XR Wrist - left AP and Lateral
http://loinc.org	38861-1	RFA Ankle arteries - left Views W contrast IA
http://loinc.org	38862-9	RFA Carotid artery and Cerebral artery - left Views W contrast IA
http://loinc.org	38863-7	RFA Carotid artery.cervical - left Views W contrast IA
http://loinc.org	38864-5	RFA Carotid artery.internal - left Views W contrast IA
http://loinc.org	38865-2	RFA Carotid artery and Cerebral artery internal - left Views W contrast IA
http://loinc.org	38866-0	XR Ribs lower - left Views
http://loinc.org	38867-8	XR Ribs upper - left Views
http://loinc.org	38868-6	XR Ribs anterior and posterior - left Views
http://loinc.org	38869-4	XR Ribs posterior - left Views
http://loinc.org	38870-2	MR Breast - left for implant WO and W contrast IV
http://loinc.org	38871-0	XR Knee - left 2 Oblique Views
http://loinc.org	38872-8	RF Kidney - left Views W contrast via nephrostomy tube
http://loinc.org	38874-4	XR Tibia and Fibula - left 2 Oblique Views
http://loinc.org	39026-0	CT Guidance for needle localization of Unspecified body region
http://loinc.org	39027-8	RF Guidance for needle localization of Unspecified body region
http://loinc.org	39028-6	MR Guidance for needle localization of Unspecified body region
http://loinc.org	39029-4	MR Orbit and Face WO and W contrast IV
http://loinc.org	39033-6	MR Upper extremity WO contrast
http://loinc.org	39034-4	MR Upper extremity WO and W contrast IV
http://loinc.org	39037-7	MR Upper extremity W contrast IV
http://loinc.org	39038-5	MR Orbit and Face W contrast IV
http://loinc.org	39046-8	CT Pelvis limited for pelvimetry WO contrast
http://loinc.org	39047-6	RF Hip Single view during surgery
http://loinc.org	39048-4	XR Scapula AP
http://loinc.org	39049-2	XR Thoracic and lumbar spine AP
http://loinc.org	39050-0	XR Ribs AP
http://loinc.org	39051-8	XR Chest Lateral
http://loinc.org	39053-4	XR Ribs Lateral
http://loinc.org	39054-2	MG Breast duct Views W contrast intra duct
http://loinc.org	39055-9	RFA Extremity veins Views W contrast IV
http://loinc.org	39056-7	XR Unspecified body region Views W manual stress
http://loinc.org	39057-5	RFA Pulmonary arteries Views W contrast IA
http://loinc.org	39058-3	XR Salivary gland Views
http://loinc.org	39060-9	XR Ribs 2 Views
http://loinc.org	39061-7	XR Sacrum and Coccyx 3 Views
http://loinc.org	39062-5	XR Ribs 3 Views
http://loinc.org	39063-3	XR Lumbar spine 5 Views W flexion and W extension
http://loinc.org	39064-1	XR Ribs Anterior and Lateral
http://loinc.org	39065-8	XR Pelvis AP and Inlet and Outlet and Oblique
http://loinc.org	39066-6	XR and RF Chest AP and Lateral and Views
http://loinc.org	39067-4	XR Cervical and thoracic and lumbar spine AP and Lateral
http://loinc.org	39068-2	XR Foot AP and Lateral W standing
http://loinc.org	39069-0	XR Foot AP and Lateral
http://loinc.org	39071-6	XR Knee AP and Lateral and Merchants
http://loinc.org	39072-4	XR Ankle AP and Lateral and oblique
http://loinc.org	39073-2	XR Knee AP and Lateral and Right oblique and Left oblique
http://loinc.org	39074-0	XR Chest AP and Lateral and Right oblique and Left oblique
http://loinc.org	39075-7	XR Toes AP and Oblique
http://loinc.org	39076-5	XR Foot AP and Oblique
http://loinc.org	39077-3	XR Shoulder AP and Transthoracic
http://loinc.org	39078-1	XR Finger PA and Lateral and Oblique
http://loinc.org	39079-9	XR Hand PA and Oblique
http://loinc.org	39093-0	RFA Hepatic veins Views W contrast IV
http://loinc.org	39094-8	RFA Carotid artery.cervical Views W contrast IA
http://loinc.org	39095-5	RFA Carotid artery and Cerebral artery Views W contrast IA
http://loinc.org	39096-3	RFA Hepatic veins Views for hemodynamics W contrast IV
http://loinc.org	39097-1	RFA Carotid artery - bilateral and Cerebral artery - bilateral Views W contrast IA
http://loinc.org	39098-9	RFA Carotid artery.cervical.bilateral Views W contrast IA
http://loinc.org	39099-7	XR Ribs - bilateral 4 Views and Chest PA
http://loinc.org	39138-3	RFA Guidance for vascular access of Vessel
http://loinc.org	39140-9	MR Heart cine for blood flow velocity mapping
http://loinc.org	39141-7	MR Bone marrow
http://loinc.org	39142-5	CT perfusion Head W contrast IV
http://loinc.org	39144-1	RF Gastrointestinal tract upper Single view W air contrast PO
http://loinc.org	39145-8	MG Breast duct - left Views W contrast intra multiple ducts
http://loinc.org	39146-6	MG Breast duct - bilateral Views W contrast intra multiple ducts
http://loinc.org	39147-4	MG Breast duct - right Views W contrast intra multiple ducts
http://loinc.org	39148-2	MG Breast duct Views W contrast intra multiple ducts
http://loinc.org	39149-0	XR Gastrointestinal tract and Pulmonary system Single view for foreign body
http://loinc.org	39151-6	RF Vas deferens Views W contrast intra vas deferens
http://loinc.org	39291-0	MR Lower extremity WO and W contrast IV
http://loinc.org	39292-8	MR Lower extremity WO contrast
http://loinc.org	39293-6	MR Lower extremity W contrast IV
http://loinc.org	39321-5	XR Shoulder AP internal rotation and AP external rotation and Axillary
http://loinc.org	39323-1	XR Abdomen Right posterior oblique
http://loinc.org	39324-9	XR Wrist - left PA W clenched fist
http://loinc.org	39325-6	XR Shoulder - left AP internal rotation and Grashey and Axillary and Outlet
http://loinc.org	39326-4	XR Ribs - left and Chest Views
http://loinc.org	39327-2	XR Abdomen and Fetal Views for fetal age
http://loinc.org	39328-0	XR Shoulder - left AP internal rotation and AP external rotation
http://loinc.org	39329-8	XR Shoulder - bilateral AP internal rotation and AP external rotation
http://loinc.org	39330-6	XR Ankle - bilateral AP and Lateral W standing
http://loinc.org	39331-4	XR Foot - bilateral AP and Lateral W standing
http://loinc.org	39332-2	XR Foot - left AP and Lateral W standing
http://loinc.org	39333-0	XR Lumbar spine AP and Lateral W standing
http://loinc.org	39334-8	XR Foot - left AP and Lateral and oblique W standing
http://loinc.org	39335-5	XR Shoulder - left AP internal rotation and AP external rotation and Axillary
http://loinc.org	39336-3	XR Shoulder - bilateral AP internal rotation and AP external rotation and Axillary
http://loinc.org	39337-1	XR Shoulder - bilateral AP internal rotation and AP external rotation and Axillary and Outlet
http://loinc.org	39338-9	XR Shoulder - left AP internal rotation and AP external rotation and Axillary and Y
http://loinc.org	39339-7	XR Shoulder - bilateral AP and Axillary and Outlet and 30 degree caudal angle
http://loinc.org	39340-5	XR Lumbar spine Lateral Views W standing and W flexion and W extension
http://loinc.org	39341-3	XR Chest Lateral and PA W inspiration and expiration
http://loinc.org	39343-9	XR Shoulder - bilateral AP internal rotation and AP external rotation and Y
http://loinc.org	39344-7	XR Shoulder - bilateral AP internal rotation and AP external rotation and Axillary and Y
http://loinc.org	39345-4	XR Knee - left Sunrise and (Tunnel W standing)
http://loinc.org	39346-2	XR Shoulder - bilateral AP internal rotation and West Point
http://loinc.org	39347-0	XR Shoulder - left AP internal rotation and West Point
http://loinc.org	39348-8	XR Shoulder - left AP internal rotation and AP external rotation and Y
http://loinc.org	39349-6	RF Kidney - bilateral Views W contrast retrograde
http://loinc.org	39350-4	XR Shoulder - bilateral Grashey and Outlet and Serendipity
http://loinc.org	39351-2	XR Ribs upper anterior and posterior - left Views
http://loinc.org	39352-0	XR Ribs posterior - bilateral Views
http://loinc.org	39353-8	XR Ribs upper posterior - left Views
http://loinc.org	39359-5	XR tomography Kidney - bilateral WO contrast
http://loinc.org	39360-3	XR Pelvis Views and Inlet and Outlet
http://loinc.org	39361-1	RF Guidance for drainage of abscess and placement of drainage catheter of Liver
http://loinc.org	39362-9	RF Guidance for placement of tube in Chest
http://loinc.org	39363-7	RFA AV fistula Views W contrast retrograde
http://loinc.org	39364-5	XR Wrist - right 3 Views and Radial deviation
http://loinc.org	39365-2	XR Wrist - right 3 Views and Ulnar deviation
http://loinc.org	39366-0	XR Scapula Lateral and outlet
http://loinc.org	39367-8	XR Thoracic and lumbar spine AP and lateral for scoliosis W standing
http://loinc.org	39368-6	XR Ankle - right AP and Lateral W standing
http://loinc.org	39369-4	XR Ankle - right AP and Lateral and Oblique and (View W manual stress)
http://loinc.org	39370-2	XR Ankle - right Views and (View W manual stress)
http://loinc.org	39371-0	XR Ankle - right AP and Lateral and oblique W standing
http://loinc.org	39372-8	XR Ankle - right Views and Mortise
http://loinc.org	39373-6	XR Elbow - right Views and Oblique
http://loinc.org	39374-4	XR Foot - right AP and Lateral W standing
http://loinc.org	39375-1	XR Foot - right AP and Lateral and oblique W standing
http://loinc.org	39376-9	XR Radius and Ulna - right Views and Oblique
http://loinc.org	39377-7	XR Hip - right Views and Lateral crosstable
http://loinc.org	39378-5	XR Knee - right 2 Views and Oblique
http://loinc.org	39379-3	XR Knee - right 2 Views and Sunrise
http://loinc.org	39380-1	XR Knee - right 2 Views and Sunrise and Tunnel
http://loinc.org	39381-9	XR Knee - right 2 Views and Tunnel
http://loinc.org	39382-7	XR Knee - right 2 views and (Tunnel W standing)
http://loinc.org	39383-5	XR Knee - right 3 Views and Sunrise
http://loinc.org	39384-3	XR Knee - right 4 views and (AP W standing)
http://loinc.org	39385-0	XR Knee - right 4 Views and Oblique
http://loinc.org	39386-8	XR Knee - right 4 views and Tunnel
http://loinc.org	39387-6	XR Knee - right 4 Views and Sunrise and Tunnel
http://loinc.org	39388-4	XR Knee - right AP and Lateral and Right oblique and Left oblique
http://loinc.org	39389-2	XR Knee - right Views and Tunnel
http://loinc.org	39390-0	XR Knee - right Views and Oblique
http://loinc.org	39391-8	XR Knee - right Views and Sunrise
http://loinc.org	39392-6	XR Shoulder - right Internal rotation and External rotation and Axillary
http://loinc.org	39393-4	XR Shoulder - right 3 Views and Axillary
http://loinc.org	39394-2	XR Shoulder - right 3 Views and Y
http://loinc.org	39395-9	XR Shoulder - right AP internal rotation and AP external rotation
http://loinc.org	39396-7	XR Shoulder - right AP internal rotation and West Point
http://loinc.org	39397-5	XR Shoulder - right AP internal rotation and AP external rotation and West Point
http://loinc.org	39398-3	XR Tibia and Fibula - right Views and Oblique
http://loinc.org	39399-1	XR Wrist - right 3 Views and Carpal tunnel
http://loinc.org	39400-7	XR Wrist - right Views and Carpal tunnel
http://loinc.org	39401-5	XR Shoulder AP and Grashey and Axillary
http://loinc.org	39402-3	XR Shoulder AP internal rotation and AP external rotation
http://loinc.org	39403-1	XR Shoulder Axillary and Transcapular
http://loinc.org	39404-9	XR Sinuses 3 Views and Submentovertex
http://loinc.org	39405-6	XR Sternum Lateral and right oblique and left oblique
http://loinc.org	39406-4	XR Sternum Lateral and right anterior oblique
http://loinc.org	39407-2	XR Thoracic spine 5 Views and Oblique
http://loinc.org	39408-0	XR tomography Thoracic spine AP
http://loinc.org	39409-8	XR tomography Thoracic spine lateral
http://loinc.org	39410-6	XR Thoracic spine AP W left bending
http://loinc.org	39411-4	XR Thoracic spine AP W right bending
http://loinc.org	39412-2	XR Thoracic spine Views and Swimmers
http://loinc.org	39413-0	XR Thoracic spine 4 Views and Oblique
http://loinc.org	39414-8	XR Thoracic spine Views and Oblique
http://loinc.org	39489-0	XR Ribs lower posterior Views
http://loinc.org	39490-8	XR Femur and Tibia - right Views for leg length
http://loinc.org	39491-6	XR Ribs upper anterior and posterior - right Views
http://loinc.org	39492-4	XR Ribs upper posterior - right Views
http://loinc.org	39493-2	XR Ribs lower posterior - right Views
http://loinc.org	39510-3	RFA Pelvic lymphatic vessels Views W contrast intra lymphatic
http://loinc.org	39511-1	XR Pelvis Views and Oblique
http://loinc.org	39512-9	XR Hip - right AP and Danelius Miller
http://loinc.org	39513-7	XR Hip - right Views and Danelius Miller
http://loinc.org	39514-5	XR Hip - right Danelius Miller
http://loinc.org	39515-2	XR Wrist - right Lateral Views W flexion and W extension
http://loinc.org	39516-0	XR Shoulder Stryker Notch
http://loinc.org	39517-8	XR Shoulder Stryker Notch and West Point
http://loinc.org	39518-6	XR Long bones Limited Survey Views
http://loinc.org	39519-4	XR Skull PA and Right lateral and Left lateral
http://loinc.org	39520-2	XR Skull PA and Right lateral and Left lateral and Towne
http://loinc.org	39521-0	XR Skull PA and Right lateral and Left lateral and Caldwell and Towne
http://loinc.org	39619-2	NM Pulmonary system Views
http://loinc.org	39620-0	NM Guidance for abscess localization limited of Unspecified body region
http://loinc.org	39621-8	SPECT Guidance for abscess localization of Unspecified body region
http://loinc.org	39622-6	SPECT Guidance for abscess localization of Whole body
http://loinc.org	39623-4	NM Guidance for abscess localization of Whole body
http://loinc.org	39624-2	NM Adrenal gland Views W I-131 NP59 IV
http://loinc.org	39625-9	NM Artery Views W Tc-99m DTPA IA
http://loinc.org	39626-7	NM Vein - bilateral Views
http://loinc.org	39627-5	NM Bone Limited Views
http://loinc.org	39628-3	SPECT Small bowel for Meckels diverticulum
http://loinc.org	39629-1	NM Small bowel Views for Meckels diverticulum
http://loinc.org	39630-9	NM Brain Views W Tc-99m HMPAO IV
http://loinc.org	39631-7	SPECT Brain W Tc-99m HMPAO IV
http://loinc.org	39632-5	SPECT Brain
http://loinc.org	39634-1	NM Brain Limited Views
http://loinc.org	39635-8	NM Brain Views W Tl-201 IV
http://loinc.org	39636-6	NM Brain Views for blood flow
http://loinc.org	39637-4	SPECT Brain for blood flow
http://loinc.org	39638-2	SPECT Brain W I-123 IV
http://loinc.org	39639-0	SPECT Brain W Tl-201 IV
http://loinc.org	39640-8	SPECT Brain W Tc-99m DTPA IV
http://loinc.org	39641-6	SPECT Brain W Tc-99m glucoheptonate IV
http://loinc.org	39642-4	NM Brain Views W Tc-99m glucoheptonate IV
http://loinc.org	39643-2	NM Brain veins Views
http://loinc.org	39644-0	SPECT Breast
http://loinc.org	39645-7	NM Breast Limited Views
http://loinc.org	39646-5	NM Breast Views
http://loinc.org	39647-3	SPECT Heart W Tc-99m Tetrofosmin IV
http://loinc.org	39648-1	SPECT Heart W dipyridamole IV
http://loinc.org	39649-9	SPECT Heart
http://loinc.org	39650-7	NM Heart Views
http://loinc.org	39651-5	NM Heart Views W adenosine and W Tl-201 IV
http://loinc.org	39652-3	NM Heart Views W dobutamine and W Tl-201 IV
http://loinc.org	39653-1	NM Heart Views for infarct
http://loinc.org	39654-9	SPECT Heart for infarct W Tc-99m PYP IV
http://loinc.org	39655-6	SPECT Heart for infarct W Tc-99m Sestamibi IV
http://loinc.org	39656-4	SPECT Heart for infarct
http://loinc.org	39657-2	NM Heart Views for infarct W Tc-99m PYP IV
http://loinc.org	39658-0	SPECT Heart at rest and W radionuclide IV
http://loinc.org	39660-6	NM Heart Views at rest and W dipyridamole and W radionuclide IV
http://loinc.org	39661-4	NM Heart Views at rest and W dobutamine and W radionuclide IV
http://loinc.org	39662-2	SPECT Heart at rest and W stress and W Tc-99m Sestamibi IV
http://loinc.org	39663-0	NM Heart Views at rest and W stress and W radionuclide IV
http://loinc.org	39664-8	NM Heart Views for shunt detection W Tc-99m MAA IV
http://loinc.org	39665-5	NM Heart Views for shunt detection
http://loinc.org	39666-3	NM Heart Views W stress and W 201 Th IV
http://loinc.org	39667-1	NM Heart Views W stress and W radionuclide IV
http://loinc.org	39668-9	SPECT Heart W stress and W radionuclide IV
http://loinc.org	39669-7	NM Whole body Views W Tc-99m Arcitumomab IV
http://loinc.org	39670-5	NM Lacrimal duct Views W radionuclide intra lacrimal duct
http://loinc.org	39671-3	NM Rectum Views W radionuclide PO
http://loinc.org	39672-1	NM Esophagus Views for motility W radionuclide PO
http://loinc.org	39673-9	NM Esophagus Views for reflux W radionuclide PO
http://loinc.org	39674-7	NM Gallbladder Views W Tc-99m DISIDA IV
http://loinc.org	39675-4	SPECT Whole body for infection W Ga-67 IV
http://loinc.org	39677-0	NM Unspecified body region Views for infection W Ga-67 IV
http://loinc.org	39678-8	SPECT Whole body for tumor W Ga-67 IV
http://loinc.org	39679-6	NM Unspecified body region Views for tumor W Ga-67 IV
http://loinc.org	39680-4	SPECT Whole body W Ga-67 IV
http://loinc.org	39681-2	SPECT Unspecified body region limited W Ga-67 IV
http://loinc.org	39682-0	SPECT Unspecified body region W Ga-67 IV
http://loinc.org	39683-8	NM Whole body Views W Ga-67 IV
http://loinc.org	39684-6	SPECT Unspecified body region for abscess W Ga-67 IV
http://loinc.org	39685-3	NM Unspecified body region Views for abscess W Ga-67 IV
http://loinc.org	39686-1	NM Whole body Views for lymphoma W Ga-67 IV
http://loinc.org	39687-9	NM Unspecified body region Limited Views W Ga-67 IV
http://loinc.org	39688-7	NM Unspecified body region Views W Ga-67 IV
http://loinc.org	39689-5	NM Gastrointestinal tract Views W Tc-99m SC IV
http://loinc.org	39690-3	NM Liver Views W Tc-99m tagged RBC IV
http://loinc.org	39691-1	SPECT Liver W Tc-99m tagged RBC IV
http://loinc.org	39692-9	SPECT Liver
http://loinc.org	39693-7	NM Liver Views
http://loinc.org	39694-5	NM Views for transplanted liver
http://loinc.org	39695-2	NM Lung Limited Views
http://loinc.org	39696-0	NM Lung Views W depreotide IV
http://loinc.org	39697-8	NM Lung Perfusion
http://loinc.org	39698-6	NM Whole body Views W I-131 MIBG IV
http://loinc.org	39699-4	NM Heart Perfusion at rest and W Tc-99m Sestamibi IV
http://loinc.org	39700-0	SPECT Heart perfusion W adenosine and W radionuclide IV
http://loinc.org	39701-8	NM Heart Perfusion W adenosine and W radionuclide IV
http://loinc.org	39702-6	NM Heart Perfusion W dobutamine and W Tc-99m Sestamibi IV
http://loinc.org	39703-4	NM Heart Perfusion W dobutamine IV
http://loinc.org	39704-2	NM Heart Perfusion W Tc-99m Sestamibi IV
http://loinc.org	39705-9	NM Heart Perfusion W dipyridamole and W Tc-99m Sestamibi IV
http://loinc.org	39707-5	NM Heart Perfusion W dipyridamole and W Tl-201 IV
http://loinc.org	39708-3	NM Heart Perfusion W dipyridamole IV
http://loinc.org	39709-1	NM Heart Perfusion W dipyridamole and W Tc-99m IV
http://loinc.org	39710-9	SPECT Heart perfusion W Tc-99m Sestamibi IV
http://loinc.org	39711-7	SPECT Heart perfusion W Tl-201 IV
http://loinc.org	39712-5	SPECT Heart perfusion
http://loinc.org	39713-3	NM Heart Perfusion W Tl-201 IV and W Tc-99m Tetrofosmin IV
http://loinc.org	39714-1	NM Heart Perfusion W Tl-201 IV
http://loinc.org	39715-8	NM Heart Perfusion W stress and W Tl-201 IV
http://loinc.org	39716-6	NM Heart Perfusion
http://loinc.org	39718-2	SPECT Heart perfusion at rest and W radionuclide IV
http://loinc.org	39719-0	NM Heart Perfusion at rest and W adenosine and W radionuclide IV
http://loinc.org	39720-8	NM Heart Perfusion at rest and W dipyridamole and W Tc-99m Sestamibi IV
http://loinc.org	39722-4	NM Heart Perfusion at rest and W dipyridamole and W radionuclide IV
http://loinc.org	39723-2	SPECT Heart perfusion at rest and W stress and W Tl-201 IV
http://loinc.org	39724-0	SPECT Heart perfusion at rest and W stress and W radionuclide IV
http://loinc.org	39725-7	SPECT Heart perfusion at rest and W adenosine and W Tl-201 IV
http://loinc.org	39726-5	NM Heart Perfusion at rest and W stress and W radionuclide IV
http://loinc.org	39727-3	NM Heart Perfusion at rest and W stress and W Tc-99m Sestamibi IV
http://loinc.org	39728-1	NM Heart Perfusion at rest and W radionuclide IV
http://loinc.org	39729-9	SPECT Heart perfusion at rest and W Tl-201 IV
http://loinc.org	39730-7	NM Heart Perfusion W stress and W radionuclide IV
http://loinc.org	39731-5	NM Heart Perfusion W adenosine and W Tc-99m Sestamibi IV
http://loinc.org	39732-3	NM Heart Perfusion W stress and W Tc-99m Sestamibi IV
http://loinc.org	39733-1	NM Heart Perfusion W dobutamine and W Tl-201 IV
http://loinc.org	39734-9	SPECT Heart perfusion W stress and W radionuclide IV
http://loinc.org	39735-6	NM Heart Perfusion W adenosine and W Tl-201 IV
http://loinc.org	39736-4	SPECT Heart perfusion W stress and W Tc-99m Sestamibi IV
http://loinc.org	39737-2	NM Neck Views
http://loinc.org	39738-0	NM Abdomen Views W In-111 Satumomab IV
http://loinc.org	39739-8	NM Pancreas Views
http://loinc.org	39740-6	SPECT Parathyroid gland
http://loinc.org	39741-4	NM Parathyroid gland Delayed Views
http://loinc.org	39742-2	NM Parathyroid gland Views
http://loinc.org	39743-0	SPECT Prostate W Tc-99m capromab pendatide IV
http://loinc.org	39744-8	NM Prostate Views W Tc-99m capromab pendatide IV
http://loinc.org	39745-5	NM Kidney Views W Tc-99m DTPA IV
http://loinc.org	39746-3	NM Kidney Views W Tc-99m Mertiatide IV
http://loinc.org	39747-1	NM Salivary gland Views
http://loinc.org	39748-9	SPECT Whole body for tumor W Tc-99m Sestamibi IV
http://loinc.org	39749-7	NM Whole body Views for tumor W Tc-99m Sestamibi IV
http://loinc.org	39750-5	NM Unspecified body region Views for tumor W Tc-99m Sestamibi IV
http://loinc.org	39751-3	NM Spleen Views
http://loinc.org	39752-1	NM Spleen Views W radionuclide tagged heat damaged RBC IV
http://loinc.org	39753-9	NM Scrotum and testicle Views W Tc-99m DTPA IV
http://loinc.org	39754-7	NM Thyroid gland Limited Views W I-131 IV
http://loinc.org	39755-4	SPECT Thyroid gland W I-131 IV
http://loinc.org	39756-2	NM Thyroid gland Views W Tc-99m Sestamibi IV
http://loinc.org	39757-0	NM Thyroid gland Views W Tc-99m IV
http://loinc.org	39758-8	NM Guidance for localization of tumor of Breast
http://loinc.org	39759-6	SPECT Guidance limited for localization of tumor
http://loinc.org	39760-4	NM Guidance limited for localization of tumor
http://loinc.org	39761-2	NM Guidance limited for localization of tumor-- W Tc-99m Sestamibi IV
http://loinc.org	39762-0	SPECT Guidance for localization of tumor of Whole body
http://loinc.org	39763-8	NM Guidance for localization of tumor of Whole body
http://loinc.org	39764-6	NM Vein Views W Tc-99m SC IV
http://loinc.org	39765-3	NM Vein Views W Tc-99m DTPA IV
http://loinc.org	39766-1	NM Vein Views W Tc-99m HDP IV
http://loinc.org	39767-9	NM Stomach Views for gastric emptying liquid phase W radionuclide PO
http://loinc.org	39768-7	NM Stomach Views for gastric emptying W Tc-99m SC PO
http://loinc.org	39769-5	NM Stomach Views for gastric emptying W radionuclide PO
http://loinc.org	39770-3	SPECT Gastrointestinal tract
http://loinc.org	39811-5	SPECT Unspecified body region for abscess
http://loinc.org	39812-3	NM Bone Views W Tc-99m HMPAO IV
http://loinc.org	39813-1	SPECT Bone limited
http://loinc.org	39816-4	SPECT Whole body Bone
http://loinc.org	39818-0	NM Whole body Bone Views
http://loinc.org	39819-8	NM Bone Delayed Views
http://loinc.org	39820-6	NM Bone Views W Sm-153 IV
http://loinc.org	39821-4	SPECT Bone marrow limited
http://loinc.org	39822-2	NM Bone marrow Limited Views
http://loinc.org	39823-0	SPECT Bone marrow
http://loinc.org	39824-8	NM Bone marrow Views
http://loinc.org	39825-5	SPECT Whole body Bone marrow
http://loinc.org	39826-3	NM Whole body Bone marrow Views
http://loinc.org	39827-1	NM Whole body Views for endocrine tumor W I-131 MIBG IV
http://loinc.org	39828-9	NM Whole body Views for endocrine tumor W In-111 pentetreotide IV
http://loinc.org	39829-7	NM Whole body Views for tumor W Ga-67 IV
http://loinc.org	39830-5	NM Whole body Views for infection W Ga-67 IV
http://loinc.org	39831-3	NM Unspecified body region Limited Views for tumor W Ga-67 IV
http://loinc.org	39834-7	NM Lung Ventilation W Tc-99m DTPA aerosol IH
http://loinc.org	39837-0	NM Lung Ventilation
http://loinc.org	39838-8	SPECT Lung ventilation and perfusion
http://loinc.org	39839-6	SPECT Whole body W I-131 MIBG IV
http://loinc.org	39840-4	NM Whole body Delayed Views W I-131 MIBG IV
http://loinc.org	39841-2	NM Unspecified body region Views W I-131 MIBG IV
http://loinc.org	39842-0	NM Whole body Delayed Views W In-111 Satumomab IV
http://loinc.org	39843-8	NM Unspecified body region Limited Views W In-111 Satumomab IV
http://loinc.org	39844-6	SPECT Whole body W In-111 Satumomab IV
http://loinc.org	39845-3	NM Whole body Views W In-111 Satumomab IV
http://loinc.org	39846-1	NM Unspecified body region Views W In-111 Satumomab IV
http://loinc.org	39847-9	NM Parotid gland Views for blood flow
http://loinc.org	39848-7	NM Head to Pelvis Views for shunt patency W In-111 IT
http://loinc.org	39849-5	NM Head to Pelvis Views for shunt patency W radionuclide IT
http://loinc.org	39850-3	NM Kidney - bilateral Views W I-131 IV
http://loinc.org	39851-1	SPECT Kidney - bilateral W Tc-99m Mertiatide IV
http://loinc.org	39852-9	SPECT Kidney - bilateral
http://loinc.org	39856-0	NM Thyroid gland Views for blood flow
http://loinc.org	39857-8	NM Adrenal gland Views W I-131 MIBG IV
http://loinc.org	39858-6	NM Bone Views for blood flow
http://loinc.org	39859-4	NM Brain Delayed Views
http://loinc.org	39860-2	NM Heart Blood pool W stress and W radionuclide IV
http://loinc.org	39861-0	NM Heart Blood pool
http://loinc.org	39862-8	SPECT Heart blood pool at rest and W radionuclide IV
http://loinc.org	39863-6	NM Heart First pass at rest and W stress and W radionuclide IV
http://loinc.org	39864-4	NM Heart First pass
http://loinc.org	39865-1	NM Left ventricle First pass
http://loinc.org	39866-9	NM Heart First pass at rest and W Tc-99m Sestamibi IV
http://loinc.org	39867-7	NM Heart First pass at rest and W radionuclide IV
http://loinc.org	39868-5	NM Heart First pass W stress and W Tc-99m Sestamibi IV
http://loinc.org	39869-3	NM Heart First pass W stress and W radionuclide IV
http://loinc.org	39870-1	NM Heart Views for blood flow W Tc-99m pertechnetate IV
http://loinc.org	39871-9	NM Heart Views for blood flow
http://loinc.org	39872-7	SPECT Heart wall motion
http://loinc.org	39873-5	NM Heart Wall motion
http://loinc.org	39874-3	NM Cerebral cisterns Delayed Views W radionuclide IT
http://loinc.org	39875-0	NM Whole body Delayed Views W Ga-67 IV
http://loinc.org	39876-8	SPECT Liver and Spleen
http://loinc.org	39877-6	NM Liver and Spleen Views
http://loinc.org	39879-2	SPECT Bone
http://loinc.org	39880-0	NM Bone 2 Phase Views
http://loinc.org	39881-8	SPECT Whole body Bone 3 phase
http://loinc.org	39882-6	NM Whole body Bone 3 Phase Views
http://loinc.org	39883-4	NM Bone 3 Phase Views
http://loinc.org	39884-2	NM Bone Blood pool
http://loinc.org	39885-9	NM Heart First pass and Ventricular volume
http://loinc.org	39886-7	NM Heart First pass and Wall motion at rest and W radionuclide IV
http://loinc.org	39887-5	NM Heart First pass and Ejection fraction at rest and W radionuclide IV
http://loinc.org	39888-3	NM Heart First pass and Wall motion W stress and W radionuclide IV
http://loinc.org	39889-1	NM Heart First pass and Ejection fraction
http://loinc.org	39890-9	NM Heart First pass and Wall motion
http://loinc.org	39891-7	NM Heart Views for infarct and first pass W Tc-99m PYP IV
http://loinc.org	39892-5	NM Heart Views for infarct and first pass
http://loinc.org	39893-3	NM Heart Views for blood flow and shunt detection
http://loinc.org	39895-8	NM Gallbladder Views for ejection fraction W Tc-99m DISIDA IV
http://loinc.org	39897-4	NM Lung and Liver Views
http://loinc.org	39898-2	SPECT Lung ventilation
http://loinc.org	39899-0	NM Salivary gland Views for blood flow
http://loinc.org	39901-4	NM Bone 3 Phase Views multiple areas
http://loinc.org	39902-2	NM Bone 3 Phase Views single area
http://loinc.org	39904-8	NM Bone Multiple area Views
http://loinc.org	39905-5	SPECT Bone multiple areas
http://loinc.org	39906-3	SPECT Bone marrow multiple areas
http://loinc.org	39907-1	NM Bone marrow Multiple area Views
http://loinc.org	39908-9	NM Heart First pass and Wall motion and Ventricular volume W stress and W radionuclide IV
http://loinc.org	39909-7	NM Heart First pass and Wall motion and Ventricular volume and Ejection fraction W stress and W radionuclide IV
http://loinc.org	39910-5	NM Heart First pass and Wall motion and Ejection fraction
http://loinc.org	39912-1	NM Heart First pass and Wall motion and Ventricular volume and Ejection fraction
http://loinc.org	39913-9	SPECT Heart gated and ejection fraction
http://loinc.org	39914-7	NM Heart Gated W Tc-99m Sestamibi IV
http://loinc.org	39915-4	NM Heart Gated
http://loinc.org	39916-2	SPECT Heart gated
http://loinc.org	39917-0	NM Heart Gated and Ejection fraction
http://loinc.org	39918-8	SPECT Heart gated and wall motion
http://loinc.org	39919-6	NM Heart Gated and First pass
http://loinc.org	39920-4	NM Heart Gated at rest and W Tc-99m Sestamibi IV
http://loinc.org	39921-2	NM Heart Gated at rest and W radionuclide IV
http://loinc.org	39922-0	NM Heart Gated at rest and W Tc-99m pertechnetate IV
http://loinc.org	39923-8	NM Heart Gated and Ejection fraction at rest and W radionuclide IV
http://loinc.org	39924-6	NM Heart Gated at rest and W stress and W radionuclide IV
http://loinc.org	39925-3	NM Heart Gated and Wall motion and Ejection fraction at rest and W radionuclide IV
http://loinc.org	39927-9	NM Heart Gated W stress and W Tc-99m pertechnetate IV
http://loinc.org	39928-7	NM Heart Gated W stress and W radionuclide IV
http://loinc.org	39929-5	NM Heart Gated and Wall motion W stress and W radionuclide IV
http://loinc.org	39930-3	SPECT Heart gated W stress and W radionuclide IV
http://loinc.org	39931-1	NM Heart Gated and Wall motion and Ejection fraction
http://loinc.org	39932-9	NM Heart Wall motion and Ejection fraction
http://loinc.org	39933-7	NM Unspecified body region Views for infection multiple areas W Ga-67 IV
http://loinc.org	39934-5	NM Unspecified body region Views for tumor multiple areas W Ga-67 IV
http://loinc.org	39935-2	NM Unspecified body region Multiple area Views W Ga-67 IV
http://loinc.org	39936-0	NM Joint Limited Views
http://loinc.org	39937-8	NM Joint Multiple area Views W radionuclide XXX
http://loinc.org	39938-6	SPECT Joint
http://loinc.org	39939-4	NM Joint Views
http://loinc.org	39940-2	NM Lung Clearance W Tc-99m DTPA aerosol IH
http://loinc.org	39942-8	NM Lung Ventilation and Perfusion
http://loinc.org	39944-4	NM Lung Ventilation and Equilibrium and Washout
http://loinc.org	39946-9	NM Lung Ventilation and Perfusion and Differential
http://loinc.org	39947-7	NM Lung Ventilation and Equilibrium
http://loinc.org	39949-3	NM Unspecified body region Multiple area Views W In-111 Satumomab IV
http://loinc.org	39950-1	NM Prostate Multiple area Views W Tc-99m capromab pendatide IV
http://loinc.org	39951-9	NM Unspecified body region Views for tumor multiple areas W Tc-99m Sestamibi IV
http://loinc.org	39952-7	NM Scrotum and testicle Views for blood flow and function
http://loinc.org	39953-5	NM Guidance for localization of tumor multiple areas of Unspecified body region
http://loinc.org	39954-3	NM Vein Views for thrombosis
http://loinc.org	41770-9	NM Gallbladder Views W cholecystokinin and W radionuclide IV
http://loinc.org	41771-7	NM Kidney Views W Tc-99m DMSA IV
http://loinc.org	41772-5	SPECT Bone W In-111 tagged WBC IV
http://loinc.org	41773-3	Portable XR Facial bones Views
http://loinc.org	41774-1	Portable XR Neck Lateral
http://loinc.org	41775-8	Portable XR Pelvis Single view
http://loinc.org	41776-6	Portable XR Pelvis and Hip - right AP and Lateral frog
http://loinc.org	41777-4	Portable XR Hip - right AP and Lateral
http://loinc.org	41778-2	Portable XR Femur - right Views
http://loinc.org	41779-0	Portable XR Knee - right Views
http://loinc.org	41782-4	Portable XR Ankle - right Views
http://loinc.org	41783-2	Portable XR Shoulder - right Views
http://loinc.org	41784-0	Portable XR Humerus - right Views
http://loinc.org	41785-7	XR Elbow - right Limited Views
http://loinc.org	41786-5	Portable XR Elbow - right Views
http://loinc.org	41787-3	Portable XR Wrist - right Views
http://loinc.org	41788-1	Portable XR Hand - right Views
http://loinc.org	41789-9	XR Hand - right Limited Views
http://loinc.org	41790-7	XR Chest Single view during surgery
http://loinc.org	41791-5	Portable XR Ribs - right Views
http://loinc.org	41792-3	XR Chest Right oblique and Left oblique
http://loinc.org	41793-1	XR Abdomen Single view during surgery
http://loinc.org	41797-2	RF Colon Limited Views W air and barium contrast PR
http://loinc.org	41799-8	RF Guidance for placement of tube in Liver
http://loinc.org	41800-4	RF Guidance for drainage and placement of drainage catheter of Pharynx
http://loinc.org	41801-2	RFA Guidance for placement of catheter in Portal vein-- W contrast IV
http://loinc.org	41802-0	RF Guidance for biopsy of Prostate
http://loinc.org	41803-8	RF Guidance for biopsy of Breast
http://loinc.org	41806-1	CT Abdomen
http://loinc.org	41807-9	CT Orbit
http://loinc.org	41808-7	CT Maxillofacial region
http://loinc.org	41811-1	XR Ribs - bilateral Views and Chest PA
http://loinc.org	41817-8	Portable XR Hip - left AP and Lateral
http://loinc.org	41818-6	Portable XR Femur - left Views
http://loinc.org	41819-4	XR Knee - left 2 Views and Tunnel
http://loinc.org	41820-2	Portable XR Knee - left Views
http://loinc.org	41823-6	Portable XR Ankle - left Views
http://loinc.org	41824-4	Portable XR Shoulder - left Views
http://loinc.org	41825-1	Portable XR Humerus - left Views
http://loinc.org	41826-9	XR Elbow - left Limited Views
http://loinc.org	41827-7	Portable XR Elbow - left Views
http://loinc.org	41828-5	Portable XR Wrist - left Views
http://loinc.org	41829-3	Portable XR Hand - left Views
http://loinc.org	41830-1	XR Hand - left Limited Views
http://loinc.org	41831-9	Portable XR Ribs - left Views
http://loinc.org	41832-7	XR Ribs - left Views and Chest PA
http://loinc.org	41836-8	NM Bone Limited Views W In-111 tagged WBC IV
http://loinc.org	41837-6	SPECT Whole body W Tc-99m Arcitumomab IV
http://loinc.org	41838-4	SPECT Prostate W In-111 Satumomab IV
http://loinc.org	42007-5	XR Mastoid - bilateral Limited Views
http://loinc.org	42008-3	XR Humerus Single view during surgery
http://loinc.org	42009-1	XR Chest 2 Views and Apical lordotic
http://loinc.org	42010-9	XR Ribs - right Views and Chest PA
http://loinc.org	42011-7	XR Chest PA and Abdomen AP
http://loinc.org	42012-5	RF Gastrointestinal tract upper Views W water soluble contrast PO
http://loinc.org	42014-1	RF Urinary bladder and Urethra Views W contrast
http://loinc.org	42017-4	RF Guidance for percutaneous replacement of cholecystostomy of Abdomen
http://loinc.org	42019-0	XR Abdomen upright and left lateral decubitus
http://loinc.org	42020-8	CT Guidance for needle localization of Lumbar spine
http://loinc.org	42021-6	CT Guidance for needle localization of Cervical spine
http://loinc.org	42136-2	CT Guidance for biopsy of Heart
http://loinc.org	42153-7	XR Extremity Single view
http://loinc.org	42156-0	RFA Vessels Views W contrast IA
http://loinc.org	42157-8	RFA Extremity vessels Views W contrast IV
http://loinc.org	42158-6	NM Adrenal gland Views
http://loinc.org	42159-4	XR Sella turcica Views
http://loinc.org	42160-2	XR Unspecified body region Views for shunt patency
http://loinc.org	42161-0	NM Heart Views W dobutamine IV
http://loinc.org	42163-6	XR Lumbar spine Views and Oblique
http://loinc.org	42164-4	XR Cervical spine Views and Oblique
http://loinc.org	42165-1	XR Ribs Views and Chest PA
http://loinc.org	42166-9	NM Heart 2 Views at rest and W Tl-201 IV
http://loinc.org	42167-7	XR Pelvis and Hip - bilateral AP and Lateral frog
http://loinc.org	42170-1	NM Whole body Views for lymphoma
http://loinc.org	42171-9	NM Whole body Views for tumor
http://loinc.org	42175-0	NM Whole body Views
http://loinc.org	42260-0	CT Guidance for biopsy of Unspecified body region-- W contrast IV
http://loinc.org	42261-8	NM Kidney Views for blood flow
http://loinc.org	42262-6	NM Liver Views for blood flow
http://loinc.org	42263-4	NM Spleen Views for blood flow
http://loinc.org	42265-9	CT Guidance for superficial biopsy of Bone
http://loinc.org	42268-3	CT Extremity WO and W contrast IV
http://loinc.org	42269-1	XR Chest and Abdomen Views
http://loinc.org	42270-9	MR Cervical spine W flexion and W extension
http://loinc.org	42271-7	NM Thyroid gland Views and Views uptake W I-123 IV
http://loinc.org	42272-5	XR Chest PA and Lateral
http://loinc.org	42273-3	XR Ankle - bilateral 6 Views
http://loinc.org	42274-1	CT Abdomen and Pelvis WO and W contrast IV
http://loinc.org	42275-8	CT Chest and Abdomen W contrast IV
http://loinc.org	42276-6	CT Chest and Abdomen WO contrast
http://loinc.org	42277-4	CT Chest and Abdomen WO and W contrast IV
http://loinc.org	42278-2	CT Extremity WO contrast
http://loinc.org	42279-0	CT Guidance for biopsy of Kidney
http://loinc.org	42280-8	CT Guidance for drainage of abscess and placement of drainage catheter of Appendix
http://loinc.org	42281-6	CT Guidance for drainage of abscess and placement of drainage catheter of Chest
http://loinc.org	42282-4	CT Guidance for drainage of abscess and placement of drainage catheter of Liver
http://loinc.org	42283-2	CT Guidance for drainage and placement of drainage catheter of Pancreas
http://loinc.org	42284-0	CT Guidance for drainage of abscess and placement of chest tube of Pleural space
http://loinc.org	42285-7	CT Guidance for drainage of abscess and placement of drainage catheter of Kidney
http://loinc.org	42286-5	CT Guidance for drainage of abscess and placement of drainage catheter of Pelvis
http://loinc.org	42287-3	CT Guidance for drainage and placement of drainage catheter of Retroperitoneum
http://loinc.org	42291-5	CT Retroperitoneum WO contrast
http://loinc.org	42292-3	SPECT Whole body for tumor W Tl-201 IV
http://loinc.org	42293-1	CTA Head vessels WO contrast
http://loinc.org	42294-9	CTA Pelvis vessels W contrast IV
http://loinc.org	42295-6	CTA Upper extremity vessels W contrast IV
http://loinc.org	42296-4	MG Guidance for localization of Breast - left
http://loinc.org	42297-2	MG Guidance for localization of Breast - right
http://loinc.org	42298-0	MR Unspecified body region WO and W contrast IV
http://loinc.org	42299-8	MR Clavicle WO and W contrast IV
http://loinc.org	42300-4	MR Thyroid gland
http://loinc.org	42301-2	MR Uterus
http://loinc.org	42302-0	MR Clavicle WO contrast
http://loinc.org	42303-8	MR Orbit and Face
http://loinc.org	42304-6	MRA Head vessels and Neck vessels
http://loinc.org	42305-3	NM Whole body Views for tumor W Tl-201 IV
http://loinc.org	42306-1	NM Heart Gated and Wall motion
http://loinc.org	42308-7	NM Scrotum and testicle Views for blood flow
http://loinc.org	42309-5	NM Heart Views at rest and W stress and W Tl-201 IV
http://loinc.org	42310-3	SPECT Kidney
http://loinc.org	42311-1	XR Orbit - left Views for foreign body
http://loinc.org	42312-9	XR Orbit - right Views for foreign body
http://loinc.org	42313-7	XR Ribs - left Single view
http://loinc.org	42314-5	XR Ribs - right Single view
http://loinc.org	42334-3	RFA Guidance for injection of Internal thoracic artery - left
http://loinc.org	42335-0	RF Cervical spine Limited Views W contrast IT
http://loinc.org	42377-2	CT perfusion Head W Xe-133 IH+WO and W contrast IV
http://loinc.org	42378-0	XR Lumbar spine AP W left bending
http://loinc.org	42379-8	XR Lumbar spine AP W right bending
http://loinc.org	42380-6	XR Ankle - left AP and Lateral W standing
http://loinc.org	42381-4	XR Ribs lower posterior - left Views
http://loinc.org	42382-2	XR Ankle - left Lateral and Mortise and Broden W manual stress
http://loinc.org	42385-5	MR Brain and Pituitary and Sella turcica
http://loinc.org	42386-3	MR Brain cine for CSF flow
http://loinc.org	42387-1	MR Unspecified body region cine for CSF flow
http://loinc.org	42388-9	MR Prostate Endorectal
http://loinc.org	42389-7	MR Pelvis Endorectal
http://loinc.org	42390-5	MR Endovaginal
http://loinc.org	42391-3	MR Brain and Pituitary and Sella turcica W contrast IV
http://loinc.org	42392-1	MR Brain and Pituitary and Sella turcica WO and W contrast IV
http://loinc.org	42393-9	MR Brain and Pituitary and Sella turcica WO contrast
http://loinc.org	42394-7	CT Pulmonary system W Xe-133 IH
http://loinc.org	42395-4	XR Foot sesamoid bones - bilateral Axial
http://loinc.org	42396-2	XR Foot sesamoid bones - left Axial
http://loinc.org	42397-0	XR.stereoscopic Chest Frontal Views
http://loinc.org	42398-8	XR Foot Oblique and (AP and Lateral W standing)
http://loinc.org	42399-6	XR Foot sesamoid bones Views
http://loinc.org	42400-2	XR Foot sesamoid bones - bilateral Views
http://loinc.org	42401-0	XR Lumbar spine Lumbar (AP W R-bending and W L-bending and WO bending) and Lateral
http://loinc.org	42402-8	XR Unspecified body region Post mortem Views
http://loinc.org	42403-6	XR Lumbar spine Views AP W right bending and W left bending
http://loinc.org	42404-4	XR Hip - left AP and Lateral Views for measurement
http://loinc.org	42405-1	XR Knee (AP W standing) and (Lateral W extension)
http://loinc.org	42406-9	XR Lumbar spine Views AP W and WO left bending
http://loinc.org	42407-7	XR Lumbar spine Views AP W and WO right bending
http://loinc.org	42408-5	XR Lumbar spine Views AP W right bending and W left bending and WO bending
http://loinc.org	42409-3	XR Foot sesamoid bones AP and Lateral
http://loinc.org	42410-1	XR Lumbar spine AP and Lateral and Oblique and Spot W standing
http://loinc.org	42411-9	XR Lumbar spine (AP^W R-bending and W L-bending) and (Lateral^W flexion and W extension)
http://loinc.org	42412-7	XR Shoulder - left 90 degree abduction Views
http://loinc.org	42413-5	XR Lumbar spine Views W right bending and W left bending
http://loinc.org	42414-3	XR Chest Right oblique and Left oblique W nipple markers
http://loinc.org	42415-0	MG Breast - bilateral Views Post Wire Placement
http://loinc.org	42416-8	MG Breast - left Views Post Wire Placement
http://loinc.org	42417-6	XR Ankle - bilateral AP and Lateral and Oblique and (View W manual stress)
http://loinc.org	42418-4	XR Ankle - left AP and Lateral and Oblique and (View W manual stress)
http://loinc.org	42419-2	XR Wrist - bilateral Single view
http://loinc.org	42420-0	XR Pelvis AP W standing
http://loinc.org	42421-8	RF Guidance for percutaneous drainage of abscess and placement of drainage catheter of Unspecified body region
http://loinc.org	42422-6	RF Guidance for percutaneous drainage of abscess and placement of drainage catheter of Breast
http://loinc.org	42423-4	RF Guidance for percutaneous drainage of abscess and placement of drainage catheter of Chest
http://loinc.org	42424-2	XR Thoracic and lumbar spine AP and lateral for scoliosis W sitting
http://loinc.org	42425-9	XR Thoracic and lumbar spine AP Views for scoliosis W standing and W right bending and W left bending and WO bending
http://loinc.org	42426-7	XR Thoracic and lumbar spine AP for scoliosis W sitting
http://loinc.org	42427-5	XR Thoracic and lumbar spine Lateral for scoliosis W sitting
http://loinc.org	42428-3	XR Thoracic and lumbar spine AP for scoliosis W standing in brace
http://loinc.org	42429-1	XR Thoracic and lumbar spine AP for scoliosis W standing and W right bending
http://loinc.org	42430-9	XR Knee - right 2 views and (Views W standing)
http://loinc.org	42431-7	XR Knee - right PA 30 degree flexion W standing
http://loinc.org	42432-5	XR Knee - right Sunrise and (Views W standing)
http://loinc.org	42433-3	MG stereo Guidance for percutaneous biopsy.core needle of Breast - right
http://loinc.org	42434-1	XR Foot sesamoid bones - right Views
http://loinc.org	42435-8	XR Sella turcica 2 Views
http://loinc.org	42436-6	XR Sella turcica Lateral and Towne
http://loinc.org	42437-4	XR tomography Sella turcica
http://loinc.org	42438-2	XR Neck AP and Lateral
http://loinc.org	42439-0	XR Neck AP
http://loinc.org	42441-6	XR Neck Magnification
http://loinc.org	42443-2	XR Thoracic spine 3 Views W standing
http://loinc.org	42444-0	XR Thoracic spine Views AP W right bending and W left bending and WO bending
http://loinc.org	42445-7	XR Thoracic spine Views AP W left bending and WO bending
http://loinc.org	42446-5	XR Thoracic spine Views AP W right bending and WO bending
http://loinc.org	42459-8	RF Gastrointestinal tract upper Views W contrast PO
http://loinc.org	42460-6	RF Submandibular gland - left Views W contrast intra salivary duct
http://loinc.org	42469-7	RF Gastrointestinal tract upper and Small bowel and Gallbladder Single view W contrast PO
http://loinc.org	42470-5	RF Gastrointestinal tract upper and Gallbladder Single view W contrast PO
http://loinc.org	42471-3	XR.stereoscopic Pelvis Single view
http://loinc.org	42472-1	XR Thoracic and lumbar spine AP Views for scoliosis in traction
http://loinc.org	42473-9	XR.stereoscopic Sinuses Waters
http://loinc.org	42474-7	XR.stereoscopic Skull Single view
http://loinc.org	42680-9	MG Breast XCCL
http://loinc.org	42681-7	RF Colon Views W gastrografin PR
http://loinc.org	42684-1	RF Gastrointestinal tract upper Views W gastrografin PO
http://loinc.org	42685-8	XR Pelvis and Hip - left 2 Views
http://loinc.org	42686-6	XR Pelvis and Hip - right 2 Views
http://loinc.org	42687-4	XR Ribs - bilateral 2 Views
http://loinc.org	42691-6	XR Cervical spine 6 Views
http://loinc.org	42692-4	XR Thoracic and lumbar spine Views
http://loinc.org	42693-2	MR Urinary bladder and Urethra cine
http://loinc.org	42694-0	MR Clavicle W contrast IV
http://loinc.org	42695-7	MR Lower leg - bilateral W contrast IV
http://loinc.org	42696-5	MR Lower leg - bilateral
http://loinc.org	42697-3	MR Lower leg - bilateral WO and W contrast IV
http://loinc.org	42698-1	MR Cervical and thoracic and lumbar spine
http://loinc.org	42699-9	XR Chest and Abdomen Single view
http://loinc.org	42700-5	NM Bone Views W Tc-99m tagged WBC IV
http://loinc.org	42701-3	CT Guidance for localization of placenta of Uterus
http://loinc.org	42702-1	RF Greater than 1 hour
http://loinc.org	42703-9	RF Less than 1 hour
http://loinc.org	42708-8	NM Whole body Views W In-111 tiuxetan IV
http://loinc.org	42709-6	NM Liver Blood pool
http://loinc.org	42710-4	XR Cervical spine Limited Views
http://loinc.org	42711-2	NM Whole body Views W In-111 tagged WBC IV
http://loinc.org	42776-5	NM Unspecified body region Views for AV shunt
http://loinc.org	42811-0	XR Wrist - right scaphoid single view
http://loinc.org	42812-8	XR Wrist scaphoid single view
http://loinc.org	42813-6	XR Wrist - bilateral scaphoid single view
http://loinc.org	42814-4	XR Wrist - left scaphoid single view
http://loinc.org	43444-9	CT Guidance for percutaneous drainage of abscess and placement of drainage catheter of Unspecified body region
http://loinc.org	43445-6	CT Pulmonary system
http://loinc.org	43448-0	MR Liver WO and W ferumoxides IV
http://loinc.org	43449-8	MR Ankle - right dynamic W contrast IV
http://loinc.org	43450-6	MR Elbow - left dynamic W contrast IV
http://loinc.org	43451-4	MR Elbow - right dynamic W contrast IV
http://loinc.org	43452-2	MR Knee - left dynamic W contrast IV
http://loinc.org	43453-0	MR Knee - right dynamic W contrast IV
http://loinc.org	43454-8	MR Pulmonary system
http://loinc.org	43455-5	MR Oropharynx
http://loinc.org	43456-3	MR Cervical and thoracic spine WO and W contrast IV
http://loinc.org	43457-1	MR Cervical and thoracic spine
http://loinc.org	43458-9	MRA Orbit vessels WO and W contrast IV
http://loinc.org	43459-7	NM Brain Views during electroconvulsive shock treatment
http://loinc.org	43461-3	NM Kidney Views W furosemide IV
http://loinc.org	43463-9	XR Chest PA and Abdomen Supine and Upright
http://loinc.org	43466-2	XR Chest AP right lateral-decubitus
http://loinc.org	43467-0	XR Chest 2 Views and Right oblique and Left oblique
http://loinc.org	43468-8	XR Unspecified body region Views
http://loinc.org	43469-6	XR Unspecified body region Views for foreign body
http://loinc.org	43470-4	XR Skull LE 3 Views
http://loinc.org	43471-2	RF 2 hour
http://loinc.org	43472-0	RF 90 minutes
http://loinc.org	43473-8	RF Guidance for endoscopy of Biliary ducts and Pancreatic duct-- 2H post contrast retrograde intrabiliary
http://loinc.org	43474-6	RF Guidance for endoscopy of Biliary ducts and Pancreatic duct-- 15m post contrast retrograde intrabiliary
http://loinc.org	43475-3	RF Guidance for endoscopy of Biliary ducts and Pancreatic duct-- 30M post contrast retrograde intrabiliary
http://loinc.org	43476-1	RF Guidance for endoscopy of Biliary ducts and Pancreatic duct-- 45M post contrast retrograde intrabiliary
http://loinc.org	43477-9	RF Guidance for endoscopy of Biliary ducts and Pancreatic duct-- 1H post contrast retrograde intrabiliary
http://loinc.org	43478-7	RF Guidance for endoscopy of Biliary ducts and Pancreatic duct-- 1.5 hours post contrast retrograde intrabiliary
http://loinc.org	43479-5	RFA Abdominal Aorta Runoff W contrast IA
http://loinc.org	43480-3	XR Joint Lateral Views W manual stress
http://loinc.org	43481-1	XR Joint Views W flexion and W extension
http://loinc.org	43482-9	XR Knee - right GE 3 Views
http://loinc.org	43483-7	XR Foot - right 3 or 4 Views
http://loinc.org	43485-2	XR Kidney Views during surgery W contrast retrograde
http://loinc.org	43486-0	XR Sinuses GE 3 Views
http://loinc.org	43488-6	XR Thumb - left GE 3 Views
http://loinc.org	43489-4	XR Finger second - left GE 3 Views
http://loinc.org	43490-2	XR Finger third - left GE 3 Views
http://loinc.org	43491-0	XR Finger fourth - left GE 3 Views
http://loinc.org	43492-8	XR Finger fifth - left GE 3 Views
http://loinc.org	43493-6	XR Thumb - right GE 3 Views
http://loinc.org	43494-4	XR Finger second - right GE 3 Views
http://loinc.org	43495-1	XR Finger third - right GE 3 Views
http://loinc.org	43496-9	XR Finger fourth - right GE 3 Views
http://loinc.org	43497-7	XR Finger fifth - right GE 3 Views
http://loinc.org	43498-5	XR Knee - left GE 3 Views
http://loinc.org	43499-3	XR Foot - left 3 or 4 Views
http://loinc.org	43500-8	NM Vessel Views for blood flow
http://loinc.org	43501-6	NM Vessel Views
http://loinc.org	43502-4	CT Guidance for drainage of abscess and placement of drainage catheter of Subphrenic space
http://loinc.org	43504-0	MR Axilla - left W contrast IV
http://loinc.org	43505-7	MR Axilla - right W contrast IV
http://loinc.org	43506-5	MR Ovary - bilateral
http://loinc.org	43507-3	MR Thymus gland
http://loinc.org	43508-1	MR Axilla - left
http://loinc.org	43509-9	MR Axilla - left WO and W contrast IV
http://loinc.org	43510-7	MR Axilla - right
http://loinc.org	43511-5	MR Axilla - right WO and W contrast IV
http://loinc.org	43512-3	MRA Lower leg vessels - bilateral W contrast IV
http://loinc.org	43513-1	MRA Lower leg vessels - left
http://loinc.org	43514-9	MRA Thigh vessels - left WO contrast
http://loinc.org	43515-6	MRA Thigh vessels - right WO contrast
http://loinc.org	43516-4	MRA Wrist vessels - left WO contrast
http://loinc.org	43517-2	MRA Wrist vessels - right WO contrast
http://loinc.org	43518-0	XR Bones Survey Views
http://loinc.org	43519-8	XR Bones Limited Survey Views
http://loinc.org	43521-4	XR Mandible 1 or 2 Views
http://loinc.org	43522-2	XR Pelvis 1 or 2 Views
http://loinc.org	43523-0	XR Sinuses 1 or 2 Views
http://loinc.org	43524-8	XR Skull GE 5 Views
http://loinc.org	43525-5	CT Unspecified body region WO contrast
http://loinc.org	43526-3	SPECT Unspecified body region
http://loinc.org	43528-9	MR Breast - unilateral WO and W contrast IV
http://loinc.org	43529-7	XR Orbit and Facial bones Views
http://loinc.org	43530-5	MR Orbit and Face and Neck
http://loinc.org	43532-1	XR Chest PA and Abdomen Upright
http://loinc.org	43536-2	RF videography Lumbar spine Views
http://loinc.org	43537-0	RF Guidance for drainage and placement of drainage catheter of Unspecified body region
http://loinc.org	43538-8	RF videography Cervical spine Views
http://loinc.org	43539-6	XR Cervical spine 2 or 3 Views
http://loinc.org	43543-8	XR Pelvis GE 3 Views
http://loinc.org	43550-3	NM Brain Views for blood flow and function
http://loinc.org	43554-5	RFA Vessels - left Views W contrast IV
http://loinc.org	43555-2	MR Ankle - left dynamic W contrast IV
http://loinc.org	43556-0	MRA Lower leg vessels - right
http://loinc.org	43557-8	NM Liver and Biliary ducts and Gallbladder Views
http://loinc.org	43558-6	RF Guidance for change of dialysis catheter in Unspecified body region-- W contrast IV
http://loinc.org	43559-4	RF Urinary bladder and Urethra Views W contrast intra bladder during voiding
http://loinc.org	43561-0	XR Chest AP and Abdomen Upright
http://loinc.org	43562-8	NM Skeletal system.axial Views for bone density
http://loinc.org	43563-6	NM Skeletal system.peripheral Views for bone density
http://loinc.org	43567-7	CT Guidance for deep biopsy of Bone
http://loinc.org	43569-3	XR Thoracic and lumbar spine AP Views for scoliosis upright and supine
http://loinc.org	43570-1	Portable XR Hand Views
http://loinc.org	43574-3	RF Upper gastrointestinal tract and Small bowel Views W barium contrast PO
http://loinc.org	43641-0	XR Foot sesamoid bones - left Views
http://loinc.org	43642-8	NM Brain Views for blood flow W Tc-99m DTPA IV
http://loinc.org	43643-6	NM Brain Views for blood flow W Tc-99m glucoheptonate IV
http://loinc.org	43644-4	NM Brain Limited Views for blood flow
http://loinc.org	43645-1	NM Heart Qualitative Views for infarct
http://loinc.org	43646-9	NM Heart Qualitative and Quantitative Views for infarct
http://loinc.org	43647-7	NM Heart Quantitative Views for infarct
http://loinc.org	43648-5	NM Unspecified body region Views for endocrine tumor multiple areas W I-131 MIBG IV
http://loinc.org	43649-3	NM Unspecified body region Views for endocrine tumor multiple areas W In-111 pentetreotide IV
http://loinc.org	43650-1	NM Liver and Biliary ducts and Gallbladder Views W cholecystokinin and W radionuclide IV
http://loinc.org	43651-9	NM Liver and Biliary ducts and Gallbladder Views W sincalide and W radionuclide IV
http://loinc.org	43652-7	SPECT Liver and Spleen for blood flow
http://loinc.org	43653-5	NM Liver and Spleen Views for blood flow
http://loinc.org	43654-3	NM Liver Views for blood flow W Tc-99m tagged RBC IV
http://loinc.org	43655-0	SPECT Liver for blood flow
http://loinc.org	43656-8	NM Lung Perfusion quantitative
http://loinc.org	43657-6	NM Lung Quantitative Views
http://loinc.org	43658-4	NM Heart Perfusion quantitative
http://loinc.org	43659-2	SPECT Heart perfusion qualitative at rest and W radionuclide IV
http://loinc.org	43660-0	NM Heart Perfusion qualitative at rest and W radionuclide IV
http://loinc.org	43661-8	NM Heart Perfusion quantitative at rest and W radionuclide IV
http://loinc.org	43662-6	SPECT Renal vessels for blood flow W Tc-99m glucoheptonate IV
http://loinc.org	43663-4	NM Renal vessels Views for blood flow W Tc-99m glucoheptonate IV
http://loinc.org	43664-2	NM Renal vessels Views for blood flow W Tc-99m DTPA IV
http://loinc.org	43665-9	NM Renal vessels Views for blood flow W Tc-99m Mertiatide IV
http://loinc.org	43666-7	NM Kidney+Renal vessels Views for blood flow W Tc-99m glucoheptonate IV
http://loinc.org	43667-5	NM Kidney+Renal vessels Views W Tc-99m DTPA IV
http://loinc.org	43669-1	NM Renal vessels Views
http://loinc.org	43670-9	SPECT Spleen for blood flow
http://loinc.org	43671-7	NM Thyroid gland Spot
http://loinc.org	43672-5	NM Thyroid gland Views and Views uptake
http://loinc.org	43673-3	SPECT Thyroid gland for blood flow
http://loinc.org	43757-4	CT Guidance for fine needle aspiration of Kidney
http://loinc.org	43761-6	RFA Guidance for thrombectomy of Vein - bilateral-- W contrast IV
http://loinc.org	43762-4	RFA Guidance for thrombectomy of Vein - left-- W contrast IV
http://loinc.org	43763-2	RFA Guidance for thrombectomy of Vein-- W contrast IV
http://loinc.org	43764-0	RFA Guidance for thrombectomy of Vein - right-- W contrast IV
http://loinc.org	43766-5	CT Kidney - bilateral W contrast IV
http://loinc.org	43767-3	CT Kidney - bilateral
http://loinc.org	43768-1	CT Kidney WO and W contrast IV
http://loinc.org	43769-9	MR Brain and Internal auditory canal WO and W contrast IV
http://loinc.org	43770-7	CT Kidney WO contrast
http://loinc.org	43772-3	MR Brain and Internal auditory canal
http://loinc.org	43773-1	MR Kidney WO contrast
http://loinc.org	43775-6	MR Kidney WO and W contrast IV
http://loinc.org	43777-2	NM Heart Perfusion at rest and W adenosine and W Tl-201 IV
http://loinc.org	43778-0	Portable XR Chest AP supine
http://loinc.org	43779-8	XR Knee - left Sunrise
http://loinc.org	43780-6	XR Knee Sunrise
http://loinc.org	43781-4	XR Spine cervicothoracic junction Views
http://loinc.org	43782-2	RFA Iliac artery Views W contrast IA
http://loinc.org	43783-0	RFA Renal vein Views for renin sampling W contrast IV
http://loinc.org	43784-8	XR Cervical and thoracic and lumbar spine 2 Views
http://loinc.org	43785-5	XR Spine cervicothoracic junction AP and Lateral
http://loinc.org	43787-1	XR Skull and Facial bones and Mandible Views for dental measurement
http://loinc.org	43788-9	RF Tube Views for patency W contrast via tube
http://loinc.org	43789-7	NM Liver and Biliary ducts and Gallbladder Views for patency W Tc-99m IV
http://loinc.org	43790-5	XR Shoulder - right Grashey and Y
http://loinc.org	43791-3	XR Lumbar spine Oblique Views
http://loinc.org	43792-1	RFA Guidance for angioplasty of Tibioperoneal arteries - right-- W contrast IA
http://loinc.org	43793-9	RFA Guidance for angioplasty of Tibioperoneal arteries-- W contrast IA
http://loinc.org	43794-7	RFA Guidance for angioplasty of Tibioperoneal arteries - bilateral-- W contrast IA
http://loinc.org	43795-4	RFA Guidance for angioplasty of Tibioperoneal arteries - left-- W contrast IA
http://loinc.org	43796-2	XR Wrist - bilateral Carpal tunnel Views
http://loinc.org	44101-4	CT Guidance for ablation of tissue of Liver
http://loinc.org	44103-0	CT Guidance for fine needle aspiration of Lymph node
http://loinc.org	44104-8	CT Guidance for fine needle aspiration of Mediastinum
http://loinc.org	44105-5	CT Guidance for fine needle aspiration of Muscle
http://loinc.org	44106-3	CT Guidance for FNA of Prostate
http://loinc.org	44107-1	CT Guidance for fine needle aspiration of Retroperitoneum
http://loinc.org	44108-9	CT Guidance for fine needle aspiration of Adrenal gland
http://loinc.org	44109-7	CT Guidance for deep biopsy of Muscle
http://loinc.org	44110-5	CT Guidance for needle localization of Breast
http://loinc.org	44111-3	CT Skull base WO and W contrast IV
http://loinc.org	44112-1	CT Skull base WO contrast
http://loinc.org	44113-9	CT Thoracic spine WO and W contrast IT
http://loinc.org	44114-7	CT Lumbar spine WO and W contrast IT
http://loinc.org	44115-4	CT Abdomen and Pelvis
http://loinc.org	44116-2	CT Mandible limited
http://loinc.org	44117-0	CT Guidance for biopsy of Retroperitoneum
http://loinc.org	44118-8	CT Guidance for needle localization of Breast-- WO and W contrast IV
http://loinc.org	44119-6	CT Breast - bilateral WO contrast
http://loinc.org	44122-0	MR Guidance for stereotactic localization of Brain-- WO and W contrast IV
http://loinc.org	44123-8	MR Biliary ducts and Pancreatic duct WO contrast
http://loinc.org	44124-6	MR Adrenal gland W contrast IV
http://loinc.org	44125-3	MR Biliary ducts and Pancreatic duct W contrast IV
http://loinc.org	44126-1	MR Heart cine for blood flow velocity mapping W contrast IV
http://loinc.org	44127-9	MR Heart limited cine for function
http://loinc.org	44128-7	MRA Lower extremity vessels WO and W contrast IV
http://loinc.org	44129-5	MRA Lower extremity vessels WO contrast
http://loinc.org	44130-3	MRA Aortic arch WO contrast
http://loinc.org	44131-1	MRA Thoracic and abdominal aorta WO and W contrast IV
http://loinc.org	44132-9	MRA Thoracic and abdominal aorta WO contrast
http://loinc.org	44133-7	MRA Renal vessels WO contrast
http://loinc.org	44134-5	MRA Renal vessels WO and W contrast IV
http://loinc.org	44135-2	MRA Lower extremity vessels - bilateral W contrast IV
http://loinc.org	44136-0	PT Unspecified body region
http://loinc.org	44137-8	PT Heart
http://loinc.org	44138-6	PT Brain
http://loinc.org	44139-4	PT Whole body
http://loinc.org	44140-2	NM Abdomen and Pelvis Views for tumor
http://loinc.org	44141-0	NM Liver and Spleen Views W Tc-99m MAA IV
http://loinc.org	44142-8	NM Bone Views W Tc-99m medronate IV
http://loinc.org	44143-6	NM Heart Views W Tc-99m tagged RBC IV
http://loinc.org	44144-4	NM Liver Views W Xe-133 IH
http://loinc.org	44145-1	NM Parathyroid gland Views W Tc-99m Sestamibi IV
http://loinc.org	44146-9	NM Bone marrow Views W Tc-99m SC IV
http://loinc.org	44147-7	NM Thyroid gland Views and Views uptake W Tc-99m pertechnetate IV
http://loinc.org	44148-5	NM Brain Views for blood flow W Tc-99m bicisate IV
http://loinc.org	44149-3	NM Abdomen and Pelvis Views for shunt patency W Tc-99m MAA inj
http://loinc.org	44150-1	NM Brain Views W Tc-99m bicisate IV
http://loinc.org	44151-9	SPECT Heart W Tc-99m Sestamibi IV
http://loinc.org	44152-7	SPECT Brain W Tc-99m bicisate IV
http://loinc.org	44153-5	SPECT Kidney W Tc-99m glucoheptonate IV
http://loinc.org	44154-3	SPECT Heart W dipyridamole and W Tc-99m Sestamibi IV
http://loinc.org	44176-6	Portable XR Hip Single view
http://loinc.org	44177-4	XR Lower extremity - bilateral AP W standing
http://loinc.org	44178-2	XR Lumbar spine oblique and (views W right bending and W left bending)
http://loinc.org	44179-0	XR Sacrum and Coccyx 2 Views
http://loinc.org	44181-6	XR Sacroiliac Joint 2 or 3 Views
http://loinc.org	44182-4	Portable XR Hand 2 Views
http://loinc.org	44183-2	Portable XR Radius and Ulna 2 Views
http://loinc.org	44184-0	Portable XR Elbow 2 Views
http://loinc.org	44185-7	Portable XR Femur AP and Lateral
http://loinc.org	44186-5	Portable XR Foot AP and Lateral
http://loinc.org	44187-3	Portable XR Cervical spine AP and Oblique and Odontoid and (Lateral W flexion and W extension)
http://loinc.org	44188-1	XR Foot GE 3 Views
http://loinc.org	44189-9	XR Sacroiliac Joint GE 3 Views
http://loinc.org	44190-7	XR Wrist GE 3 Views
http://loinc.org	44191-5	XR Ribs GE 3 Views and Chest PA
http://loinc.org	44192-3	Portable XR Pelvis GE 3 Views
http://loinc.org	44193-1	Portable XR Hand GE 3 Views
http://loinc.org	44195-6	XR Knee GE 5 Views
http://loinc.org	44196-4	XR Lumbar spine GE 5 Views W right bending and W left bending
http://loinc.org	44197-2	XR Knee - bilateral GE 5 Views W standing
http://loinc.org	44198-0	XR Knee 1 or 2 Views
http://loinc.org	44199-8	XR Facial bones 1 or 2 Views
http://loinc.org	44201-2	Portable XR Pelvis 1 or 2 Views
http://loinc.org	44202-0	Portable XR Knee 1 or 2 Views
http://loinc.org	44203-8	Portable XR Cervical and thoracic and lumbar spine Views
http://loinc.org	44205-3	XR Lower extremity - bilateral Single view W standing
http://loinc.org	44206-1	XR Thoracic and lumbar spine for scoliosis single view
http://loinc.org	44208-7	XR Orbit Views for foreign body
http://loinc.org	44209-5	XR Sinuses Limited Views
http://loinc.org	44210-3	XR Ankle GE 3 Views
http://loinc.org	44211-1	XR Chest GE 4 Views
http://loinc.org	44212-9	XR Cervical spine GE 4 Views
http://loinc.org	44213-7	RF Guidance for endoscopy of Pancreatic duct-- W contrast retrograde
http://loinc.org	44214-5	RF Guidance for endoscopy of Biliary ducts-- W contrast retrograde
http://loinc.org	44215-2	RF Guidance for fine needle aspiration of Unspecified body region
http://loinc.org	44216-0	RF Guidance for fine needle aspiration of Thyroid gland
http://loinc.org	44217-8	RF Guidance for fine needle aspiration of Kidney
http://loinc.org	44218-6	RF Guidance for fine needle aspiration of Pancreas
http://loinc.org	44219-4	RFA Guidance for fine needle aspiration of Lymph node
http://loinc.org	44220-2	RF Guidance for fine needle aspiration of Liver
http://loinc.org	44221-0	RF Guidance for deep aspiration.fine needle of Tissue
http://loinc.org	44223-6	RF Guidance for percutaneous drainage of abscess and placement of drainage catheter of Ovary
http://loinc.org	44224-4	RF Guidance for placement of tube in Unspecified body region
http://loinc.org	44225-1	RF Guidance for biopsy of Liver-- W contrast IV
http://loinc.org	44226-9	RF Colon Views for reduction W barium contrast PR
http://loinc.org	44227-7	RF Colon Views W barium contrast PR
http://loinc.org	44228-5	CT Guidance for ablation of tissue of Kidney
http://loinc.org	44229-3	CT Bone
http://loinc.org	44230-1	MRA Superior mesenteric vessels WO contrast
http://loinc.org	44231-9	MRA Superior mesenteric vessels WO and W contrast IV
http://loinc.org	44232-7	NM Kidney Views WO and W Tc-99m Mertiatide IV
http://loinc.org	44233-5	NM Kidney Views WO and W Tc-99m DTPA IV
http://loinc.org	44234-3	NM Kidney Views W Tc-99m glucoheptonate IV
http://loinc.org	44239-2	Portable XR Ribs - unilateral GE 3 Views and Chest PA
http://loinc.org	44240-0	RFA Peripheral arteries - bilateral Views W contrast IA
http://loinc.org	46278-8	DXA Hip - left [Mass/Area] Bone density
http://loinc.org	46279-6	DXA Hip - right [Mass/Area] Bone density
http://loinc.org	46283-8	MG Guidance for fine needle aspiration of Breast - right
http://loinc.org	46284-6	MG Guidance for fine needle aspiration of Breast - left
http://loinc.org	46289-5	CT Guidance for biopsy of Unspecified body region-- WO and W contrast IV
http://loinc.org	46290-3	CT Guidance for biopsy of Unspecified body region-- WO contrast
http://loinc.org	46291-1	CT Guidance for drainage and placement of drainage catheter of Unspecified body region-- WO and W contrast IV
http://loinc.org	46292-9	CT Guidance for drainage and placement of drainage catheter of Unspecified body region-- W contrast IV
http://loinc.org	46293-7	CT Guidance for drainage and placement of drainage catheter of Unspecified body region-- WO contrast
http://loinc.org	46294-5	RF Guidance for percutaneous replacement of drainage catheter of Stomach
http://loinc.org	46295-2	MG stereo Guidance for percutaneous biopsy.core needle of Breast - left
http://loinc.org	46296-0	MG stereo Guidance for percutaneous biopsy.core needle of Breast
http://loinc.org	46297-8	SPECT Whole body
http://loinc.org	46298-6	CT Mastoid - bilateral
http://loinc.org	46299-4	MR Breast - unilateral
http://loinc.org	46304-2	CT Sinuses limited WO contrast
http://loinc.org	46305-9	CT Whole body
http://loinc.org	46306-7	CT Whole body W contrast IV
http://loinc.org	46307-5	CTA Lower extremity vessels - right WO and W contrast IV
http://loinc.org	46308-3	CTA Lower extremity vessels - left WO and W contrast IV
http://loinc.org	46309-1	CTA Upper extremity vessels - right WO and W contrast IV
http://loinc.org	46310-9	MR Orbit and Face and Neck WO and W contrast IV
http://loinc.org	46311-7	CT Parotid gland WO and W contrast IV
http://loinc.org	46312-5	CTA Upper extremity vessels - left WO and W contrast IV
http://loinc.org	46313-3	CT Pelvis WO and W reduced contrast volume IV
http://loinc.org	46314-1	CT Internal auditory canal WO and W reduced contrast volume IV
http://loinc.org	46315-8	CT Maxillofacial region WO and W reduced contrast volume IV
http://loinc.org	46316-6	CT Head WO and W reduced contrast volume IV
http://loinc.org	46317-4	CT Chest WO and W reduced contrast volume IV
http://loinc.org	46318-2	CT Abdomen WO and W reduced contrast volume IV
http://loinc.org	46319-0	MR Elbow Arthrogram
http://loinc.org	46320-8	CT Orbit and Face W contrast IV
http://loinc.org	46321-6	MR Orbit and Face and Neck W contrast IV
http://loinc.org	46322-4	CT Kidney W contrast IV
http://loinc.org	46323-2	MR Breast - unilateral W contrast IV
http://loinc.org	46324-0	MRA Lower extremity vessels W contrast IV
http://loinc.org	46325-7	CT Internal auditory canal W reduced contrast volume IV
http://loinc.org	46326-5	CT Maxillofacial region W reduced contrast volume IV
http://loinc.org	46327-3	CT Chest W reduced contrast volume IV
http://loinc.org	46328-1	CT Head W reduced contrast volume IV
http://loinc.org	46329-9	CT Pelvis W reduced contrast volume IV
http://loinc.org	46330-7	CT Abdomen W reduced contrast volume IV
http://loinc.org	46331-5	CT Orbit WO contrast
http://loinc.org	46332-3	MR Orbit and Face and Neck WO contrast
http://loinc.org	46333-1	MR Breast - unilateral WO contrast
http://loinc.org	46335-6	MG Breast - bilateral Single view
http://loinc.org	46336-4	MG Breast - left Single view
http://loinc.org	46337-2	MG Breast - right Single view
http://loinc.org	46338-0	MG Breast - unilateral Single view
http://loinc.org	46339-8	MG Breast - unilateral Views
http://loinc.org	46340-6	XR Spine lumbosacral junction Views
http://loinc.org	46341-4	RF Abdomen Views
http://loinc.org	46343-0	XR Wrist - right GE 3 Views
http://loinc.org	46344-8	XR Elbow - left GE 3 Views
http://loinc.org	46345-5	XR Elbow - right GE 3 Views
http://loinc.org	46346-3	XR Wrist - left GE 3 Views
http://loinc.org	46347-1	XR Ankle - right GE 3 Views
http://loinc.org	46348-9	XR Chest GE 2 and PA and Lateral
http://loinc.org	46349-7	XR Shoulder - bilateral AP and Transthoracic
http://loinc.org	46350-5	MG Breast - unilateral Diagnostic
http://loinc.org	46351-3	MG Breast - bilateral Displacement Views for Implant
http://loinc.org	46352-1	MG Breast duct Views during surgery W contrast intra duct
http://loinc.org	46356-2	MG Breast - unilateral Screening
http://loinc.org	46357-0	RF Colon Views W air contrast PR
http://loinc.org	46358-8	MR Whole body
http://loinc.org	46359-6	MRA Superior mesenteric vessels
http://loinc.org	46360-4	MRA Aortic arch WO and W contrast IV
http://loinc.org	46361-2	NM Lung Ventilation W Xe-133 IH
http://loinc.org	46365-3	CT Guidance for ablation of tissue of Celiac plexus
http://loinc.org	46366-1	SPECT guidance for percutaneous biopsy of Bone
http://loinc.org	46371-1	XR Guidance for change of percutaneous tube in Unspecified body region-- W contrast
http://loinc.org	46372-9	RF Guidance for percutaneous drainage and placement of drainage catheter of Biliary ducts
http://loinc.org	46373-7	SPECT Guidance for placement of tube in Chest
http://loinc.org	46376-0	RF Kidney - bilateral Views W contrast antegrade
http://loinc.org	46377-8	XR Skull GE 3 Views
http://loinc.org	46378-6	XR Knee - bilateral PA Views W standing and W flexion
http://loinc.org	46380-2	MG Breast - unilateral Views for implant
http://loinc.org	46381-0	XR Elbow and Radius and Ulna Views
http://loinc.org	46383-6	DXA Bone [Mass/Area] Bone density
http://loinc.org	46384-4	SPECT Guidance for superficial biopsy of Bone
http://loinc.org	46386-9	XR Teeth Bitewing Views
http://loinc.org	46387-7	MG Guidance for fine needle aspiration of Breast
http://loinc.org	46389-3	XR Elbow - bilateral Views and Radial head capitellar
http://loinc.org	46390-1	XR Ankle - left GE 3 Views
http://loinc.org	46391-9	Portable XR Shoulder Views
http://loinc.org	46392-7	RF Guidance for injection of Sinuses
http://loinc.org	46393-5	CT Liver W Xe-133 IH
http://loinc.org	46395-0	SPECT Heart gated and ejection fraction at rest and W stress and W radionuclide IV
http://loinc.org	46396-8	SPECT Heart gated at rest and W Tc-99m Sestamibi IV
http://loinc.org	47366-0	CT Chest limited WO contrast
http://loinc.org	47367-8	XR and RF Chest GE 4 Views and Views
http://loinc.org	47368-6	XR Chest GE 4 and PA and Lateral
http://loinc.org	47370-2	XR Hand - left GE 3 Views
http://loinc.org	47371-0	XR Hand - right GE 3 Views
http://loinc.org	47372-8	XR Hip Views during surgery
http://loinc.org	47373-6	XR Knee - left 1 or 2 Views
http://loinc.org	47374-4	XR Knee - left GE 4 Views
http://loinc.org	47375-1	XR Knee - right 1 or 2 Views
http://loinc.org	47376-9	XR Knee - right GE 4 Views
http://loinc.org	47377-7	XR Knee - right LE 4 Views
http://loinc.org	47378-5	SPECT Liver blood pool
http://loinc.org	47379-3	XR Mandible GE 4 Views
http://loinc.org	47380-1	XR Mandible LE 3 Views
http://loinc.org	47381-9	XR Mastoid GE 3 Views
http://loinc.org	47382-7	XR Lumbar spine GE 4 Views
http://loinc.org	47983-2	XR Mastoid - bilateral 1 or 2 Views
http://loinc.org	47984-0	XR Pelvis and Spine Lumbar Views
http://loinc.org	47986-5	RFA Lower extremity arteries - left Views W contrast IA
http://loinc.org	47987-3	RFA Lower extremity arteries - right Views W contrast IA
http://loinc.org	48433-7	XR Calcaneus - bilateral 2 Views
http://loinc.org	48435-2	RF Guidance for injection of Salivary gland - bilateral
http://loinc.org	48436-0	MR Lumbar spine W contrast IT
http://loinc.org	48439-4	MR Thoracic spine W contrast IT
http://loinc.org	48440-2	MR Skull base W contrast IV
http://loinc.org	48441-0	MR Thoracic spine WO and W contrast IT
http://loinc.org	48443-6	CT Nasopharynx WO and W contrast IV
http://loinc.org	48444-4	MR Brain.temporal W contrast IV
http://loinc.org	48445-1	MR Larynx WO contrast
http://loinc.org	48446-9	CT Nasopharynx W contrast IV
http://loinc.org	48447-7	MR Cervical spine W contrast IT
http://loinc.org	48449-3	CT Orbit W contrast IV
http://loinc.org	48450-1	MR Cervical spine WO and W contrast IT
http://loinc.org	48451-9	CT Orbit WO and W contrast IV
http://loinc.org	48452-7	MR Lumbar spine WO and W contrast IT
http://loinc.org	48453-5	MR Brain.temporal WO contrast
http://loinc.org	48454-3	MR Clavicle - right WO and W contrast IV
http://loinc.org	48455-0	MR Clavicle - left WO and W contrast IV
http://loinc.org	48456-8	MR Clavicle - right W contrast IV
http://loinc.org	48457-6	MR Clavicle - left W contrast IV
http://loinc.org	48458-4	MR Clavicle - right WO contrast
http://loinc.org	48459-2	MR Clavicle - left WO contrast
http://loinc.org	48460-0	MR Unspecified body region limited
http://loinc.org	48461-8	MR Neck limited
http://loinc.org	48462-6	XR Knee - left AP
http://loinc.org	48463-4	XR Knee - right AP
http://loinc.org	48464-2	RF Trachea Views
http://loinc.org	48465-9	RF Larynx Views
http://loinc.org	48466-7	XR Skull Limited Views
http://loinc.org	48467-5	XR Sacroiliac Joint 1 or 2 Views
http://loinc.org	48468-3	XR Ribs - bilateral 2 Views and Chest PA
http://loinc.org	48469-1	XR Lumbar spine 2 or 3 Views
http://loinc.org	48470-9	XR Mastoid - left 3 Views
http://loinc.org	48471-7	XR Mastoid - right 3 Views
http://loinc.org	48472-5	XR Thoracic spine 3 Views and Swimmers
http://loinc.org	48473-3	XR Spine Lumbar and Sacrum 4 Views
http://loinc.org	48474-1	XR Hand - bilateral AP and Lateral
http://loinc.org	48475-8	MG Breast - bilateral Diagnostic for implant
http://loinc.org	48476-6	XR Foot - right GE 3 Views
http://loinc.org	48477-4	XR Foot - left GE 3 Views
http://loinc.org	48478-2	XR Foot - bilateral GE 3 Views
http://loinc.org	48479-0	XR Facial bones GE 3 Views
http://loinc.org	48480-8	XR Ankle - bilateral GE 3 Views
http://loinc.org	48481-6	XR Elbow - bilateral GE 3 Views
http://loinc.org	48482-4	XR Sternoclavicular joint - bilateral GE 3 Views
http://loinc.org	48483-2	XR Wrist - bilateral GE 3 Views
http://loinc.org	48484-0	XR Ribs - right GE 3 Views and Chest PA
http://loinc.org	48485-7	XR Ribs - bilateral GE 3 Views and Chest PA
http://loinc.org	48486-5	XR Ribs - left GE 3 Views and Chest PA
http://loinc.org	48487-3	XR Skull GE 4 Views
http://loinc.org	48488-1	XR Mastoid - right 1 or 2 Views
http://loinc.org	48489-9	XR Mastoid - left 1 or 2 Views
http://loinc.org	48490-7	XR Temporomandibular joint - right Open and Closed mouth
http://loinc.org	48491-5	XR Temporomandibular joint - left Open and Closed mouth
http://loinc.org	48492-3	MG Breast - bilateral Screening for implant
http://loinc.org	48584-7	NM Exhaled gas Gastric emptying time post 100 mg sodium octanoate PO
http://loinc.org	48585-4	NM Exhaled gas Gastric emptying time post 100 mg sodium acetate PO
http://loinc.org	48687-8	MR Skull base WO contrast
http://loinc.org	48694-4	MR Brain.temporal WO and W contrast IV
http://loinc.org	48695-1	XR Skull base Single view
http://loinc.org	48696-9	RF Submandibular gland - right Views W contrast intra salivary duct
http://loinc.org	48697-7	XR Skull base Views
http://loinc.org	48698-5	RF Submandibular gland - bilateral Views W contrast intra salivary duct
http://loinc.org	48699-3	XR Temporomandibular joint - unilateral Open and Closed mouth
http://loinc.org	48735-5	MG Guidance for localization of Breast
http://loinc.org	48736-3	MG Guidance for sentinel lymph node injection of Breast - left
http://loinc.org	48737-1	XR Wrist and Hand 3 Views
http://loinc.org	48738-9	XR Wrist - bilateral and Hand - bilateral 3 Views
http://loinc.org	48739-7	MG Guidance for sentinel lymph node injection of Breast - right
http://loinc.org	48740-5	MG Guidance for sentinel lymph node injection of Breast
http://loinc.org	48743-9	CT Retroperitoneum WO and W contrast IV
http://loinc.org	48746-2	XR Sacroiliac joint - bilateral GE 3 Views
http://loinc.org	48747-0	XR Orbit - bilateral GE 4 Views
http://loinc.org	48749-6	XR Thoracic spine Oblique Views
http://loinc.org	49118-3	NM Unspecified body region Views
http://loinc.org	49507-7	MR Unspecified body region W contrast IV
http://loinc.org	49509-3	MG Breast duct - right Single view W contrast intra duct
http://loinc.org	49510-1	MG Breast duct - left Single view W contrast intra duct
http://loinc.org	49511-9	RFA Femoral artery Runoff WO and W contrast IA
http://loinc.org	49512-7	RF Unspecified body region Views
http://loinc.org	49565-5	MRA Thoracic spine vessels
http://loinc.org	49566-3	SPECT Heart at rest and W Tc-99m Sestamibi IV
http://loinc.org	49567-1	SPECT Heart perfusion W adenosine and W Tc-99m Sestamibi IV
http://loinc.org	49568-9	SPECT Heart perfusion at rest and W stress and W Tl-201 IV and W Tc-99m Sestamibi IV
http://loinc.org	49569-7	SPECT Heart perfusion and wall motion at rest and W stress and W Tl-201 IV and W Tc-99m Sestamibi IV
http://loinc.org	49570-5	XR Ankle - bilateral GE 6 Views
http://loinc.org	49571-3	NM Unspecified body region Limited Views W I-131 MIBG IV
http://loinc.org	50755-8	CT Lower extremity - bilateral W contrast IV
http://loinc.org	51387-9	XR Knee - bilateral Views and (AP W standing)
http://loinc.org	51388-7	XR Wrist - right and Hand - right Views
http://loinc.org	51389-5	NM Breast Views W Tl-201 IV
http://loinc.org	51391-1	RFA Guidance for placement of TIPS of Portal vein and Hepatic vein
http://loinc.org	51392-9	XR Wrist - left and Hand - left Views
http://loinc.org	51394-5	XR Ankle and Foot - right Views
http://loinc.org	51395-2	XR Ankle and Foot - left Views
http://loinc.org	52790-3	CT Guidance for percutaneous replacement of drainage catheter of Abdomen
http://loinc.org	52791-1	CT Guidance for percutaneous replacement of drainage catheter of Pelvis
http://loinc.org	53626-8	CT Cerebral atrophic index
http://loinc.org	55113-5	Key images Document Radiology
http://loinc.org	57822-9	PT Lung
http://loinc.org	57823-7	PT Esophagus
http://loinc.org	58740-2	MRCP Abdomen WO contrast
http://loinc.org	58741-0	PT Skull base to mid-thigh
http://loinc.org	58742-8	PT Head and Neck
http://loinc.org	58744-4	CT Heart
http://loinc.org	58746-9	RFA AV fistula Views W contrast IV
http://loinc.org	58747-7	CT Guidance for ablation of tissue of Unspecified body region
http://loinc.org	58748-5	Functional MR Brain
http://loinc.org	58749-3	MR Heart W stress and WO and W contrast IV
http://loinc.org	58750-1	MR Heart W stress
http://loinc.org	60515-4	CT Colon and Rectum W air contrast PR
http://loinc.org	60527-9	NM Thyroid gland Views and Views uptake W I-123 PO
http://loinc.org	62446-0	RFA Renal artery - left Views W contrast IA
http://loinc.org	62447-8	RFA Renal artery - right Views W contrast IA
http://loinc.org	62448-6	RFA Head artery - left and Neck artery - left Views W contrast IA
http://loinc.org	62449-4	RFA Head artery - right and Neck artery - right Views W contrast IA
http://loinc.org	62450-2	RF Guidance for placement of catheter in Peritoneum
http://loinc.org	62491-6	RFA Guidance for placement of prosthesis in Iliac artery - left-- W contrast IA
http://loinc.org	62492-4	RFA Guidance for placement of prosthesis in Iliac artery - right-- W contrast IA
http://loinc.org	64051-6	NM Breast lymphatic vessels - left Views W radionuclide intra lymphatic
http://loinc.org	64052-4	NM Breast lymphatic vessels - right Views W radionuclide intra lymphatic
http://loinc.org	64140-7	RFA Renal vessels - left Views W contrast
http://loinc.org	64141-5	RFA Renal vessels - right Views W contrast
http://loinc.org	64995-4	RFA Internal thoracic artery - left Views W contrast IA
http://loinc.org	64996-2	XR Lung - left Views W contrast intrabronchial
http://loinc.org	64997-0	XR Lung - right Views W contrast intrabronchial
http://loinc.org	64998-8	RF Guidance for placement of catheter in Fallopian tube - left-- transcervical
http://loinc.org	64999-6	RF Guidance for placement of catheter in Fallopian tube - right-- transcervical
http://loinc.org	65000-2	RFA Internal thoracic artery - right Views W contrast IA
http://loinc.org	65797-3	RFA Guidance for placement of stent in Artery - left
http://loinc.org	65798-1	RFA Guidance for placement of stent in Artery - right
http://loinc.org	65799-9	RF Kidney - bilateral Single view for cyst
http://loinc.org	65800-5	RF Kidney - left Single view for cyst
http://loinc.org	65801-3	RF Kidney - right Single view for cyst
http://loinc.org	68604-8	Radiology Diagnostic study note
http://loinc.org	69054-5	RFA Aortic arch Views W contrast IA
http://loinc.org	69055-2	XR Acromioclavicular joint - bilateral Views WO weight
http://loinc.org	69056-0	XR Elbow - bilateral Views and Obliques
http://loinc.org	69057-8	XR Hand - bilateral AP and Lateral and oblique
http://loinc.org	69058-6	XR Hip - bilateral 2 Views
http://loinc.org	69059-4	XR Hip - bilateral Views and Lateral crosstable
http://loinc.org	69060-2	XR Knee - bilateral 2 Views and Sunrise
http://loinc.org	69061-0	XR Knee - bilateral 2 Views and Tunnel
http://loinc.org	69062-8	XR Knee - bilateral 4 Views W standing
http://loinc.org	69063-6	XR Knee - bilateral 4 Views and Sunrise and Tunnel
http://loinc.org	69064-4	XR Knee - bilateral Sunrise and (Views W standing)
http://loinc.org	69065-1	XR Abdomen AP and Lateral crosstable
http://loinc.org	69066-9	RFA Abdominal vessels Views W contrast IV
http://loinc.org	69067-7	RFA Guidance for angioplasty of Unspecified body region-- W contrast
http://loinc.org	69068-5	MG Guidance for needle localization of Breast - bilateral
http://loinc.org	69069-3	XR Patella - bilateral Sunrise
http://loinc.org	69070-1	XR Ribs - bilateral Anterior and Lateral
http://loinc.org	69071-9	XR Ribs - bilateral and Chest Views
http://loinc.org	69072-7	XR Wrist - bilateral Ulnar deviation and Radial deviation
http://loinc.org	69073-5	RF Guidance for core needle biopsy of Unspecified body region
http://loinc.org	69074-3	RF Guidance for biopsy of Pelvis
http://loinc.org	69075-0	RF Guidance for biopsy of Salivary gland
http://loinc.org	69076-8	RF guidance for percutaneous biopsy of Bone
http://loinc.org	69077-6	RFA Brachiocephalic artery Views W contrast IA
http://loinc.org	69078-4	RF Guidance for drainage and placement of drainage catheter of Chest
http://loinc.org	69079-2	XR Clavicle 45 degree cephalic angle
http://loinc.org	69080-0	XR Cervical spine 5 Views W flexion and W extension
http://loinc.org	69081-8	XR Cervical spine 5 Views and Swimmers
http://loinc.org	69083-4	CT Guidance for biopsy of Abdomen-- WO contrast
http://loinc.org	69084-2	CTA Chest vessels WO contrast
http://loinc.org	69087-5	CT Ankle - bilateral WO contrast
http://loinc.org	69088-3	CT Knee - bilateral W contrast IV
http://loinc.org	69089-1	CT Knee - bilateral WO contrast
http://loinc.org	69090-9	CT Shoulder - bilateral WO contrast
http://loinc.org	69091-7	CT Wrist - bilateral W contrast IV
http://loinc.org	69092-5	CT Guidance for biopsy of Liver-- WO contrast
http://loinc.org	69093-3	CT Guidance for biopsy of Pelvis-- W contrast IV
http://loinc.org	69094-1	CT Guidance for biopsy of Pelvis-- WO contrast
http://loinc.org	69095-8	CT Urinary bladder W contrast IV
http://loinc.org	69096-6	CT Chest limited W contrast IV
http://loinc.org	69102-2	CT Ankle - left Arthrogram
http://loinc.org	69103-0	CT Elbow - left Arthrogram
http://loinc.org	69104-8	CT Extremity - left WO contrast
http://loinc.org	69105-5	CT Hip - left Arthrogram
http://loinc.org	69106-3	CT Knee - left Arthrogram
http://loinc.org	69107-1	CT Wrist - left Arthrogram
http://loinc.org	69109-7	CT Ankle - right Arthrogram
http://loinc.org	69110-5	CT Elbow - right Arthrogram
http://loinc.org	69111-3	CT Extremity - right WO contrast
http://loinc.org	69112-1	CT Hip - right Arthrogram
http://loinc.org	69113-9	CT Kidney - right
http://loinc.org	69114-7	CT Knee - right Arthrogram
http://loinc.org	69115-4	CT Wrist - right Arthrogram
http://loinc.org	69116-2	CT Sacrum and Coccyx
http://loinc.org	69117-0	CT Scapula
http://loinc.org	69118-8	CT Scapula WO contrast
http://loinc.org	69119-6	CTA Thoracic Aorta WO contrast
http://loinc.org	69120-4	RF Guidance for drainage of abscess and placement of drainage catheter of Neck
http://loinc.org	69121-2	RF Guidance for aspiration of cyst of Ovary
http://loinc.org	69122-0	RF Guidance for drainage of abscess and placement of drainage catheter of Pancreas
http://loinc.org	69123-8	RF Guidance for drainage of abscess and placement of chest tube of Pleural space
http://loinc.org	69124-6	RF Guidance for superficial aspiration.fine needle of Tissue
http://loinc.org	69127-9	RF Guidance for biopsy of Chest Pleura
http://loinc.org	69129-5	RF Guidance for biopsy of Thyroid gland
http://loinc.org	69130-3	XR Hand AP and Lateral
http://loinc.org	69131-1	XR Hip Views and Danelius Miller
http://loinc.org	69132-9	XR Hip Danelius Miller
http://loinc.org	69133-7	RF Guidance for drainage and placement of drainage catheter of Hip
http://loinc.org	69134-5	RFA Guidance for placement of stent in Iliac artery
http://loinc.org	69135-2	RFA Guidance for atherectomy of Iliac artery-- W contrast
http://loinc.org	69136-0	XR Knee Sunrise and Tunnel
http://loinc.org	69137-8	XR Ankle - left AP and Lateral and oblique W standing
http://loinc.org	69138-6	XR Ankle - left 3 Views W standing
http://loinc.org	69139-4	XR Hip - left Views and Lateral crosstable
http://loinc.org	69140-2	XR Hip - left Views and Danelius Miller
http://loinc.org	69141-0	XR Hip - left Danelius Miller
http://loinc.org	69142-8	XR Knee - left 2 Views and Sunrise
http://loinc.org	69143-6	XR Knee - left 2 views and (Tunnel W standing)
http://loinc.org	69144-4	XR Knee - left 4 views and (AP W standing)
http://loinc.org	69145-1	XR Knee - left 4 views and Tunnel
http://loinc.org	69146-9	XR Knee - left AP and Lateral crosstable
http://loinc.org	69147-7	XR Knee - left AP and Lateral and Right oblique and Left oblique
http://loinc.org	69148-5	XR Knee - left Views and Tunnel
http://loinc.org	69149-3	XR Knee - left Sunrise and (Views W standing)
http://loinc.org	69150-1	MG Breast - left Diagnostic for implant
http://loinc.org	69151-9	XR Wrist - left 3 Scaphoid Views
http://loinc.org	69152-7	XR Patella - left Single view
http://loinc.org	69153-5	XR Shoulder - left AP and Grashey and Axillary
http://loinc.org	69154-3	XR Shoulder - left 3 Views and Axillary
http://loinc.org	69155-0	XR Shoulder - left 3 Views and Y
http://loinc.org	69156-8	XR Shoulder - left Grashey and Y
http://loinc.org	69157-6	XR Wrist - left Lateral Views W flexion and W extension
http://loinc.org	69158-4	XR Breast Diagnostic for implant
http://loinc.org	69159-2	XR Breast Screening for implant
http://loinc.org	69161-8	MRA Circle of Willis WO and W contrast IV
http://loinc.org	69162-6	MRA Pulmonary artery - bilateral W contrast IA
http://loinc.org	69163-4	MR Ankle - bilateral W contrast IV
http://loinc.org	69164-2	MR Ankle - bilateral WO contrast
http://loinc.org	69165-9	MR Breast - bilateral for implant
http://loinc.org	69166-7	MR Breast - bilateral for implant WO and W contrast IV
http://loinc.org	69167-5	MR Breast - bilateral for implant W contrast IV
http://loinc.org	69168-3	MR Breast - bilateral for implant WO contrast
http://loinc.org	69169-1	MR Guidance for biopsy of Breast - bilateral
http://loinc.org	69170-9	MR Elbow - bilateral W contrast IV
http://loinc.org	69171-7	MR Elbow - bilateral WO contrast
http://loinc.org	69172-5	MR Femur - bilateral W contrast IV
http://loinc.org	69173-3	MR Femur - bilateral WO contrast
http://loinc.org	69174-1	MR Forearm - bilateral WO and W contrast IV
http://loinc.org	69175-8	MR Forearm - bilateral W contrast IV
http://loinc.org	69176-6	MR Forearm - bilateral WO contrast
http://loinc.org	69177-4	MR Hand - bilateral WO and W contrast IV
http://loinc.org	69178-2	MR Hand - bilateral W contrast IV
http://loinc.org	69179-0	MR Hand - bilateral WO contrast
http://loinc.org	69180-8	MR Upper arm - bilateral
http://loinc.org	69181-6	MR Upper arm - bilateral WO and W contrast IV
http://loinc.org	69182-4	MR Upper arm - bilateral W contrast IV
http://loinc.org	69183-2	MR Upper arm - bilateral WO contrast
http://loinc.org	69184-0	MR Shoulder - bilateral W contrast IV
http://loinc.org	69185-7	MR Lower leg - bilateral WO contrast
http://loinc.org	69186-5	MR Upper extremity - bilateral WO and W contrast IV
http://loinc.org	69187-3	MR Upper extremity - bilateral W contrast IV
http://loinc.org	69188-1	MR Upper extremity - bilateral WO contrast
http://loinc.org	69189-9	MR Breast for implant WO and W contrast IV
http://loinc.org	69190-7	MR Breast for implant W contrast IV
http://loinc.org	69191-5	MR Breast for implant WO contrast
http://loinc.org	69192-3	MR Guidance for aspiration of cyst of Breast
http://loinc.org	69193-1	MR Extremity
http://loinc.org	69194-9	MR Finger WO and W contrast IV
http://loinc.org	69195-6	MR Finger W contrast IV
http://loinc.org	69196-4	MR Finger WO contrast
http://loinc.org	69197-2	MR Guidance for biopsy of Liver
http://loinc.org	69198-0	MR Guidance for biopsy of Muscle
http://loinc.org	69199-8	MR Guidance for biopsy of Pancreas
http://loinc.org	69200-4	MR Guidance for biopsy of Chest Pleura
http://loinc.org	69201-2	MR Guidance for biopsy of Salivary gland
http://loinc.org	69202-0	MR Guidance for biopsy of Thyroid gland
http://loinc.org	69203-8	MR Guidance for biopsy of Breast - left
http://loinc.org	69204-6	MR Finger - left WO and W contrast IV
http://loinc.org	69205-3	MR Finger - left W contrast IV
http://loinc.org	69206-1	MR Finger - left WO contrast
http://loinc.org	69207-9	MR Hip - left Arthrogram WO and W contrast
http://loinc.org	69208-7	MR Shoulder - left Arthrogram WO and W contrast
http://loinc.org	69209-5	MR Wrist - left and Hand - left
http://loinc.org	69210-3	MR Lower Extremity Joint Arthrogram
http://loinc.org	69211-1	MR Nasal bones
http://loinc.org	69212-9	MR Pelvis limited
http://loinc.org	69213-7	MR Guidance for biopsy of Breast - right
http://loinc.org	69214-5	MR Finger - right WO and W contrast IV
http://loinc.org	69215-2	MR Finger - right W contrast IV
http://loinc.org	69216-0	MR Finger - right WO contrast
http://loinc.org	69217-8	MR Hip - right Arthrogram WO and W contrast
http://loinc.org	69218-6	MR Shoulder - right Arthrogram WO and W contrast
http://loinc.org	69219-4	MR Wrist - right and Hand - right
http://loinc.org	69220-2	MR Skull base WO and W contrast IV
http://loinc.org	69221-0	MR Scrotum and testicle W contrast IV
http://loinc.org	69222-8	MR Vena cava
http://loinc.org	69223-6	MR Unspecified body region WO contrast
http://loinc.org	69226-9	RF Guidance for biopsy of Muscle
http://loinc.org	69229-3	SPECT Liver W Tc-99m SC IV
http://loinc.org	69230-1	NM Liver Views W Tc-99m SC IV
http://loinc.org	69231-9	NM Heart Views W stress and W Tc-99m IV
http://loinc.org	69232-7	NM Heart Views W stress and W Tc-99m Sestamibi IV
http://loinc.org	69233-5	NM Parotid gland Views W Tc-99m pertechnetate IV
http://loinc.org	69234-3	SPECT Spleen W Tc-99m tagged RBC IV
http://loinc.org	69235-0	SPECT Scrotum and testicle for blood flow
http://loinc.org	69236-8	NM Thyroid gland Views and Views uptake W I-131 PO
http://loinc.org	69237-6	SPECT Whole body for tumor
http://loinc.org	69238-4	SPECT Urinary bladder and Urethra W contrast intra bladder during voiding
http://loinc.org	69239-2	XR Patella Sunrise
http://loinc.org	69241-8	RF Guidance for percutaneous drainage of abscess and placement of drainage catheter of Abdomen
http://loinc.org	69242-6	RF Guidance for percutaneous drainage of abscess and placement of drainage catheter of Appendix
http://loinc.org	69243-4	RF Guidance for percutaneous drainage of abscess and placement of drainage catheter of Lung
http://loinc.org	69244-2	RF Guidance for percutaneous drainage of abscess and placement of drainage catheter of Pelvis
http://loinc.org	69248-3	RFA Guidance for percutaneous transluminal angioplasty of Renal artery-- W contrast IA
http://loinc.org	69249-1	RFA Popliteal artery Views W contrast IA
http://loinc.org	69250-9	RFA Portal vein Views W contrast IV
http://loinc.org	69251-7	MG Breast Views Post Wire Placement
http://loinc.org	69252-5	RFA Guidance for percutaneous transluminal angioplasty of Pulmonary arteries-- W contrast IA
http://loinc.org	69253-3	RFA Guidance for atherectomy of Renal vessels-- W contrast
http://loinc.org	69254-1	XR Ankle - right 3 Views W standing
http://loinc.org	69255-8	XR Knee - right Sunrise and (Tunnel W standing)
http://loinc.org	69256-6	XR Knee - right Sunrise
http://loinc.org	69257-4	XR Lower extremity - right 2 Views
http://loinc.org	69258-2	XR Lower extremity - right AP and Lateral
http://loinc.org	69259-0	MG Breast - right Diagnostic for implant
http://loinc.org	69260-8	XR Patella - right Single view
http://loinc.org	69261-6	XR Patella - right 3 Views
http://loinc.org	69262-4	XR Shoulder - right AP and Grashey and Axillary
http://loinc.org	69263-2	XR Wrist - right PA W clenched fist
http://loinc.org	69264-0	XR Sacrum Views W standing
http://loinc.org	69265-7	XR Shoulder 4 Views
http://loinc.org	69266-5	XR Shoulder AP and Y
http://loinc.org	69267-3	XR Shoulder Grashey and Axillary and Y
http://loinc.org	69268-1	MG Breast duct Single view W contrast intra duct
http://loinc.org	69269-9	XR Skull AP
http://loinc.org	69270-7	XR Skull PA
http://loinc.org	69271-5	XR Skull PA and Lateral and Waters and Towne
http://loinc.org	69272-3	RF Small bowel Views W contrast via ileostomy
http://loinc.org	69273-1	XR Spine thoracolumbar junction 2 Views
http://loinc.org	69274-9	XR Thoracic spine 2 Views W standing
http://loinc.org	69275-6	XR Thoracic spine Views W standing
http://loinc.org	69301-0	RFA Guidance for percutaneous transluminal angioplasty of Upper extremity vein-- W contrast IV
http://loinc.org	69302-8	XR Wrist Single view W clenched fist
http://loinc.org	69303-6	XR Wrist Ulnar deviation and Radial deviation
http://loinc.org	69304-4	XR Wrist Ulnar deviation Views
http://loinc.org	69305-1	XR Zygomatic arch 2 Views
http://loinc.org	69306-9	RF Guidance for aspiration of cyst of Bone
http://loinc.org	69307-7	XR Ankle - left Single view
http://loinc.org	69308-5	XR Elbow - left Single view
http://loinc.org	69309-3	XR Foot - left Single view
http://loinc.org	69310-1	XR Hand - left Single view
http://loinc.org	69311-9	XR Calcaneus - left Single view
http://loinc.org	69312-7	XR Humerus - left Single view
http://loinc.org	69313-5	XR Tibia and Fibula - left Single view
http://loinc.org	69314-3	XR Ankle - right Single view
http://loinc.org	69315-0	XR Elbow - right Single view
http://loinc.org	69316-8	XR Foot - right Single view
http://loinc.org	69317-6	XR Radius and Ulna - right Single view
http://loinc.org	69318-4	XR Hand - right Single view
http://loinc.org	69319-2	XR Calcaneus - right Single view
http://loinc.org	69320-0	XR Humerus - right Single view
http://loinc.org	69321-8	XR Tibia and Fibula - right Single view
http://loinc.org	69908-2	CTA Abdominal vessels and Pelvis vessels W contrast IV
http://loinc.org	70918-8	RF Guidance for injection of Cervical spine
http://loinc.org	70919-6	RF Guidance for injection of Lumbar spine
http://loinc.org	70920-4	RF Guidance for injection of Thoracic spine
http://loinc.org	70921-2	CT Guidance for nerve block of Cervical spine
http://loinc.org	70922-0	CT Guidance for nerve block of Thoracic spine
http://loinc.org	70923-8	RF Guidance for percutaneous vertebroplasty of Cervical spine
http://loinc.org	70924-6	RF Guidance for percutaneous vertebroplasty of Lumbar spine
http://loinc.org	70925-3	RF Guidance for percutaneous vertebroplasty of Thoracic spine
http://loinc.org	70931-1	CT Thoracic spine W contrast intradisc
http://loinc.org	70932-9	Portable XR Thoracic spine Single view
http://loinc.org	70933-7	RF Thoracic spine Views W contrast intradisc
http://loinc.org	72137-3	DBT Breast - right diagnostic
http://loinc.org	72138-1	DBT Breast - left diagnostic
http://loinc.org	72139-9	DBT Breast - bilateral diagnostic
http://loinc.org	72140-7	DBT Breast - right screening
http://loinc.org	72141-5	DBT Breast - left screening
http://loinc.org	72142-3	DBT Breast - bilateral screening
http://loinc.org	72238-9	MR Toes - right WO and W contrast IV
http://loinc.org	72239-7	MR Toes - right WO contrast
http://loinc.org	72240-5	MR Toes - right W contrast IV
http://loinc.org	72241-3	MR Toes - left WO and W contrast IV
http://loinc.org	72242-1	MR Toes - left WO contrast
http://loinc.org	72243-9	MR Toes - left W contrast IV
http://loinc.org	72244-7	MR Pelvis Endorectal WO and W contrast IV
http://loinc.org	72245-4	MR Pelvis Defecography W contrast PR
http://loinc.org	72246-2	MR Abdomen and Pelvis W contrast PO and WO and W contrast IV
http://loinc.org	72247-0	MR Abdomen and Pelvis W contrast PO and WO contrast IV
http://loinc.org	72248-8	MRCP Abdomen WO and W contrast IV
http://loinc.org	72249-6	CT Facial bones WO contrast
http://loinc.org	72250-4	CT Small bowel W contrast PO and W contrast IV
http://loinc.org	72251-2	CT Pulmonary arteries for pulmonary embolus
http://loinc.org	72252-0	CT Chest and Abdomen and Pelvis WO and W contrast IV
http://loinc.org	72253-8	CT Chest and Abdomen and Pelvis WO contrast
http://loinc.org	72254-6	CT Chest and Abdomen and Pelvis W contrast IV
http://loinc.org	72256-1	XR Abdomen Views for motility W radioopaque markers
http://loinc.org	72531-7	CT Colon and Rectum W contrast IV and W air contrast PR
http://loinc.org	72538-2	RFA Guidance for removal of peripherally-inserted central venous catheter from Vein
http://loinc.org	72539-0	RF Guidance for denervation of Peripheral nerve
http://loinc.org	72540-8	RF Guidance for denervation of Spine facet joint
http://loinc.org	72541-6	RF Guidance for denervation of Spine Cervical Facet Joint
http://loinc.org	72542-4	RF Guidance for denervation of Lumbar Spine Facet Joint
http://loinc.org	72543-2	RF Guidance for denervation of Thoracic spine intercostal nerve
http://loinc.org	72544-0	RF Guidance for percutaneous device removal of nephrostomy tube of Kidney - bilateral-- W contrast
http://loinc.org	72545-7	RF Guidance for percutaneous replacement of drainage catheter of Biliary ducts and Gallbladder
http://loinc.org	72546-5	RFA Guidance for removal of CV catheter lumen obstruction of Vein
http://loinc.org	72547-3	RFA Guidance for removal of CV catheter pericatheter obstruction of Vein
http://loinc.org	72548-1	RFA Guidance for removal of CV catheter from Vein-- W contrast IV
http://loinc.org	72549-9	RF Guidance for removal of tunneled CV catheter
http://loinc.org	72550-7	RFA Guidance for repair of CV catheter with port or pump of Vein
http://loinc.org	72551-5	RFA Guidance for repair of CV catheter without port or pump of Vein
http://loinc.org	72552-3	RF Guidance for kyphoplasty of Lumbar spine
http://loinc.org	72553-1	RF Guidance for kyphoplasty of Thoracic spine
http://loinc.org	72554-9	RF Guidance for trigger point injection of Muscle
http://loinc.org	72876-6	XR Surgical specimen Views
http://loinc.org	73575-3	Radiology Consult note
http://loinc.org	75490-3	Radiology Note
http://loinc.org	75669-2	RF Guidance for biopsy of Bone marrow
http://loinc.org	75670-0	RF Lumbar spine epidural space Views W contrast epidural
http://loinc.org	75671-8	CTA Circle of Willis WO and W contrast IV
http://loinc.org	75746-8	CT Guidance for drainage of abscess and placement of chest tube of Pleural space - bilateral
http://loinc.org	75747-6	RF Guidance for drainage of abscess and placement of chest tube of Pleural space - bilateral
http://loinc.org	75748-4	CT Guidance for fluid aspiration of Cervical spine Intervertebral disc
http://loinc.org	75749-2	RF Guidance for fluid aspiration of Intervertebral disc
http://loinc.org	75750-0	RF Guidance for biopsy of Intervertebral disc
http://loinc.org	75751-8	RF Guidance for drainage of abscess and placement of chest tube of Pleural space - left
http://loinc.org	75752-6	CT Guidance for drainage of abscess and placement of chest tube of Pleural space - left
http://loinc.org	75816-9	RF Spine.thoracic epidural space Views W contrast epidural
http://loinc.org	75817-7	RF Guidance for drainage of abscess and placement of chest tube of Pleural space - right
http://loinc.org	75818-5	CT Guidance for drainage of abscess and placement of chest tube of Pleural space - right
http://loinc.org	75853-2	RF Vagina Views W contrast VG
http://loinc.org	77311-9	CTA Abdominal aorta and Bilateral vessels for endograft
http://loinc.org	77448-9	CT Hindfoot and Midfoot
http://loinc.org	77451-3	CTA Thoracic and Abdominal Aorta and Bilateral Vessels for endograft
http://loinc.org	77456-2	CT Hindfoot and Midfoot W contrast IV
http://loinc.org	77457-0	CT Hindfoot and Midfoot WO and W contrast IV
http://loinc.org	77458-8	CT Hindfoot and Midfoot WO contrast
http://loinc.org	77466-1	CT Hindfoot - left and Midfoot - left W contrast IV
http://loinc.org	77467-9	CT Hindfoot - right and Midfoot - right W contrast IV
http://loinc.org	77468-7	CT Hindfoot - left and Midfoot - left WO and W contrast IV
http://loinc.org	77469-5	CT Hindfoot - right and Midfoot - right WO and W contrast IV
http://loinc.org	77470-3	CT Hindfoot - left and Midfoot - left WO contrast
http://loinc.org	77471-1	CT Hindfoot - right and Midfoot - right WO contrast
http://loinc.org	78031-2	CTA Abdominal Aorta and Bilateral Runoff Vessels WO and W contrast IV
http://loinc.org	78032-0	CTA Thoracic and Abdominal Aorta and Bilateral Runoff Vessels WO and W contrast IV
http://loinc.org	78037-9	CTA Abdominal Aorta and Bilateral Runoff Vessels W contrast IV
http://loinc.org	78038-7	CTA Thoracic and Abdominal Aorta and Bilateral Runoff Vessels W contrast IV
http://loinc.org	78973-5	CT scanogram Lower extremity - bilateral for leg measurement WO contrast
http://loinc.org	78974-3	IV contrast given [Identifier]
http://loinc.org	78975-0	Type of Contrast given
http://loinc.org	79065-9	CT Abdomen and Pelvis 3D post processing WO contrast
http://loinc.org	79066-7	CT Abdomen 3D post processing WO contrast
http://loinc.org	79067-5	CT Airway WO contrast
http://loinc.org	79068-3	CT Chest for screening W contrast IV
http://loinc.org	79069-1	CT Colon and Rectum for screening WO contrast IV and W air contrast PR
http://loinc.org	79071-7	CT Colon and Rectum WO contrast IV and W air contrast PR
http://loinc.org	79072-5	CT Guidance for radiation treatment of Unspecified body region
http://loinc.org	79073-3	CTA Heart and Coronary arteries W contrast IV
http://loinc.org	79074-1	CT Kidney and Ureter and Urinary bladder 3D post processing WO and W contrast IV
http://loinc.org	79075-8	CT Pelvis by reconstruction W contrast IV
http://loinc.org	79076-6	CT Pelvis by reconstruction WO contrast
http://loinc.org	79077-4	CTA Pulmonary arteries for pulmonary embolus W contrast IV
http://loinc.org	79078-2	CT Cervical spine by reconstruction W contrast IV
http://loinc.org	79079-0	CT Cervical spine by reconstruction WO contrast
http://loinc.org	79080-8	CT Lumbar spine by reconstruction W contrast IV
http://loinc.org	79081-6	CT Lumbar spine by reconstruction WO contrast
http://loinc.org	79082-4	CT Thoracic spine by reconstruction W contrast IV
http://loinc.org	79083-2	CT Temporal bone by reconstruction W contrast IV
http://loinc.org	79084-0	CT Temporal bone by reconstruction WO contrast
http://loinc.org	79085-7	CT Biliary ducts WO and W contrast IV
http://loinc.org	79086-5	CT Chest for screening WO contrast
http://loinc.org	79087-3	CT Heart and Coronary arteries for calcium scoring WO contrast
http://loinc.org	79088-1	CT Heart for congenital disease W contrast IV
http://loinc.org	79089-9	CT Heart W contrast IV
http://loinc.org	79090-7	CT densitometry Lumbar spine WO contrast
http://loinc.org	79091-5	CT Thoracic spine by reconstruction WO contrast
http://loinc.org	79092-3	CT densitometry Thoracic spine WO contrast
http://loinc.org	79093-1	CT Unspecified body region 3D post processing
http://loinc.org	79094-9	CT Urinary bladder W contrast intra bladder
http://loinc.org	79095-6	CT Teeth
http://loinc.org	79096-4	CT Chest 3D post processing WO contrast
http://loinc.org	79097-2	CT Chest and Abdomen 3D post processing WO contrast
http://loinc.org	79098-0	CT Chest and Abdomen and Pelvis 3D post processing WO contrast
http://loinc.org	79099-8	CT Pelvis 3D post processing WO contrast
http://loinc.org	79101-2	CT Colon and Rectum for screening W air contrast PR
http://loinc.org	79103-8	CT Abdomen W contrast IV
http://loinc.org	79349-7	XR Spine Lumbar and Sacrum GE 6 Views
http://loinc.org	79350-5	XR Abdomen GE 3 Views
http://loinc.org	79351-3	XR Cervical spine GE 2 Views
http://loinc.org	79352-1	XR Cervical spine GE 6 Views
http://loinc.org	79353-9	XR Elbow GE 3 Views
http://loinc.org	79354-7	XR Finger GE 2 Views
http://loinc.org	79355-4	XR Foot 3 Views W standing
http://loinc.org	79356-2	XR Hand 1 or 2 Views
http://loinc.org	79357-0	XR Hand GE 3 Views
http://loinc.org	79358-8	XR Hip - bilateral GE 4 Views
http://loinc.org	79359-6	XR Hip - left GE 2 Views
http://loinc.org	79360-4	XR Hip - right GE 2 Views
http://loinc.org	79361-2	XR Hip GE 2 Views
http://loinc.org	79362-0	XR Humerus GE 2 Views
http://loinc.org	79363-8	XR Knee - bilateral AP and Lateral and Merchants and (Views W standing)
http://loinc.org	79364-6	XR Knee GE 4 Views
http://loinc.org	79365-3	XR Ribs - bilateral GE 3 Views
http://loinc.org	79366-1	XR Ribs - unilateral and Chest 2 Views
http://loinc.org	79367-9	XR Sacrum and Coccyx GE 2 Views
http://loinc.org	79368-7	XR Shoulder - left GE 2 Views
http://loinc.org	79369-5	XR Shoulder - right GE 2 Views
http://loinc.org	79370-3	XR Shoulder GE 2 Views
http://loinc.org	79371-1	XR Spine Lumbar and Sacrum GE 2 Views
http://loinc.org	79372-9	XR Spine Lumbar and Sacrum GE 4 Views
http://loinc.org	79373-7	XR Toe GE 2 Views
http://loinc.org	79741-5	Eye-related brain MRI findings
http://loinc.org	80242-1	IV contrast given [Volume]
http://loinc.org	80495-5	MR Mediastinum WO contrast
http://loinc.org	80496-3	MR Unspecified body region 3D post processing
http://loinc.org	80497-1	MR Guidance for needle localization of Breast - right
http://loinc.org	80498-9	MR Guidance for needle localization of Breast - left
http://loinc.org	80499-7	MR Whole body WO and W contrast IV
http://loinc.org	80500-2	MR Heart W stress and WO contrast
http://loinc.org	80501-0	MR Small bowel W contrast PO and WO contrast IV
http://loinc.org	80502-8	MRA Abdominal Aorta and Bilateral Runoff Vessels WO and W contrast IV
http://loinc.org	80503-6	MR Small bowel W contrast PO and WO and W contrast IV
http://loinc.org	80504-4	MR Guidance for biopsy of Unspecified body region
http://loinc.org	80505-1	MR Brain for new diagnosis tumor WO and W contrast IV
http://loinc.org	80506-9	MR Brain for low grade tumor WO and W contrast IV
http://loinc.org	80507-7	MR Brain for high grade tumor WO and W contrast IV
http://loinc.org	80508-5	MR Upper extremity.joint Arthrogram
http://loinc.org	80509-3	MR Guidance for placement of clip in Unspecified body region
http://loinc.org	80510-1	MR Brain for metastasis WO and W contrast IV
http://loinc.org	80511-9	MR Brain for postoperative
http://loinc.org	80512-7	MR Bone marrow WO contrast
http://loinc.org	80513-5	MR Bone marrow W contrast IV
http://loinc.org	80514-3	MR Bone marrow WO and W contrast IV
http://loinc.org	80583-8	Functional MR Brain for motor function
http://loinc.org	80584-6	MR Urethra Endovaginal WO contrast
http://loinc.org	80585-3	MR Pelvis Endorectal W contrast IV
http://loinc.org	80932-7	DXA Radius and Ulna [Z-score] Bone density
http://loinc.org	80933-5	DXA Hip [Z-score] Bone density
http://loinc.org	80934-3	DXA Femur [Z-score] Bone density
http://loinc.org	80935-0	DXA Radius and Ulna - right [Z-score] Bone density
http://loinc.org	80936-8	DXA Radius and Ulna - left [Z-score] Bone density
http://loinc.org	80937-6	DXA Hip - right [Z-score] Bone density
http://loinc.org	80938-4	DXA Hip - left [Z-score] Bone density
http://loinc.org	80939-2	DXA Femur - right [Z-score] Bone density
http://loinc.org	80940-0	DXA Femur - left [Z-score] Bone density
http://loinc.org	80941-8	DXA Calcaneus - right [Z-score] Bone density
http://loinc.org	80942-6	DXA Calcaneus - left [Z-score] Bone density
http://loinc.org	80943-4	DXA Radius and Ulna - right [T-score] Bone density
http://loinc.org	80944-2	DXA Radius and Ulna - left [T-score] Bone density
http://loinc.org	80945-9	DXA Hip - right [T-score] Bone density
http://loinc.org	80946-7	DXA Hip - left [T-score] Bone density
http://loinc.org	80947-5	DXA Femur - right [T-score] Bone density
http://loinc.org	80948-3	DXA Femur - left [T-score] Bone density
http://loinc.org	80949-1	DXA Calcaneus - right [T-score] Bone density
http://loinc.org	80950-9	DXA Calcaneus - left [T-score] Bone density
http://loinc.org	80951-7	DXA Radius and Ulna - right [Mass/Area] Bone density
http://loinc.org	80952-5	DXA Radius and Ulna - left [Mass/Area] Bone density
http://loinc.org	80953-3	DXA Femur - right [Mass/Area] Bone density
http://loinc.org	80954-1	DXA Femur - left [Mass/Area] Bone density
http://loinc.org	80955-8	DXA Calcaneus - right [Mass/Area] Bone density
http://loinc.org	80956-6	DXA Calcaneus - left [Mass/Area] Bone density
http://loinc.org	80990-5	Fluoroscopy duration
http://loinc.org	80991-3	Fluoroscopy [Energy/mass] dose
http://loinc.org	81206-5	NM Liver and Spleen Views W Tc-99m SC IV
http://loinc.org	81542-3	NM Lumbar spine Views for CSF leak post lumbar puncture W radionuclide IT
http://loinc.org	81543-1	NM Head Views for CSF leak with rhinorrhea or otorrhea W radionuclide IT
http://loinc.org	81544-9	NM Gastrointestinal tract Views for gastrointestinal bleeding
http://loinc.org	81545-6	NM Abdomen and Pelvis Views for shunt patency
http://loinc.org	81546-4	NM Views for blood flow and kidney function
http://loinc.org	81547-2	SPECT Whole body W In-111 pentetreotide IV
http://loinc.org	81548-0	SPECT Unspecified body region W tagged WBC IV
http://loinc.org	81549-8	SPECT+CT Lymph node
http://loinc.org	81550-6	SPECT+CT Parathyroid gland
http://loinc.org	81551-4	PET+CT Bone from skull base to mid-thigh W 18F-NaF IV
http://loinc.org	81552-2	PET+CT Whole body Bone W 18F-NaF IV
http://loinc.org	81553-0	PET+CT Guidance limited for localization of tumor of Unspecified body region-- W 18F-FDG IV
http://loinc.org	81554-8	PET+CT Guidance for localization of tumor of Skull base to mid-thigh-- W 18F-FDG IV
http://loinc.org	81555-5	PET+CT Guidance for localization of tumor of Whole body-- W 18F-FDG IV
http://loinc.org	81556-3	SPECT Unspecified body region for infection or inflammation
http://loinc.org	81557-1	SPECT Brain W florbetapir IV
http://loinc.org	81558-9	SPECT Brain W Tc-99m IV
http://loinc.org	81559-7	PET+CT Unspecified body region for simulation limited
http://loinc.org	81560-5	SPECT Whole body W In-111 capromab pendetide IV
http://loinc.org	81561-3	SPECT Heart W multiple states of exercise
http://loinc.org	81562-1	SPECT Heart W single state of exercise
http://loinc.org	81563-9	NM Heart First pass and Blood pool
http://loinc.org	81564-7	PT Heart for sarcoidosis
http://loinc.org	81565-4	PT Heart for tissue viability
http://loinc.org	81566-2	NM Heart Gated and Blood pool and Ejection fraction and Wall motion W multiple states of exercise
http://loinc.org	81567-0	NM Heart Gated and Blood pool and Ejection fraction and Wall motion W single state of exercise
http://loinc.org	81568-8	PT perfusion Heart W multiple states of exercise
http://loinc.org	81569-6	PT perfusion Heart W single state of exercise
http://loinc.org	81570-4	NM Heart Perfusion W single state of exercise
http://loinc.org	81571-2	NM Heart Perfusion W multiple states of exercise
http://loinc.org	81572-0	NM Salivary gland Views for function
http://loinc.org	81573-8	NM Brain Brain death protocol Views
http://loinc.org	81574-6	NM Brain GE 4 Views
http://loinc.org	81575-3	NM Brain GE 4 Views for blood flow
http://loinc.org	81576-1	NM Brain LT 4 Views for blood flow
http://loinc.org	81577-9	PT Brain for amyloidosis
http://loinc.org	81578-7	PT Brain metabolic
http://loinc.org	81579-5	PT perfusion Brain
http://loinc.org	81580-3	NM Thyroid gland Views for therapy W I-131 PO
http://loinc.org	81581-1	NM Thyroid gland Views for dosimetry W radionuclide PO
http://loinc.org	81582-9	NM Thyroid gland Uptake
http://loinc.org	81583-7	NM Whole body Views W Sm-153 IV
http://loinc.org	81584-5	NM Whole body Views W tagged WBC IV
http://loinc.org	81585-2	NM Unspecified body region Views W tagged WBC IV
http://loinc.org	81586-0	NM Whole body Views W Y-90 ibritumomab tiuxetan IV
http://loinc.org	81587-8	NM Unspecified body region Limited Views for infection or inflammation
http://loinc.org	81588-6	NM Whole body Views for thyroid tumor
http://loinc.org	81589-4	NM Whole body Views for infection or inflammation
http://loinc.org	81590-2	NM Extremity veins - bilateral Views for thrombosis
http://loinc.org	81591-0	NM Extremity veins - unilateral Views for thrombosis
http://loinc.org	81592-8	NM Views for transplanted kidney
http://loinc.org	81593-6	NM Lymph node Views
http://loinc.org	81594-4	NM Lymph node - bilateral Views
http://loinc.org	81595-1	NM Lymph node Views for lymphedema
http://loinc.org	81596-9	NM Lung Quantitative Views Ventilation and Perfusion
http://loinc.org	81597-7	NM Bones Views for metastasis W Ra-223 IV
http://loinc.org	81598-5	NM Whole body Views for thyroid tumor metastasis post therapy
http://loinc.org	81599-3	NM Guidance for multiple days for localization of tumor of Whole body
http://loinc.org	81600-9	NM Unspecified body region Limited Views for infection or inflammation W Tc-99m tagged WBC IV
http://loinc.org	81601-7	NM Unspecified body region Limited Views for thyroid tumor metastasis
http://loinc.org	81602-5	NM Stomach Views for gastric emptying solid phase W radionuclide PO
http://loinc.org	81603-3	NM Views for blood flow and kidney function W diuretic IV
http://loinc.org	81604-1	NM Kidney Views for glomerular filtration rate
http://loinc.org	81605-8	NM Ureter and Urinary bladder Views
http://loinc.org	81606-6	NM Liver and Biliary ducts and Gallbladder Views W cholecystokinetic IV
http://loinc.org	81607-4	NM Kidney cortex Views
http://loinc.org	81608-2	NM Views for blood flow and kidney function W ACE inhibitor PO
http://loinc.org	81609-0	NM Liver Views W SIR-spheres intraarterial hepatic injection
http://loinc.org	81610-8	NM Liver Views W Theraspheres intraarterial hepatic injection
http://loinc.org	81611-6	NM Head to Pelvis Views for shunt patency
http://loinc.org	81612-4	NM Heart Blood pool and Ejection fraction and First pass
http://loinc.org	81613-2	SPECT Liver for hemangioma
http://loinc.org	82123-1	MR Guidance for radiation treatment of Unspecified body region
http://loinc.org	82126-4	PT Guidance for radiation treatment of Unspecified body region
http://loinc.org	82128-0	MR Brain and Face WO contrast
http://loinc.org	82129-8	MR Brain and Face WO and W contrast IV
http://loinc.org	82130-6	MR Face and Neck WO contrast
http://loinc.org	82131-4	MR Face and Neck WO and W contrast IV
http://loinc.org	82132-2	CT Face and Neck WO and W contrast IV
http://loinc.org	82133-0	CT Face and Neck WO contrast
http://loinc.org	82136-3	NM Whole body Views for tumor W I-123 MIBG IV
http://loinc.org	82621-4	Time to end-systole Left ventricle SPECT
http://loinc.org	82622-2	Peak filling rate Left ventricle SPECT --W stress
http://loinc.org	82623-0	Peak filling rate Left ventricle SPECT --resting
http://loinc.org	82624-8	One-third mean filling rate Left ventricle SPECT --resting
http://loinc.org	82625-5	Time to peak filling rate Left ventricle SPECT --resting
http://loinc.org	82626-3	Maximum phase [Angle] Left ventricle SPECT --W stress
http://loinc.org	82627-1	Mean phase [Angle] Left ventricle SPECT --W stress
http://loinc.org	82628-9	Phase.standard deviation [Angle] Left ventricle SPECT --W stress
http://loinc.org	82629-7	Phase bandwidth Left ventricle SPECT --W stress
http://loinc.org	82630-5	Phase entropy [Score] Left ventricle SPECT --W stress
http://loinc.org	82631-3	Maximum difference in time to end-systole Left ventricle SPECT --W stress
http://loinc.org	82632-1	Difference in time to end-systole between lateral and septal wall Left ventricle SPECT --W stress
http://loinc.org	82633-9	Standard deviation of time to end-systole Left ventricle SPECT --W stress
http://loinc.org	82634-7	Maximum phase [Angle] Left ventricle SPECT --resting
http://loinc.org	82635-4	Mean phase [Angle] Left ventricle SPECT --resting
http://loinc.org	82636-2	Phase.standard deviation [Angle] Left ventricle SPECT --resting
http://loinc.org	82637-0	Phase bandwidth Left ventricle SPECT --resting
http://loinc.org	82638-8	Phase entropy [Score] Left ventricle SPECT --resting
http://loinc.org	82639-6	Maximum difference in time to end-systole Left ventricle SPECT --resting
http://loinc.org	82640-4	Difference in time to end-systole between lateral and septal wall Left ventricle SPECT --resting
http://loinc.org	82641-2	Standard deviation of time to end-systole Left ventricle SPECT --resting
http://loinc.org	82642-0	Summed stress score for 17 segment model Myocardium SPECT
http://loinc.org	82643-8	Summed rest score for 17 segment model Myocardium SPECT
http://loinc.org	82644-6	Summed difference score for 17 segment model Myocardium SPECT
http://loinc.org	82645-3	Summed stress score for 20 segment model Myocardium SPECT
http://loinc.org	82646-1	Summed rest score for 20 segment model Myocardium SPECT
http://loinc.org	82647-9	Summed difference score for 20 segment model Myocardium SPECT
http://loinc.org	82648-7	Summed stress score Myocardium SPECT
http://loinc.org	82649-5	Summed rest score Myocardium SPECT
http://loinc.org	82650-3	Summed difference score Myocardium SPECT
http://loinc.org	82651-1	Washout rate [Ratio] Myocardium SPECT
http://loinc.org	82652-9	Transient ischemic dilation Left ventricle SPECT
http://loinc.org	82653-7	Time to peak filling rate/RR interval Left ventricle SPECT --resting
http://loinc.org	82654-5	Cardiac nuclear imaging SPECT panel
http://loinc.org	82655-2	Gated cardiac measurement panel Left ventricle SPECT
http://loinc.org	82656-0	Cardiac summed score panel Myocardium SPECT
http://loinc.org	82657-8	Cardiac phase measurement panel Left ventricle SPECT
http://loinc.org	82676-8	CT Guidance for arthrocentesis of Knee - left
http://loinc.org	82677-6	CTA Abdominal Aorta W contrast IV
http://loinc.org	82678-4	CTA Abdominal Aorta WO and W contrast IV
http://loinc.org	82679-2	CTA Abdominal vessels and Pelvis vessels WO and W contrast IV
http://loinc.org	82680-0	CTA Head vessels and Neck vessels WO and W contrast IV
http://loinc.org	82681-8	CT Guidance for biopsy of Oral tissue
http://loinc.org	82682-6	CT Clavicle - left WO contrast
http://loinc.org	82683-4	CT Clavicle - right WO contrast
http://loinc.org	82684-2	CT Clavicle WO and W contrast IV
http://loinc.org	82685-9	CT Clavicle W contrast IV
http://loinc.org	82686-7	CT Clavicle - right W contrast IV
http://loinc.org	82687-5	CT Clavicle WO contrast
http://loinc.org	82688-3	CT Colon and Rectum WO and W contrast IV and W air contrast PR
http://loinc.org	82689-1	CT Small bowel W contrast PO and WO and W contrast IV
http://loinc.org	82690-9	CT Head and Cervical spine WO contrast
http://loinc.org	82691-7	CT Head and Neck W contrast IV
http://loinc.org	82692-5	CT Head and Neck WO contrast
http://loinc.org	82693-3	CT Pelvis and Lower extremity W contrast IV
http://loinc.org	82694-1	CT Lower extremity - bilateral WO and W contrast IV
http://loinc.org	82695-8	CT Pelvis and Lower extremity - bilateral W contrast IV
http://loinc.org	82696-6	CT Spine Lumbar and Sacrum W contrast IV
http://loinc.org	82697-4	CT Spine Lumbar and Sacrum WO contrast
http://loinc.org	82698-2	CT Ribs - left W contrast IV
http://loinc.org	82699-0	CT Ribs - left WO contrast
http://loinc.org	82700-6	CT Ribs - right W contrast IV
http://loinc.org	82701-4	CT Ribs - right WO contrast
http://loinc.org	82702-2	CT Ribs - right WO and W contrast IV
http://loinc.org	82703-0	CT Sacrum and Coccyx WO and W contrast IV
http://loinc.org	82704-8	CT Sacrum and Coccyx W contrast IV
http://loinc.org	82705-5	CT Scapula - left WO contrast
http://loinc.org	82706-3	CT Scapula - right WO contrast
http://loinc.org	82707-1	CT Scapula - left WO and W contrast IV
http://loinc.org	82708-9	CTA Lower extremity vessels - bilateral WO and W contrast IV
http://loinc.org	82709-7	CTA Thoracic Aorta
http://loinc.org	82710-5	CTA Lower extremity vessels - right
http://loinc.org	82711-3	CTA Lower extremity vessels - bilateral
http://loinc.org	82712-1	CTA Lower extremity vessels - left
http://loinc.org	82713-9	CTA Upper extremity vessels - left
http://loinc.org	82714-7	CTA Upper extremity vessels - right
http://loinc.org	82715-4	CT Guidance for arthrocentesis of Knee - right
http://loinc.org	82716-2	CT Clavicle - left W contrast IV
http://loinc.org	82717-0	CT Ribs - left WO and W contrast IV
http://loinc.org	82718-8	CT Scapula - right WO and W contrast IV
http://loinc.org	82742-8	CT Head WO and W contrast IV and CT Orbit - bilateral W contrast IV
http://loinc.org	82800-4	PET+CT Heart W contrast IV
http://loinc.org	82801-2	PET+CT Heart WO contrast
http://loinc.org	82802-0	CT Head WO and W contrast IV and CT Sinuses W contrast IV
http://loinc.org	82803-8	CT Head WO and W contrast IV and CT Temporal bone W contrast IV
http://loinc.org	82804-6	CT Head WO and W contrast IV and CT Neck W contrast IV
http://loinc.org	82805-3	PET+CT Guidance for localization of tumor of Whole body-- W 18F-FDG IV and WO contrast
http://loinc.org	82806-1	PET+CT Guidance for localization of tumor of Whole body-- W 18F-FDG IV and W contrast IV
http://loinc.org	82807-9	PET+CT Guidance for localization of tumor of Skull vertex to mid-thigh-- W 18F-FDG IV and WO contrast
http://loinc.org	82808-7	PET+CT Guidance for localization of tumor of Skull base to mid-thigh-- W 18F-FDG IV and WO contrast
http://loinc.org	82809-5	PET+CT Guidance for localization of tumor of Skull base to mid-thigh-- W 18F-FDG IV and W contrast IV
http://loinc.org	8294-1	XR Chest Diameter.anterior-posterior
http://loinc.org	8295-8	XR Chest Diameter.anterior-posterior W expiration
http://loinc.org	8296-6	XR Chest Diameter.anterior-posterior W inspiration
http://loinc.org	83012-5	DXA Skeletal system.axial Views for bone density
http://loinc.org	83013-3	DXA Skeletal system.peripheral Views for bone density
http://loinc.org	83014-1	DXA Skeletal system.axial Views for bone density and vertebral fracture
http://loinc.org	83015-8	XR Abdomen 2 Views for renal calculus
http://loinc.org	83016-6	XR Abdomen GE 3 Views AP and Oblique and Cone
http://loinc.org	83017-4	XR Chest View and Abdomen Supine and Upright
http://loinc.org	83018-2	XR Ankle 1 or 2 Views
http://loinc.org	83019-0	XR Chest and Abdomen and Pelvis View babygram
http://loinc.org	83020-8	XR Bones Complete Survey Views
http://loinc.org	83021-6	XR Cervical spine 2 or 3 views and (Views W flexion and W extension)
http://loinc.org	83022-4	XR Cervical spine 2 or 3 views and (Views W flexion and W extension) and Views oblique
http://loinc.org	83023-2	XR Cervical spine 4 or 5 Views
http://loinc.org	83024-0	XR Chest 2 Views and Views Lateral-decubitus
http://loinc.org	83025-7	XR Coccyx GE 2 Views
http://loinc.org	83026-5	XR Elbow 1 or 2 Views
http://loinc.org	83027-3	XR Elbow GE 4 Views
http://loinc.org	83028-1	XR Cervical and thoracic and lumbar spine GE 2 Views
http://loinc.org	83029-9	XR Facial bones and Zygomatic arch 1 or 2 Views
http://loinc.org	83030-7	XR Foot 1 or 2 Views
http://loinc.org	83031-5	XR Pelvis AP and Hip - bilateral GE 2 Views
http://loinc.org	83032-3	XR Hip GE 2 Views preoperative
http://loinc.org	83033-1	XR Hip single view during surgery
http://loinc.org	83034-9	XR Pelvis and Hip - bilateral GE 2 views for pediatrics
http://loinc.org	83035-6	XR Knee 1 or 2 Views during surgery
http://loinc.org	83036-4	XR Lower extremity GE 2 Views
http://loinc.org	83037-2	XR Lumbar spine Single view during surgery
http://loinc.org	83038-0	XR Lumbar spine Greater than 4 views and (Greater than 1 view W R-bending and W L-bending)
http://loinc.org	83039-8	XR Mastoid - bilateral GE 3 Views
http://loinc.org	83040-6	XR Ribs - unilateral 2 Views
http://loinc.org	83041-4	XR Ribs - unilateral 2 Views and Chest Single view
http://loinc.org	83042-2	XR Ribs - unilateral 2 Views and Chest AP
http://loinc.org	83043-0	XR Sacroiliac joint - bilateral 1 or 2 Views
http://loinc.org	83044-8	XR Sacrum GE 2 Views
http://loinc.org	83045-5	XR Scapula AP and Lateral
http://loinc.org	83046-3	XR Skull LE 3 AP and Lateral Views
http://loinc.org	83047-1	XR Sternum GE 2 Views
http://loinc.org	83048-9	XR Tibia and Fibula GE 3 Views
http://loinc.org	83049-7	XR Upper extremity GE 2 Views
http://loinc.org	83050-5	XR Wrist 1 or 2 Views
http://loinc.org	83051-3	DXA Cervical and thoracic and lumbar spine Views for vertebral fracture
http://loinc.org	83289-9	CT for calcium scoring WO contrast and CTA W contrast IV Heart and coronary arteries
http://loinc.org	83290-7	CTA Pulmonary arteries - bilateral and Pelvis veins and Lower extremity veins - bilateral for pulmonary embolus and deep vein thrombosis W contrast IV
http://loinc.org	83291-5	CT Thumb WO contrast
http://loinc.org	83292-3	CT Scapula W contrast
http://loinc.org	83293-1	CT Spine Cervical and Spine Lumbar W contrast IV
http://loinc.org	83294-9	CT Thoracic and lumbar spine W contrast IV
http://loinc.org	83295-6	CT Neck and Superior mediastinum W contrast IV
http://loinc.org	83296-4	CT Head W contrast IV and CT Orbit - bilateral WO and W contrast IV
http://loinc.org	83297-2	CT Spine Cervical and Spine Lumbar WO and W contrast IV
http://loinc.org	83298-0	CTA Chest vessels and Abdominal vessels and Pelvis vessels WO and W contrast IV
http://loinc.org	83299-8	CT Chest and Abdomen and Pelvis WO and W contrast IV and CTA Thoracic and abdominal aorta WO and W contrast IV
http://loinc.org	83300-4	CT Scapula - bilateral WO and W contrast IV
http://loinc.org	83301-2	CT Neck and Superior mediastinum WO and W contrast IV
http://loinc.org	83302-0	CT Head and Temporal bone WO contrast
http://loinc.org	83303-8	CT Toe WO contrast
http://loinc.org	83304-6	CT Cervical and thoracic spine WO contrast
http://loinc.org	83305-3	CT Spine Cervical and Spine Lumbar WO contrast
http://loinc.org	83306-1	CT Head and Maxillofacial region WO contrast
http://loinc.org	83307-9	CT Head and Mandible WO contrast
http://loinc.org	83308-7	CT Neck and Superior mediastinum WO contrast
http://loinc.org	83309-5	CT Sinuses and Mandible WO contrast
http://loinc.org	83310-3	CT Thoracic and lumbar spine WO contrast
http://loinc.org	83311-1	Bone density quantitative measurement by DXA panel
http://loinc.org	85040-4	CT Unspecified body region 3D printed model
http://loinc.org	85041-2	MR Unspecified body region 3D printed model
http://loinc.org	85151-9	XR Bone age
http://loinc.org	85255-8	Radiology Administrative note
http://loinc.org	85257-4	Radiology Education note
http://loinc.org	85258-2	Radiology Nurse Education note
http://loinc.org	85259-0	Radiology Nurse Note
http://loinc.org	85260-8	Radiology Nurse procedure note
http://loinc.org	85261-6	Radiology procedure note
http://loinc.org	85263-2	Radiology Telephone encounter Note
http://loinc.org	85385-3	DXA Humerus [Mass/Area] Bone density
http://loinc.org	85386-1	DXA Humerus - left [Mass/Area] Bone density
http://loinc.org	85387-9	DXA Humerus - right [Mass/Area] Bone density
http://loinc.org	85388-7	DXA Humerus - right [T-score] Bone density
http://loinc.org	85389-5	DXA Humerus - left [T-score] Bone density
http://loinc.org	85390-3	DXA Humerus [T-score] Bone density
http://loinc.org	85391-1	DXA Humerus [Z-score] Bone density
http://loinc.org	85392-9	DXA Humerus - right [Z-score] Bone density
http://loinc.org	85393-7	DXA Humerus - left [Z-score] Bone density
http://loinc.org	85394-5	DXA Lumbar spine [Z-score] Bone density
http://loinc.org	86348-0	MG Breast - left Guidance for needle localization and Breast specimen Views
http://loinc.org	86350-6	MG Breast - unilateral Single view for clip placement
http://loinc.org	86351-4	MG Guidance for additional aspiration of cyst of Breast - left
http://loinc.org	86352-2	MG Guidance for additional aspiration of cyst of Breast - right
http://loinc.org	86353-0	MG Guidance for placement of clip in Breast - left
http://loinc.org	86354-8	MG Guidance for placement of clip in Breast - right
http://loinc.org	86355-5	MG Guidance for additional needle localization of Breast - left
http://loinc.org	86356-3	MG Guidance for additional needle localization of Breast - right
http://loinc.org	86357-1	MG Guidance for needle localization of Breast - left
http://loinc.org	86358-9	MG Guidance for needle localization of Breast - right
http://loinc.org	86360-5	MG Breast - right Guidance for needle localization and Breast specimen Views
http://loinc.org	86361-3	MG stereo Guidance for additional biopsy of Breast - left
http://loinc.org	86362-1	MG stereo Guidance for additional biopsy of Breast - right
http://loinc.org	86363-9	MG Guidance for additional vacuum biopsy of Breast - left
http://loinc.org	86364-7	MG Guidance for additional vacuum biopsy of Breast - right
http://loinc.org	86365-4	MG Guidance for vacuum biopsy of Breast - left
http://loinc.org	86366-2	MG Guidance for vacuum biopsy of Breast - right
http://loinc.org	86367-0	MG Breast Diagnostic for clinical call back
http://loinc.org	86368-8	MG Breast - left Diagnostic for clinical call back
http://loinc.org	86369-6	MG Breast - right Diagnostic for clinical call back
http://loinc.org	86370-4	MG Breast Diagnostic for technical call back
http://loinc.org	86372-0	RF Kidney and Ureter and Urinary bladder Views W contrast IV
http://loinc.org	86373-8	RF AV fistula Views W contrast via additional puncture
http://loinc.org	86374-6	RFA Pedal lymphatic vessels - bilateral Views W contrast intra lymphatic
http://loinc.org	86375-3	RFA Pedal lymphatic vessels - unilateral Views W contrast intra lymphatic
http://loinc.org	86376-1	RF Biliary ducts Views W contrast via existing catheter
http://loinc.org	86377-9	RF Guidance for advancement of feeding tube of Gastrointestinal tract
http://loinc.org	86378-7	RF Gastrointestinal tract Views for fistula
http://loinc.org	86379-5	RF Small bowel Views for loop diversion
http://loinc.org	86380-3	RF Kidney and Ureter and Urinary bladder Views for fistula
http://loinc.org	86381-1	RF Colon Screening W air and barium contrast PR
http://loinc.org	86382-9	RF Biliary ducts Limited Views during surgery
http://loinc.org	86383-7	RF Biliary ducts Views W contrast IV
http://loinc.org	86384-5	RF Gallbladder Views W contrast and fatty meal PO
http://loinc.org	86385-2	RF Gallbladder Views W contrast PO
http://loinc.org	86386-0	RF Gastrointestinal tract upper Views W barium contrast PO
http://loinc.org	86387-8	RF Kidney and Ureter and Urinary bladder Views W contrast antegrade
http://loinc.org	86388-6	RF Kidney and Ureter and Urinary bladder Views W contrast retrograde
http://loinc.org	86389-4	RF Kidney and Ureter and Urinary bladder Views during surgery W contrast retrograde
http://loinc.org	86390-2	RF Kidney and Ureter and Urinary bladder Views W contrast via nephrostomy tube
http://loinc.org	86391-0	RF AV fistula Views W contrast via existing catheter
http://loinc.org	86392-8	RF Kidney and Ureter and Urinary bladder Limited Views W contrast IV
http://loinc.org	86393-6	RF Kidney - bilateral and Ureter - bilateral and Urinary bladder Views W contrast retrograde
http://loinc.org	86394-4	RFA Thoracic Aorta Views W contrast IA
http://loinc.org	86395-1	RF videography Hypopharynx and Esophagus Views for swallowing function W speech and W barium contrast PO
http://loinc.org	86396-9	RFA Extremity veins - unilateral Views W contrast IV
http://loinc.org	86397-7	RF Guidance for drainage and placement of suprapubic catheter of Urinary bladder
http://loinc.org	86398-5	RF Cerebral cisterns Views W contrast IT
http://loinc.org	86399-3	RF Guidance for Views and Guidance for injection of non-vascular shunt of Unspecified body region
http://loinc.org	86400-9	RF Guidance for placement of needle in Unspecified body region
http://loinc.org	86401-7	RF Urinary bladder Views W contrast intra bladder
http://loinc.org	86402-5	RF Shoulder Arthrogram limited
http://loinc.org	86403-3	RF Guidance for placement of catheter in Fallopian tube
http://loinc.org	86404-1	RF Guidance for fluid aspiration of Urinary bladder
http://loinc.org	86405-8	RF Guidance for exchange of tube of Unspecified body region
http://loinc.org	86406-6	RF Unspecified body region Less than 1 hour Views during surgery
http://loinc.org	86407-4	RF Guidance of Unspecified body region
http://loinc.org	86408-2	RF Pelvis Views for urinary pouch
http://loinc.org	86409-0	RF Rectum Views for rectal dysfunction W barium contrast PR
http://loinc.org	86410-8	RF Pharynx and Cervical esophagus Views W barium contrast PO
http://loinc.org	86411-6	RF Posterior fossa - bilateral Views W contrast IT
http://loinc.org	86412-4	RFA Pedal lymphatic vessels Views W contrast intra lymphatic
http://loinc.org	86413-2	RF Guidance for placement of long feeding tube in Gastrointestinal tract
http://loinc.org	86414-0	RFA Renal arteries - unilateral Views W contrast IA
http://loinc.org	86415-7	RFA Renal vein - unilateral Views W contrast IV
http://loinc.org	86416-5	MG Breast - bilateral Guidance for needle localization and Breast specimen Views
http://loinc.org	86417-3	RFA Cerebral arteries Bilateral Views W contrast IA
http://loinc.org	86418-1	RFA Pulmonary arteries - unilateral Views W contrast IA
http://loinc.org	86419-9	RFA Visceral arteries Views W contrast IA
http://loinc.org	86420-7	RF Gastrointestinal tract upper Views W air contrast PO and W barium contrast PO
http://loinc.org	86421-5	XR Abdomen and RF Gastrointestinal tract upper W air contrast PO and W barium contrast PO
http://loinc.org	86422-3	XR Abdomen and RF Gastrointestinal tract upper W water soluble contrast PO
http://loinc.org	86423-1	XR Abdomen and RF Gastrointestinal tract upper W contrast PO
http://loinc.org	86424-9	XR Abdomen and RF Gastrointestinal tract upper W barium contrast PO
http://loinc.org	86425-6	RF Guidance for manometry of Kidney
http://loinc.org	86426-4	RFA Jugular vein - unilateral Views W contrast IV
http://loinc.org	86427-2	RF Upper gastrointestinal tract and Small bowel Views W air contrast PO and W barium contrast PO
http://loinc.org	86428-0	RFA Extremity arteries - unilateral Views W contrast IA
http://loinc.org	86429-8	RFA Cerebral arteries - unilateral Views W contrast IA
http://loinc.org	86430-6	RF Posterior fossa - unilateral Views W contrast IT
http://loinc.org	86431-4	RFA Cerebral arteries - bilateral and Cervical arteries - bilateral Views W contrast IA
http://loinc.org	86432-2	RFA Cerebral arteries - unilateral and Cervical arteries - unilateral Views W contrast IA
http://loinc.org	86433-0	RFA Lumbar spine intercostal arteries Views W contrast IA
http://loinc.org	86434-8	RFA Carotid arteries - unilateral Views W contrast IA
http://loinc.org	86435-5	RFA Jugular vein - bilateral Views W contrast IV
http://loinc.org	86436-3	RF Guidance for treatment of Fistula-- W contrast intra fistula
http://loinc.org	86437-1	RF Fistula Diagnostic W contrast intra fistula
http://loinc.org	86438-9	RF Guidance for check of feeding tube of Gastrointestinal tract upper
http://loinc.org	86439-7	RF Cerebral sinuses Views W contrast IV
http://loinc.org	86440-5	RF Seminal vesicle Views W contrast intra seminal vesicle
http://loinc.org	86441-3	RF Guidance for manometry of Kidney and Ureter and Urinary bladder
http://loinc.org	86442-1	RFA Vertebral artery - unilateral Views W contrast IA
http://loinc.org	86443-9	RF Ureter Views W contrast intra ureter
http://loinc.org	86450-4	Radiology Preoperative evaluation and management note
http://loinc.org	86460-3	RFA Spine vessel Views
http://loinc.org	86461-1	RFA Adrenal vessel Views
http://loinc.org	86462-9	DBT Breast - unilateral
http://loinc.org	86463-7	DBT Breast - bilateral
http://loinc.org	86464-5	RFA Guidance for repair of aneurysm or dissection of Infrarenal aorta
http://loinc.org	86956-0	CT Heart WO contrast IV and CT Heart for left ventricular function W contrast IV
http://loinc.org	86957-8	CT Salivary gland WO and W contrast IV
http://loinc.org	86958-6	CT Neck and Chest WO and W contrast IV
http://loinc.org	86959-4	CT Cervical and thoracic spine WO and W contrast IV
http://loinc.org	86960-2	CTA Upper extremity vessels - right W contrast IV
http://loinc.org	86961-0	CTA Upper extremity vessels - left W contrast IV
http://loinc.org	86962-8	CTA Upper extremity vessels - bilateral W contrast IV
http://loinc.org	86963-6	CTA Lower extremity vessels - right W contrast IV
http://loinc.org	86964-4	CTA Lower extremity vessels - left W contrast IV
http://loinc.org	86965-1	CTA Lower extremity vessels - bilateral W contrast IV
http://loinc.org	86966-9	CT Salivary gland WO contrast
http://loinc.org	86967-7	CT Foot - bilateral WO contrast
http://loinc.org	86968-5	CT Hand - bilateral W contrast IV
http://loinc.org	86969-3	CT Shoulder - bilateral W contrast IV
http://loinc.org	86970-1	CT Sacrum and Coccyx WO contrast
http://loinc.org	86971-9	CTA Chest and abdominal vessels WO and W contrast IV
http://loinc.org	86972-7	CT Head and Neck WO and W contrast IV
http://loinc.org	86973-5	CT Foot - bilateral W contrast IV
http://loinc.org	86974-3	CT Thoracic and lumbar spine WO and W contrast IV
http://loinc.org	86975-0	CT Heart for left ventricular function W contrast IV
http://loinc.org	86976-8	PET+CT Brain metabolic
http://loinc.org	86977-6	CT Head and Temporal bone W contrast IV
http://loinc.org	86978-4	CT Head and Sinuses W contrast IV
http://loinc.org	86979-2	CT Pelvis and Hip - bilateral WO contrast
http://loinc.org	86980-0	CTA Heart and Coronary arteries WO and W contrast IV
http://loinc.org	86981-8	CTA Chest vessels
http://loinc.org	86982-6	CTA Chest and abdominal vessels W contrast IV
http://loinc.org	86983-4	CTA Chest vessels and Abdominal vessels and Pelvis vessels W contrast IV
http://loinc.org	86984-2	CT Cervical and thoracic and lumbar spine W contrast IV
http://loinc.org	86985-9	CT Cervical and thoracic spine W contrast IV
http://loinc.org	86986-7	CT Neck and Chest W contrast IV
http://loinc.org	86987-5	CT Cervical and thoracic and lumbar spine WO contrast
http://loinc.org	86988-3	CT Orbit and Face WO contrast
http://loinc.org	86989-1	CT Head and Orbit - bilateral W contrast IV
http://loinc.org	86990-9	CT Head and Orbit - bilateral WO contrast
http://loinc.org	86991-7	CT Head and Maxillofacial region and Cervical spine WO contrast
http://loinc.org	86992-5	CT Head and Sinuses WO contrast
http://loinc.org	86993-3	Guidance for 1 level kyphoplasty of Spine vertebra
http://loinc.org	86994-1	Guidance for 1 or 2 injections of trigger point of Muscle
http://loinc.org	86995-8	Guidance for abscess
http://loinc.org	86996-6	Guidance for additional augmentation of Spine vertebra
http://loinc.org	86997-4	Guidance for additional day infusion of thrombolytic of Vessel-- W thrombolytic via catheter
http://loinc.org	86998-2	Guidance for additional percutaneous mechanical thrombectomy of Vein
http://loinc.org	86999-0	Guidance for additional percutaneous mechanical thrombectomy of Artery
http://loinc.org	87000-6	Guidance for additional placement of endovascular device of Vein
http://loinc.org	87001-4	Guidance for additional placement of stent of Artery
http://loinc.org	87002-2	Guidance for additional placement of wire
http://loinc.org	87003-0	Guidance for additional vertebroplasty of Spine vertebra
http://loinc.org	87004-8	Guidance for arthrocentesis of Intermediate joint
http://loinc.org	87005-5	Guidance for arthrocentesis of Major joint
http://loinc.org	87006-3	Guidance for arthrocentesis of Small joint
http://loinc.org	87007-1	Guidance for arthrocentesis of Joint
http://loinc.org	87008-9	Guidance for fluid aspiration of Bone marrow
http://loinc.org	87009-7	Guidance for aspiration of cyst
http://loinc.org	87010-5	Guidance for aspiration of cyst of Bone
http://loinc.org	87011-3	Guidance for aspiration of ganglion cyst
http://loinc.org	87012-1	Guidance for fluid aspiration of Lymph node
http://loinc.org	87013-9	Guidance for percutaneous biopsy of Bone
http://loinc.org	87014-7	Guidance for biopsy of Bone marrow
http://loinc.org	87015-4	Guidance for biopsy of Lymph node
http://loinc.org	87016-2	Guidance for biopsy of Soft tissue
http://loinc.org	87017-0	Guidance for check of drainage catheter for abscess
http://loinc.org	87018-8	Guidance for deep biopsy of Bone
http://loinc.org	87019-6	Guidance for drainage and placement of drainage catheter
http://loinc.org	87020-4	Guidance for embolization of Artery
http://loinc.org	87021-2	Guidance for embolization of Vein
http://loinc.org	87022-0	Guidance for embolization of Vessels
http://loinc.org	87023-8	Guidance for exchange of drainage catheter for abscess
http://loinc.org	87024-6	Guidance for additional day infusion of thrombolytic of Chest-- W thrombolytic via chest tube
http://loinc.org	87025-3	Guidance for additional level kyphoplasty of Thoracic spine
http://loinc.org	87026-1	Guidance for additional vertebroplasty of Thoracic spine
http://loinc.org	87027-9	Guidance for biopsy of Chest Pleura
http://loinc.org	87028-7	Guidance for biopsy of Lung
http://loinc.org	87029-5	Guidance for biopsy of Mediastinum
http://loinc.org	87030-3	Guidance for biopsy of Neck or Chest Soft tissue
http://loinc.org	87031-1	Guidance for check of peritoneovenous shunt of Chest and Abdomen
http://loinc.org	87032-9	Guidance for cryoablation of Lung
http://loinc.org	87033-7	Guidance for drainage and placement of chest tube of Pleural space
http://loinc.org	87034-5	Guidance for exchange of catheter portion only of CV catheter with port of Chest
http://loinc.org	87035-2	Guidance for exchange of CV catheter with port of Chest
http://loinc.org	87036-0	Guidance for additional level kyphoplasty of Lumbar spine
http://loinc.org	87037-8	Guidance for additional placement of stent of Iliac artery
http://loinc.org	87038-6	Guidance for additional transluminal angioplasty of Iliac artery
http://loinc.org	87039-4	Guidance for additional vertebroplasty of Lumbar spine
http://loinc.org	87040-2	Guidance for aspiration of cyst of Kidney
http://loinc.org	87041-0	Guidance for percutaneous biopsy of Kidney
http://loinc.org	87042-8	Guidance for percutaneous biopsy of Liver
http://loinc.org	87043-6	Guidance for biopsy of Ureter
http://loinc.org	87044-4	Guidance for check of tube of Biliary ducts
http://loinc.org	87045-1	Guidance for cholangioscopy and removal of calculus of Gallbladder
http://loinc.org	87046-9	Guidance for cholangioscopy of Gallbladder
http://loinc.org	87047-7	Guidance for cholecystostomy of Gallbladder
http://loinc.org	87048-5	Guidance for conversion of G-tube to GJ-tube of Gastrointestinal tract upper
http://loinc.org	87049-3	Guidance for cryoablation of Kidney
http://loinc.org	87050-1	Guidance for cryoablation of Liver
http://loinc.org	87051-9	Guidance for dilation of stricture of Biliary ducts
http://loinc.org	87052-7	Guidance for exchange of G-tube of Stomach
http://loinc.org	87053-5	Guidance for exchange of J-tube of Gastrointestinal tract upper
http://loinc.org	87054-3	Guidance for exchange of nephrostomy tube of Kidney
http://loinc.org	87055-0	Guidance for biopsy of Pancreas
http://loinc.org	87056-8	Guidance for biopsy of Abdomen
http://loinc.org	87057-6	Guidance for placement of fiducial marker in Abdomen
http://loinc.org	87058-4	Guidance for radiofrequency ablation of Kidney
http://loinc.org	87059-2	Guidance for biopsy of Biliary ducts
http://loinc.org	87060-0	Guidance for removal of calculus from Biliary ducts
http://loinc.org	87061-8	Guidance for injection of contrast of Biliary ducts
http://loinc.org	87062-6	Guidance for nerve block of Celiac plexus
http://loinc.org	87063-4	Guidance for removal of GJ-tube from Gastrointestinal tract upper
http://loinc.org	87064-2	Guidance for placement of GJ-tube in Gastrointestinal tract upper
http://loinc.org	87065-9	Guidance for placement of G-tube in Gastrointestinal tract upper
http://loinc.org	87066-7	Guidance for percutaneous placement of nephrostomy tube of Kidney
http://loinc.org	87067-5	Guidance for transjugular biopsy of Kidney
http://loinc.org	87068-3	Guidance for transjugular biopsy and venography of Kidney
http://loinc.org	87069-1	Guidance for hemodynamic evaluation of Liver
http://loinc.org	87070-9	Guidance for microwave ablation of Liver
http://loinc.org	87071-7	Guidance for radiofrequency ablation of Liver
http://loinc.org	87072-5	Guidance for placement of TIPS of Liver
http://loinc.org	87073-3	Guidance for revision of TIPS of Liver
http://loinc.org	87074-1	Guidance for transhepatic revision of tube of Liver
http://loinc.org	87075-8	Guidance for transjugular biopsy of Liver
http://loinc.org	87076-6	Guidance for transjugular biopsy and hemodynamic evaluation of Liver
http://loinc.org	87077-4	Guidance for transjugular biopsy and venography of Liver
http://loinc.org	87078-2	Guidance for percutaneous drainage and placement of drainage catheter of Abdomen
http://loinc.org	87079-0	Guidance for paracentesis and insertion of tube of Peritoneum
http://loinc.org	87080-8	Guidance for paracentesis of Peritoneum
http://loinc.org	87081-6	Guidance for placement of catheter in Peritoneum
http://loinc.org	87082-4	Guidance for removal of catheter from Peritoneum
http://loinc.org	87083-2	Guidance for reposition of catheter in Peritoneum
http://loinc.org	87084-0	Guidance for removal of foreign body from Peritoneum
http://loinc.org	87085-7	Guidance for placement of port in Peritoneum
http://loinc.org	87086-5	Guidance for removal of port from Peritoneum
http://loinc.org	87087-3	Guidance for percutaneous transluminal angioplasty of Renal artery
http://loinc.org	87088-1	Guidance for puncture of Lumbar spine
http://loinc.org	87089-9	Guidance for kyphoplasty of Lumbar spine
http://loinc.org	87090-7	Guidance for myelography of Lumbar spine
http://loinc.org	87091-5	Guidance for vertebroplasty of Lumbar spine
http://loinc.org	87092-3	Guidance for placement of venous filter in Inferior vena cava
http://loinc.org	87093-1	Guidance for removal of venous filter from Inferior vena cava
http://loinc.org	87094-9	Guidance for reposition of venous filter in Inferior vena cava
http://loinc.org	87095-6	Guidance for percutaneous transluminal angioplasty of Visceral artery
http://loinc.org	87096-4	Guidance for placement of stent in Visceral artery
http://loinc.org	87097-2	Guidance for placement of peritoneovenous shunt in Chest and Abdomen
http://loinc.org	87098-0	Guidance for removal of peritoneovenous shunt from Chest and Abdomen
http://loinc.org	87099-8	Guidance for revision of peritoneovenous shunt of Chest and Abdomen
http://loinc.org	87100-4	Guidance for percutaneous transluminal angioplasty of Thoracic and abdominal aorta
http://loinc.org	87101-2	Guidance for percutaneous transluminal angioplasty of Brachiocephalic artery
http://loinc.org	87102-0	Guidance for initial day infusion of thrombolytic of Chest-- W thrombolytic via chest tube
http://loinc.org	87103-8	Guidance for infusion of thrombolytic of Chest-- W thrombolytic via CVC
http://loinc.org	87104-6	Guidance for injection of CV catheter of Chest
http://loinc.org	87105-3	Guidance for reposition of CV catheter in Chest
http://loinc.org	87106-1	Guidance for placement of CV catheter with port in Chest
http://loinc.org	87107-9	Guidance for removal of CV catheter with port from Chest
http://loinc.org	87108-7	Guidance for repair of CV catheter with port of Chest
http://loinc.org	87109-5	Guidance for placement of Swan-Ganz catheter in Chest
http://loinc.org	87110-3	Guidance for thoracentesis and insertion of tube of Chest
http://loinc.org	87111-1	Guidance for thoracentesis of Chest
http://loinc.org	87112-9	Guidance for exchange of tunneled CV catheter without port of Chest
http://loinc.org	87113-7	Guidance for placement of tunneled CV catheter without port in Chest
http://loinc.org	87114-5	Guidance for removal of tunneled CV catheter without port from Chest
http://loinc.org	87115-2	Guidance for repair of non-tunneled CV catheter without port of Chest
http://loinc.org	87116-0	Guidance for placement of chest tube in Pleural space
http://loinc.org	87117-8	Guidance for pericardiocentesis of Heart
http://loinc.org	87118-6	Guidance for placement of fiducial marker in Lung
http://loinc.org	87119-4	Guidance for microwave ablation of Lung
http://loinc.org	87120-2	Guidance for radiofrequency ablation of Lung
http://loinc.org	87121-0	Guidance for placement of tunneled catheter in Chest Pleura
http://loinc.org	87122-8	Guidance for kyphoplasty of Thoracic spine
http://loinc.org	87123-6	Guidance for myelography of Thoracic spine
http://loinc.org	87124-4	Guidance for vertebroplasty of Thoracic spine
http://loinc.org	87125-1	Guidance for nerve block of Thoracic spine intercostal nerve
http://loinc.org	87126-9	Guidance for removal of venous filter from Superior vena cava
http://loinc.org	87127-7	Guidance for reposition of venous filter in Superior vena cava
http://loinc.org	87128-5	Guidance for placement of venous filter in Superior vena cava
http://loinc.org	87129-3	Guidance for percutaneous transluminal angioplasty of Lower leg
http://loinc.org	87130-1	Guidance for laser ablation of Extremity vein
http://loinc.org	87131-9	Guidance for greater than 20 stab phlebectomy of Extremity vein
http://loinc.org	87132-7	Guidance for injection of Ankle
http://loinc.org	87133-5	Guidance for percutaneous transluminal angioplasty of Femoral artery and Popliteal artery
http://loinc.org	87134-3	Guidance for placement of stent in Femoral artery and Popliteal artery
http://loinc.org	87135-0	Guidance for injection of Hip
http://loinc.org	87136-8	Guidance for arthrocentesis of Knee
http://loinc.org	87137-6	Guidance for injection of Knee
http://loinc.org	87138-4	Guidance for additional laser ablation of Extremity vein
http://loinc.org	87139-2	Guidance for additional transluminal angioplasty of Lower leg
http://loinc.org	87140-0	Guidance for additional placement of stent of Lower leg vessel
http://loinc.org	87141-8	Guidance for placement of CV catheter with port in Upper extremity
http://loinc.org	87142-6	Guidance for exchange of CV catheter with port of Upper extremity
http://loinc.org	87143-4	Guidance for exchange of peripherally inserted central catheter of Upper extremity
http://loinc.org	87144-2	Guidance for placement of peripherally-inserted central venous catheter in Upper extremity
http://loinc.org	87145-9	Guidance for embolization of Brachial artery
http://loinc.org	87146-7	Guidance for injection of Shoulder
http://loinc.org	87147-5	Guidance for injection of Wrist
http://loinc.org	87148-3	Guidance for injection of thrombin for pseudoaneurysm
http://loinc.org	87149-1	Guidance for exchange of chest tube of Chest
http://loinc.org	87150-9	Guidance for percutaneous transluminal angioplasty of Iliac artery
http://loinc.org	87151-7	Guidance for placement of stent in Iliac artery
http://loinc.org	87152-5	Guidance for exchange of ureterostomy through ileal conduit of Ureter
http://loinc.org	87153-3	Guidance for therapeutic puncture and drainage of Cervical spine
http://loinc.org	87154-1	Guidance for diagnostic puncture of Cervical spine
http://loinc.org	87155-8	Guidance for fine needle aspiration of Thyroid gland
http://loinc.org	87156-6	Guidance for percutaneous biopsy.core needle of Thyroid gland
http://loinc.org	87157-4	Guidance for injection of platelet rich plasma
http://loinc.org	87158-2	Guidance for injection of Tendon
http://loinc.org	87159-0	Guidance for injection of Temporomandibular joint
http://loinc.org	87160-8	Guidance for injection of Spine facet joint
http://loinc.org	87161-6	Guidance for injection of Spine epidural space
http://loinc.org	87162-4	Guidance for placement of needle
http://loinc.org	87163-2	Guidance for placement of endovascular device in Vein
http://loinc.org	87164-0	Guidance for secondary mechanical thrombectomy of Artery
http://loinc.org	87165-7	Guidance for placement of endograft in Iliac artery
http://loinc.org	87166-5	Guidance for percutaneous transluminal angioplasty of Vein
http://loinc.org	87167-3	Guidance for transcatheter biopsy
http://loinc.org	87168-1	Guidance for transcatheter placement of stent
http://loinc.org	87169-9	Guidance for initial mechanical thrombectomy of Artery
http://loinc.org	87170-7	Guidance for ligation of Lymphatic vessel
http://loinc.org	87171-5	Guidance for placement of clip
http://loinc.org	87172-3	Guidance for placement of clip-- preoperative
http://loinc.org	87173-1	Guidance for biopsy of Prostate
http://loinc.org	87174-9	Guidance for biopsy of Muscle
http://loinc.org	87175-6	Guidance for deep drainage and placement of drainage catheter of Pelvis
http://loinc.org	87176-4	Guidance for radiofrequency ablation of Bone
http://loinc.org	87177-2	Guidance for radiofrequency ablation of Chest Pleura
http://loinc.org	87178-0	Guidance for final day of infusion of thrombolytic of Vessel-- W thrombolytic via catheter
http://loinc.org	87179-8	Guidance for fine needle aspiration
http://loinc.org	87180-6	Guidance for dilation of Fallopian tube
http://loinc.org	87181-4	Guidance for embolization of Uterine artery
http://loinc.org	87182-2	Guidance for placement of wire
http://loinc.org	87183-0	Guidance for greater than 2 injections of trigger point of Muscle
http://loinc.org	87184-8	Guidance for percutaneous transluminal angioplasty of arterial anastomosis of Artery
http://loinc.org	87185-5	Guidance for sympathectomy of Nerve
http://loinc.org	87186-3	Guidance for mechanical thrombectomy of central venous catheter lumen obstruction
http://loinc.org	87187-1	Guidance for nerve block of Nerve root
http://loinc.org	87188-9	Guidance for exchange of nephroureteral stent of Kidney and Ureter and Urinary bladder
http://loinc.org	87189-7	Guidance for transurethral removal of nephroureteral stent of Kidney and Ureter and Urinary bladder
http://loinc.org	87190-5	Guidance for percutaneous placement of nephroureteral stent of Kidney and Ureter and Urinary bladder
http://loinc.org	87191-3	Guidance for removal of nephroureteral stent of Kidney and Ureter and Urinary bladder
http://loinc.org	87192-1	Guidance for thrombectomy
http://loinc.org	87193-9	Guidance for initial day infusion of thrombolytic of Artery-- W thrombolytic via catheter
http://loinc.org	87194-7	Guidance for initial mechanical thrombectomy of Vein
http://loinc.org	87195-4	Guidance for initial day infusion of thrombolytic of Vein-- W thrombolytic via catheter
http://loinc.org	87196-2	Guidance for infusion of non-thrombolytic of Vessel
http://loinc.org	87197-0	Guidance for retrieval of foreign body of Vessel
http://loinc.org	87198-8	Guidance for placement of drainage catheter for abscess
http://loinc.org	87199-6	Guidance for substance removal of central venous catheter pericatheter obstruction
http://loinc.org	87200-2	Guidance for placement of stent in Artery
http://loinc.org	87201-0	Guidance for treatment of AV fistula
http://loinc.org	87202-8	Guidance for venous sampling of Vein
http://loinc.org	87203-6	Guidance for transurethral exchange of nephroureteral stent of Kidney and Ureter and Urinary bladder
http://loinc.org	87205-1	Guidance for exchange of non-tunneled CV catheter of Chest
http://loinc.org	87206-9	Guidance for nerve block of Peripheral nerve
http://loinc.org	87279-6	CT Chest for screening
http://loinc.org	87280-4	CTA Abdominal veins and Pelvis veins and Lower extremity veins - bilateral W contrast IV
http://loinc.org	87281-2	CTA Lower extremity veins - bilateral W contrast IV
http://loinc.org	87308-3	Guidance for transhepatic removal of catheter of Biliary ducts
http://loinc.org	87309-1	Guidance for transhepatic placement of catheter of Biliary ducts
http://loinc.org	87310-9	Guidance for transhepatic exchange of catheter of Biliary ducts
http://loinc.org	87311-7	Guidance for embolization for tumor, ischemia or infarction of Vessel
http://loinc.org	87312-5	Guidance for percutaneous transluminal angioplasty for dialysis of Vein
http://loinc.org	8734-6	Left ventricular Cardiac output by Spiral CT
http://loinc.org	8738-7	Left ventricular Cardiac output by MR
http://loinc.org	8748-6	Left ventricular Cardiac index by Spiral CT
http://loinc.org	8752-8	Left ventricular Cardiac index by MR
http://loinc.org	8758-5	Right ventricular Cardiac index by Spiral CT
http://loinc.org	8762-7	Right ventricular Cardiac index by MR
http://loinc.org	8768-4	Left ventricular Stroke volume by Spiral CT
http://loinc.org	8772-6	Left ventricular Stroke volume by MR
http://loinc.org	8778-3	Right ventricular Stroke volume by Spiral CT
http://loinc.org	8782-5	Right ventricular Stroke volume by MR
http://loinc.org	87836-3	CTA Hepatic vessels WO and W contrast IV
http://loinc.org	87837-1	CTA Aortic valve W contrast IV
http://loinc.org	87838-9	CTA Abdominal veins and Pelvis veins W contrast IV
http://loinc.org	87839-7	CTA Pulmonary veins W contrast IV
http://loinc.org	87840-5	CTA Coronary arteries and Pulmonary arteries W contrast IV
http://loinc.org	87841-3	CTA Coronary arteries and Thoracic aorta W contrast IV
http://loinc.org	87842-1	CTA Coronary arteries and Pulmonary arteries and Thoracic aorta W contrast IV
http://loinc.org	87843-9	CTA Pelvis veins and Lower extremity veins - bilateral
http://loinc.org	87844-7	CTA Pelvis veins
http://loinc.org	87845-4	CTA Lower extremity vessels
http://loinc.org	87846-2	CTA Renal vessels WO and W contrast IV
http://loinc.org	87847-0	CT Chest WO and CT angiogram Coronary arteries W contrast IV
http://loinc.org	87848-8	CTA Pulmonary arteries - bilateral and Lower extremity veins - bilateral for pulmonary embolus and deep vein thrombosis W contrast IV
http://loinc.org	87849-6	CTA Pulmonary arteries - bilateral and Lower extremity veins - bilateral for pulmonary embolus and deep vein thrombosis
http://loinc.org	87850-4	CTA Deep inferior epigastric artery WO and W contrast IV
http://loinc.org	87851-2	CTA Mesenteric vessels W contrast IV
http://loinc.org	87852-0	CTA Mesenteric vessels WO and W contrast IV
http://loinc.org	87853-8	CT Abdomen and Pelvis and CT angiogram Abdominal aorta WO and W contrast IV
http://loinc.org	87854-6	CT Abdomen and Pelvis and CT angiogram Abdominal aorta W contrast IV
http://loinc.org	87855-3	CTA Circle of Willis and Carotid arteries WO and W contrast IV
http://loinc.org	87856-1	CTA Circle of Willis and Carotid arteries W contrast IV
http://loinc.org	87857-9	CTA Thoracic and abdominal aorta WO and W contrast IV
http://loinc.org	87858-7	CTA Deep inferior epigastric artery W contrast IV
http://loinc.org	87859-5	CT Thoracic Aorta WO and W contrast IV
http://loinc.org	87860-3	CT Thoracic Aorta WO contrast
http://loinc.org	87861-1	CT Thoracic and abdominal aorta WO and W contrast IV
http://loinc.org	87862-9	CT Abdomen WO and CT Abdomen and Pelvis W contrast IV
http://loinc.org	87863-7	CT Abdomen WO and CT Chest and Abdomen W contrast IV
http://loinc.org	87864-5	CT Abdomen WO and CT Chest and Abdomen and Pelvis W contrast IV
http://loinc.org	87865-2	CT Abdomen and Pelvis WO and CT Chest and Abdomen and Pelvis W contrast IV
http://loinc.org	87866-0	CT Kidney and Ureter and Urinary bladder WO and W contrast IV
http://loinc.org	87867-8	CT Lumbar spine by reconstruction
http://loinc.org	87868-6	CT Lumbar spine by reconstruction WO and W contrast IV
http://loinc.org	87869-4	CT Chest and Abdomen and Pelvis
http://loinc.org	87870-2	CT Cervical spine to Coccyx WO and W contrast IV
http://loinc.org	87871-0	CT Clavicle - left
http://loinc.org	87872-8	CT Clavicle - right
http://loinc.org	87873-6	CT Lung parenchyma WO and W contrast IV
http://loinc.org	87874-4	CT Mediastinum W contrast IV
http://loinc.org	87875-1	CT Thoracic spine by reconstruction
http://loinc.org	87876-9	CT Thymus gland
http://loinc.org	87877-7	CT Neck and Chest WO contrast
http://loinc.org	87878-5	CT Knee - bilateral Arthrogram
http://loinc.org	87879-3	CT Lower leg - bilateral WO contrast
http://loinc.org	8788-2	Left ventricular Stroke volume index by Spiral CT
http://loinc.org	87880-1	CT Thigh - bilateral W contrast IV
http://loinc.org	87881-9	CT Thigh - bilateral WO contrast
http://loinc.org	87882-7	CT Lower leg - left
http://loinc.org	87883-5	CT Upper extremity - bilateral WO and W contrast IV
http://loinc.org	87884-3	CT Shoulder - bilateral Arthrogram
http://loinc.org	87885-0	CT Upper arm - bilateral WO contrast
http://loinc.org	87886-8	CT Finger fifth - left WO contrast
http://loinc.org	87887-6	CT Finger fourth - left W contrast IV
http://loinc.org	87888-4	CT Finger second - left WO contrast
http://loinc.org	87889-2	CT Thumb - left WO contrast
http://loinc.org	87890-0	CT Finger fifth - right WO contrast
http://loinc.org	87891-8	CT Finger fourth - right WO contrast
http://loinc.org	87892-6	CT Finger second - right WO contrast
http://loinc.org	87893-4	CT Finger third - right WO contrast
http://loinc.org	87894-2	CT Thumb - right WO contrast
http://loinc.org	87895-9	CT Finger WO contrast
http://loinc.org	87896-7	CT Teeth W contrast IV
http://loinc.org	87897-5	CT Head and Pituitary and Sella turcica W contrast IV
http://loinc.org	87898-3	CT Teeth.maxilla WO contrast
http://loinc.org	87899-1	CT Teeth.mandible WO contrast
http://loinc.org	87900-7	CT Mastoid W contrast IV
http://loinc.org	87901-5	CT Temporal bone - bilateral WO and W contrast IV
http://loinc.org	87902-3	CT Temporal bone - bilateral W contrast IV
http://loinc.org	87903-1	CT Temporal bone - bilateral WO contrast
http://loinc.org	87904-9	CT Temporomandibular joint - bilateral WO contrast
http://loinc.org	87905-6	PET+CT Guidance for localization of tumor of Head and Neck-- W 18F-FDG IV
http://loinc.org	87907-2	PET+CT Brain for amyloidosis
http://loinc.org	87908-0	CT Head and Maxillofacial region W contrast IV
http://loinc.org	87909-8	CT Temporomandibular joint Arthrogram
http://loinc.org	87910-6	CT Head and Sinuses WO and W contrast IV
http://loinc.org	87911-4	CT Head and Maxillofacial region WO and W contrast IV
http://loinc.org	87912-2	CT Sinuses and Orbit WO contrast
http://loinc.org	87913-0	CT Pelvis by reconstruction
http://loinc.org	87914-8	CT Pelvis bones WO and W contrast IV
http://loinc.org	87915-5	PET+CT Guidance for localization of tumor of Skull vertex to mid-thigh-- W 18F-FDG IV and W contrast IV
http://loinc.org	87916-3	CT Guidance for injection of cyst of Unspecified body region
http://loinc.org	87917-1	CT Pelvis bones WO contrast
http://loinc.org	87918-9	CT Parathyroid gland WO and W contrast IV
http://loinc.org	87919-7	CT Pelvis bones
http://loinc.org	8792-4	Left ventricular Stroke volume index by MR
http://loinc.org	87920-5	CT Pelvis bones W contrast IV
http://loinc.org	87921-3	CT Trachea WO contrast
http://loinc.org	87922-1	CT Cervical and thoracic spine W contrast IT
http://loinc.org	8798-1	Right ventricular Stroke volume index by Spiral CT
http://loinc.org	8802-1	Right ventricular Stroke volume index by MR
http://loinc.org	8810-4	Left ventricular Ejection fraction by Spiral CT
http://loinc.org	8811-2	Left ventricular Ejection fraction by MR
http://loinc.org	8818-7	Right ventricular Ejection fraction by MR
http://loinc.org	88242-3	Guidance for infusion of non-thrombolytic of Head Arteries
http://loinc.org	88243-1	Guidance for removal of tunneled catheter from Chest Pleura
http://loinc.org	88315-7	CT Head WO contrast and CT Brain for perfusion W contrast IV and CT angiogram Head and neck vessels W contrast IV
http://loinc.org	88316-5	CT Guidance for biopsy of Spinal cord
http://loinc.org	88317-3	CT Guidance for fluid aspiration of Chest
http://loinc.org	88318-1	CTA Coronary arteries and Pulmonary veins W contrast IV
http://loinc.org	88319-9	CT Abdomen and Pelvis and Lower extremity - bilateral W contrast IV
http://loinc.org	88320-7	CT Neck W contrast IV and CT angiogram Head and neck vessels W contrast IV
http://loinc.org	88321-5	CT Guidance for stereotactic localization of Unspecified body region
http://loinc.org	88322-3	CT Chest W contrast IV and CT angiogram Pulmonary arteries for pulmonary embolus W contrast IV
http://loinc.org	88323-1	CT Guidance for biopsy of Kidney - right
http://loinc.org	88324-9	CT Guidance for biopsy of Lung - left
http://loinc.org	88325-6	CT Guidance for biopsy of Kidney - left
http://loinc.org	88326-4	CT Head WO contrast and CT Brain for perfusion W contrast IV and CT angiogram Head vessels W contrast IV
http://loinc.org	88327-2	CT Head W contrast IV and CT angiogram Head and neck vessels W contrast IV
http://loinc.org	88349-6	Guidance-- during surgery
http://loinc.org	88526-9	CT Guidance for biopsy of Lung - right
http://loinc.org	88831-3	RF Kidney - right and Ureter Views W contrast retrograde intra ureter
http://loinc.org	88832-1	RF Kidney - left and Ureter Views W contrast retrograde intra ureter
http://loinc.org	88833-9	RF Kidney - bilateral and Ureter Views W contrast retrograde intra ureter
http://loinc.org	88834-7	RF Guidance for dilation of nephrostomy tract, ureter, or urethra
http://loinc.org	88929-5	Guidance for additional transluminal angioplasty of Vein
http://loinc.org	88930-3	Guidance for dilation of stricture and placement of stent of Biliary ducts-- W contrast IV
http://loinc.org	88931-1	Guidance for embolization for tumor of Hepatic artery-- W embolic agent IA
http://loinc.org	88932-9	Guidance for embolization for tumor of Spinal artery-- W embolic agent IA
http://loinc.org	88933-7	Guidance for embolization of Portal vein-- W embolic agent IV
http://loinc.org	88934-5	Guidance for embolization of Splenic artery-- W embolic agent IA
http://loinc.org	88935-2	Guidance for chemoembolization of Hepatic artery-- W chemotherapy IA+W embolic agent IA
http://loinc.org	88936-0	Guidance for injection of Hepatic artery-- W Tc-99m MAA IA
http://loinc.org	88937-8	Guidance for placement of stent in Biliary ducts
http://loinc.org	88938-6	Guidance for placement of stent in Ureter
http://loinc.org	88939-4	Guidance for radioembolization for tumor of Hepatic artery-- W Yttrium-90 IA
http://loinc.org	88940-2	Guidance for repair of aneurysm of Abdominal Aorta
http://loinc.org	88941-0	Guidance for repair of aneurysm of Thoracic Aorta
http://loinc.org	88942-8	Guidance for repair of endoleak of Artery
http://loinc.org	88943-6	Guidance for venous sampling of Adrenal vein
http://loinc.org	88944-4	NM Lung and Liver Views for AV shunt W Tc-99m MAA+W intraarterial hepatic injection
http://loinc.org	89283-6	CT Neck+Chest+Abdomen+Pelvis W contrast IV
http://loinc.org	89284-4	MR Cervical and thoracic spine W contrast IV
http://loinc.org	89602-7	CT Guidance for aspiration of cyst of Kidney - left
http://loinc.org	89603-5	CT Guidance for aspiration of cyst of Kidney - right
http://loinc.org	89604-3	CT Guidance for aspiration of cyst of Kidney - bilateral
http://loinc.org	89605-0	CT Guidance for ablation of tissue of Kidney - right
http://loinc.org	89606-8	CT Guidance for ablation of tissue of Kidney - left
http://loinc.org	89607-6	CT Guidance for fluid aspiration of Lung - right
http://loinc.org	89608-4	CT Guidance for fluid aspiration of Lung - left
http://loinc.org	89609-2	CT Guidance for fluid aspiration of Pericardial space
http://loinc.org	89610-0	CT Guidance for placement of catheter in Peritoneal space
http://loinc.org	89611-8	CT Guidance for fluid aspiration of Pleural space - right
http://loinc.org	89612-6	CT Guidance for fluid aspiration of Pleural space - left
http://loinc.org	89613-4	CT Guidance for drainage and placement of drainage catheter of Abdomen-- WO contrast
http://loinc.org	89614-2	CT Guidance for biopsy of Kidney-- WO contrast
http://loinc.org	89615-9	CT Guidance for drainage and placement of drainage catheter of Abdomen-- W contrast IV
http://loinc.org	89616-7	CT Guidance for aspiration of cyst of Pancreas-- WO contrast
http://loinc.org	89617-5	CT Guidance for aspiration of cyst of Kidney-- W contrast IV
http://loinc.org	89618-3	CT Guidance for aspiration of cyst of Kidney-- WO contrast
http://loinc.org	89619-1	CT Guidance for biopsy of Pancreas-- W contrast IV
http://loinc.org	89620-9	CT Guidance for biopsy of Abdomen-- W contrast IV
http://loinc.org	89621-7	CT Guidance for biopsy of Kidney-- W contrast IV
http://loinc.org	89622-5	CT Guidance for fluid aspiration of Peritoneal space
http://loinc.org	89623-3	CT Guidance for drainage and placement of drainage catheter of Peritoneal space
http://loinc.org	89624-1	CT Guidance for drainage of abscess and placement of drainage catheter of Peritoneal space
http://loinc.org	89625-8	CT Guidance for aspiration of cyst of Kidney
http://loinc.org	89626-6	CTA Abdominal, Pelvis and Lower extremity vessels W contrast IV
http://loinc.org	89627-4	CT Guidance for aspiration of cyst of Ileum - right
http://loinc.org	89628-2	CT Guidance for aspiration of cyst of Ileum - left
http://loinc.org	89629-0	CT Guidance for aspiration of cyst of Lung - left
http://loinc.org	89630-8	CT Guidance for aspiration of cyst of Lung - right
http://loinc.org	89631-6	SPECT+CT Guidance for localization of tumor of Whole body
http://loinc.org	89695-1	CT Guidance for drainage and placement of drainage catheter of Pelvis-- WO contrast
http://loinc.org	89696-9	CT Guidance for drainage and placement of drainage catheter of Pelvis-- W contrast IV
http://loinc.org	89697-7	CT Guidance for drainage of pseudocyst and placement of drainage catheter of Pancreas
http://loinc.org	89698-5	CT Guidance for injection of Ankle - right
http://loinc.org	89699-3	CT Guidance for injection of Ankle - left
http://loinc.org	89700-9	CT Guidance for injection of Hip - right
http://loinc.org	89701-7	CT Guidance for injection of Hip - left
http://loinc.org	89702-5	CT Guidance for injection of Shoulder - bilateral
http://loinc.org	89703-3	CT Guidance for injection of Shoulder - left
http://loinc.org	89704-1	CT Guidance for injection of Shoulder - right
http://loinc.org	89705-8	CT Guidance for injection of Wrist - left
http://loinc.org	89706-6	CT Guidance for injection of Knee - bilateral
http://loinc.org	89707-4	CT Guidance for injection of Knee - right
http://loinc.org	89708-2	CT Guidance for injection of Knee - left
http://loinc.org	89709-0	CT Guidance for greater than 2 levels for injection of Spine facet joint
http://loinc.org	89710-8	CT Guidance for 2 levels injection of Spine facet joint
http://loinc.org	89711-6	CT Guidance for 1 level injection of Spine facet joint
http://loinc.org	89712-4	PET+CT Guidance for limited for localization of tumor of Unspecified body region-- W 18F-FDG IV and W contrast IV
http://loinc.org	89713-2	CT Upper extremity joint - right Arthrogram
http://loinc.org	89714-0	CT Upper extremity joint - left Arthrogram
http://loinc.org	89715-7	CT Lower extremity joint - right Arthrogram
http://loinc.org	89716-5	CT Lower extremity joint - left Arthrogram
http://loinc.org	89717-3	CT Guidance for stereotactic localization of Unspecified body region-- WO and W contrast IV
http://loinc.org	89718-1	CT Guidance for stereotactic localization of Unspecified body region-- W contrast IV
http://loinc.org	89719-9	CT Guidance for drainage of abscess and placement of drainage catheter of Lung - right
http://loinc.org	89720-7	CT Guidance for drainage of abscess and placement of drainage catheter of Lung - left
http://loinc.org	89721-5	CT Guidance for drainage of abscess and placement of drainage catheter of Retroperitoneum
http://loinc.org	89722-3	CTA Upper extremity veins - left W contrast IV
http://loinc.org	89723-1	CTA Upper extremity veins - right W contrast IV
http://loinc.org	89827-0	CT Spine Lumbar and Sacrum WO and W contrast IV
http://loinc.org	89828-8	CT Guidance for superficial biopsy of Muscle
http://loinc.org	89829-6	CT Guidance for biopsy of Retroperitoneum-- WO contrast
http://loinc.org	89830-4	CT Guidance for biopsy of Retroperitoneum-- W contrast IV
http://loinc.org	89831-2	CT Guidance for drainage and placement of drainage catheter of Subphrenic space
http://loinc.org	89832-0	CT Guidance for deep biopsy of Tissue
http://loinc.org	89833-8	CT Unspecified body region by reconstruction
http://loinc.org	89834-6	CT Clavicle - bilateral WO contrast
http://loinc.org	89835-3	CT Brachial plexus W contrast IV
http://loinc.org	89836-1	CT Brachial plexus WO contrast
http://loinc.org	89837-9	CT Temporal bone - left WO and W contrast IV
http://loinc.org	89838-7	CT Temporal bone - right WO and W contrast IV
http://loinc.org	89839-5	CT Guidance for biopsy of Sternum
http://loinc.org	89840-3	CT Lumbosacral plexus WO contrast
http://loinc.org	89841-1	CTA Upper extremity vessels - bilateral WO and W contrast IV
http://loinc.org	89842-9	SPECT+CT Whole body
http://loinc.org	89844-5	CT Head and Temporal bone WO and W contrast IV
http://loinc.org	89845-2	CT Head and Orbit - bilateral WO and W contrast IV
http://loinc.org	89846-0	CT Midfoot - left and Forefoot - left WO and W contrast IV
http://loinc.org	89847-8	CT Midfoot - right and Forefoot - right
http://loinc.org	89848-6	CT Midfoot - right WO and W contrast IV
http://loinc.org	89849-4	CT Finger - right WO contrast
http://loinc.org	89850-2	CT Finger - left WO contrast
http://loinc.org	89851-0	CTA Unspecified body region limited
http://loinc.org	89852-8	CT Unspecified body region limited W contrast IV
http://loinc.org	89853-6	CT Unspecified body region limited WO contrast
http://loinc.org	89854-4	CT Guidance for drainage of abscess and placement of drainage catheter of Perirenal space - left
http://loinc.org	89855-1	CT Guidance for drainage of abscess and placement of drainage catheter of Perirenal space - right
http://loinc.org	89856-9	CT Guidance for stereotactic localization of Unspecified body region-- WO contrast
http://loinc.org	89857-7	CT Guidance for biopsy of Pleura - right
http://loinc.org	89858-5	CT Guidance for biopsy of Pleura - left
http://loinc.org	89859-3	CT Guidance for transrectal drainage of abscess of Pelvis
http://loinc.org	89860-1	CT Chest W inspiration and expiration
http://loinc.org	89925-2	CT Pelvis and Lower extremity - bilateral WO and W contrast IV
http://loinc.org	89927-8	CT Heart and aortic root WO contrast for calcium scoring + CTA W contrast IV
http://loinc.org	89928-6	CT Guidance for fluid aspiration of Lumbar spine Intervertebral disc
http://loinc.org	89929-4	CT Guidance for fluid aspiration of Intervertebral disc
http://loinc.org	89930-2	CT Guidance for radiofrequency ablation of Bone
http://loinc.org	89931-0	CT Guidance for drainage and placement of drainage catheter of Perirectal region
http://loinc.org	89932-8	CT Guidance for deep placement of needle of Unspecified body region
http://loinc.org	89952-6	CT Guidance for arthrocentesis of Sacroiliac joint - right
http://loinc.org	89953-4	CT Guidance for arthrocentesis of Shoulder - right
http://loinc.org	89954-2	CT Guidance for arthrocentesis of Shoulder - left
http://loinc.org	89955-9	CT Guidance for arthrocentesis of Hip - bilateral
http://loinc.org	89956-7	CT Guidance for arthrocentesis of Hip - left
http://loinc.org	89957-5	CT Guidance for arthrocentesis of Hip - right
http://loinc.org	89958-3	CT Guidance for cryoablation of Pelvis
http://loinc.org	89959-1	CT Guidance for biopsy of Soft tissue
http://loinc.org	89960-9	CT Guidance for drainage of abscess and placement of drainage catheter of Kidney - right
http://loinc.org	89961-7	CT Guidance for drainage of abscess and placement of drainage catheter of Kidney - left
http://loinc.org	89962-5	CT Guidance for radiofrequency ablation of Lung
http://loinc.org	90307-0	CT Guidance for injection of Foot joint - right
http://loinc.org	90308-8	CT Guidance for needle localization of Thoracic spine
http://loinc.org	90309-6	CT Guidance for drainage and placement of drainage catheter of Lung - right
http://loinc.org	90310-4	CT Guidance for drainage and placement of drainage catheter of Retroperitoneum-- WO contrast
http://loinc.org	90311-2	CT Guidance for percutaneous replacement of drainage catheter of Unspecified body region
http://loinc.org	90312-0	SPECT+CT Skeletal system
http://loinc.org	90313-8	CT Guidance for drainage and placement of chest tube of Pleural space - left
http://loinc.org	90314-6	CT Guidance for drainage and placement of drainage catheter of Retroperitoneum-- W contrast IV
http://loinc.org	90315-3	CT Guidance for deep biopsy of Soft tissue
http://loinc.org	90316-1	CT Guidance for superficial biopsy of Soft tissue
http://loinc.org	90317-9	CT Guidance for drainage and placement of drainage catheter of Lower extremity - left
http://loinc.org	90318-7	CT Guidance for drainage and placement of drainage catheter of Lower extremity - right
http://loinc.org	90319-5	CT Guidance for drainage and placement of drainage catheter of Lung - left
http://loinc.org	90334-4	CT Guidance for injection of Spine Thoracic Facet Joint
http://loinc.org	90335-1	CT Guidance for injection of Lumbar Spine Facet Joint
http://loinc.org	90336-9	CT Guidance for injection of Muscle
http://loinc.org	90351-8	Radiology Postoperative evaluation and management note
http://loinc.org	90352-6	CT Head and CT Brain for perfusion and CT angiogram Head vessels WO and W contrast IV
http://loinc.org	90372-4	CT Guidance for injection of Tendon
http://loinc.org	90373-2	CT Guidance for injection of Tendon or ligament
http://loinc.org	94524-6	Interventional radiology Discharge summary
http://loinc.org	94678-0	NM Liver and Biliary ducts and Gallbladder Views for patency
http://loinc.org	94679-8	XR Chest Single View and Abdomen Supine and Upright and Lateral-decubitus
http://loinc.org	94680-6	US.doppler Thoracic and Abdominal Aorta and Inferior Vena Cava and Illiac vessels limited
http://loinc.org	94681-4	US.doppler Thoracic and Abdominal Aorta and Inferior Vena Cava and Illiac vessels
http://loinc.org	94682-2	XR Calcaneus GE 2 Views
http://loinc.org	94683-0	XR Pelvis and Hip - unilateral GE 2 Views
http://loinc.org	94684-8	XR Spine Lumbar and Sacrum GE 6 Views W right bending and W left bending
http://loinc.org	94685-5	XR Ribs - unilateral GE 3 Views and Chest PA
http://loinc.org	94686-3	MR Brain WO and W contrast IV and MRA Brain WO contrast
http://loinc.org	94687-1	CTA Abdominal vessels and Pelvis vessels WO contrast
http://loinc.org	94688-9	CTA Neck vessels and Chest vessels WO and W contrast IV
http://loinc.org	94787-9	Interventional radiology Telehealth Note
http://loinc.org	95558-3	CT attenuation of adrenal mass
http://loinc.org	95610-2	XR Teeth Complete Views
http://loinc.org	95611-0	XR Teeth Occlusal Views
http://loinc.org	95612-8	Portable XR Unspecified body region Views
http://loinc.org	95923-9	MR Heart W stress and W contrast IV
http://loinc.org	95924-7	CT Skeletal system Multisection for bone density
http://loinc.org	95925-4	CT Skeletal system.axial Multisection for bone density
http://loinc.org	95926-2	CT Skeletal system.peripheral Multisection for bone density
http://loinc.org	95927-0	CT Radius Multisection for bone density
http://loinc.org	95928-8	CT Wrist Multisection for bone density
http://loinc.org	95929-6	CT Calcaneus Multisection for bone density
http://loinc.org	96174-8	Interventional radiology Evaluation note
http://loinc.org	96347-0	Radiology Consent Document
http://loinc.org	96348-8	Radiology Outpatient Note
http://loinc.org	96912-1	Calculated CT global noise
http://loinc.org	96913-9	Calculated CT size-adjusted dose
http://loinc.org	96914-7	CT dose and image quality category
http://loinc.org	96915-4	CT quality measure out of range
http://loinc.org	96916-2	CT Average diameter on axial mid-scan image
http://loinc.org	96917-0	CT Average diameter on frontal scout image
