system	code	display
http://hl7.org/fhir/sid/icd-10-cm	code	display
http://hl7.org/fhir/sid/icd-10-cm	A80.0	Acute paralytic poliomyelitis, vaccine-associated
http://hl7.org/fhir/sid/icd-10-cm	A80.1	Acute paralytic poliomyelitis, wild virus, imported
http://hl7.org/fhir/sid/icd-10-cm	A80.2	Acute paralytic poliomyelitis, wild virus, indigenous
http://hl7.org/fhir/sid/icd-10-cm	A80.30	Acute paralytic poliomyelitis, unspecified
http://hl7.org/fhir/sid/icd-10-cm	A80.39	Other acute paralytic poliomyelitis
http://hl7.org/fhir/sid/icd-10-cm	A80.4	Acute nonparalytic poliomyelitis
http://hl7.org/fhir/sid/icd-10-cm	A80.9	Acute poliomyelitis, unspecified
http://hl7.org/fhir/sid/icd-10-cm	A81.00	Creutzfeldt-Jakob disease, unspecified
http://hl7.org/fhir/sid/icd-10-cm	A81.01	Variant Creutzfeldt-Jakob disease
http://hl7.org/fhir/sid/icd-10-cm	A81.09	Other Creutzfeldt-Jakob disease
http://hl7.org/fhir/sid/icd-10-cm	A81.2	Progressive multifocal leukoencephalopathy
http://hl7.org/fhir/sid/icd-10-cm	A81.81	Kuru
http://hl7.org/fhir/sid/icd-10-cm	A81.82	Gerstmann-Sträussler-Scheinker syndrome
http://hl7.org/fhir/sid/icd-10-cm	A81.83	Fatal familial insomnia
http://hl7.org/fhir/sid/icd-10-cm	A81.89	Other atypical virus infections of central nervous system
http://hl7.org/fhir/sid/icd-10-cm	A81.9	Atypical virus infection of central nervous system, unspecified
http://hl7.org/fhir/sid/icd-10-cm	A88.0	Enteroviral exanthematous fever [Boston exanthem]
http://hl7.org/fhir/sid/icd-10-cm	A88.1	Epidemic vertigo
http://hl7.org/fhir/sid/icd-10-cm	A88.8	Other specified viral infections of central nervous system
http://hl7.org/fhir/sid/icd-10-cm	B27.01	Gammaherpesviral mononucleosis with polyneuropathy
http://hl7.org/fhir/sid/icd-10-cm	B27.11	Cytomegaloviral mononucleosis with polyneuropathy
http://hl7.org/fhir/sid/icd-10-cm	B27.81	Other infectious mononucleosis with polyneuropathy
http://hl7.org/fhir/sid/icd-10-cm	B27.91	Infectious mononucleosis, unspecified with polyneuropathy
http://hl7.org/fhir/sid/icd-10-cm	B91	Sequelae of poliomyelitis
http://hl7.org/fhir/sid/icd-10-cm	E75.00	GM2 gangliosidosis, unspecified
http://hl7.org/fhir/sid/icd-10-cm	E75.01	Sandhoff disease
http://hl7.org/fhir/sid/icd-10-cm	E75.02	Tay-Sachs disease
http://hl7.org/fhir/sid/icd-10-cm	E75.09	Other GM2 gangliosidosis
http://hl7.org/fhir/sid/icd-10-cm	E75.10	Unspecified gangliosidosis
http://hl7.org/fhir/sid/icd-10-cm	E75.11	Mucolipidosis IV
http://hl7.org/fhir/sid/icd-10-cm	E75.19	Other gangliosidosis
http://hl7.org/fhir/sid/icd-10-cm	E75.23	Krabbe disease
http://hl7.org/fhir/sid/icd-10-cm	E75.25	Metachromatic leukodystrophy
http://hl7.org/fhir/sid/icd-10-cm	E75.26	Sulfatase deficiency
http://hl7.org/fhir/sid/icd-10-cm	E75.29	Other sphingolipidosis
http://hl7.org/fhir/sid/icd-10-cm	E75.4	Neuronal ceroid lipofuscinosis
http://hl7.org/fhir/sid/icd-10-cm	G04.1	Tropical spastic paraplegia
http://hl7.org/fhir/sid/icd-10-cm	G06.0	Intracranial abscess and granuloma
http://hl7.org/fhir/sid/icd-10-cm	G06.1	Intraspinal abscess and granuloma
http://hl7.org/fhir/sid/icd-10-cm	G06.2	Extradural and subdural abscess, unspecified
http://hl7.org/fhir/sid/icd-10-cm	G07	Intracranial and intraspinal abscess and granuloma in diseases classified elsewhere
http://hl7.org/fhir/sid/icd-10-cm	G08	Intracranial and intraspinal phlebitis and thrombophlebitis
http://hl7.org/fhir/sid/icd-10-cm	G09	Sequelae of inflammatory diseases of central nervous system
http://hl7.org/fhir/sid/icd-10-cm	G10	Huntingtons disease
http://hl7.org/fhir/sid/icd-10-cm	G11.0	Congenital nonprogressive ataxia
http://hl7.org/fhir/sid/icd-10-cm	G11.1	Early-onset cerebellar ataxia
http://hl7.org/fhir/sid/icd-10-cm	G11.2	Late-onset cerebellar ataxia
http://hl7.org/fhir/sid/icd-10-cm	G11.3	Cerebellar ataxia with defective DNA repair
http://hl7.org/fhir/sid/icd-10-cm	G11.4	Hereditary spastic paraplegia
http://hl7.org/fhir/sid/icd-10-cm	G11.8	Other hereditary ataxias
http://hl7.org/fhir/sid/icd-10-cm	G11.9	Hereditary ataxia, unspecified
http://hl7.org/fhir/sid/icd-10-cm	G12.0	Infantile spinal muscular atrophy, type I [Werdnig-Hoffman]
http://hl7.org/fhir/sid/icd-10-cm	G12.1	Other inherited spinal muscular atrophy
http://hl7.org/fhir/sid/icd-10-cm	G12.20	Motor neuron disease, unspecified
http://hl7.org/fhir/sid/icd-10-cm	G12.21	Amyotrophic lateral sclerosis
http://hl7.org/fhir/sid/icd-10-cm	G12.22	Progressive bulbar palsy
http://hl7.org/fhir/sid/icd-10-cm	G12.23	Primary lateral sclerosis
http://hl7.org/fhir/sid/icd-10-cm	G12.24	Familial motor neuron disease
http://hl7.org/fhir/sid/icd-10-cm	G12.25	Progressive spinal muscle atrophy
http://hl7.org/fhir/sid/icd-10-cm	G12.29	Other motor neuron disease
http://hl7.org/fhir/sid/icd-10-cm	G12.8	Other spinal muscular atrophies and related syndromes
http://hl7.org/fhir/sid/icd-10-cm	G12.9	Spinal muscular atrophy, unspecified
http://hl7.org/fhir/sid/icd-10-cm	G13.0	Paraneoplastic neuromyopathy and neuropathy
http://hl7.org/fhir/sid/icd-10-cm	G13.1	Other systemic atrophy primarily affecting central nervous system in neoplastic disease
http://hl7.org/fhir/sid/icd-10-cm	G13.2	Systemic atrophy primarily affecting the central nervous system in myxedema
http://hl7.org/fhir/sid/icd-10-cm	G13.8	Systemic atrophy primarily affecting central nervous system in other diseases classified elsewhere
http://hl7.org/fhir/sid/icd-10-cm	G14	Postpolio syndrome
http://hl7.org/fhir/sid/icd-10-cm	G20	Parkinsons disease
http://hl7.org/fhir/sid/icd-10-cm	G21.0	Malignant neuroleptic syndrome
http://hl7.org/fhir/sid/icd-10-cm	G21.11	Neuroleptic induced parkinsonism
http://hl7.org/fhir/sid/icd-10-cm	G21.19	Other drug induced secondary parkinsonism
http://hl7.org/fhir/sid/icd-10-cm	G21.2	Secondary parkinsonism due to other external agents
http://hl7.org/fhir/sid/icd-10-cm	G21.3	Postencephalitic parkinsonism
http://hl7.org/fhir/sid/icd-10-cm	G21.4	Vascular parkinsonism
http://hl7.org/fhir/sid/icd-10-cm	G21.8	Other secondary parkinsonism
http://hl7.org/fhir/sid/icd-10-cm	G21.9	Secondary parkinsonism, unspecified
http://hl7.org/fhir/sid/icd-10-cm	G23.0	Hallervorden-Spatz disease
http://hl7.org/fhir/sid/icd-10-cm	G23.1	Progressive supranuclear ophthalmoplegia [Steele-Richardson-Olszewski]
http://hl7.org/fhir/sid/icd-10-cm	G23.2	Striatonigral degeneration
http://hl7.org/fhir/sid/icd-10-cm	G23.8	Other specified degenerative diseases of basal ganglia
http://hl7.org/fhir/sid/icd-10-cm	G23.9	Degenerative disease of basal ganglia, unspecified
http://hl7.org/fhir/sid/icd-10-cm	G24.01	Drug induced subacute dyskinesia
http://hl7.org/fhir/sid/icd-10-cm	G24.02	Drug induced acute dystonia
http://hl7.org/fhir/sid/icd-10-cm	G24.09	Other drug induced dystonia
http://hl7.org/fhir/sid/icd-10-cm	G24.1	Genetic torsion dystonia
http://hl7.org/fhir/sid/icd-10-cm	G24.2	Idiopathic nonfamilial dystonia
http://hl7.org/fhir/sid/icd-10-cm	G24.3	Spasmodic torticollis
http://hl7.org/fhir/sid/icd-10-cm	G24.4	Idiopathic orofacial dystonia
http://hl7.org/fhir/sid/icd-10-cm	G24.5	Blepharospasm
http://hl7.org/fhir/sid/icd-10-cm	G24.8	Other dystonia
http://hl7.org/fhir/sid/icd-10-cm	G24.9	Dystonia, unspecified
http://hl7.org/fhir/sid/icd-10-cm	G25.0	Essential tremor
http://hl7.org/fhir/sid/icd-10-cm	G25.1	Drug-induced tremor
http://hl7.org/fhir/sid/icd-10-cm	G25.2	Other specified forms of tremor
http://hl7.org/fhir/sid/icd-10-cm	G25.3	Myoclonus
http://hl7.org/fhir/sid/icd-10-cm	G25.4	Drug-induced chorea
http://hl7.org/fhir/sid/icd-10-cm	G25.5	Other chorea
http://hl7.org/fhir/sid/icd-10-cm	G25.61	Drug induced tics
http://hl7.org/fhir/sid/icd-10-cm	G25.69	Other tics of organic origin
http://hl7.org/fhir/sid/icd-10-cm	G25.70	Drug induced movement disorder, unspecified
http://hl7.org/fhir/sid/icd-10-cm	G25.71	Drug induced akathisia
http://hl7.org/fhir/sid/icd-10-cm	G25.79	Other drug induced movement disorders
http://hl7.org/fhir/sid/icd-10-cm	G25.81	Restless legs syndrome
http://hl7.org/fhir/sid/icd-10-cm	G25.82	Stiff-man syndrome
http://hl7.org/fhir/sid/icd-10-cm	G25.83	Benign shuddering attacks
http://hl7.org/fhir/sid/icd-10-cm	G25.89	Other specified extrapyramidal and movement disorders
http://hl7.org/fhir/sid/icd-10-cm	G25.9	Extrapyramidal and movement disorder, unspecified
http://hl7.org/fhir/sid/icd-10-cm	G26	Extrapyramidal and movement disorders in diseases classified elsewhere
http://hl7.org/fhir/sid/icd-10-cm	G31.2	Degeneration of nervous system due to alcohol
http://hl7.org/fhir/sid/icd-10-cm	G31.81	Alpers disease
http://hl7.org/fhir/sid/icd-10-cm	G31.82	Leighs disease
http://hl7.org/fhir/sid/icd-10-cm	G31.84	Mild cognitive impairment of uncertain or unknown etiology
http://hl7.org/fhir/sid/icd-10-cm	G31.85	Corticobasal degeneration
http://hl7.org/fhir/sid/icd-10-cm	G31.89	Other specified degenerative diseases of nervous system
http://hl7.org/fhir/sid/icd-10-cm	G31.9	Degenerative disease of nervous system, unspecified
http://hl7.org/fhir/sid/icd-10-cm	G32.0	Subacute combined degeneration of spinal cord in diseases classified elsewhere
http://hl7.org/fhir/sid/icd-10-cm	G32.81	Cerebellar ataxia in diseases classified elsewhere
http://hl7.org/fhir/sid/icd-10-cm	G32.89	Other specified degenerative disorders of nervous system in diseases classified elsewhere
http://hl7.org/fhir/sid/icd-10-cm	G35	Multiple sclerosis
http://hl7.org/fhir/sid/icd-10-cm	G36.0	Neuromyelitis optica [Devic]
http://hl7.org/fhir/sid/icd-10-cm	G36.1	Acute and subacute hemorrhagic leukoencephalitis [Hurst]
http://hl7.org/fhir/sid/icd-10-cm	G36.8	Other specified acute disseminated demyelination
http://hl7.org/fhir/sid/icd-10-cm	G36.9	Acute disseminated demyelination, unspecified
http://hl7.org/fhir/sid/icd-10-cm	G37.0	Diffuse sclerosis of central nervous system
http://hl7.org/fhir/sid/icd-10-cm	G37.1	Central demyelination of corpus callosum
http://hl7.org/fhir/sid/icd-10-cm	G37.2	Central pontine myelinolysis
http://hl7.org/fhir/sid/icd-10-cm	G37.3	Acute transverse myelitis in demyelinating disease of central nervous system
http://hl7.org/fhir/sid/icd-10-cm	G37.4	Subacute necrotizing myelitis of central nervous system
http://hl7.org/fhir/sid/icd-10-cm	G37.5	Concentric sclerosis [Balo] of central nervous system
http://hl7.org/fhir/sid/icd-10-cm	G37.8	Other specified demyelinating diseases of central nervous system
http://hl7.org/fhir/sid/icd-10-cm	G37.9	Demyelinating disease of central nervous system, unspecified
http://hl7.org/fhir/sid/icd-10-cm	G40.001	Localization-related (focal) (partial) idiopathic epilepsy and epileptic syndromes with seizures of localized onset, not intractable, with status epilepticus
http://hl7.org/fhir/sid/icd-10-cm	G40.009	Localization-related (focal) (partial) idiopathic epilepsy and epileptic syndromes with seizures of localized onset, not intractable, without status epilepticus
http://hl7.org/fhir/sid/icd-10-cm	G40.011	Localization-related (focal) (partial) idiopathic epilepsy and epileptic syndromes with seizures of localized onset, intractable, with status epilepticus
http://hl7.org/fhir/sid/icd-10-cm	G40.019	Localization-related (focal) (partial) idiopathic epilepsy and epileptic syndromes with seizures of localized onset, intractable, without status epilepticus
http://hl7.org/fhir/sid/icd-10-cm	G40.101	Localization-related (focal) (partial) symptomatic epilepsy and epileptic syndromes with simple partial seizures, not intractable, with status epilepticus
http://hl7.org/fhir/sid/icd-10-cm	G40.109	Localization-related (focal) (partial) symptomatic epilepsy and epileptic syndromes with simple partial seizures, not intractable, without status epilepticus
http://hl7.org/fhir/sid/icd-10-cm	G40.111	Localization-related (focal) (partial) symptomatic epilepsy and epileptic syndromes with simple partial seizures, intractable, with status epilepticus
http://hl7.org/fhir/sid/icd-10-cm	G40.119	Localization-related (focal) (partial) symptomatic epilepsy and epileptic syndromes with simple partial seizures, intractable, without status epilepticus
http://hl7.org/fhir/sid/icd-10-cm	G40.201	Localization-related (focal) (partial) symptomatic epilepsy and epileptic syndromes with complex partial seizures, not intractable, with status epilepticus
http://hl7.org/fhir/sid/icd-10-cm	G40.209	Localization-related (focal) (partial) symptomatic epilepsy and epileptic syndromes with complex partial seizures, not intractable, without status epilepticus
http://hl7.org/fhir/sid/icd-10-cm	G40.211	Localization-related (focal) (partial) symptomatic epilepsy and epileptic syndromes with complex partial seizures, intractable, with status epilepticus
http://hl7.org/fhir/sid/icd-10-cm	G40.219	Localization-related (focal) (partial) symptomatic epilepsy and epileptic syndromes with complex partial seizures, intractable, without status epilepticus
http://hl7.org/fhir/sid/icd-10-cm	G40.301	Generalized idiopathic epilepsy and epileptic syndromes, not intractable, with status epilepticus
http://hl7.org/fhir/sid/icd-10-cm	G40.309	Generalized idiopathic epilepsy and epileptic syndromes, not intractable, without status epilepticus
http://hl7.org/fhir/sid/icd-10-cm	G40.311	Generalized idiopathic epilepsy and epileptic syndromes, intractable, with status epilepticus
http://hl7.org/fhir/sid/icd-10-cm	G40.319	Generalized idiopathic epilepsy and epileptic syndromes, intractable, without status epilepticus
http://hl7.org/fhir/sid/icd-10-cm	G40.401	Other generalized epilepsy and epileptic syndromes, not intractable, with status epilepticus
http://hl7.org/fhir/sid/icd-10-cm	G40.409	Other generalized epilepsy and epileptic syndromes, not intractable, without status epilepticus
http://hl7.org/fhir/sid/icd-10-cm	G40.411	Other generalized epilepsy and epileptic syndromes, intractable, with status epilepticus
http://hl7.org/fhir/sid/icd-10-cm	G40.419	Other generalized epilepsy and epileptic syndromes, intractable, without status epilepticus
http://hl7.org/fhir/sid/icd-10-cm	G40.501	Epileptic seizures related to external causes, not intractable, with status epilepticus
http://hl7.org/fhir/sid/icd-10-cm	G40.509	Epileptic seizures related to external causes, not intractable, without status epilepticus
http://hl7.org/fhir/sid/icd-10-cm	G40.801	Other epilepsy, not intractable, with status epilepticus
http://hl7.org/fhir/sid/icd-10-cm	G40.802	Other epilepsy, not intractable, without status epilepticus
http://hl7.org/fhir/sid/icd-10-cm	G40.803	Other epilepsy, intractable, with status epilepticus
http://hl7.org/fhir/sid/icd-10-cm	G40.804	Other epilepsy, intractable, without status epilepticus
http://hl7.org/fhir/sid/icd-10-cm	G40.811	Lennox-Gastaut syndrome, not intractable, with status epilepticus
http://hl7.org/fhir/sid/icd-10-cm	G40.812	Lennox-Gastaut syndrome, not intractable, without status epilepticus
http://hl7.org/fhir/sid/icd-10-cm	G40.813	Lennox-Gastaut syndrome, intractable, with status epilepticus
http://hl7.org/fhir/sid/icd-10-cm	G40.814	Lennox-Gastaut syndrome, intractable, without status epilepticus
http://hl7.org/fhir/sid/icd-10-cm	G40.821	Epileptic spasms, not intractable, with status epilepticus
http://hl7.org/fhir/sid/icd-10-cm	G40.822	Epileptic spasms, not intractable, without status epilepticus
http://hl7.org/fhir/sid/icd-10-cm	G40.823	Epileptic spasms, intractable, with status epilepticus
http://hl7.org/fhir/sid/icd-10-cm	G40.824	Epileptic spasms, intractable, without status epilepticus
http://hl7.org/fhir/sid/icd-10-cm	G40.89	Other seizures
http://hl7.org/fhir/sid/icd-10-cm	G40.901	Epilepsy, unspecified, not intractable, with status epilepticus
http://hl7.org/fhir/sid/icd-10-cm	G40.909	Epilepsy, unspecified, not intractable, without status epilepticus
http://hl7.org/fhir/sid/icd-10-cm	G40.911	Epilepsy, unspecified, intractable, with status epilepticus
http://hl7.org/fhir/sid/icd-10-cm	G40.919	Epilepsy, unspecified, intractable, without status epilepticus
http://hl7.org/fhir/sid/icd-10-cm	G40.A01	Absence epileptic syndrome, not intractable, with status epilepticus
http://hl7.org/fhir/sid/icd-10-cm	G40.A09	Absence epileptic syndrome, not intractable, without status epilepticus
http://hl7.org/fhir/sid/icd-10-cm	G40.A11	Absence epileptic syndrome, intractable, with status epilepticus
http://hl7.org/fhir/sid/icd-10-cm	G40.A19	Absence epileptic syndrome, intractable, without status epilepticus
http://hl7.org/fhir/sid/icd-10-cm	G40.B01	Juvenile myoclonic epilepsy, not intractable, with status epilepticus
http://hl7.org/fhir/sid/icd-10-cm	G40.B09	Juvenile myoclonic epilepsy, not intractable, without status epilepticus
http://hl7.org/fhir/sid/icd-10-cm	G40.B11	Juvenile myoclonic epilepsy, intractable, with status epilepticus
http://hl7.org/fhir/sid/icd-10-cm	G40.B19	Juvenile myoclonic epilepsy, intractable, without status epilepticus
http://hl7.org/fhir/sid/icd-10-cm	G43.601	Persistent migraine aura with cerebral infarction, not intractable, with status migrainosus
http://hl7.org/fhir/sid/icd-10-cm	G43.609	Persistent migraine aura with cerebral infarction, not intractable, without status migrainosus
http://hl7.org/fhir/sid/icd-10-cm	G43.611	Persistent migraine aura with cerebral infarction, intractable, with status migrainosus
http://hl7.org/fhir/sid/icd-10-cm	G43.619	Persistent migraine aura with cerebral infarction, intractable, without status migrainosus
http://hl7.org/fhir/sid/icd-10-cm	G45.0	Vertebro-basilar artery syndrome
http://hl7.org/fhir/sid/icd-10-cm	G45.1	Carotid artery syndrome (hemispheric)
http://hl7.org/fhir/sid/icd-10-cm	G45.2	Multiple and bilateral precerebral artery syndromes
http://hl7.org/fhir/sid/icd-10-cm	G45.3	Amaurosis fugax
http://hl7.org/fhir/sid/icd-10-cm	G45.4	Transient global amnesia
http://hl7.org/fhir/sid/icd-10-cm	G45.8	Other transient cerebral ischemic attacks and related syndromes
http://hl7.org/fhir/sid/icd-10-cm	G45.9	Transient cerebral ischemic attack, unspecified
http://hl7.org/fhir/sid/icd-10-cm	G46.0	Middle cerebral artery syndrome
http://hl7.org/fhir/sid/icd-10-cm	G46.1	Anterior cerebral artery syndrome
http://hl7.org/fhir/sid/icd-10-cm	G46.2	Posterior cerebral artery syndrome
http://hl7.org/fhir/sid/icd-10-cm	G46.3	Brain stem stroke syndrome
http://hl7.org/fhir/sid/icd-10-cm	G46.4	Cerebellar stroke syndrome
http://hl7.org/fhir/sid/icd-10-cm	G46.5	Pure motor lacunar syndrome
http://hl7.org/fhir/sid/icd-10-cm	G46.6	Pure sensory lacunar syndrome
http://hl7.org/fhir/sid/icd-10-cm	G46.7	Other lacunar syndromes
http://hl7.org/fhir/sid/icd-10-cm	G46.8	Other vascular syndromes of brain in cerebrovascular diseases
http://hl7.org/fhir/sid/icd-10-cm	G47.20	Circadian rhythm sleep disorder, unspecified type
http://hl7.org/fhir/sid/icd-10-cm	G47.21	Circadian rhythm sleep disorder, delayed sleep phase type
http://hl7.org/fhir/sid/icd-10-cm	G47.22	Circadian rhythm sleep disorder, advanced sleep phase type
http://hl7.org/fhir/sid/icd-10-cm	G47.23	Circadian rhythm sleep disorder, irregular sleep wake type
http://hl7.org/fhir/sid/icd-10-cm	G47.24	Circadian rhythm sleep disorder, free running type
http://hl7.org/fhir/sid/icd-10-cm	G47.25	Circadian rhythm sleep disorder, jet lag type
http://hl7.org/fhir/sid/icd-10-cm	G47.26	Circadian rhythm sleep disorder, shift work type
http://hl7.org/fhir/sid/icd-10-cm	G47.27	Circadian rhythm sleep disorder in conditions classified elsewhere
http://hl7.org/fhir/sid/icd-10-cm	G47.29	Other circadian rhythm sleep disorder
http://hl7.org/fhir/sid/icd-10-cm	G47.411	Narcolepsy with cataplexy
http://hl7.org/fhir/sid/icd-10-cm	G47.419	Narcolepsy without cataplexy
http://hl7.org/fhir/sid/icd-10-cm	G47.421	Narcolepsy in conditions classified elsewhere with cataplexy
http://hl7.org/fhir/sid/icd-10-cm	G47.429	Narcolepsy in conditions classified elsewhere without cataplexy
http://hl7.org/fhir/sid/icd-10-cm	G47.63	Sleep related bruxism
http://hl7.org/fhir/sid/icd-10-cm	G50.0	Trigeminal neuralgia
http://hl7.org/fhir/sid/icd-10-cm	G50.1	Atypical facial pain
http://hl7.org/fhir/sid/icd-10-cm	G50.8	Other disorders of trigeminal nerve
http://hl7.org/fhir/sid/icd-10-cm	G50.9	Disorder of trigeminal nerve, unspecified
http://hl7.org/fhir/sid/icd-10-cm	G51.0	Bells palsy
http://hl7.org/fhir/sid/icd-10-cm	G51.1	Geniculate ganglionitis
http://hl7.org/fhir/sid/icd-10-cm	G51.2	Melkerssons syndrome
http://hl7.org/fhir/sid/icd-10-cm	G51.3	Clonic hemifacial spasm
http://hl7.org/fhir/sid/icd-10-cm	G51.31	Clonic hemifacial spasm, right
http://hl7.org/fhir/sid/icd-10-cm	G51.32	Clonic hemifacial spasm, left
http://hl7.org/fhir/sid/icd-10-cm	G51.33	Clonic hemifacial spasm, bilateral
http://hl7.org/fhir/sid/icd-10-cm	G51.39	Clonic hemifacial spasm, unspecified
http://hl7.org/fhir/sid/icd-10-cm	G51.4	Facial myokymia
http://hl7.org/fhir/sid/icd-10-cm	G51.8	Other disorders of facial nerve
http://hl7.org/fhir/sid/icd-10-cm	G51.9	Disorder of facial nerve, unspecified
http://hl7.org/fhir/sid/icd-10-cm	G52.0	Disorders of olfactory nerve
http://hl7.org/fhir/sid/icd-10-cm	G52.1	Disorders of glossopharyngeal nerve
http://hl7.org/fhir/sid/icd-10-cm	G52.2	Disorders of vagus nerve
http://hl7.org/fhir/sid/icd-10-cm	G52.3	Disorders of hypoglossal nerve
http://hl7.org/fhir/sid/icd-10-cm	G52.7	Disorders of multiple cranial nerves
http://hl7.org/fhir/sid/icd-10-cm	G52.8	Disorders of other specified cranial nerves
http://hl7.org/fhir/sid/icd-10-cm	G52.9	Cranial nerve disorder, unspecified
http://hl7.org/fhir/sid/icd-10-cm	G53	Cranial nerve disorders in diseases classified elsewhere
http://hl7.org/fhir/sid/icd-10-cm	G54.0	Brachial plexus disorders
http://hl7.org/fhir/sid/icd-10-cm	G54.1	Lumbosacral plexus disorders
http://hl7.org/fhir/sid/icd-10-cm	G54.2	Cervical root disorders, not elsewhere classified
http://hl7.org/fhir/sid/icd-10-cm	G54.3	Thoracic root disorders, not elsewhere classified
http://hl7.org/fhir/sid/icd-10-cm	G54.4	Lumbosacral root disorders, not elsewhere classified
http://hl7.org/fhir/sid/icd-10-cm	G54.5	Neuralgic amyotrophy
http://hl7.org/fhir/sid/icd-10-cm	G54.6	Phantom limb syndrome with pain
http://hl7.org/fhir/sid/icd-10-cm	G54.7	Phantom limb syndrome without pain
http://hl7.org/fhir/sid/icd-10-cm	G54.8	Other nerve root and plexus disorders
http://hl7.org/fhir/sid/icd-10-cm	G54.9	Nerve root and plexus disorder, unspecified
http://hl7.org/fhir/sid/icd-10-cm	G55	Nerve root and plexus compressions in diseases classified elsewhere
http://hl7.org/fhir/sid/icd-10-cm	G56.00	Carpal tunnel syndrome, unspecified upper limb
http://hl7.org/fhir/sid/icd-10-cm	G56.01	Carpal tunnel syndrome, right upper limb
http://hl7.org/fhir/sid/icd-10-cm	G56.02	Carpal tunnel syndrome, left upper limb
http://hl7.org/fhir/sid/icd-10-cm	G56.03	Carpal tunnel syndrome, bilateral upper limbs
http://hl7.org/fhir/sid/icd-10-cm	G56.10	Other lesions of median nerve, unspecified upper limb
http://hl7.org/fhir/sid/icd-10-cm	G56.11	Other lesions of median nerve, right upper limb
http://hl7.org/fhir/sid/icd-10-cm	G56.12	Other lesions of median nerve, left upper limb
http://hl7.org/fhir/sid/icd-10-cm	G56.13	Other lesions of median nerve, bilateral upper limbs
http://hl7.org/fhir/sid/icd-10-cm	G56.20	Lesion of ulnar nerve, unspecified upper limb
http://hl7.org/fhir/sid/icd-10-cm	G56.21	Lesion of ulnar nerve, right upper limb
http://hl7.org/fhir/sid/icd-10-cm	G56.22	Lesion of ulnar nerve, left upper limb
http://hl7.org/fhir/sid/icd-10-cm	G56.23	Lesion of ulnar nerve, bilateral upper limbs
http://hl7.org/fhir/sid/icd-10-cm	G56.30	Lesion of radial nerve, unspecified upper limb
http://hl7.org/fhir/sid/icd-10-cm	G56.31	Lesion of radial nerve, right upper limb
http://hl7.org/fhir/sid/icd-10-cm	G56.32	Lesion of radial nerve, left upper limb
http://hl7.org/fhir/sid/icd-10-cm	G56.33	Lesion of radial nerve, bilateral upper limbs
http://hl7.org/fhir/sid/icd-10-cm	G56.40	Causalgia of unspecified upper limb
http://hl7.org/fhir/sid/icd-10-cm	G56.41	Causalgia of right upper limb
http://hl7.org/fhir/sid/icd-10-cm	G56.42	Causalgia of left upper limb
http://hl7.org/fhir/sid/icd-10-cm	G56.43	Causalgia of bilateral upper limbs
http://hl7.org/fhir/sid/icd-10-cm	G56.80	Other specified mononeuropathies of unspecified upper limb
http://hl7.org/fhir/sid/icd-10-cm	G56.81	Other specified mononeuropathies of right upper limb
http://hl7.org/fhir/sid/icd-10-cm	G56.82	Other specified mononeuropathies of left upper limb
http://hl7.org/fhir/sid/icd-10-cm	G56.83	Other specified mononeuropathies of bilateral upper limbs
http://hl7.org/fhir/sid/icd-10-cm	G56.90	Unspecified mononeuropathy of unspecified upper limb
http://hl7.org/fhir/sid/icd-10-cm	G56.91	Unspecified mononeuropathy of right upper limb
http://hl7.org/fhir/sid/icd-10-cm	G56.92	Unspecified mononeuropathy of left upper limb
http://hl7.org/fhir/sid/icd-10-cm	G56.93	Unspecified mononeuropathy of bilateral upper limbs
http://hl7.org/fhir/sid/icd-10-cm	G57.00	Lesion of sciatic nerve, unspecified lower limb
http://hl7.org/fhir/sid/icd-10-cm	G57.01	Lesion of sciatic nerve, right lower limb
http://hl7.org/fhir/sid/icd-10-cm	G57.02	Lesion of sciatic nerve, left lower limb
http://hl7.org/fhir/sid/icd-10-cm	G57.03	Lesion of sciatic nerve, bilateral lower limbs
http://hl7.org/fhir/sid/icd-10-cm	G57.10	Meralgia paresthetica, unspecified lower limb
http://hl7.org/fhir/sid/icd-10-cm	G57.11	Meralgia paresthetica, right lower limb
http://hl7.org/fhir/sid/icd-10-cm	G57.12	Meralgia paresthetica, left lower limb
http://hl7.org/fhir/sid/icd-10-cm	G57.13	Meralgia paresthetica, bilateral lower limbs
http://hl7.org/fhir/sid/icd-10-cm	G57.20	Lesion of femoral nerve, unspecified lower limb
http://hl7.org/fhir/sid/icd-10-cm	G57.21	Lesion of femoral nerve, right lower limb
http://hl7.org/fhir/sid/icd-10-cm	G57.22	Lesion of femoral nerve, left lower limb
http://hl7.org/fhir/sid/icd-10-cm	G57.23	Lesion of femoral nerve, bilateral lower limbs
http://hl7.org/fhir/sid/icd-10-cm	G57.30	Lesion of lateral popliteal nerve, unspecified lower limb
http://hl7.org/fhir/sid/icd-10-cm	G57.31	Lesion of lateral popliteal nerve, right lower limb
http://hl7.org/fhir/sid/icd-10-cm	G57.32	Lesion of lateral popliteal nerve, left lower limb
http://hl7.org/fhir/sid/icd-10-cm	G57.33	Lesion of lateral popliteal nerve, bilateral lower limbs
http://hl7.org/fhir/sid/icd-10-cm	G57.40	Lesion of medial popliteal nerve, unspecified lower limb
http://hl7.org/fhir/sid/icd-10-cm	G57.41	Lesion of medial popliteal nerve, right lower limb
http://hl7.org/fhir/sid/icd-10-cm	G57.42	Lesion of medial popliteal nerve, left lower limb
http://hl7.org/fhir/sid/icd-10-cm	G57.43	Lesion of medial popliteal nerve, bilateral lower limbs
http://hl7.org/fhir/sid/icd-10-cm	G57.50	Tarsal tunnel syndrome, unspecified lower limb
http://hl7.org/fhir/sid/icd-10-cm	G57.51	Tarsal tunnel syndrome, right lower limb
http://hl7.org/fhir/sid/icd-10-cm	G57.52	Tarsal tunnel syndrome, left lower limb
http://hl7.org/fhir/sid/icd-10-cm	G57.53	Tarsal tunnel syndrome, bilateral lower limbs
http://hl7.org/fhir/sid/icd-10-cm	G57.60	Lesion of plantar nerve, unspecified lower limb
http://hl7.org/fhir/sid/icd-10-cm	G57.61	Lesion of plantar nerve, right lower limb
http://hl7.org/fhir/sid/icd-10-cm	G57.62	Lesion of plantar nerve, left lower limb
http://hl7.org/fhir/sid/icd-10-cm	G57.63	Lesion of plantar nerve, bilateral lower limbs
http://hl7.org/fhir/sid/icd-10-cm	G57.70	Causalgia of unspecified lower limb
http://hl7.org/fhir/sid/icd-10-cm	G57.71	Causalgia of right lower limb
http://hl7.org/fhir/sid/icd-10-cm	G57.72	Causalgia of left lower limb
http://hl7.org/fhir/sid/icd-10-cm	G57.73	Causalgia of bilateral lower limbs
http://hl7.org/fhir/sid/icd-10-cm	G57.80	Other specified mononeuropathies of unspecified lower limb
http://hl7.org/fhir/sid/icd-10-cm	G57.81	Other specified mononeuropathies of right lower limb
http://hl7.org/fhir/sid/icd-10-cm	G57.82	Other specified mononeuropathies of left lower limb
http://hl7.org/fhir/sid/icd-10-cm	G57.83	Other specified mononeuropathies of bilateral lower limbs
http://hl7.org/fhir/sid/icd-10-cm	G57.90	Unspecified mononeuropathy of unspecified lower limb
http://hl7.org/fhir/sid/icd-10-cm	G57.91	Unspecified mononeuropathy of right lower limb
http://hl7.org/fhir/sid/icd-10-cm	G57.92	Unspecified mononeuropathy of left lower limb
http://hl7.org/fhir/sid/icd-10-cm	G57.93	Unspecified mononeuropathy of bilateral lower limbs
http://hl7.org/fhir/sid/icd-10-cm	G58.0	Intercostal neuropathy
http://hl7.org/fhir/sid/icd-10-cm	G58.7	Mononeuritis multiplex
http://hl7.org/fhir/sid/icd-10-cm	G58.8	Other specified mononeuropathies
http://hl7.org/fhir/sid/icd-10-cm	G58.9	Mononeuropathy, unspecified
http://hl7.org/fhir/sid/icd-10-cm	G59	Mononeuropathy in diseases classified elsewhere
http://hl7.org/fhir/sid/icd-10-cm	G60.0	Hereditary motor and sensory neuropathy
http://hl7.org/fhir/sid/icd-10-cm	G60.1	Refsums disease
http://hl7.org/fhir/sid/icd-10-cm	G60.2	Neuropathy in association with hereditary ataxia
http://hl7.org/fhir/sid/icd-10-cm	G60.3	Idiopathic progressive neuropathy
http://hl7.org/fhir/sid/icd-10-cm	G60.8	Other hereditary and idiopathic neuropathies
http://hl7.org/fhir/sid/icd-10-cm	G60.9	Hereditary and idiopathic neuropathy, unspecified
http://hl7.org/fhir/sid/icd-10-cm	G61.0	Guillain-Barre syndrome
http://hl7.org/fhir/sid/icd-10-cm	G61.1	Serum neuropathy
http://hl7.org/fhir/sid/icd-10-cm	G61.81	Chronic inflammatory demyelinating polyneuritis
http://hl7.org/fhir/sid/icd-10-cm	G61.82	Multifocal motor neuropathy
http://hl7.org/fhir/sid/icd-10-cm	G61.89	Other inflammatory polyneuropathies
http://hl7.org/fhir/sid/icd-10-cm	G61.9	Inflammatory polyneuropathy, unspecified
http://hl7.org/fhir/sid/icd-10-cm	G62.0	Drug-induced polyneuropathy
http://hl7.org/fhir/sid/icd-10-cm	G62.2	Polyneuropathy due to other toxic agents
http://hl7.org/fhir/sid/icd-10-cm	G62.81	Critical illness polyneuropathy
http://hl7.org/fhir/sid/icd-10-cm	G62.82	Radiation-induced polyneuropathy
http://hl7.org/fhir/sid/icd-10-cm	G62.89	Other specified polyneuropathies
http://hl7.org/fhir/sid/icd-10-cm	G62.9	Polyneuropathy, unspecified
http://hl7.org/fhir/sid/icd-10-cm	G63	Polyneuropathy in diseases classified elsewhere
http://hl7.org/fhir/sid/icd-10-cm	G64	Other disorders of peripheral nervous system
http://hl7.org/fhir/sid/icd-10-cm	G65.0	Sequelae of Guillain-Barré syndrome
http://hl7.org/fhir/sid/icd-10-cm	G65.1	Sequelae of other inflammatory polyneuropathy
http://hl7.org/fhir/sid/icd-10-cm	G65.2	Sequelae of toxic polyneuropathy
http://hl7.org/fhir/sid/icd-10-cm	G70.00	Myasthenia gravis without (acute) exacerbation
http://hl7.org/fhir/sid/icd-10-cm	G70.01	Myasthenia gravis with (acute) exacerbation
http://hl7.org/fhir/sid/icd-10-cm	G70.1	Toxic myoneural disorders
http://hl7.org/fhir/sid/icd-10-cm	G70.2	Congenital and developmental myasthenia
http://hl7.org/fhir/sid/icd-10-cm	G70.80	Lambert-Eaton syndrome, unspecified
http://hl7.org/fhir/sid/icd-10-cm	G70.81	Lambert-Eaton syndrome in disease classified elsewhere
http://hl7.org/fhir/sid/icd-10-cm	G70.89	Other specified myoneural disorders
http://hl7.org/fhir/sid/icd-10-cm	G70.9	Myoneural disorder, unspecified
http://hl7.org/fhir/sid/icd-10-cm	G71.0	Muscular dystrophy
http://hl7.org/fhir/sid/icd-10-cm	G71.00	Muscular dystrophy, unspecified
http://hl7.org/fhir/sid/icd-10-cm	G71.01	Duchenne or Becker muscular dystrophy
http://hl7.org/fhir/sid/icd-10-cm	G71.02	Facioscapulohumeral muscular dystrophy
http://hl7.org/fhir/sid/icd-10-cm	G71.09	Other specified muscular dystrophies
http://hl7.org/fhir/sid/icd-10-cm	G71.11	Myotonic muscular dystrophy
http://hl7.org/fhir/sid/icd-10-cm	G71.12	Myotonia congenita
http://hl7.org/fhir/sid/icd-10-cm	G71.13	Myotonic chondrodystrophy
http://hl7.org/fhir/sid/icd-10-cm	G71.14	Drug induced myotonia
http://hl7.org/fhir/sid/icd-10-cm	G71.19	Other specified myotonic disorders
http://hl7.org/fhir/sid/icd-10-cm	G71.2	Congenital myopathies
http://hl7.org/fhir/sid/icd-10-cm	G71.3	Mitochondrial myopathy, not elsewhere classified
http://hl7.org/fhir/sid/icd-10-cm	G71.8	Other primary disorders of muscles
http://hl7.org/fhir/sid/icd-10-cm	G71.9	Primary disorder of muscle, unspecified
http://hl7.org/fhir/sid/icd-10-cm	G72.0	Drug-induced myopathy
http://hl7.org/fhir/sid/icd-10-cm	G72.1	Alcoholic myopathy
http://hl7.org/fhir/sid/icd-10-cm	G72.2	Myopathy due to other toxic agents
http://hl7.org/fhir/sid/icd-10-cm	G72.3	Periodic paralysis
http://hl7.org/fhir/sid/icd-10-cm	G72.41	Inclusion body myositis [IBM]
http://hl7.org/fhir/sid/icd-10-cm	G72.49	Other inflammatory and immune myopathies, not elsewhere classified
http://hl7.org/fhir/sid/icd-10-cm	G72.81	Critical illness myopathy
http://hl7.org/fhir/sid/icd-10-cm	G72.89	Other specified myopathies
http://hl7.org/fhir/sid/icd-10-cm	G72.9	Myopathy, unspecified
http://hl7.org/fhir/sid/icd-10-cm	G73.1	Lambert-Eaton syndrome in neoplastic disease
http://hl7.org/fhir/sid/icd-10-cm	G73.3	Myasthenic syndromes in other diseases classified elsewhere
http://hl7.org/fhir/sid/icd-10-cm	G73.7	Myopathy in diseases classified elsewhere
http://hl7.org/fhir/sid/icd-10-cm	G80.0	Spastic quadriplegic cerebral palsy
http://hl7.org/fhir/sid/icd-10-cm	G80.1	Spastic diplegic cerebral palsy
http://hl7.org/fhir/sid/icd-10-cm	G80.2	Spastic hemiplegic cerebral palsy
http://hl7.org/fhir/sid/icd-10-cm	G80.3	Athetoid cerebral palsy
http://hl7.org/fhir/sid/icd-10-cm	G80.4	Ataxic cerebral palsy
http://hl7.org/fhir/sid/icd-10-cm	G80.8	Other cerebral palsy
http://hl7.org/fhir/sid/icd-10-cm	G80.9	Cerebral palsy, unspecified
http://hl7.org/fhir/sid/icd-10-cm	G81.00	Flaccid hemiplegia affecting unspecified side
http://hl7.org/fhir/sid/icd-10-cm	G81.01	Flaccid hemiplegia affecting right dominant side
http://hl7.org/fhir/sid/icd-10-cm	G81.02	Flaccid hemiplegia affecting left dominant side
http://hl7.org/fhir/sid/icd-10-cm	G81.03	Flaccid hemiplegia affecting right nondominant side
http://hl7.org/fhir/sid/icd-10-cm	G81.04	Flaccid hemiplegia affecting left nondominant side
http://hl7.org/fhir/sid/icd-10-cm	G81.10	Spastic hemiplegia affecting unspecified side
http://hl7.org/fhir/sid/icd-10-cm	G81.11	Spastic hemiplegia affecting right dominant side
http://hl7.org/fhir/sid/icd-10-cm	G81.12	Spastic hemiplegia affecting left dominant side
http://hl7.org/fhir/sid/icd-10-cm	G81.13	Spastic hemiplegia affecting right nondominant side
http://hl7.org/fhir/sid/icd-10-cm	G81.14	Spastic hemiplegia affecting left nondominant side
http://hl7.org/fhir/sid/icd-10-cm	G81.90	Hemiplegia, unspecified affecting unspecified side
http://hl7.org/fhir/sid/icd-10-cm	G81.91	Hemiplegia, unspecified affecting right dominant side
http://hl7.org/fhir/sid/icd-10-cm	G81.92	Hemiplegia, unspecified affecting left dominant side
http://hl7.org/fhir/sid/icd-10-cm	G81.93	Hemiplegia, unspecified affecting right nondominant side
http://hl7.org/fhir/sid/icd-10-cm	G81.94	Hemiplegia, unspecified affecting left nondominant side
http://hl7.org/fhir/sid/icd-10-cm	G82.20	Paraplegia, unspecified
http://hl7.org/fhir/sid/icd-10-cm	G82.21	Paraplegia, complete
http://hl7.org/fhir/sid/icd-10-cm	G82.22	Paraplegia, incomplete
http://hl7.org/fhir/sid/icd-10-cm	G82.50	Quadriplegia, unspecified
http://hl7.org/fhir/sid/icd-10-cm	G82.51	Quadriplegia, C1-C4 complete
http://hl7.org/fhir/sid/icd-10-cm	G82.52	Quadriplegia, C1-C4 incomplete
http://hl7.org/fhir/sid/icd-10-cm	G82.53	Quadriplegia, C5-C7 complete
http://hl7.org/fhir/sid/icd-10-cm	G82.54	Quadriplegia, C5-C7 incomplete
http://hl7.org/fhir/sid/icd-10-cm	G83.0	Diplegia of upper limbs
http://hl7.org/fhir/sid/icd-10-cm	G83.10	Monoplegia of lower limb affecting unspecified side
http://hl7.org/fhir/sid/icd-10-cm	G83.11	Monoplegia of lower limb affecting right dominant side
http://hl7.org/fhir/sid/icd-10-cm	G83.12	Monoplegia of lower limb affecting left dominant side
http://hl7.org/fhir/sid/icd-10-cm	G83.13	Monoplegia of lower limb affecting right nondominant side
http://hl7.org/fhir/sid/icd-10-cm	G83.14	Monoplegia of lower limb affecting left nondominant side
http://hl7.org/fhir/sid/icd-10-cm	G83.20	Monoplegia of upper limb affecting unspecified side
http://hl7.org/fhir/sid/icd-10-cm	G83.21	Monoplegia of upper limb affecting right dominant side
http://hl7.org/fhir/sid/icd-10-cm	G83.22	Monoplegia of upper limb affecting left dominant side
http://hl7.org/fhir/sid/icd-10-cm	G83.23	Monoplegia of upper limb affecting right nondominant side
http://hl7.org/fhir/sid/icd-10-cm	G83.24	Monoplegia of upper limb affecting left nondominant side
http://hl7.org/fhir/sid/icd-10-cm	G83.30	Monoplegia, unspecified affecting unspecified side
http://hl7.org/fhir/sid/icd-10-cm	G83.31	Monoplegia, unspecified affecting right dominant side
http://hl7.org/fhir/sid/icd-10-cm	G83.32	Monoplegia, unspecified affecting left dominant side
http://hl7.org/fhir/sid/icd-10-cm	G83.33	Monoplegia, unspecified affecting right nondominant side
http://hl7.org/fhir/sid/icd-10-cm	G83.34	Monoplegia, unspecified affecting left nondominant side
http://hl7.org/fhir/sid/icd-10-cm	G83.4	Cauda equina syndrome
http://hl7.org/fhir/sid/icd-10-cm	G83.5	Locked-in state
http://hl7.org/fhir/sid/icd-10-cm	G83.81	Brown-Séquard syndrome
http://hl7.org/fhir/sid/icd-10-cm	G83.82	Anterior cord syndrome
http://hl7.org/fhir/sid/icd-10-cm	G83.83	Posterior cord syndrome
http://hl7.org/fhir/sid/icd-10-cm	G83.84	Todds paralysis (postepileptic)
http://hl7.org/fhir/sid/icd-10-cm	G83.89	Other specified paralytic syndromes
http://hl7.org/fhir/sid/icd-10-cm	G83.9	Paralytic syndrome, unspecified
http://hl7.org/fhir/sid/icd-10-cm	G89.0	Central pain syndrome
http://hl7.org/fhir/sid/icd-10-cm	G89.11	Acute pain due to trauma
http://hl7.org/fhir/sid/icd-10-cm	G89.12	Acute post-thoracotomy pain
http://hl7.org/fhir/sid/icd-10-cm	G89.18	Other acute postprocedural pain
http://hl7.org/fhir/sid/icd-10-cm	G89.21	Chronic pain due to trauma
http://hl7.org/fhir/sid/icd-10-cm	G89.22	Chronic post-thoracotomy pain
http://hl7.org/fhir/sid/icd-10-cm	G89.28	Other chronic postprocedural pain
http://hl7.org/fhir/sid/icd-10-cm	G89.29	Other chronic pain
http://hl7.org/fhir/sid/icd-10-cm	G89.3	Neoplasm related pain (acute) (chronic)
http://hl7.org/fhir/sid/icd-10-cm	G89.4	Chronic pain syndrome
http://hl7.org/fhir/sid/icd-10-cm	G90.01	Carotid sinus syncope
http://hl7.org/fhir/sid/icd-10-cm	G90.09	Other idiopathic peripheral autonomic neuropathy
http://hl7.org/fhir/sid/icd-10-cm	G90.1	Familial dysautonomia [Riley-Day]
http://hl7.org/fhir/sid/icd-10-cm	G90.2	Horners syndrome
http://hl7.org/fhir/sid/icd-10-cm	G90.3	Multi-system degeneration of the autonomic nervous system
http://hl7.org/fhir/sid/icd-10-cm	G90.4	Autonomic dysreflexia
http://hl7.org/fhir/sid/icd-10-cm	G90.50	Complex regional pain syndrome I, unspecified
http://hl7.org/fhir/sid/icd-10-cm	G90.511	Complex regional pain syndrome I of right upper limb
http://hl7.org/fhir/sid/icd-10-cm	G90.512	Complex regional pain syndrome I of left upper limb
http://hl7.org/fhir/sid/icd-10-cm	G90.513	Complex regional pain syndrome I of upper limb, bilateral
http://hl7.org/fhir/sid/icd-10-cm	G90.519	Complex regional pain syndrome I of unspecified upper limb
http://hl7.org/fhir/sid/icd-10-cm	G90.521	Complex regional pain syndrome I of right lower limb
http://hl7.org/fhir/sid/icd-10-cm	G90.522	Complex regional pain syndrome I of left lower limb
http://hl7.org/fhir/sid/icd-10-cm	G90.523	Complex regional pain syndrome I of lower limb, bilateral
http://hl7.org/fhir/sid/icd-10-cm	G90.529	Complex regional pain syndrome I of unspecified lower limb
http://hl7.org/fhir/sid/icd-10-cm	G90.59	Complex regional pain syndrome I of other specified site
http://hl7.org/fhir/sid/icd-10-cm	G90.8	Other disorders of autonomic nervous system
http://hl7.org/fhir/sid/icd-10-cm	G90.9	Disorder of the autonomic nervous system, unspecified
http://hl7.org/fhir/sid/icd-10-cm	G91.0	Communicating hydrocephalus
http://hl7.org/fhir/sid/icd-10-cm	G91.1	Obstructive hydrocephalus
http://hl7.org/fhir/sid/icd-10-cm	G91.2	(Idiopathic) normal pressure hydrocephalus
http://hl7.org/fhir/sid/icd-10-cm	G91.3	Post-traumatic hydrocephalus, unspecified
http://hl7.org/fhir/sid/icd-10-cm	G91.4	Hydrocephalus in diseases classified elsewhere
http://hl7.org/fhir/sid/icd-10-cm	G91.8	Other hydrocephalus
http://hl7.org/fhir/sid/icd-10-cm	G91.9	Hydrocephalus, unspecified
http://hl7.org/fhir/sid/icd-10-cm	G92	Toxic encephalopathy
http://hl7.org/fhir/sid/icd-10-cm	G93.0	Cerebral cysts
http://hl7.org/fhir/sid/icd-10-cm	G93.1	Anoxic brain damage, not elsewhere classified
http://hl7.org/fhir/sid/icd-10-cm	G93.2	Benign intracranial hypertension
http://hl7.org/fhir/sid/icd-10-cm	G93.40	Encephalopathy, unspecified
http://hl7.org/fhir/sid/icd-10-cm	G93.41	Metabolic encephalopathy
http://hl7.org/fhir/sid/icd-10-cm	G93.49	Other encephalopathy
http://hl7.org/fhir/sid/icd-10-cm	G93.5	Compression of brain
http://hl7.org/fhir/sid/icd-10-cm	G93.6	Cerebral edema
http://hl7.org/fhir/sid/icd-10-cm	G93.7	Reyes syndrome
http://hl7.org/fhir/sid/icd-10-cm	G93.81	Temporal sclerosis
http://hl7.org/fhir/sid/icd-10-cm	G93.82	Brain death
http://hl7.org/fhir/sid/icd-10-cm	G93.89	Other specified disorders of brain
http://hl7.org/fhir/sid/icd-10-cm	G93.9	Disorder of brain, unspecified
http://hl7.org/fhir/sid/icd-10-cm	G94	Other disorders of brain in diseases classified elsewhere
http://hl7.org/fhir/sid/icd-10-cm	G95.0	Syringomyelia and syringobulbia
http://hl7.org/fhir/sid/icd-10-cm	G95.11	Acute infarction of spinal cord (embolic) (nonembolic)
http://hl7.org/fhir/sid/icd-10-cm	G95.19	Other vascular myelopathies
http://hl7.org/fhir/sid/icd-10-cm	G95.20	Unspecified cord compression
http://hl7.org/fhir/sid/icd-10-cm	G95.29	Other cord compression
http://hl7.org/fhir/sid/icd-10-cm	G95.81	Conus medullaris syndrome
http://hl7.org/fhir/sid/icd-10-cm	G95.89	Other specified diseases of spinal cord
http://hl7.org/fhir/sid/icd-10-cm	G95.9	Disease of spinal cord, unspecified
http://hl7.org/fhir/sid/icd-10-cm	G96.0	Cerebrospinal fluid leak
http://hl7.org/fhir/sid/icd-10-cm	G96.11	Dural tear
http://hl7.org/fhir/sid/icd-10-cm	G96.12	Meningeal adhesions (cerebral) (spinal)
http://hl7.org/fhir/sid/icd-10-cm	G96.19	Other disorders of meninges, not elsewhere classified
http://hl7.org/fhir/sid/icd-10-cm	G96.8	Other specified disorders of central nervous system
http://hl7.org/fhir/sid/icd-10-cm	G96.9	Disorder of central nervous system, unspecified
http://hl7.org/fhir/sid/icd-10-cm	G98.0	Neurogenic arthritis, not elsewhere classified
http://hl7.org/fhir/sid/icd-10-cm	G98.8	Other disorders of nervous system
http://hl7.org/fhir/sid/icd-10-cm	G99.0	Autonomic neuropathy in diseases classified elsewhere
http://hl7.org/fhir/sid/icd-10-cm	G99.2	Myelopathy in diseases classified elsewhere
http://hl7.org/fhir/sid/icd-10-cm	G99.8	Other specified disorders of nervous system in diseases classified elsewhere
http://hl7.org/fhir/sid/icd-10-cm	I60.00	Nontraumatic subarachnoid hemorrhage from unspecified carotid siphon and bifurcation
http://hl7.org/fhir/sid/icd-10-cm	I60.01	Nontraumatic subarachnoid hemorrhage from right carotid siphon and bifurcation
http://hl7.org/fhir/sid/icd-10-cm	I60.02	Nontraumatic subarachnoid hemorrhage from left carotid siphon and bifurcation
http://hl7.org/fhir/sid/icd-10-cm	I60.10	Nontraumatic subarachnoid hemorrhage from unspecified middle cerebral artery
http://hl7.org/fhir/sid/icd-10-cm	I60.11	Nontraumatic subarachnoid hemorrhage from right middle cerebral artery
http://hl7.org/fhir/sid/icd-10-cm	I60.12	Nontraumatic subarachnoid hemorrhage from left middle cerebral artery
http://hl7.org/fhir/sid/icd-10-cm	I60.2	Nontraumatic subarachnoid hemorrhage from anterior communicating artery
http://hl7.org/fhir/sid/icd-10-cm	I60.30	Nontraumatic subarachnoid hemorrhage from unspecified posterior communicating artery
http://hl7.org/fhir/sid/icd-10-cm	I60.31	Nontraumatic subarachnoid hemorrhage from right posterior communicating artery
http://hl7.org/fhir/sid/icd-10-cm	I60.32	Nontraumatic subarachnoid hemorrhage from left posterior communicating artery
http://hl7.org/fhir/sid/icd-10-cm	I60.4	Nontraumatic subarachnoid hemorrhage from basilar artery
http://hl7.org/fhir/sid/icd-10-cm	I60.50	Nontraumatic subarachnoid hemorrhage from unspecified vertebral artery
http://hl7.org/fhir/sid/icd-10-cm	I60.51	Nontraumatic subarachnoid hemorrhage from right vertebral artery
http://hl7.org/fhir/sid/icd-10-cm	I60.52	Nontraumatic subarachnoid hemorrhage from left vertebral artery
http://hl7.org/fhir/sid/icd-10-cm	I60.6	Nontraumatic subarachnoid hemorrhage from other intracranial arteries
http://hl7.org/fhir/sid/icd-10-cm	I60.7	Nontraumatic subarachnoid hemorrhage from unspecified intracranial artery
http://hl7.org/fhir/sid/icd-10-cm	I60.8	Other nontraumatic subarachnoid hemorrhage
http://hl7.org/fhir/sid/icd-10-cm	I60.9	Nontraumatic subarachnoid hemorrhage, unspecified
http://hl7.org/fhir/sid/icd-10-cm	I61.0	Nontraumatic intracerebral hemorrhage in hemisphere, subcortical
http://hl7.org/fhir/sid/icd-10-cm	I61.1	Nontraumatic intracerebral hemorrhage in hemisphere, cortical
http://hl7.org/fhir/sid/icd-10-cm	I61.2	Nontraumatic intracerebral hemorrhage in hemisphere, unspecified
http://hl7.org/fhir/sid/icd-10-cm	I61.3	Nontraumatic intracerebral hemorrhage in brain stem
http://hl7.org/fhir/sid/icd-10-cm	I61.4	Nontraumatic intracerebral hemorrhage in cerebellum
http://hl7.org/fhir/sid/icd-10-cm	I61.5	Nontraumatic intracerebral hemorrhage, intraventricular
http://hl7.org/fhir/sid/icd-10-cm	I61.6	Nontraumatic intracerebral hemorrhage, multiple localized
http://hl7.org/fhir/sid/icd-10-cm	I61.8	Other nontraumatic intracerebral hemorrhage
http://hl7.org/fhir/sid/icd-10-cm	I61.9	Nontraumatic intracerebral hemorrhage, unspecified
http://hl7.org/fhir/sid/icd-10-cm	I62.00	Nontraumatic subdural hemorrhage, unspecified
http://hl7.org/fhir/sid/icd-10-cm	I62.01	Nontraumatic acute subdural hemorrhage
http://hl7.org/fhir/sid/icd-10-cm	I62.02	Nontraumatic subacute subdural hemorrhage
http://hl7.org/fhir/sid/icd-10-cm	I62.03	Nontraumatic chronic subdural hemorrhage
http://hl7.org/fhir/sid/icd-10-cm	I62.1	Nontraumatic extradural hemorrhage
http://hl7.org/fhir/sid/icd-10-cm	I62.9	Nontraumatic intracranial hemorrhage, unspecified
http://hl7.org/fhir/sid/icd-10-cm	I63.00	Cerebral infarction due to thrombosis of unspecified precerebral artery
http://hl7.org/fhir/sid/icd-10-cm	I63.011	Cerebral infarction due to thrombosis of right vertebral artery
http://hl7.org/fhir/sid/icd-10-cm	I63.012	Cerebral infarction due to thrombosis of left vertebral artery
http://hl7.org/fhir/sid/icd-10-cm	I63.013	Cerebral infarction due to thrombosis of bilateral vertebral arteries
http://hl7.org/fhir/sid/icd-10-cm	I63.019	Cerebral infarction due to thrombosis of unspecified vertebral artery
http://hl7.org/fhir/sid/icd-10-cm	I63.02	Cerebral infarction due to thrombosis of basilar artery
http://hl7.org/fhir/sid/icd-10-cm	I63.031	Cerebral infarction due to thrombosis of right carotid artery
http://hl7.org/fhir/sid/icd-10-cm	I63.032	Cerebral infarction due to thrombosis of left carotid artery
http://hl7.org/fhir/sid/icd-10-cm	I63.033	Cerebral infarction due to thrombosis of bilateral carotid arteries
http://hl7.org/fhir/sid/icd-10-cm	I63.039	Cerebral infarction due to thrombosis of unspecified carotid artery
http://hl7.org/fhir/sid/icd-10-cm	I63.09	Cerebral infarction due to thrombosis of other precerebral artery
http://hl7.org/fhir/sid/icd-10-cm	I63.10	Cerebral infarction due to embolism of unspecified precerebral artery
http://hl7.org/fhir/sid/icd-10-cm	I63.111	Cerebral infarction due to embolism of right vertebral artery
http://hl7.org/fhir/sid/icd-10-cm	I63.112	Cerebral infarction due to embolism of left vertebral artery
http://hl7.org/fhir/sid/icd-10-cm	I63.113	Cerebral infarction due to embolism of bilateral vertebral arteries
http://hl7.org/fhir/sid/icd-10-cm	I63.119	Cerebral infarction due to embolism of unspecified vertebral artery
http://hl7.org/fhir/sid/icd-10-cm	I63.12	Cerebral infarction due to embolism of basilar artery
http://hl7.org/fhir/sid/icd-10-cm	I63.131	Cerebral infarction due to embolism of right carotid artery
http://hl7.org/fhir/sid/icd-10-cm	I63.132	Cerebral infarction due to embolism of left carotid artery
http://hl7.org/fhir/sid/icd-10-cm	I63.133	Cerebral infarction due to embolism of bilateral carotid arteries
http://hl7.org/fhir/sid/icd-10-cm	I63.139	Cerebral infarction due to embolism of unspecified carotid artery
http://hl7.org/fhir/sid/icd-10-cm	I63.19	Cerebral infarction due to embolism of other precerebral artery
http://hl7.org/fhir/sid/icd-10-cm	I63.20	Cerebral infarction due to unspecified occlusion or stenosis of unspecified precerebral arteries
http://hl7.org/fhir/sid/icd-10-cm	I63.211	Cerebral infarction due to unspecified occlusion or stenosis of right vertebral artery
http://hl7.org/fhir/sid/icd-10-cm	I63.212	Cerebral infarction due to unspecified occlusion or stenosis of left vertebral artery
http://hl7.org/fhir/sid/icd-10-cm	I63.213	Cerebral infarction due to unspecified occlusion or stenosis of bilateral vertebral arteries
http://hl7.org/fhir/sid/icd-10-cm	I63.219	Cerebral infarction due to unspecified occlusion or stenosis of unspecified vertebral artery
http://hl7.org/fhir/sid/icd-10-cm	I63.22	Cerebral infarction due to unspecified occlusion or stenosis of basilar artery
http://hl7.org/fhir/sid/icd-10-cm	I63.231	Cerebral infarction due to unspecified occlusion or stenosis of right carotid arteries
http://hl7.org/fhir/sid/icd-10-cm	I63.232	Cerebral infarction due to unspecified occlusion or stenosis of left carotid arteries
http://hl7.org/fhir/sid/icd-10-cm	I63.233	Cerebral infarction due to unspecified occlusion or stenosis of bilateral carotid arteries
http://hl7.org/fhir/sid/icd-10-cm	I63.239	Cerebral infarction due to unspecified occlusion or stenosis of unspecified carotid artery
http://hl7.org/fhir/sid/icd-10-cm	I63.29	Cerebral infarction due to unspecified occlusion or stenosis of other precerebral arteries
http://hl7.org/fhir/sid/icd-10-cm	I63.30	Cerebral infarction due to thrombosis of unspecified cerebral artery
http://hl7.org/fhir/sid/icd-10-cm	I63.311	Cerebral infarction due to thrombosis of right middle cerebral artery
http://hl7.org/fhir/sid/icd-10-cm	I63.312	Cerebral infarction due to thrombosis of left middle cerebral artery
http://hl7.org/fhir/sid/icd-10-cm	I63.313	Cerebral infarction due to thrombosis of bilateral middle cerebral arteries
http://hl7.org/fhir/sid/icd-10-cm	I63.319	Cerebral infarction due to thrombosis of unspecified middle cerebral artery
http://hl7.org/fhir/sid/icd-10-cm	I63.321	Cerebral infarction due to thrombosis of right anterior cerebral artery
http://hl7.org/fhir/sid/icd-10-cm	I63.322	Cerebral infarction due to thrombosis of left anterior cerebral artery
http://hl7.org/fhir/sid/icd-10-cm	I63.323	Cerebral infarction due to thrombosis of bilateral anterior cerebral arteries
http://hl7.org/fhir/sid/icd-10-cm	I63.329	Cerebral infarction due to thrombosis of unspecified anterior cerebral artery
http://hl7.org/fhir/sid/icd-10-cm	I63.331	Cerebral infarction due to thrombosis of right posterior cerebral artery
http://hl7.org/fhir/sid/icd-10-cm	I63.332	Cerebral infarction due to thrombosis of left posterior cerebral artery
http://hl7.org/fhir/sid/icd-10-cm	I63.333	Cerebral infarction due to thrombosis of bilateral posterior cerebral arteries
http://hl7.org/fhir/sid/icd-10-cm	I63.339	Cerebral infarction due to thrombosis of unspecified posterior cerebral artery
http://hl7.org/fhir/sid/icd-10-cm	I63.341	Cerebral infarction due to thrombosis of right cerebellar artery
http://hl7.org/fhir/sid/icd-10-cm	I63.342	Cerebral infarction due to thrombosis of left cerebellar artery
http://hl7.org/fhir/sid/icd-10-cm	I63.343	Cerebral infarction due to thrombosis of bilateral cerebellar arteries
http://hl7.org/fhir/sid/icd-10-cm	I63.349	Cerebral infarction due to thrombosis of unspecified cerebellar artery
http://hl7.org/fhir/sid/icd-10-cm	I63.39	Cerebral infarction due to thrombosis of other cerebral artery
http://hl7.org/fhir/sid/icd-10-cm	I63.40	Cerebral infarction due to embolism of unspecified cerebral artery
http://hl7.org/fhir/sid/icd-10-cm	I63.411	Cerebral infarction due to embolism of right middle cerebral artery
http://hl7.org/fhir/sid/icd-10-cm	I63.412	Cerebral infarction due to embolism of left middle cerebral artery
http://hl7.org/fhir/sid/icd-10-cm	I63.413	Cerebral infarction due to embolism of bilateral middle cerebral arteries
http://hl7.org/fhir/sid/icd-10-cm	I63.419	Cerebral infarction due to embolism of unspecified middle cerebral artery
http://hl7.org/fhir/sid/icd-10-cm	I63.421	Cerebral infarction due to embolism of right anterior cerebral artery
http://hl7.org/fhir/sid/icd-10-cm	I63.422	Cerebral infarction due to embolism of left anterior cerebral artery
http://hl7.org/fhir/sid/icd-10-cm	I63.423	Cerebral infarction due to embolism of bilateral anterior cerebral arteries
http://hl7.org/fhir/sid/icd-10-cm	I63.429	Cerebral infarction due to embolism of unspecified anterior cerebral artery
http://hl7.org/fhir/sid/icd-10-cm	I63.431	Cerebral infarction due to embolism of right posterior cerebral artery
http://hl7.org/fhir/sid/icd-10-cm	I63.432	Cerebral infarction due to embolism of left posterior cerebral artery
http://hl7.org/fhir/sid/icd-10-cm	I63.433	Cerebral infarction due to embolism of bilateral posterior cerebral arteries
http://hl7.org/fhir/sid/icd-10-cm	I63.439	Cerebral infarction due to embolism of unspecified posterior cerebral artery
http://hl7.org/fhir/sid/icd-10-cm	I63.441	Cerebral infarction due to embolism of right cerebellar artery
http://hl7.org/fhir/sid/icd-10-cm	I63.442	Cerebral infarction due to embolism of left cerebellar artery
http://hl7.org/fhir/sid/icd-10-cm	I63.443	Cerebral infarction due to embolism of bilateral cerebellar arteries
http://hl7.org/fhir/sid/icd-10-cm	I63.449	Cerebral infarction due to embolism of unspecified cerebellar artery
http://hl7.org/fhir/sid/icd-10-cm	I63.49	Cerebral infarction due to embolism of other cerebral artery
http://hl7.org/fhir/sid/icd-10-cm	I63.50	Cerebral infarction due to unspecified occlusion or stenosis of unspecified cerebral artery
http://hl7.org/fhir/sid/icd-10-cm	I63.511	Cerebral infarction due to unspecified occlusion or stenosis of right middle cerebral artery
http://hl7.org/fhir/sid/icd-10-cm	I63.512	Cerebral infarction due to unspecified occlusion or stenosis of left middle cerebral artery
http://hl7.org/fhir/sid/icd-10-cm	I63.513	Cerebral infarction due to unspecified occlusion or stenosis of bilateral middle cerebral arteries
http://hl7.org/fhir/sid/icd-10-cm	I63.519	Cerebral infarction due to unspecified occlusion or stenosis of unspecified middle cerebral artery
http://hl7.org/fhir/sid/icd-10-cm	I63.521	Cerebral infarction due to unspecified occlusion or stenosis of right anterior cerebral artery
http://hl7.org/fhir/sid/icd-10-cm	I63.522	Cerebral infarction due to unspecified occlusion or stenosis of left anterior cerebral artery
http://hl7.org/fhir/sid/icd-10-cm	I63.523	Cerebral infarction due to unspecified occlusion or stenosis of bilateral anterior cerebral arteries
http://hl7.org/fhir/sid/icd-10-cm	I63.529	Cerebral infarction due to unspecified occlusion or stenosis of unspecified anterior cerebral artery
http://hl7.org/fhir/sid/icd-10-cm	I63.531	Cerebral infarction due to unspecified occlusion or stenosis of right posterior cerebral artery
http://hl7.org/fhir/sid/icd-10-cm	I63.532	Cerebral infarction due to unspecified occlusion or stenosis of left posterior cerebral artery
http://hl7.org/fhir/sid/icd-10-cm	I63.533	Cerebral infarction due to unspecified occlusion or stenosis of bilateral posterior cerebral arteries
http://hl7.org/fhir/sid/icd-10-cm	I63.539	Cerebral infarction due to unspecified occlusion or stenosis of unspecified posterior cerebral artery
http://hl7.org/fhir/sid/icd-10-cm	I63.541	Cerebral infarction due to unspecified occlusion or stenosis of right cerebellar artery
http://hl7.org/fhir/sid/icd-10-cm	I63.542	Cerebral infarction due to unspecified occlusion or stenosis of left cerebellar artery
http://hl7.org/fhir/sid/icd-10-cm	I63.543	Cerebral infarction due to unspecified occlusion or stenosis of bilateral cerebellar arteries
http://hl7.org/fhir/sid/icd-10-cm	I63.549	Cerebral infarction due to unspecified occlusion or stenosis of unspecified cerebellar artery
http://hl7.org/fhir/sid/icd-10-cm	I63.59	Cerebral infarction due to unspecified occlusion or stenosis of other cerebral artery
http://hl7.org/fhir/sid/icd-10-cm	I63.6	Cerebral infarction due to cerebral venous thrombosis, nonpyogenic
http://hl7.org/fhir/sid/icd-10-cm	I63.8	Other cerebral infarction
http://hl7.org/fhir/sid/icd-10-cm	I63.81	Other cerebral infarction due to occlusion or stenosis of small artery
http://hl7.org/fhir/sid/icd-10-cm	I63.89	Other cerebral infarction
http://hl7.org/fhir/sid/icd-10-cm	I63.9	Cerebral infarction, unspecified
http://hl7.org/fhir/sid/icd-10-cm	I65.01	Occlusion and stenosis of right vertebral artery
http://hl7.org/fhir/sid/icd-10-cm	I65.02	Occlusion and stenosis of left vertebral artery
http://hl7.org/fhir/sid/icd-10-cm	I65.03	Occlusion and stenosis of bilateral vertebral arteries
http://hl7.org/fhir/sid/icd-10-cm	I65.09	Occlusion and stenosis of unspecified vertebral artery
http://hl7.org/fhir/sid/icd-10-cm	I65.1	Occlusion and stenosis of basilar artery
http://hl7.org/fhir/sid/icd-10-cm	I65.21	Occlusion and stenosis of right carotid artery
http://hl7.org/fhir/sid/icd-10-cm	I65.22	Occlusion and stenosis of left carotid artery
http://hl7.org/fhir/sid/icd-10-cm	I65.23	Occlusion and stenosis of bilateral carotid arteries
http://hl7.org/fhir/sid/icd-10-cm	I65.29	Occlusion and stenosis of unspecified carotid artery
http://hl7.org/fhir/sid/icd-10-cm	I65.8	Occlusion and stenosis of other precerebral arteries
http://hl7.org/fhir/sid/icd-10-cm	I65.9	Occlusion and stenosis of unspecified precerebral artery
http://hl7.org/fhir/sid/icd-10-cm	I66.01	Occlusion and stenosis of right middle cerebral artery
http://hl7.org/fhir/sid/icd-10-cm	I66.02	Occlusion and stenosis of left middle cerebral artery
http://hl7.org/fhir/sid/icd-10-cm	I66.03	Occlusion and stenosis of bilateral middle cerebral arteries
http://hl7.org/fhir/sid/icd-10-cm	I66.09	Occlusion and stenosis of unspecified middle cerebral artery
http://hl7.org/fhir/sid/icd-10-cm	I66.11	Occlusion and stenosis of right anterior cerebral artery
http://hl7.org/fhir/sid/icd-10-cm	I66.12	Occlusion and stenosis of left anterior cerebral artery
http://hl7.org/fhir/sid/icd-10-cm	I66.13	Occlusion and stenosis of bilateral anterior cerebral arteries
http://hl7.org/fhir/sid/icd-10-cm	I66.19	Occlusion and stenosis of unspecified anterior cerebral artery
http://hl7.org/fhir/sid/icd-10-cm	I66.21	Occlusion and stenosis of right posterior cerebral artery
http://hl7.org/fhir/sid/icd-10-cm	I66.22	Occlusion and stenosis of left posterior cerebral artery
http://hl7.org/fhir/sid/icd-10-cm	I66.23	Occlusion and stenosis of bilateral posterior cerebral arteries
http://hl7.org/fhir/sid/icd-10-cm	I66.29	Occlusion and stenosis of unspecified posterior cerebral artery
http://hl7.org/fhir/sid/icd-10-cm	I66.3	Occlusion and stenosis of cerebellar arteries
http://hl7.org/fhir/sid/icd-10-cm	I66.8	Occlusion and stenosis of other cerebral arteries
http://hl7.org/fhir/sid/icd-10-cm	I66.9	Occlusion and stenosis of unspecified cerebral artery
http://hl7.org/fhir/sid/icd-10-cm	I67.1	Cerebral aneurysm, nonruptured
http://hl7.org/fhir/sid/icd-10-cm	I67.2	Cerebral atherosclerosis
http://hl7.org/fhir/sid/icd-10-cm	I67.3	Progressive vascular leukoencephalopathy
http://hl7.org/fhir/sid/icd-10-cm	I67.5	Moyamoya disease
http://hl7.org/fhir/sid/icd-10-cm	I67.6	Nonpyogenic thrombosis of intracranial venous system
http://hl7.org/fhir/sid/icd-10-cm	I67.7	Cerebral arteritis, not elsewhere classified
http://hl7.org/fhir/sid/icd-10-cm	I67.81	Acute cerebrovascular insufficiency
http://hl7.org/fhir/sid/icd-10-cm	I67.82	Cerebral ischemia
http://hl7.org/fhir/sid/icd-10-cm	I67.83	Posterior reversible encephalopathy syndrome
http://hl7.org/fhir/sid/icd-10-cm	I67.841	Reversible cerebrovascular vasoconstriction syndrome
http://hl7.org/fhir/sid/icd-10-cm	I67.848	Other cerebrovascular vasospasm and vasoconstriction
http://hl7.org/fhir/sid/icd-10-cm	I67.850	Cerebral autosomal dominant arteriopathy with subcortical infarcts and leukoencephalopathy
http://hl7.org/fhir/sid/icd-10-cm	I67.858	Other hereditary cerebrovascular disease
http://hl7.org/fhir/sid/icd-10-cm	I67.89	Other cerebrovascular disease
http://hl7.org/fhir/sid/icd-10-cm	I67.9	Cerebrovascular disease, unspecified
http://hl7.org/fhir/sid/icd-10-cm	I68.0	Cerebral amyloid angiopathy
http://hl7.org/fhir/sid/icd-10-cm	I68.2	Cerebral arteritis in other diseases classified elsewhere
http://hl7.org/fhir/sid/icd-10-cm	I68.8	Other cerebrovascular disorders in diseases classified elsewhere
http://hl7.org/fhir/sid/icd-10-cm	I69.00	Unspecified sequelae of nontraumatic subarachnoid hemorrhage
http://hl7.org/fhir/sid/icd-10-cm	I69.01	Cognitive deficits following nontraumatic subarachnoid hemorrhage
http://hl7.org/fhir/sid/icd-10-cm	I69.010	Attention and concentration deficit following nontraumatic subarachnoid hemorrhage
http://hl7.org/fhir/sid/icd-10-cm	I69.011	Memory deficit following nontraumatic subarachnoid hemorrhage
http://hl7.org/fhir/sid/icd-10-cm	I69.012	Visuospatial deficit and spatial neglect following nontraumatic subarachnoid hemorrhage
http://hl7.org/fhir/sid/icd-10-cm	I69.013	Psychomotor deficit following nontraumatic subarachnoid hemorrhage
http://hl7.org/fhir/sid/icd-10-cm	I69.014	Frontal lobe and executive function deficit following nontraumatic subarachnoid hemorrhage
http://hl7.org/fhir/sid/icd-10-cm	I69.015	Cognitive social or emotional deficit following nontraumatic subarachnoid hemorrhage
http://hl7.org/fhir/sid/icd-10-cm	I69.018	Other symptoms and signs involving cognitive functions following nontraumatic subarachnoid hemorrhage
http://hl7.org/fhir/sid/icd-10-cm	I69.019	Unspecified symptoms and signs involving cognitive functions following nontraumatic subarachnoid hemorrhage
http://hl7.org/fhir/sid/icd-10-cm	I69.020	Aphasia following nontraumatic subarachnoid hemorrhage
http://hl7.org/fhir/sid/icd-10-cm	I69.021	Dysphasia following nontraumatic subarachnoid hemorrhage
http://hl7.org/fhir/sid/icd-10-cm	I69.022	Dysarthria following nontraumatic subarachnoid hemorrhage
http://hl7.org/fhir/sid/icd-10-cm	I69.023	Fluency disorder following nontraumatic subarachnoid hemorrhage
http://hl7.org/fhir/sid/icd-10-cm	I69.028	Other speech and language deficits following nontraumatic subarachnoid hemorrhage
http://hl7.org/fhir/sid/icd-10-cm	I69.031	Monoplegia of upper limb following nontraumatic subarachnoid hemorrhage affecting right dominant side
http://hl7.org/fhir/sid/icd-10-cm	I69.032	Monoplegia of upper limb following nontraumatic subarachnoid hemorrhage affecting left dominant side
http://hl7.org/fhir/sid/icd-10-cm	I69.033	Monoplegia of upper limb following nontraumatic subarachnoid hemorrhage affecting right non-dominant side
http://hl7.org/fhir/sid/icd-10-cm	I69.034	Monoplegia of upper limb following nontraumatic subarachnoid hemorrhage affecting left non-dominant side
http://hl7.org/fhir/sid/icd-10-cm	I69.039	Monoplegia of upper limb following nontraumatic subarachnoid hemorrhage affecting unspecified side
http://hl7.org/fhir/sid/icd-10-cm	I69.041	Monoplegia of lower limb following nontraumatic subarachnoid hemorrhage affecting right dominant side
http://hl7.org/fhir/sid/icd-10-cm	I69.042	Monoplegia of lower limb following nontraumatic subarachnoid hemorrhage affecting left dominant side
http://hl7.org/fhir/sid/icd-10-cm	I69.043	Monoplegia of lower limb following nontraumatic subarachnoid hemorrhage affecting right non-dominant side
http://hl7.org/fhir/sid/icd-10-cm	I69.044	Monoplegia of lower limb following nontraumatic subarachnoid hemorrhage affecting left non-dominant side
http://hl7.org/fhir/sid/icd-10-cm	I69.049	Monoplegia of lower limb following nontraumatic subarachnoid hemorrhage affecting unspecified side
http://hl7.org/fhir/sid/icd-10-cm	I69.051	Hemiplegia and hemiparesis following nontraumatic subarachnoid hemorrhage affecting right dominant side
http://hl7.org/fhir/sid/icd-10-cm	I69.052	Hemiplegia and hemiparesis following nontraumatic subarachnoid hemorrhage affecting left dominant side
http://hl7.org/fhir/sid/icd-10-cm	I69.053	Hemiplegia and hemiparesis following nontraumatic subarachnoid hemorrhage affecting right non-dominant side
http://hl7.org/fhir/sid/icd-10-cm	I69.054	Hemiplegia and hemiparesis following nontraumatic subarachnoid hemorrhage affecting left non-dominant side
http://hl7.org/fhir/sid/icd-10-cm	I69.059	Hemiplegia and hemiparesis following nontraumatic subarachnoid hemorrhage affecting unspecified side
http://hl7.org/fhir/sid/icd-10-cm	I69.061	Other paralytic syndrome following nontraumatic subarachnoid hemorrhage affecting right dominant side
http://hl7.org/fhir/sid/icd-10-cm	I69.062	Other paralytic syndrome following nontraumatic subarachnoid hemorrhage affecting left dominant side
http://hl7.org/fhir/sid/icd-10-cm	I69.063	Other paralytic syndrome following nontraumatic subarachnoid hemorrhage affecting right non-dominant side
http://hl7.org/fhir/sid/icd-10-cm	I69.064	Other paralytic syndrome following nontraumatic subarachnoid hemorrhage affecting left non-dominant side
http://hl7.org/fhir/sid/icd-10-cm	I69.065	Other paralytic syndrome following nontraumatic subarachnoid hemorrhage, bilateral
http://hl7.org/fhir/sid/icd-10-cm	I69.069	Other paralytic syndrome following nontraumatic subarachnoid hemorrhage affecting unspecified side
http://hl7.org/fhir/sid/icd-10-cm	I69.090	Apraxia following nontraumatic subarachnoid hemorrhage
http://hl7.org/fhir/sid/icd-10-cm	I69.091	Dysphagia following nontraumatic subarachnoid hemorrhage
http://hl7.org/fhir/sid/icd-10-cm	I69.092	Facial weakness following nontraumatic subarachnoid hemorrhage
http://hl7.org/fhir/sid/icd-10-cm	I69.093	Ataxia following nontraumatic subarachnoid hemorrhage
http://hl7.org/fhir/sid/icd-10-cm	I69.098	Other sequelae following nontraumatic subarachnoid hemorrhage
http://hl7.org/fhir/sid/icd-10-cm	I69.10	Unspecified sequelae of nontraumatic intracerebral hemorrhage
http://hl7.org/fhir/sid/icd-10-cm	I69.11	Cognitive deficits following nontraumatic intracerebral hemorrhage
http://hl7.org/fhir/sid/icd-10-cm	I69.110	Attention and concentration deficit following nontraumatic intracerebral hemorrhage
http://hl7.org/fhir/sid/icd-10-cm	I69.111	Memory deficit following nontraumatic intracerebral hemorrhage
http://hl7.org/fhir/sid/icd-10-cm	I69.112	Visuospatial deficit and spatial neglect following nontraumatic intracerebral hemorrhage
http://hl7.org/fhir/sid/icd-10-cm	I69.113	Psychomotor deficit following nontraumatic intracerebral hemorrhage
http://hl7.org/fhir/sid/icd-10-cm	I69.114	Frontal lobe and executive function deficit following nontraumatic intracerebral hemorrhage
http://hl7.org/fhir/sid/icd-10-cm	I69.115	Cognitive social or emotional deficit following nontraumatic intracerebral hemorrhage
http://hl7.org/fhir/sid/icd-10-cm	I69.118	Other symptoms and signs involving cognitive functions following nontraumatic intracerebral hemorrhage
http://hl7.org/fhir/sid/icd-10-cm	I69.119	Unspecified symptoms and signs involving cognitive functions following nontraumatic intracerebral hemorrhage
http://hl7.org/fhir/sid/icd-10-cm	I69.120	Aphasia following nontraumatic intracerebral hemorrhage
http://hl7.org/fhir/sid/icd-10-cm	I69.121	Dysphasia following nontraumatic intracerebral hemorrhage
http://hl7.org/fhir/sid/icd-10-cm	I69.122	Dysarthria following nontraumatic intracerebral hemorrhage
http://hl7.org/fhir/sid/icd-10-cm	I69.123	Fluency disorder following nontraumatic intracerebral hemorrhage
http://hl7.org/fhir/sid/icd-10-cm	I69.128	Other speech and language deficits following nontraumatic intracerebral hemorrhage
http://hl7.org/fhir/sid/icd-10-cm	I69.131	Monoplegia of upper limb following nontraumatic intracerebral hemorrhage affecting right dominant side
http://hl7.org/fhir/sid/icd-10-cm	I69.132	Monoplegia of upper limb following nontraumatic intracerebral hemorrhage affecting left dominant side
http://hl7.org/fhir/sid/icd-10-cm	I69.133	Monoplegia of upper limb following nontraumatic intracerebral hemorrhage affecting right non-dominant side
http://hl7.org/fhir/sid/icd-10-cm	I69.134	Monoplegia of upper limb following nontraumatic intracerebral hemorrhage affecting left non-dominant side
http://hl7.org/fhir/sid/icd-10-cm	I69.139	Monoplegia of upper limb following nontraumatic intracerebral hemorrhage affecting unspecified side
http://hl7.org/fhir/sid/icd-10-cm	I69.141	Monoplegia of lower limb following nontraumatic intracerebral hemorrhage affecting right dominant side
http://hl7.org/fhir/sid/icd-10-cm	I69.142	Monoplegia of lower limb following nontraumatic intracerebral hemorrhage affecting left dominant side
http://hl7.org/fhir/sid/icd-10-cm	I69.143	Monoplegia of lower limb following nontraumatic intracerebral hemorrhage affecting right non-dominant side
http://hl7.org/fhir/sid/icd-10-cm	I69.144	Monoplegia of lower limb following nontraumatic intracerebral hemorrhage affecting left non-dominant side
http://hl7.org/fhir/sid/icd-10-cm	I69.149	Monoplegia of lower limb following nontraumatic intracerebral hemorrhage affecting unspecified side
http://hl7.org/fhir/sid/icd-10-cm	I69.151	Hemiplegia and hemiparesis following nontraumatic intracerebral hemorrhage affecting right dominant side
http://hl7.org/fhir/sid/icd-10-cm	I69.152	Hemiplegia and hemiparesis following nontraumatic intracerebral hemorrhage affecting left dominant side
http://hl7.org/fhir/sid/icd-10-cm	I69.153	Hemiplegia and hemiparesis following nontraumatic intracerebral hemorrhage affecting right non-dominant side
http://hl7.org/fhir/sid/icd-10-cm	I69.154	Hemiplegia and hemiparesis following nontraumatic intracerebral hemorrhage affecting left non-dominant side
http://hl7.org/fhir/sid/icd-10-cm	I69.159	Hemiplegia and hemiparesis following nontraumatic intracerebral hemorrhage affecting unspecified side
http://hl7.org/fhir/sid/icd-10-cm	I69.161	Other paralytic syndrome following nontraumatic intracerebral hemorrhage affecting right dominant side
http://hl7.org/fhir/sid/icd-10-cm	I69.162	Other paralytic syndrome following nontraumatic intracerebral hemorrhage affecting left dominant side
http://hl7.org/fhir/sid/icd-10-cm	I69.163	Other paralytic syndrome following nontraumatic intracerebral hemorrhage affecting right non-dominant side
http://hl7.org/fhir/sid/icd-10-cm	I69.164	Other paralytic syndrome following nontraumatic intracerebral hemorrhage affecting left non-dominant side
http://hl7.org/fhir/sid/icd-10-cm	I69.165	Other paralytic syndrome following nontraumatic intracerebral hemorrhage, bilateral
http://hl7.org/fhir/sid/icd-10-cm	I69.169	Other paralytic syndrome following nontraumatic intracerebral hemorrhage affecting unspecified side
http://hl7.org/fhir/sid/icd-10-cm	I69.190	Apraxia following nontraumatic intracerebral hemorrhage
http://hl7.org/fhir/sid/icd-10-cm	I69.191	Dysphagia following nontraumatic intracerebral hemorrhage
http://hl7.org/fhir/sid/icd-10-cm	I69.192	Facial weakness following nontraumatic intracerebral hemorrhage
http://hl7.org/fhir/sid/icd-10-cm	I69.193	Ataxia following nontraumatic intracerebral hemorrhage
http://hl7.org/fhir/sid/icd-10-cm	I69.198	Other sequelae of nontraumatic intracerebral hemorrhage
http://hl7.org/fhir/sid/icd-10-cm	I69.20	Unspecified sequelae of other nontraumatic intracranial hemorrhage
http://hl7.org/fhir/sid/icd-10-cm	I69.21	Cognitive deficits following other nontraumatic intracranial hemorrhage
http://hl7.org/fhir/sid/icd-10-cm	I69.210	Attention and concentration deficit following other nontraumatic intracranial hemorrhage
http://hl7.org/fhir/sid/icd-10-cm	I69.211	Memory deficit following other nontraumatic intracranial hemorrhage
http://hl7.org/fhir/sid/icd-10-cm	I69.212	Visuospatial deficit and spatial neglect following other nontraumatic intracranial hemorrhage
http://hl7.org/fhir/sid/icd-10-cm	I69.213	Psychomotor deficit following other nontraumatic intracranial hemorrhage
http://hl7.org/fhir/sid/icd-10-cm	I69.214	Frontal lobe and executive function deficit following other nontraumatic intracranial hemorrhage
http://hl7.org/fhir/sid/icd-10-cm	I69.215	Cognitive social or emotional deficit following other nontraumatic intracranial hemorrhage
http://hl7.org/fhir/sid/icd-10-cm	I69.218	Other symptoms and signs involving cognitive functions following other nontraumatic intracranial hemorrhage
http://hl7.org/fhir/sid/icd-10-cm	I69.219	Unspecified symptoms and signs involving cognitive functions following other nontraumatic intracranial hemorrhage
http://hl7.org/fhir/sid/icd-10-cm	I69.220	Aphasia following other nontraumatic intracranial hemorrhage
http://hl7.org/fhir/sid/icd-10-cm	I69.221	Dysphasia following other nontraumatic intracranial hemorrhage
http://hl7.org/fhir/sid/icd-10-cm	I69.222	Dysarthria following other nontraumatic intracranial hemorrhage
http://hl7.org/fhir/sid/icd-10-cm	I69.223	Fluency disorder following other nontraumatic intracranial hemorrhage
http://hl7.org/fhir/sid/icd-10-cm	I69.228	Other speech and language deficits following other nontraumatic intracranial hemorrhage
http://hl7.org/fhir/sid/icd-10-cm	I69.231	Monoplegia of upper limb following other nontraumatic intracranial hemorrhage affecting right dominant side
http://hl7.org/fhir/sid/icd-10-cm	I69.232	Monoplegia of upper limb following other nontraumatic intracranial hemorrhage affecting left dominant side
http://hl7.org/fhir/sid/icd-10-cm	I69.233	Monoplegia of upper limb following other nontraumatic intracranial hemorrhage affecting right non-dominant side
http://hl7.org/fhir/sid/icd-10-cm	I69.234	Monoplegia of upper limb following other nontraumatic intracranial hemorrhage affecting left non-dominant side
http://hl7.org/fhir/sid/icd-10-cm	I69.239	Monoplegia of upper limb following other nontraumatic intracranial hemorrhage affecting unspecified side
http://hl7.org/fhir/sid/icd-10-cm	I69.241	Monoplegia of lower limb following other nontraumatic intracranial hemorrhage affecting right dominant side
http://hl7.org/fhir/sid/icd-10-cm	I69.242	Monoplegia of lower limb following other nontraumatic intracranial hemorrhage affecting left dominant side
http://hl7.org/fhir/sid/icd-10-cm	I69.243	Monoplegia of lower limb following other nontraumatic intracranial hemorrhage affecting right non-dominant side
http://hl7.org/fhir/sid/icd-10-cm	I69.244	Monoplegia of lower limb following other nontraumatic intracranial hemorrhage affecting left non-dominant side
http://hl7.org/fhir/sid/icd-10-cm	I69.249	Monoplegia of lower limb following other nontraumatic intracranial hemorrhage affecting unspecified side
http://hl7.org/fhir/sid/icd-10-cm	I69.251	Hemiplegia and hemiparesis following other nontraumatic intracranial hemorrhage affecting right dominant side
http://hl7.org/fhir/sid/icd-10-cm	I69.252	Hemiplegia and hemiparesis following other nontraumatic intracranial hemorrhage affecting left dominant side
http://hl7.org/fhir/sid/icd-10-cm	I69.253	Hemiplegia and hemiparesis following other nontraumatic intracranial hemorrhage affecting right non-dominant side
http://hl7.org/fhir/sid/icd-10-cm	I69.254	Hemiplegia and hemiparesis following other nontraumatic intracranial hemorrhage affecting left non-dominant side
http://hl7.org/fhir/sid/icd-10-cm	I69.259	Hemiplegia and hemiparesis following other nontraumatic intracranial hemorrhage affecting unspecified side
http://hl7.org/fhir/sid/icd-10-cm	I69.261	Other paralytic syndrome following other nontraumatic intracranial hemorrhage affecting right dominant side
http://hl7.org/fhir/sid/icd-10-cm	I69.262	Other paralytic syndrome following other nontraumatic intracranial hemorrhage affecting left dominant side
http://hl7.org/fhir/sid/icd-10-cm	I69.263	Other paralytic syndrome following other nontraumatic intracranial hemorrhage affecting right non-dominant side
http://hl7.org/fhir/sid/icd-10-cm	I69.264	Other paralytic syndrome following other nontraumatic intracranial hemorrhage affecting left non-dominant side
http://hl7.org/fhir/sid/icd-10-cm	I69.265	Other paralytic syndrome following other nontraumatic intracranial hemorrhage, bilateral
http://hl7.org/fhir/sid/icd-10-cm	I69.269	Other paralytic syndrome following other nontraumatic intracranial hemorrhage affecting unspecified side
http://hl7.org/fhir/sid/icd-10-cm	I69.290	Apraxia following other nontraumatic intracranial hemorrhage
http://hl7.org/fhir/sid/icd-10-cm	I69.291	Dysphagia following other nontraumatic intracranial hemorrhage
http://hl7.org/fhir/sid/icd-10-cm	I69.292	Facial weakness following other nontraumatic intracranial hemorrhage
http://hl7.org/fhir/sid/icd-10-cm	I69.293	Ataxia following other nontraumatic intracranial hemorrhage
http://hl7.org/fhir/sid/icd-10-cm	I69.298	Other sequelae of other nontraumatic intracranial hemorrhage
http://hl7.org/fhir/sid/icd-10-cm	I69.30	Unspecified sequelae of cerebral infarction
http://hl7.org/fhir/sid/icd-10-cm	I69.31	Cognitive deficits following cerebral infarction
http://hl7.org/fhir/sid/icd-10-cm	I69.310	Attention and concentration deficit following cerebral infarction
http://hl7.org/fhir/sid/icd-10-cm	I69.311	Memory deficit following cerebral infarction
http://hl7.org/fhir/sid/icd-10-cm	I69.312	Visuospatial deficit and spatial neglect following cerebral infarction
http://hl7.org/fhir/sid/icd-10-cm	I69.313	Psychomotor deficit following cerebral infarction
http://hl7.org/fhir/sid/icd-10-cm	I69.314	Frontal lobe and executive function deficit following cerebral infarction
http://hl7.org/fhir/sid/icd-10-cm	I69.315	Cognitive social or emotional deficit following cerebral infarction
http://hl7.org/fhir/sid/icd-10-cm	I69.318	Other symptoms and signs involving cognitive functions following cerebral infarction
http://hl7.org/fhir/sid/icd-10-cm	I69.319	Unspecified symptoms and signs involving cognitive functions following cerebral infarction
http://hl7.org/fhir/sid/icd-10-cm	I69.320	Aphasia following cerebral infarction
http://hl7.org/fhir/sid/icd-10-cm	I69.321	Dysphasia following cerebral infarction
http://hl7.org/fhir/sid/icd-10-cm	I69.322	Dysarthria following cerebral infarction
http://hl7.org/fhir/sid/icd-10-cm	I69.323	Fluency disorder following cerebral infarction
http://hl7.org/fhir/sid/icd-10-cm	I69.328	Other speech and language deficits following cerebral infarction
http://hl7.org/fhir/sid/icd-10-cm	I69.331	Monoplegia of upper limb following cerebral infarction affecting right dominant side
http://hl7.org/fhir/sid/icd-10-cm	I69.332	Monoplegia of upper limb following cerebral infarction affecting left dominant side
http://hl7.org/fhir/sid/icd-10-cm	I69.333	Monoplegia of upper limb following cerebral infarction affecting right non-dominant side
http://hl7.org/fhir/sid/icd-10-cm	I69.334	Monoplegia of upper limb following cerebral infarction affecting left non-dominant side
http://hl7.org/fhir/sid/icd-10-cm	I69.339	Monoplegia of upper limb following cerebral infarction affecting unspecified side
http://hl7.org/fhir/sid/icd-10-cm	I69.341	Monoplegia of lower limb following cerebral infarction affecting right dominant side
http://hl7.org/fhir/sid/icd-10-cm	I69.342	Monoplegia of lower limb following cerebral infarction affecting left dominant side
http://hl7.org/fhir/sid/icd-10-cm	I69.343	Monoplegia of lower limb following cerebral infarction affecting right non-dominant side
http://hl7.org/fhir/sid/icd-10-cm	I69.344	Monoplegia of lower limb following cerebral infarction affecting left non-dominant side
http://hl7.org/fhir/sid/icd-10-cm	I69.349	Monoplegia of lower limb following cerebral infarction affecting unspecified side
http://hl7.org/fhir/sid/icd-10-cm	I69.351	Hemiplegia and hemiparesis following cerebral infarction affecting right dominant side
http://hl7.org/fhir/sid/icd-10-cm	I69.352	Hemiplegia and hemiparesis following cerebral infarction affecting left dominant side
http://hl7.org/fhir/sid/icd-10-cm	I69.353	Hemiplegia and hemiparesis following cerebral infarction affecting right non-dominant side
http://hl7.org/fhir/sid/icd-10-cm	I69.354	Hemiplegia and hemiparesis following cerebral infarction affecting left non-dominant side
http://hl7.org/fhir/sid/icd-10-cm	I69.359	Hemiplegia and hemiparesis following cerebral infarction affecting unspecified side
http://hl7.org/fhir/sid/icd-10-cm	I69.361	Other paralytic syndrome following cerebral infarction affecting right dominant side
http://hl7.org/fhir/sid/icd-10-cm	I69.362	Other paralytic syndrome following cerebral infarction affecting left dominant side
http://hl7.org/fhir/sid/icd-10-cm	I69.363	Other paralytic syndrome following cerebral infarction affecting right non-dominant side
http://hl7.org/fhir/sid/icd-10-cm	I69.364	Other paralytic syndrome following cerebral infarction affecting left non-dominant side
http://hl7.org/fhir/sid/icd-10-cm	I69.365	Other paralytic syndrome following cerebral infarction, bilateral
http://hl7.org/fhir/sid/icd-10-cm	I69.369	Other paralytic syndrome following cerebral infarction affecting unspecified side
http://hl7.org/fhir/sid/icd-10-cm	I69.390	Apraxia following cerebral infarction
http://hl7.org/fhir/sid/icd-10-cm	I69.391	Dysphagia following cerebral infarction
http://hl7.org/fhir/sid/icd-10-cm	I69.392	Facial weakness following cerebral infarction
http://hl7.org/fhir/sid/icd-10-cm	I69.393	Ataxia following cerebral infarction
http://hl7.org/fhir/sid/icd-10-cm	I69.398	Other sequelae of cerebral infarction
http://hl7.org/fhir/sid/icd-10-cm	I69.80	Unspecified sequelae of other cerebrovascular disease
http://hl7.org/fhir/sid/icd-10-cm	I69.81	Cognitive deficits following other cerebrovascular disease
http://hl7.org/fhir/sid/icd-10-cm	I69.810	Attention and concentration deficit following other cerebrovascular disease
http://hl7.org/fhir/sid/icd-10-cm	I69.811	Memory deficit following other cerebrovascular disease
http://hl7.org/fhir/sid/icd-10-cm	I69.812	Visuospatial deficit and spatial neglect following other cerebrovascular disease
http://hl7.org/fhir/sid/icd-10-cm	I69.813	Psychomotor deficit following other cerebrovascular disease
http://hl7.org/fhir/sid/icd-10-cm	I69.814	Frontal lobe and executive function deficit following other cerebrovascular disease
http://hl7.org/fhir/sid/icd-10-cm	I69.815	Cognitive social or emotional deficit following other cerebrovascular disease
http://hl7.org/fhir/sid/icd-10-cm	I69.818	Other symptoms and signs involving cognitive functions following other cerebrovascular disease
http://hl7.org/fhir/sid/icd-10-cm	I69.819	Unspecified symptoms and signs involving cognitive functions following other cerebrovascular disease
http://hl7.org/fhir/sid/icd-10-cm	I69.820	Aphasia following other cerebrovascular disease
http://hl7.org/fhir/sid/icd-10-cm	I69.821	Dysphasia following other cerebrovascular disease
http://hl7.org/fhir/sid/icd-10-cm	I69.822	Dysarthria following other cerebrovascular disease
http://hl7.org/fhir/sid/icd-10-cm	I69.823	Fluency disorder following other cerebrovascular disease
http://hl7.org/fhir/sid/icd-10-cm	I69.828	Other speech and language deficits following other cerebrovascular disease
http://hl7.org/fhir/sid/icd-10-cm	I69.831	Monoplegia of upper limb following other cerebrovascular disease affecting right dominant side
http://hl7.org/fhir/sid/icd-10-cm	I69.832	Monoplegia of upper limb following other cerebrovascular disease affecting left dominant side
http://hl7.org/fhir/sid/icd-10-cm	I69.833	Monoplegia of upper limb following other cerebrovascular disease affecting right non-dominant side
http://hl7.org/fhir/sid/icd-10-cm	I69.834	Monoplegia of upper limb following other cerebrovascular disease affecting left non-dominant side
http://hl7.org/fhir/sid/icd-10-cm	I69.839	Monoplegia of upper limb following other cerebrovascular disease affecting unspecified side
http://hl7.org/fhir/sid/icd-10-cm	I69.841	Monoplegia of lower limb following other cerebrovascular disease affecting right dominant side
http://hl7.org/fhir/sid/icd-10-cm	I69.842	Monoplegia of lower limb following other cerebrovascular disease affecting left dominant side
http://hl7.org/fhir/sid/icd-10-cm	I69.843	Monoplegia of lower limb following other cerebrovascular disease affecting right non-dominant side
http://hl7.org/fhir/sid/icd-10-cm	I69.844	Monoplegia of lower limb following other cerebrovascular disease affecting left non-dominant side
http://hl7.org/fhir/sid/icd-10-cm	I69.849	Monoplegia of lower limb following other cerebrovascular disease affecting unspecified side
http://hl7.org/fhir/sid/icd-10-cm	I69.851	Hemiplegia and hemiparesis following other cerebrovascular disease affecting right dominant side
http://hl7.org/fhir/sid/icd-10-cm	I69.852	Hemiplegia and hemiparesis following other cerebrovascular disease affecting left dominant side
http://hl7.org/fhir/sid/icd-10-cm	I69.853	Hemiplegia and hemiparesis following other cerebrovascular disease affecting right non-dominant side
http://hl7.org/fhir/sid/icd-10-cm	I69.854	Hemiplegia and hemiparesis following other cerebrovascular disease affecting left non-dominant side
http://hl7.org/fhir/sid/icd-10-cm	I69.859	Hemiplegia and hemiparesis following other cerebrovascular disease affecting unspecified side
http://hl7.org/fhir/sid/icd-10-cm	I69.861	Other paralytic syndrome following other cerebrovascular disease affecting right dominant side
http://hl7.org/fhir/sid/icd-10-cm	I69.862	Other paralytic syndrome following other cerebrovascular disease affecting left dominant side
http://hl7.org/fhir/sid/icd-10-cm	I69.863	Other paralytic syndrome following other cerebrovascular disease affecting right non-dominant side
http://hl7.org/fhir/sid/icd-10-cm	I69.864	Other paralytic syndrome following other cerebrovascular disease affecting left non-dominant side
http://hl7.org/fhir/sid/icd-10-cm	I69.865	Other paralytic syndrome following other cerebrovascular disease, bilateral
http://hl7.org/fhir/sid/icd-10-cm	I69.869	Other paralytic syndrome following other cerebrovascular disease affecting unspecified side
http://hl7.org/fhir/sid/icd-10-cm	I69.890	Apraxia following other cerebrovascular disease
http://hl7.org/fhir/sid/icd-10-cm	I69.891	Dysphagia following other cerebrovascular disease
http://hl7.org/fhir/sid/icd-10-cm	I69.892	Facial weakness following other cerebrovascular disease
http://hl7.org/fhir/sid/icd-10-cm	I69.893	Ataxia following other cerebrovascular disease
http://hl7.org/fhir/sid/icd-10-cm	I69.898	Other sequelae of other cerebrovascular disease
http://hl7.org/fhir/sid/icd-10-cm	I69.90	Unspecified sequelae of unspecified cerebrovascular disease
http://hl7.org/fhir/sid/icd-10-cm	I69.91	Cognitive deficits following unspecified cerebrovascular disease
http://hl7.org/fhir/sid/icd-10-cm	I69.910	Attention and concentration deficit following unspecified cerebrovascular disease
http://hl7.org/fhir/sid/icd-10-cm	I69.911	Memory deficit following unspecified cerebrovascular disease
http://hl7.org/fhir/sid/icd-10-cm	I69.912	Visuospatial deficit and spatial neglect following unspecified cerebrovascular disease
http://hl7.org/fhir/sid/icd-10-cm	I69.913	Psychomotor deficit following unspecified cerebrovascular disease
http://hl7.org/fhir/sid/icd-10-cm	I69.914	Frontal lobe and executive function deficit following unspecified cerebrovascular disease
http://hl7.org/fhir/sid/icd-10-cm	I69.915	Cognitive social or emotional deficit following unspecified cerebrovascular disease
http://hl7.org/fhir/sid/icd-10-cm	I69.918	Other symptoms and signs involving cognitive functions following unspecified cerebrovascular disease
http://hl7.org/fhir/sid/icd-10-cm	I69.919	Unspecified symptoms and signs involving cognitive functions following unspecified cerebrovascular disease
http://hl7.org/fhir/sid/icd-10-cm	I69.920	Aphasia following unspecified cerebrovascular disease
http://hl7.org/fhir/sid/icd-10-cm	I69.921	Dysphasia following unspecified cerebrovascular disease
http://hl7.org/fhir/sid/icd-10-cm	I69.922	Dysarthria following unspecified cerebrovascular disease
http://hl7.org/fhir/sid/icd-10-cm	I69.923	Fluency disorder following unspecified cerebrovascular disease
http://hl7.org/fhir/sid/icd-10-cm	I69.928	Other speech and language deficits following unspecified cerebrovascular disease
http://hl7.org/fhir/sid/icd-10-cm	I69.931	Monoplegia of upper limb following unspecified cerebrovascular disease affecting right dominant side
http://hl7.org/fhir/sid/icd-10-cm	I69.932	Monoplegia of upper limb following unspecified cerebrovascular disease affecting left dominant side
http://hl7.org/fhir/sid/icd-10-cm	I69.933	Monoplegia of upper limb following unspecified cerebrovascular disease affecting right non-dominant side
http://hl7.org/fhir/sid/icd-10-cm	I69.934	Monoplegia of upper limb following unspecified cerebrovascular disease affecting left non-dominant side
http://hl7.org/fhir/sid/icd-10-cm	I69.939	Monoplegia of upper limb following unspecified cerebrovascular disease affecting unspecified side
http://hl7.org/fhir/sid/icd-10-cm	I69.941	Monoplegia of lower limb following unspecified cerebrovascular disease affecting right dominant side
http://hl7.org/fhir/sid/icd-10-cm	I69.942	Monoplegia of lower limb following unspecified cerebrovascular disease affecting left dominant side
http://hl7.org/fhir/sid/icd-10-cm	I69.943	Monoplegia of lower limb following unspecified cerebrovascular disease affecting right non-dominant side
http://hl7.org/fhir/sid/icd-10-cm	I69.944	Monoplegia of lower limb following unspecified cerebrovascular disease affecting left non-dominant side
http://hl7.org/fhir/sid/icd-10-cm	I69.949	Monoplegia of lower limb following unspecified cerebrovascular disease affecting unspecified side
http://hl7.org/fhir/sid/icd-10-cm	I69.951	Hemiplegia and hemiparesis following unspecified cerebrovascular disease affecting right dominant side
http://hl7.org/fhir/sid/icd-10-cm	I69.952	Hemiplegia and hemiparesis following unspecified cerebrovascular disease affecting left dominant side
http://hl7.org/fhir/sid/icd-10-cm	I69.953	Hemiplegia and hemiparesis following unspecified cerebrovascular disease affecting right non-dominant side
http://hl7.org/fhir/sid/icd-10-cm	I69.954	Hemiplegia and hemiparesis following unspecified cerebrovascular disease affecting left non-dominant side
http://hl7.org/fhir/sid/icd-10-cm	I69.959	Hemiplegia and hemiparesis following unspecified cerebrovascular disease affecting unspecified side
http://hl7.org/fhir/sid/icd-10-cm	I69.961	Other paralytic syndrome following unspecified cerebrovascular disease affecting right dominant side
http://hl7.org/fhir/sid/icd-10-cm	I69.962	Other paralytic syndrome following unspecified cerebrovascular disease affecting left dominant side
http://hl7.org/fhir/sid/icd-10-cm	I69.963	Other paralytic syndrome following unspecified cerebrovascular disease affecting right non-dominant side
http://hl7.org/fhir/sid/icd-10-cm	I69.964	Other paralytic syndrome following unspecified cerebrovascular disease affecting left non-dominant side
http://hl7.org/fhir/sid/icd-10-cm	I69.965	Other paralytic syndrome following unspecified cerebrovascular disease, bilateral
http://hl7.org/fhir/sid/icd-10-cm	I69.969	Other paralytic syndrome following unspecified cerebrovascular disease affecting unspecified side
http://hl7.org/fhir/sid/icd-10-cm	I69.990	Apraxia following unspecified cerebrovascular disease
http://hl7.org/fhir/sid/icd-10-cm	I69.991	Dysphagia following unspecified cerebrovascular disease
http://hl7.org/fhir/sid/icd-10-cm	I69.992	Facial weakness following unspecified cerebrovascular disease
http://hl7.org/fhir/sid/icd-10-cm	I69.993	Ataxia following unspecified cerebrovascular disease
http://hl7.org/fhir/sid/icd-10-cm	I69.998	Other sequelae following unspecified cerebrovascular disease
http://hl7.org/fhir/sid/icd-10-cm	J10.81	Influenza due to other identified influenza virus with encephalopathy
http://hl7.org/fhir/sid/icd-10-cm	Q00.0	Anencephaly
http://hl7.org/fhir/sid/icd-10-cm	Q00.1	Craniorachischisis
http://hl7.org/fhir/sid/icd-10-cm	Q00.2	Iniencephaly
http://hl7.org/fhir/sid/icd-10-cm	Q01.0	Frontal encephalocele
http://hl7.org/fhir/sid/icd-10-cm	Q01.1	Nasofrontal encephalocele
http://hl7.org/fhir/sid/icd-10-cm	Q01.2	Occipital encephalocele
http://hl7.org/fhir/sid/icd-10-cm	Q01.8	Encephalocele of other sites
http://hl7.org/fhir/sid/icd-10-cm	Q01.9	Encephalocele, unspecified
http://hl7.org/fhir/sid/icd-10-cm	Q02	Microcephaly
http://hl7.org/fhir/sid/icd-10-cm	Q03.0	Malformations of aqueduct of Sylvius
http://hl7.org/fhir/sid/icd-10-cm	Q03.1	Atresia of foramina of Magendie and Luschka
http://hl7.org/fhir/sid/icd-10-cm	Q03.8	Other congenital hydrocephalus
http://hl7.org/fhir/sid/icd-10-cm	Q03.9	Congenital hydrocephalus, unspecified
http://hl7.org/fhir/sid/icd-10-cm	Q04.0	Congenital malformations of corpus callosum
http://hl7.org/fhir/sid/icd-10-cm	Q04.1	Arhinencephaly
http://hl7.org/fhir/sid/icd-10-cm	Q04.2	Holoprosencephaly
http://hl7.org/fhir/sid/icd-10-cm	Q04.3	Other reduction deformities of brain
http://hl7.org/fhir/sid/icd-10-cm	Q04.4	Septo-optic dysplasia of brain
http://hl7.org/fhir/sid/icd-10-cm	Q04.5	Megalencephaly
http://hl7.org/fhir/sid/icd-10-cm	Q04.6	Congenital cerebral cysts
http://hl7.org/fhir/sid/icd-10-cm	Q04.8	Other specified congenital malformations of brain
http://hl7.org/fhir/sid/icd-10-cm	Q04.9	Congenital malformation of brain, unspecified
http://hl7.org/fhir/sid/icd-10-cm	Q05.0	Cervical spina bifida with hydrocephalus
http://hl7.org/fhir/sid/icd-10-cm	Q05.1	Thoracic spina bifida with hydrocephalus
http://hl7.org/fhir/sid/icd-10-cm	Q05.2	Lumbar spina bifida with hydrocephalus
http://hl7.org/fhir/sid/icd-10-cm	Q05.3	Sacral spina bifida with hydrocephalus
http://hl7.org/fhir/sid/icd-10-cm	Q05.4	Unspecified spina bifida with hydrocephalus
http://hl7.org/fhir/sid/icd-10-cm	Q05.5	Cervical spina bifida without hydrocephalus
http://hl7.org/fhir/sid/icd-10-cm	Q05.6	Thoracic spina bifida without hydrocephalus
http://hl7.org/fhir/sid/icd-10-cm	Q05.7	Lumbar spina bifida without hydrocephalus
http://hl7.org/fhir/sid/icd-10-cm	Q05.8	Sacral spina bifida without hydrocephalus
http://hl7.org/fhir/sid/icd-10-cm	Q05.9	Spina bifida, unspecified
http://hl7.org/fhir/sid/icd-10-cm	Q06.0	Amyelia
http://hl7.org/fhir/sid/icd-10-cm	Q06.1	Hypoplasia and dysplasia of spinal cord
http://hl7.org/fhir/sid/icd-10-cm	Q06.2	Diastematomyelia
http://hl7.org/fhir/sid/icd-10-cm	Q06.3	Other congenital cauda equina malformations
http://hl7.org/fhir/sid/icd-10-cm	Q06.4	Hydromyelia
http://hl7.org/fhir/sid/icd-10-cm	Q06.8	Other specified congenital malformations of spinal cord
http://hl7.org/fhir/sid/icd-10-cm	Q06.9	Congenital malformation of spinal cord, unspecified
http://hl7.org/fhir/sid/icd-10-cm	Q07.00	Arnold-Chiari syndrome without spina bifida or hydrocephalus
http://hl7.org/fhir/sid/icd-10-cm	Q07.01	Arnold-Chiari syndrome with spina bifida
http://hl7.org/fhir/sid/icd-10-cm	Q07.02	Arnold-Chiari syndrome with hydrocephalus
http://hl7.org/fhir/sid/icd-10-cm	Q07.03	Arnold-Chiari syndrome with spina bifida and hydrocephalus
http://hl7.org/fhir/sid/icd-10-cm	Q07.8	Other specified congenital malformations of nervous system
http://hl7.org/fhir/sid/icd-10-cm	Q07.9	Congenital malformation of nervous system, unspecified
http://hl7.org/fhir/sid/icd-10-cm	Q85.00	Neurofibromatosis, unspecified
http://hl7.org/fhir/sid/icd-10-cm	Q85.01	Neurofibromatosis, type 1
http://hl7.org/fhir/sid/icd-10-cm	Q85.02	Neurofibromatosis, type 2
http://hl7.org/fhir/sid/icd-10-cm	Q85.03	Schwannomatosis
http://hl7.org/fhir/sid/icd-10-cm	Q85.09	Other neurofibromatosis
http://hl7.org/fhir/sid/icd-10-cm	R20.0	Anesthesia of skin
http://hl7.org/fhir/sid/icd-10-cm	R20.1	Hypoesthesia of skin
http://hl7.org/fhir/sid/icd-10-cm	R20.2	Paresthesia of skin
http://hl7.org/fhir/sid/icd-10-cm	R20.3	Hyperesthesia
http://hl7.org/fhir/sid/icd-10-cm	R20.8	Other disturbances of skin sensation
http://hl7.org/fhir/sid/icd-10-cm	R20.9	Unspecified disturbances of skin sensation
http://hl7.org/fhir/sid/icd-10-cm	R25.0	Abnormal head movements
http://hl7.org/fhir/sid/icd-10-cm	R25.1	Tremor, unspecified
http://hl7.org/fhir/sid/icd-10-cm	R25.3	Fasciculation
http://hl7.org/fhir/sid/icd-10-cm	R25.8	Other abnormal involuntary movements
http://hl7.org/fhir/sid/icd-10-cm	R25.9	Unspecified abnormal involuntary movements
http://hl7.org/fhir/sid/icd-10-cm	R26.0	Ataxic gait
http://hl7.org/fhir/sid/icd-10-cm	R26.1	Paralytic gait
http://hl7.org/fhir/sid/icd-10-cm	R26.2	Difficulty in walking, not elsewhere classified
http://hl7.org/fhir/sid/icd-10-cm	R26.81	Unsteadiness on feet
http://hl7.org/fhir/sid/icd-10-cm	R26.89	Other abnormalities of gait and mobility
http://hl7.org/fhir/sid/icd-10-cm	R26.9	Unspecified abnormalities of gait and mobility
http://hl7.org/fhir/sid/icd-10-cm	R27.0	Ataxia, unspecified
http://hl7.org/fhir/sid/icd-10-cm	R27.8	Other lack of coordination
http://hl7.org/fhir/sid/icd-10-cm	R27.9	Unspecified lack of coordination
http://hl7.org/fhir/sid/icd-10-cm	R29.0	Tetany
http://hl7.org/fhir/sid/icd-10-cm	R29.2	Abnormal reflex
http://hl7.org/fhir/sid/icd-10-cm	R29.5	Transient paralysis
http://hl7.org/fhir/sid/icd-10-cm	R29.700	NIHSS score 0
http://hl7.org/fhir/sid/icd-10-cm	R29.701	NIHSS score 1
http://hl7.org/fhir/sid/icd-10-cm	R29.702	NIHSS score 2
http://hl7.org/fhir/sid/icd-10-cm	R29.703	NIHSS score 3
http://hl7.org/fhir/sid/icd-10-cm	R29.704	NIHSS score 4
http://hl7.org/fhir/sid/icd-10-cm	R29.705	NIHSS score 5
http://hl7.org/fhir/sid/icd-10-cm	R29.706	NIHSS score 6
http://hl7.org/fhir/sid/icd-10-cm	R29.707	NIHSS score 7
http://hl7.org/fhir/sid/icd-10-cm	R29.708	NIHSS score 8
http://hl7.org/fhir/sid/icd-10-cm	R29.709	NIHSS score 9
http://hl7.org/fhir/sid/icd-10-cm	R29.710	NIHSS score 10
http://hl7.org/fhir/sid/icd-10-cm	R29.711	NIHSS score 11
http://hl7.org/fhir/sid/icd-10-cm	R29.712	NIHSS score 12
http://hl7.org/fhir/sid/icd-10-cm	R29.713	NIHSS score 13
http://hl7.org/fhir/sid/icd-10-cm	R29.714	NIHSS score 14
http://hl7.org/fhir/sid/icd-10-cm	R29.715	NIHSS score 15
http://hl7.org/fhir/sid/icd-10-cm	R29.716	NIHSS score 16
http://hl7.org/fhir/sid/icd-10-cm	R29.717	NIHSS score 17
http://hl7.org/fhir/sid/icd-10-cm	R29.718	NIHSS score 18
http://hl7.org/fhir/sid/icd-10-cm	R29.719	NIHSS score 19
http://hl7.org/fhir/sid/icd-10-cm	R29.720	NIHSS score 20
http://hl7.org/fhir/sid/icd-10-cm	R29.721	NIHSS score 21
http://hl7.org/fhir/sid/icd-10-cm	R29.722	NIHSS score 22
http://hl7.org/fhir/sid/icd-10-cm	R29.723	NIHSS score 23
http://hl7.org/fhir/sid/icd-10-cm	R29.724	NIHSS score 24
http://hl7.org/fhir/sid/icd-10-cm	R29.725	NIHSS score 25
http://hl7.org/fhir/sid/icd-10-cm	R29.726	NIHSS score 26
http://hl7.org/fhir/sid/icd-10-cm	R29.727	NIHSS score 27
http://hl7.org/fhir/sid/icd-10-cm	R29.728	NIHSS score 28
http://hl7.org/fhir/sid/icd-10-cm	R29.729	NIHSS score 29
http://hl7.org/fhir/sid/icd-10-cm	R29.730	NIHSS score 30
http://hl7.org/fhir/sid/icd-10-cm	R29.731	NIHSS score 31
http://hl7.org/fhir/sid/icd-10-cm	R29.732	NIHSS score 32
http://hl7.org/fhir/sid/icd-10-cm	R29.733	NIHSS score 33
http://hl7.org/fhir/sid/icd-10-cm	R29.734	NIHSS score 34
http://hl7.org/fhir/sid/icd-10-cm	R29.735	NIHSS score 35
http://hl7.org/fhir/sid/icd-10-cm	R29.736	NIHSS score 36
http://hl7.org/fhir/sid/icd-10-cm	R29.737	NIHSS score 37
http://hl7.org/fhir/sid/icd-10-cm	R29.738	NIHSS score 38
http://hl7.org/fhir/sid/icd-10-cm	R29.739	NIHSS score 39
http://hl7.org/fhir/sid/icd-10-cm	R29.740	NIHSS score 40
http://hl7.org/fhir/sid/icd-10-cm	R29.741	NIHSS score 41
http://hl7.org/fhir/sid/icd-10-cm	R29.742	NIHSS score 42
http://hl7.org/fhir/sid/icd-10-cm	R40.0	Somnolence
http://hl7.org/fhir/sid/icd-10-cm	R40.1	Stupor
http://hl7.org/fhir/sid/icd-10-cm	R40.20	Unspecified coma
http://hl7.org/fhir/sid/icd-10-cm	R40.2110	Coma scale, eyes open, never, unspecified time
http://hl7.org/fhir/sid/icd-10-cm	R40.2111	Coma scale, eyes open, never, in the field [EMT or ambulance]
http://hl7.org/fhir/sid/icd-10-cm	R40.2112	Coma scale, eyes open, never, at arrival to emergency department
http://hl7.org/fhir/sid/icd-10-cm	R40.2113	Coma scale, eyes open, never, at hospital admission
http://hl7.org/fhir/sid/icd-10-cm	R40.2114	Coma scale, eyes open, never, 24 hours or more after hospital admission
http://hl7.org/fhir/sid/icd-10-cm	R40.2120	Coma scale, eyes open, to pain, unspecified time
http://hl7.org/fhir/sid/icd-10-cm	R40.2121	Coma scale, eyes open, to pain, in the field [EMT or ambulance]
http://hl7.org/fhir/sid/icd-10-cm	R40.2122	Coma scale, eyes open, to pain, at arrival to emergency department
http://hl7.org/fhir/sid/icd-10-cm	R40.2123	Coma scale, eyes open, to pain, at hospital admission
http://hl7.org/fhir/sid/icd-10-cm	R40.2124	Coma scale, eyes open, to pain, 24 hours or more after hospital admission
http://hl7.org/fhir/sid/icd-10-cm	R40.2130	Coma scale, eyes open, to sound, unspecified time
http://hl7.org/fhir/sid/icd-10-cm	R40.2131	Coma scale, eyes open, to sound, in the field [EMT or ambulance]
http://hl7.org/fhir/sid/icd-10-cm	R40.2132	Coma scale, eyes open, to sound, at arrival to emergency department
http://hl7.org/fhir/sid/icd-10-cm	R40.2133	Coma scale, eyes open, to sound, at hospital admission
http://hl7.org/fhir/sid/icd-10-cm	R40.2134	Coma scale, eyes open, to sound, 24 hours or more after hospital admission
http://hl7.org/fhir/sid/icd-10-cm	R40.2140	Coma scale, eyes open, spontaneous, unspecified time
http://hl7.org/fhir/sid/icd-10-cm	R40.2141	Coma scale, eyes open, spontaneous, in the field [EMT or ambulance]
http://hl7.org/fhir/sid/icd-10-cm	R40.2142	Coma scale, eyes open, spontaneous, at arrival to emergency department
http://hl7.org/fhir/sid/icd-10-cm	R40.2143	Coma scale, eyes open, spontaneous, at hospital admission
http://hl7.org/fhir/sid/icd-10-cm	R40.2144	Coma scale, eyes open, spontaneous, 24 hours or more after hospital admission
http://hl7.org/fhir/sid/icd-10-cm	R40.2210	Coma scale, best verbal response, none, unspecified time
http://hl7.org/fhir/sid/icd-10-cm	R40.2211	Coma scale, best verbal response, none, in the field [EMT or ambulance]
http://hl7.org/fhir/sid/icd-10-cm	R40.2212	Coma scale, best verbal response, none, at arrival to emergency department
http://hl7.org/fhir/sid/icd-10-cm	R40.2213	Coma scale, best verbal response, none, at hospital admission
http://hl7.org/fhir/sid/icd-10-cm	R40.2214	Coma scale, best verbal response, none, 24 hours or more after hospital admission
http://hl7.org/fhir/sid/icd-10-cm	R40.2220	Coma scale, best verbal response, incomprehensible words, unspecified time
http://hl7.org/fhir/sid/icd-10-cm	R40.2221	Coma scale, best verbal response, incomprehensible words, in the field [EMT or ambulance]
http://hl7.org/fhir/sid/icd-10-cm	R40.2222	Coma scale, best verbal response, incomprehensible words, at arrival to emergency department
http://hl7.org/fhir/sid/icd-10-cm	R40.2223	Coma scale, best verbal response, incomprehensible words, at hospital admission
http://hl7.org/fhir/sid/icd-10-cm	R40.2224	Coma scale, best verbal response, incomprehensible words, 24 hours or more after hospital admission
http://hl7.org/fhir/sid/icd-10-cm	R40.2230	Coma scale, best verbal response, inappropriate words, unspecified time
http://hl7.org/fhir/sid/icd-10-cm	R40.2231	Coma scale, best verbal response, inappropriate words, in the field [EMT or ambulance]
http://hl7.org/fhir/sid/icd-10-cm	R40.2232	Coma scale, best verbal response, inappropriate words, at arrival to emergency department
http://hl7.org/fhir/sid/icd-10-cm	R40.2233	Coma scale, best verbal response, inappropriate words, at hospital admission
http://hl7.org/fhir/sid/icd-10-cm	R40.2234	Coma scale, best verbal response, inappropriate words, 24 hours or more after hospital admission
http://hl7.org/fhir/sid/icd-10-cm	R40.2240	Coma scale, best verbal response, confused conversation, unspecified time
http://hl7.org/fhir/sid/icd-10-cm	R40.2241	Coma scale, best verbal response, confused conversation, in the field [EMT or ambulance]
http://hl7.org/fhir/sid/icd-10-cm	R40.2242	Coma scale, best verbal response, confused conversation, at arrival to emergency department
http://hl7.org/fhir/sid/icd-10-cm	R40.2243	Coma scale, best verbal response, confused conversation, at hospital admission
http://hl7.org/fhir/sid/icd-10-cm	R40.2244	Coma scale, best verbal response, confused conversation, 24 hours or more after hospital admission
http://hl7.org/fhir/sid/icd-10-cm	R40.2250	Coma scale, best verbal response, oriented, unspecified time
http://hl7.org/fhir/sid/icd-10-cm	R40.2251	Coma scale, best verbal response, oriented, in the field [EMT or ambulance]
http://hl7.org/fhir/sid/icd-10-cm	R40.2252	Coma scale, best verbal response, oriented, at arrival to emergency department
http://hl7.org/fhir/sid/icd-10-cm	R40.2253	Coma scale, best verbal response, oriented, at hospital admission
http://hl7.org/fhir/sid/icd-10-cm	R40.2254	Coma scale, best verbal response, oriented, 24 hours or more after hospital admission
http://hl7.org/fhir/sid/icd-10-cm	R40.2310	Coma scale, best motor response, none, unspecified time
http://hl7.org/fhir/sid/icd-10-cm	R40.2311	Coma scale, best motor response, none, in the field [EMT or ambulance]
http://hl7.org/fhir/sid/icd-10-cm	R40.2312	Coma scale, best motor response, none, at arrival to emergency department
http://hl7.org/fhir/sid/icd-10-cm	R40.2313	Coma scale, best motor response, none, at hospital admission
http://hl7.org/fhir/sid/icd-10-cm	R40.2314	Coma scale, best motor response, none, 24 hours or more after hospital admission
http://hl7.org/fhir/sid/icd-10-cm	R40.2320	Coma scale, best motor response, extension, unspecified time
http://hl7.org/fhir/sid/icd-10-cm	R40.2321	Coma scale, best motor response, extension, in the field [EMT or ambulance]
http://hl7.org/fhir/sid/icd-10-cm	R40.2322	Coma scale, best motor response, extension, at arrival to emergency department
http://hl7.org/fhir/sid/icd-10-cm	R40.2323	Coma scale, best motor response, extension, at hospital admission
http://hl7.org/fhir/sid/icd-10-cm	R40.2324	Coma scale, best motor response, extension, 24 hours or more after hospital admission
http://hl7.org/fhir/sid/icd-10-cm	R40.2330	Coma scale, best motor response, abnormal flexion, unspecified time
http://hl7.org/fhir/sid/icd-10-cm	R40.2331	Coma scale, best motor response, abnormal flexion, in the field [EMT or ambulance]
http://hl7.org/fhir/sid/icd-10-cm	R40.2332	Coma scale, best motor response, abnormal flexion, at arrival to emergency department
http://hl7.org/fhir/sid/icd-10-cm	R40.2333	Coma scale, best motor response, abnormal flexion, at hospital admission
http://hl7.org/fhir/sid/icd-10-cm	R40.2334	Coma scale, best motor response, abnormal flexion, 24 hours or more after hospital admission
http://hl7.org/fhir/sid/icd-10-cm	R40.2340	Coma scale, best motor response, flexion withdrawal, unspecified time
http://hl7.org/fhir/sid/icd-10-cm	R40.2341	Coma scale, best motor response, flexion withdrawal, in the field [EMT or ambulance]
http://hl7.org/fhir/sid/icd-10-cm	R40.2342	Coma scale, best motor response, flexion withdrawal, at arrival to emergency department
http://hl7.org/fhir/sid/icd-10-cm	R40.2343	Coma scale, best motor response, flexion withdrawal, at hospital admission
http://hl7.org/fhir/sid/icd-10-cm	R40.2344	Coma scale, best motor response, flexion withdrawal, 24 hours or more after hospital admission
http://hl7.org/fhir/sid/icd-10-cm	R40.2350	Coma scale, best motor response, localizes pain, unspecified time
http://hl7.org/fhir/sid/icd-10-cm	R40.2351	Coma scale, best motor response, localizes pain, in the field [EMT or ambulance]
http://hl7.org/fhir/sid/icd-10-cm	R40.2352	Coma scale, best motor response, localizes pain, at arrival to emergency department
http://hl7.org/fhir/sid/icd-10-cm	R40.2353	Coma scale, best motor response, localizes pain, at hospital admission
http://hl7.org/fhir/sid/icd-10-cm	R40.2354	Coma scale, best motor response, localizes pain, 24 hours or more after hospital admission
http://hl7.org/fhir/sid/icd-10-cm	R40.2360	Coma scale, best motor response, obeys commands, unspecified time
http://hl7.org/fhir/sid/icd-10-cm	R40.2361	Coma scale, best motor response, obeys commands, in the field [EMT or ambulance]
http://hl7.org/fhir/sid/icd-10-cm	R40.2362	Coma scale, best motor response, obeys commands, at arrival to emergency department
http://hl7.org/fhir/sid/icd-10-cm	R40.2363	Coma scale, best motor response, obeys commands, at hospital admission
http://hl7.org/fhir/sid/icd-10-cm	R40.2364	Coma scale, best motor response, obeys commands, 24 hours or more after hospital admission
http://hl7.org/fhir/sid/icd-10-cm	R40.241	Glasgow coma scale score 13-15
http://hl7.org/fhir/sid/icd-10-cm	R40.2410	Glasgow coma scale score 13-15, unspecified time
http://hl7.org/fhir/sid/icd-10-cm	R40.2411	Glasgow coma scale score 13-15, in the field [EMT or ambulance]
http://hl7.org/fhir/sid/icd-10-cm	R40.2412	Glasgow coma scale score 13-15, at arrival to emergency department
http://hl7.org/fhir/sid/icd-10-cm	R40.2413	Glasgow coma scale score 13-15, at hospital admission
http://hl7.org/fhir/sid/icd-10-cm	R40.2414	Glasgow coma scale score 13-15, 24 hours or more after hospital admission
http://hl7.org/fhir/sid/icd-10-cm	R40.242	Glasgow coma scale score 9-12
http://hl7.org/fhir/sid/icd-10-cm	R40.2420	Glasgow coma scale score 9-12, unspecified time
http://hl7.org/fhir/sid/icd-10-cm	R40.2421	Glasgow coma scale score 9-12, in the field [EMT or ambulance]
http://hl7.org/fhir/sid/icd-10-cm	R40.2422	Glasgow coma scale score 9-12, at arrival to emergency department
http://hl7.org/fhir/sid/icd-10-cm	R40.2423	Glasgow coma scale score 9-12, at hospital admission
http://hl7.org/fhir/sid/icd-10-cm	R40.2424	Glasgow coma scale score 9-12, 24 hours or more after hospital admission
http://hl7.org/fhir/sid/icd-10-cm	R40.243	Glasgow coma scale score 3-8
http://hl7.org/fhir/sid/icd-10-cm	R40.2430	Glasgow coma scale score 3-8, unspecified time
http://hl7.org/fhir/sid/icd-10-cm	R40.2431	Glasgow coma scale score 3-8, in the field [EMT or ambulance]
http://hl7.org/fhir/sid/icd-10-cm	R40.2432	Glasgow coma scale score 3-8, at arrival to emergency department
http://hl7.org/fhir/sid/icd-10-cm	R40.2433	Glasgow coma scale score 3-8, at hospital admission
http://hl7.org/fhir/sid/icd-10-cm	R40.2434	Glasgow coma scale score 3-8, 24 hours or more after hospital admission
http://hl7.org/fhir/sid/icd-10-cm	R40.244	Other coma, without documented Glasgow coma scale score, or with partial score reported
http://hl7.org/fhir/sid/icd-10-cm	R40.2440	Other coma, without documented Glasgow coma scale score, or with partial score reported, unspecified time
http://hl7.org/fhir/sid/icd-10-cm	R40.2441	Other coma, without documented Glasgow coma scale score, or with partial score reported, in the field [EMT or ambulance]
http://hl7.org/fhir/sid/icd-10-cm	R40.2442	Other coma, without documented Glasgow coma scale score, or with partial score reported, at arrival to emergency department
http://hl7.org/fhir/sid/icd-10-cm	R40.2443	Other coma, without documented Glasgow coma scale score, or with partial score reported, at hospital admission
http://hl7.org/fhir/sid/icd-10-cm	R40.2444	Other coma, without documented Glasgow coma scale score, or with partial score reported, 24 hours or more after hospital admission
http://hl7.org/fhir/sid/icd-10-cm	R40.3	Persistent vegetative state
http://hl7.org/fhir/sid/icd-10-cm	R41.4	Neurologic neglect syndrome
http://hl7.org/fhir/sid/icd-10-cm	R41.840	Attention and concentration deficit
http://hl7.org/fhir/sid/icd-10-cm	R41.841	Cognitive communication deficit
http://hl7.org/fhir/sid/icd-10-cm	R41.842	Visuospatial deficit
http://hl7.org/fhir/sid/icd-10-cm	R41.843	Psychomotor deficit
http://hl7.org/fhir/sid/icd-10-cm	R41.844	Frontal lobe and executive function deficit
http://hl7.org/fhir/sid/icd-10-cm	R41.89	Other symptoms and signs involving cognitive functions and awareness
http://hl7.org/fhir/sid/icd-10-cm	R43.0	Anosmia
http://hl7.org/fhir/sid/icd-10-cm	R43.1	Parosmia
http://hl7.org/fhir/sid/icd-10-cm	R43.2	Parageusia
http://hl7.org/fhir/sid/icd-10-cm	R43.8	Other disturbances of smell and taste
http://hl7.org/fhir/sid/icd-10-cm	R43.9	Unspecified disturbances of smell and taste
http://hl7.org/fhir/sid/icd-10-cm	R47.01	Aphasia
http://hl7.org/fhir/sid/icd-10-cm	R47.02	Dysphasia
http://hl7.org/fhir/sid/icd-10-cm	R47.1	Dysarthria and anarthria
http://hl7.org/fhir/sid/icd-10-cm	R47.81	Slurred speech
http://hl7.org/fhir/sid/icd-10-cm	R47.82	Fluency disorder in conditions classified elsewhere
http://hl7.org/fhir/sid/icd-10-cm	R47.89	Other speech disturbances
http://hl7.org/fhir/sid/icd-10-cm	R47.9	Unspecified speech disturbances
http://hl7.org/fhir/sid/icd-10-cm	R48.1	Agnosia
http://hl7.org/fhir/sid/icd-10-cm	R48.2	Apraxia
http://hl7.org/fhir/sid/icd-10-cm	R48.8	Other symbolic dysfunctions
http://hl7.org/fhir/sid/icd-10-cm	R48.9	Unspecified symbolic dysfunctions
http://hl7.org/fhir/sid/icd-10-cm	R53.2	Functional quadriplegia
http://hl7.org/fhir/sid/icd-10-cm	R56.00	Simple febrile convulsions
http://hl7.org/fhir/sid/icd-10-cm	R56.01	Complex febrile convulsions
http://hl7.org/fhir/sid/icd-10-cm	R56.1	Post traumatic seizures
http://hl7.org/fhir/sid/icd-10-cm	R56.9	Unspecified convulsions
http://hl7.org/fhir/sid/icd-10-cm	R90.0	Intracranial space-occupying lesion found on diagnostic imaging of central nervous system
http://hl7.org/fhir/sid/icd-10-cm	R90.82	White matter disease, unspecified
http://hl7.org/fhir/sid/icd-10-cm	S06.0X0A	Concussion without loss of consciousness, initial encounter
http://hl7.org/fhir/sid/icd-10-cm	S06.0X0D	Concussion without loss of consciousness, subsequent encounter
http://hl7.org/fhir/sid/icd-10-cm	S06.0X0S	Concussion without loss of consciousness, sequela
http://hl7.org/fhir/sid/icd-10-cm	S06.0X1A	Concussion with loss of consciousness of 30 minutes or less, initial encounter
http://hl7.org/fhir/sid/icd-10-cm	S06.0X1D	Concussion with loss of consciousness of 30 minutes or less, subsequent encounter
http://hl7.org/fhir/sid/icd-10-cm	S06.0X1S	Concussion with loss of consciousness of 30 minutes or less, sequela
http://hl7.org/fhir/sid/icd-10-cm	S06.0X9A	Concussion with loss of consciousness of unspecified duration, initial encounter
http://hl7.org/fhir/sid/icd-10-cm	S06.0X9D	Concussion with loss of consciousness of unspecified duration, subsequent encounter
http://hl7.org/fhir/sid/icd-10-cm	S06.0X9S	Concussion with loss of consciousness of unspecified duration, sequela
http://hl7.org/fhir/sid/icd-10-cm	S06.1X0A	Traumatic cerebral edema without loss of consciousness, initial encounter
http://hl7.org/fhir/sid/icd-10-cm	S06.1X0D	Traumatic cerebral edema without loss of consciousness, subsequent encounter
http://hl7.org/fhir/sid/icd-10-cm	S06.1X0S	Traumatic cerebral edema without loss of consciousness, sequela
http://hl7.org/fhir/sid/icd-10-cm	S06.1X1A	Traumatic cerebral edema with loss of consciousness of 30 minutes or less, initial encounter
http://hl7.org/fhir/sid/icd-10-cm	S06.1X1D	Traumatic cerebral edema with loss of consciousness of 30 minutes or less, subsequent encounter
http://hl7.org/fhir/sid/icd-10-cm	S06.1X1S	Traumatic cerebral edema with loss of consciousness of 30 minutes or less, sequela
http://hl7.org/fhir/sid/icd-10-cm	S06.1X2A	Traumatic cerebral edema with loss of consciousness of 31 minutes to 59 minutes, initial encounter
http://hl7.org/fhir/sid/icd-10-cm	S06.1X2D	Traumatic cerebral edema with loss of consciousness of 31 minutes to 59 minutes, subsequent encounter
http://hl7.org/fhir/sid/icd-10-cm	S06.1X2S	Traumatic cerebral edema with loss of consciousness of 31 minutes to 59 minutes, sequela
http://hl7.org/fhir/sid/icd-10-cm	S06.1X3A	Traumatic cerebral edema with loss of consciousness of 1 hour to 5 hours 59 minutes, initial encounter
http://hl7.org/fhir/sid/icd-10-cm	S06.1X3D	Traumatic cerebral edema with loss of consciousness of 1 hour to 5 hours 59 minutes, subsequent encounter
http://hl7.org/fhir/sid/icd-10-cm	S06.1X3S	Traumatic cerebral edema with loss of consciousness of 1 hour to 5 hours 59 minutes, sequela
http://hl7.org/fhir/sid/icd-10-cm	S06.1X4A	Traumatic cerebral edema with loss of consciousness of 6 hours to 24 hours, initial encounter
http://hl7.org/fhir/sid/icd-10-cm	S06.1X4D	Traumatic cerebral edema with loss of consciousness of 6 hours to 24 hours, subsequent encounter
http://hl7.org/fhir/sid/icd-10-cm	S06.1X4S	Traumatic cerebral edema with loss of consciousness of 6 hours to 24 hours, sequela
http://hl7.org/fhir/sid/icd-10-cm	S06.1X5A	Traumatic cerebral edema with loss of consciousness greater than 24 hours with return to pre-existing conscious level, initial encounter
http://hl7.org/fhir/sid/icd-10-cm	S06.1X5D	Traumatic cerebral edema with loss of consciousness greater than 24 hours with return to pre-existing conscious level, subsequent encounter
http://hl7.org/fhir/sid/icd-10-cm	S06.1X5S	Traumatic cerebral edema with loss of consciousness greater than 24 hours with return to pre-existing conscious level, sequela
http://hl7.org/fhir/sid/icd-10-cm	S06.1X6A	Traumatic cerebral edema with loss of consciousness greater than 24 hours without return to pre-existing conscious level with patient surviving, initial encounter
http://hl7.org/fhir/sid/icd-10-cm	S06.1X6D	Traumatic cerebral edema with loss of consciousness greater than 24 hours without return to pre-existing conscious level with patient surviving, subsequent encounter
http://hl7.org/fhir/sid/icd-10-cm	S06.1X6S	Traumatic cerebral edema with loss of consciousness greater than 24 hours without return to pre-existing conscious level with patient surviving, sequela
http://hl7.org/fhir/sid/icd-10-cm	S06.1X7A	Traumatic cerebral edema with loss of consciousness of any duration with death due to brain injury prior to regaining consciousness, initial encounter
http://hl7.org/fhir/sid/icd-10-cm	S06.1X8A	Traumatic cerebral edema with loss of consciousness of any duration with death due to other cause prior to regaining consciousness, initial encounter
http://hl7.org/fhir/sid/icd-10-cm	S06.1X9A	Traumatic cerebral edema with loss of consciousness of unspecified duration, initial encounter
http://hl7.org/fhir/sid/icd-10-cm	S06.1X9D	Traumatic cerebral edema with loss of consciousness of unspecified duration, subsequent encounter
http://hl7.org/fhir/sid/icd-10-cm	S06.1X9S	Traumatic cerebral edema with loss of consciousness of unspecified duration, sequela
http://hl7.org/fhir/sid/icd-10-cm	S06.2X0A	Diffuse traumatic brain injury without loss of consciousness, initial encounter
http://hl7.org/fhir/sid/icd-10-cm	S06.2X0D	Diffuse traumatic brain injury without loss of consciousness, subsequent encounter
http://hl7.org/fhir/sid/icd-10-cm	S06.2X0S	Diffuse traumatic brain injury without loss of consciousness, sequela
http://hl7.org/fhir/sid/icd-10-cm	S06.2X1A	Diffuse traumatic brain injury with loss of consciousness of 30 minutes or less, initial encounter
http://hl7.org/fhir/sid/icd-10-cm	S06.2X1D	Diffuse traumatic brain injury with loss of consciousness of 30 minutes or less, subsequent encounter
http://hl7.org/fhir/sid/icd-10-cm	S06.2X1S	Diffuse traumatic brain injury with loss of consciousness of 30 minutes or less, sequela
http://hl7.org/fhir/sid/icd-10-cm	S06.2X2A	Diffuse traumatic brain injury with loss of consciousness of 31 minutes to 59 minutes, initial encounter
http://hl7.org/fhir/sid/icd-10-cm	S06.2X2D	Diffuse traumatic brain injury with loss of consciousness of 31 minutes to 59 minutes, subsequent encounter
http://hl7.org/fhir/sid/icd-10-cm	S06.2X2S	Diffuse traumatic brain injury with loss of consciousness of 31 minutes to 59 minutes, sequela
http://hl7.org/fhir/sid/icd-10-cm	S06.2X3A	Diffuse traumatic brain injury with loss of consciousness of 1 hour to 5 hours 59 minutes, initial encounter
http://hl7.org/fhir/sid/icd-10-cm	S06.2X3D	Diffuse traumatic brain injury with loss of consciousness of 1 hour to 5 hours 59 minutes, subsequent encounter
http://hl7.org/fhir/sid/icd-10-cm	S06.2X3S	Diffuse traumatic brain injury with loss of consciousness of 1 hour to 5 hours 59 minutes, sequela
http://hl7.org/fhir/sid/icd-10-cm	S06.2X4A	Diffuse traumatic brain injury with loss of consciousness of 6 hours to 24 hours, initial encounter
http://hl7.org/fhir/sid/icd-10-cm	S06.2X4D	Diffuse traumatic brain injury with loss of consciousness of 6 hours to 24 hours, subsequent encounter
http://hl7.org/fhir/sid/icd-10-cm	S06.2X4S	Diffuse traumatic brain injury with loss of consciousness of 6 hours to 24 hours, sequela
http://hl7.org/fhir/sid/icd-10-cm	S06.2X5A	Diffuse traumatic brain injury with loss of consciousness greater than 24 hours with return to pre-existing conscious levels, initial encounter
http://hl7.org/fhir/sid/icd-10-cm	S06.2X5D	Diffuse traumatic brain injury with loss of consciousness greater than 24 hours with return to pre-existing conscious levels, subsequent encounter
http://hl7.org/fhir/sid/icd-10-cm	S06.2X5S	Diffuse traumatic brain injury with loss of consciousness greater than 24 hours with return to pre-existing conscious levels, sequela
http://hl7.org/fhir/sid/icd-10-cm	S06.2X6A	Diffuse traumatic brain injury with loss of consciousness greater than 24 hours without return to pre-existing conscious level with patient surviving, initial encounter
http://hl7.org/fhir/sid/icd-10-cm	S06.2X6D	Diffuse traumatic brain injury with loss of consciousness greater than 24 hours without return to pre-existing conscious level with patient surviving, subsequent encounter
http://hl7.org/fhir/sid/icd-10-cm	S06.2X6S	Diffuse traumatic brain injury with loss of consciousness greater than 24 hours without return to pre-existing conscious level with patient surviving, sequela
http://hl7.org/fhir/sid/icd-10-cm	S06.2X7A	Diffuse traumatic brain injury with loss of consciousness of any duration with death due to brain injury prior to regaining consciousness, initial encounter
http://hl7.org/fhir/sid/icd-10-cm	S06.2X8A	Diffuse traumatic brain injury with loss of consciousness of any duration with death due to other cause prior to regaining consciousness, initial encounter
http://hl7.org/fhir/sid/icd-10-cm	S06.2X9A	Diffuse traumatic brain injury with loss of consciousness of unspecified duration, initial encounter
http://hl7.org/fhir/sid/icd-10-cm	S06.2X9D	Diffuse traumatic brain injury with loss of consciousness of unspecified duration, subsequent encounter
http://hl7.org/fhir/sid/icd-10-cm	S06.2X9S	Diffuse traumatic brain injury with loss of consciousness of unspecified duration, sequela
http://hl7.org/fhir/sid/icd-10-cm	S06.300A	Unspecified focal traumatic brain injury without loss of consciousness, initial encounter
http://hl7.org/fhir/sid/icd-10-cm	S06.300D	Unspecified focal traumatic brain injury without loss of consciousness, subsequent encounter
http://hl7.org/fhir/sid/icd-10-cm	S06.300S	Unspecified focal traumatic brain injury without loss of consciousness, sequela
http://hl7.org/fhir/sid/icd-10-cm	S06.301A	Unspecified focal traumatic brain injury with loss of consciousness of 30 minutes or less, initial encounter
http://hl7.org/fhir/sid/icd-10-cm	S06.301D	Unspecified focal traumatic brain injury with loss of consciousness of 30 minutes or less, subsequent encounter
http://hl7.org/fhir/sid/icd-10-cm	S06.301S	Unspecified focal traumatic brain injury with loss of consciousness of 30 minutes or less, sequela
http://hl7.org/fhir/sid/icd-10-cm	S06.302A	Unspecified focal traumatic brain injury with loss of consciousness of 31 minutes to 59 minutes, initial encounter
http://hl7.org/fhir/sid/icd-10-cm	S06.302D	Unspecified focal traumatic brain injury with loss of consciousness of 31 minutes to 59 minutes, subsequent encounter
http://hl7.org/fhir/sid/icd-10-cm	S06.302S	Unspecified focal traumatic brain injury with loss of consciousness of 31 minutes to 59 minutes, sequela
http://hl7.org/fhir/sid/icd-10-cm	S06.303A	Unspecified focal traumatic brain injury with loss of consciousness of 1 hour to 5 hours 59 minutes, initial encounter
http://hl7.org/fhir/sid/icd-10-cm	S06.303D	Unspecified focal traumatic brain injury with loss of consciousness of 1 hour to 5 hours 59 minutes, subsequent encounter
http://hl7.org/fhir/sid/icd-10-cm	S06.303S	Unspecified focal traumatic brain injury with loss of consciousness of 1 hour to 5 hours 59 minutes, sequela
http://hl7.org/fhir/sid/icd-10-cm	S06.304A	Unspecified focal traumatic brain injury with loss of consciousness of 6 hours to 24 hours, initial encounter
http://hl7.org/fhir/sid/icd-10-cm	S06.304D	Unspecified focal traumatic brain injury with loss of consciousness of 6 hours to 24 hours, subsequent encounter
http://hl7.org/fhir/sid/icd-10-cm	S06.304S	Unspecified focal traumatic brain injury with loss of consciousness of 6 hours to 24 hours, sequela
http://hl7.org/fhir/sid/icd-10-cm	S06.305A	Unspecified focal traumatic brain injury with loss of consciousness greater than 24 hours with return to pre-existing conscious level, initial encounter
http://hl7.org/fhir/sid/icd-10-cm	S06.305D	Unspecified focal traumatic brain injury with loss of consciousness greater than 24 hours with return to pre-existing conscious level, subsequent encounter
http://hl7.org/fhir/sid/icd-10-cm	S06.305S	Unspecified focal traumatic brain injury with loss of consciousness greater than 24 hours with return to pre-existing conscious level, sequela
http://hl7.org/fhir/sid/icd-10-cm	S06.306A	Unspecified focal traumatic brain injury with loss of consciousness greater than 24 hours without return to pre-existing conscious level with patient surviving, initial encounter
http://hl7.org/fhir/sid/icd-10-cm	S06.306D	Unspecified focal traumatic brain injury with loss of consciousness greater than 24 hours without return to pre-existing conscious level with patient surviving, subsequent encounter
http://hl7.org/fhir/sid/icd-10-cm	S06.306S	Unspecified focal traumatic brain injury with loss of consciousness greater than 24 hours without return to pre-existing conscious level with patient surviving, sequela
http://hl7.org/fhir/sid/icd-10-cm	S06.307A	Unspecified focal traumatic brain injury with loss of consciousness of any duration with death due to brain injury prior to regaining consciousness, initial encounter
http://hl7.org/fhir/sid/icd-10-cm	S06.308A	Unspecified focal traumatic brain injury with loss of consciousness of any duration with death due to other cause prior to regaining consciousness, initial encounter
http://hl7.org/fhir/sid/icd-10-cm	S06.309A	Unspecified focal traumatic brain injury with loss of consciousness of unspecified duration, initial encounter
http://hl7.org/fhir/sid/icd-10-cm	S06.309D	Unspecified focal traumatic brain injury with loss of consciousness of unspecified duration, subsequent encounter
http://hl7.org/fhir/sid/icd-10-cm	S06.309S	Unspecified focal traumatic brain injury with loss of consciousness of unspecified duration, sequela
http://hl7.org/fhir/sid/icd-10-cm	S06.310A	Contusion and laceration of right cerebrum without loss of consciousness, initial encounter
http://hl7.org/fhir/sid/icd-10-cm	S06.310D	Contusion and laceration of right cerebrum without loss of consciousness, subsequent encounter
http://hl7.org/fhir/sid/icd-10-cm	S06.310S	Contusion and laceration of right cerebrum without loss of consciousness, sequela
http://hl7.org/fhir/sid/icd-10-cm	S06.311A	Contusion and laceration of right cerebrum with loss of consciousness of 30 minutes or less, initial encounter
http://hl7.org/fhir/sid/icd-10-cm	S06.311D	Contusion and laceration of right cerebrum with loss of consciousness of 30 minutes or less, subsequent encounter
http://hl7.org/fhir/sid/icd-10-cm	S06.311S	Contusion and laceration of right cerebrum with loss of consciousness of 30 minutes or less, sequela
http://hl7.org/fhir/sid/icd-10-cm	S06.312A	Contusion and laceration of right cerebrum with loss of consciousness of 31 minutes to 59 minutes, initial encounter
http://hl7.org/fhir/sid/icd-10-cm	S06.312D	Contusion and laceration of right cerebrum with loss of consciousness of 31 minutes to 59 minutes, subsequent encounter
http://hl7.org/fhir/sid/icd-10-cm	S06.312S	Contusion and laceration of right cerebrum with loss of consciousness of 31 minutes to 59 minutes, sequela
http://hl7.org/fhir/sid/icd-10-cm	S06.313A	Contusion and laceration of right cerebrum with loss of consciousness of 1 hour to 5 hours 59 minutes, initial encounter
http://hl7.org/fhir/sid/icd-10-cm	S06.313D	Contusion and laceration of right cerebrum with loss of consciousness of 1 hour to 5 hours 59 minutes, subsequent encounter
http://hl7.org/fhir/sid/icd-10-cm	S06.313S	Contusion and laceration of right cerebrum with loss of consciousness of 1 hour to 5 hours 59 minutes, sequela
http://hl7.org/fhir/sid/icd-10-cm	S06.314A	Contusion and laceration of right cerebrum with loss of consciousness of 6 hours to 24 hours, initial encounter
http://hl7.org/fhir/sid/icd-10-cm	S06.314D	Contusion and laceration of right cerebrum with loss of consciousness of 6 hours to 24 hours, subsequent encounter
http://hl7.org/fhir/sid/icd-10-cm	S06.314S	Contusion and laceration of right cerebrum with loss of consciousness of 6 hours to 24 hours, sequela
http://hl7.org/fhir/sid/icd-10-cm	S06.315A	Contusion and laceration of right cerebrum with loss of consciousness greater than 24 hours with return to pre-existing conscious level, initial encounter
http://hl7.org/fhir/sid/icd-10-cm	S06.315D	Contusion and laceration of right cerebrum with loss of consciousness greater than 24 hours with return to pre-existing conscious level, subsequent encounter
http://hl7.org/fhir/sid/icd-10-cm	S06.315S	Contusion and laceration of right cerebrum with loss of consciousness greater than 24 hours with return to pre-existing conscious level, sequela
http://hl7.org/fhir/sid/icd-10-cm	S06.316A	Contusion and laceration of right cerebrum with loss of consciousness greater than 24 hours without return to pre-existing conscious level with patient surviving, initial encounter
http://hl7.org/fhir/sid/icd-10-cm	S06.316D	Contusion and laceration of right cerebrum with loss of consciousness greater than 24 hours without return to pre-existing conscious level with patient surviving, subsequent encounter
http://hl7.org/fhir/sid/icd-10-cm	S06.316S	Contusion and laceration of right cerebrum with loss of consciousness greater than 24 hours without return to pre-existing conscious level with patient surviving, sequela
http://hl7.org/fhir/sid/icd-10-cm	S06.317A	Contusion and laceration of right cerebrum with loss of consciousness of any duration with death due to brain injury prior to regaining consciousness, initial encounter
http://hl7.org/fhir/sid/icd-10-cm	S06.318A	Contusion and laceration of right cerebrum with loss of consciousness of any duration with death due to other cause prior to regaining consciousness, initial encounter
http://hl7.org/fhir/sid/icd-10-cm	S06.319A	Contusion and laceration of right cerebrum with loss of consciousness of unspecified duration, initial encounter
http://hl7.org/fhir/sid/icd-10-cm	S06.319D	Contusion and laceration of right cerebrum with loss of consciousness of unspecified duration, subsequent encounter
http://hl7.org/fhir/sid/icd-10-cm	S06.319S	Contusion and laceration of right cerebrum with loss of consciousness of unspecified duration, sequela
http://hl7.org/fhir/sid/icd-10-cm	S06.320A	Contusion and laceration of left cerebrum without loss of consciousness, initial encounter
http://hl7.org/fhir/sid/icd-10-cm	S06.320D	Contusion and laceration of left cerebrum without loss of consciousness, subsequent encounter
http://hl7.org/fhir/sid/icd-10-cm	S06.320S	Contusion and laceration of left cerebrum without loss of consciousness, sequela
http://hl7.org/fhir/sid/icd-10-cm	S06.321A	Contusion and laceration of left cerebrum with loss of consciousness of 30 minutes or less, initial encounter
http://hl7.org/fhir/sid/icd-10-cm	S06.321D	Contusion and laceration of left cerebrum with loss of consciousness of 30 minutes or less, subsequent encounter
http://hl7.org/fhir/sid/icd-10-cm	S06.321S	Contusion and laceration of left cerebrum with loss of consciousness of 30 minutes or less, sequela
http://hl7.org/fhir/sid/icd-10-cm	S06.322A	Contusion and laceration of left cerebrum with loss of consciousness of 31 minutes to 59 minutes, initial encounter
http://hl7.org/fhir/sid/icd-10-cm	S06.322D	Contusion and laceration of left cerebrum with loss of consciousness of 31 minutes to 59 minutes, subsequent encounter
http://hl7.org/fhir/sid/icd-10-cm	S06.322S	Contusion and laceration of left cerebrum with loss of consciousness of 31 minutes to 59 minutes, sequela
http://hl7.org/fhir/sid/icd-10-cm	S06.323A	Contusion and laceration of left cerebrum with loss of consciousness of 1 hour to 5 hours 59 minutes, initial encounter
http://hl7.org/fhir/sid/icd-10-cm	S06.323D	Contusion and laceration of left cerebrum with loss of consciousness of 1 hour to 5 hours 59 minutes, subsequent encounter
http://hl7.org/fhir/sid/icd-10-cm	S06.323S	Contusion and laceration of left cerebrum with loss of consciousness of 1 hour to 5 hours 59 minutes, sequela
http://hl7.org/fhir/sid/icd-10-cm	S06.324A	Contusion and laceration of left cerebrum with loss of consciousness of 6 hours to 24 hours, initial encounter
http://hl7.org/fhir/sid/icd-10-cm	S06.324D	Contusion and laceration of left cerebrum with loss of consciousness of 6 hours to 24 hours, subsequent encounter
http://hl7.org/fhir/sid/icd-10-cm	S06.324S	Contusion and laceration of left cerebrum with loss of consciousness of 6 hours to 24 hours, sequela
http://hl7.org/fhir/sid/icd-10-cm	S06.325A	Contusion and laceration of left cerebrum with loss of consciousness greater than 24 hours with return to pre-existing conscious level, initial encounter
http://hl7.org/fhir/sid/icd-10-cm	S06.325D	Contusion and laceration of left cerebrum with loss of consciousness greater than 24 hours with return to pre-existing conscious level, subsequent encounter
http://hl7.org/fhir/sid/icd-10-cm	S06.325S	Contusion and laceration of left cerebrum with loss of consciousness greater than 24 hours with return to pre-existing conscious level, sequela
http://hl7.org/fhir/sid/icd-10-cm	S06.326A	Contusion and laceration of left cerebrum with loss of consciousness greater than 24 hours without return to pre-existing conscious level with patient surviving, initial encounter
http://hl7.org/fhir/sid/icd-10-cm	S06.326D	Contusion and laceration of left cerebrum with loss of consciousness greater than 24 hours without return to pre-existing conscious level with patient surviving, subsequent encounter
http://hl7.org/fhir/sid/icd-10-cm	S06.326S	Contusion and laceration of left cerebrum with loss of consciousness greater than 24 hours without return to pre-existing conscious level with patient surviving, sequela
http://hl7.org/fhir/sid/icd-10-cm	S06.327A	Contusion and laceration of left cerebrum with loss of consciousness of any duration with death due to brain injury prior to regaining consciousness, initial encounter
http://hl7.org/fhir/sid/icd-10-cm	S06.328A	Contusion and laceration of left cerebrum with loss of consciousness of any duration with death due to other cause prior to regaining consciousness, initial encounter
http://hl7.org/fhir/sid/icd-10-cm	S06.329A	Contusion and laceration of left cerebrum with loss of consciousness of unspecified duration, initial encounter
http://hl7.org/fhir/sid/icd-10-cm	S06.329D	Contusion and laceration of left cerebrum with loss of consciousness of unspecified duration, subsequent encounter
http://hl7.org/fhir/sid/icd-10-cm	S06.329S	Contusion and laceration of left cerebrum with loss of consciousness of unspecified duration, sequela
http://hl7.org/fhir/sid/icd-10-cm	S06.330A	Contusion and laceration of cerebrum, unspecified, without loss of consciousness, initial encounter
http://hl7.org/fhir/sid/icd-10-cm	S06.330D	Contusion and laceration of cerebrum, unspecified, without loss of consciousness, subsequent encounter
http://hl7.org/fhir/sid/icd-10-cm	S06.330S	Contusion and laceration of cerebrum, unspecified, without loss of consciousness, sequela
http://hl7.org/fhir/sid/icd-10-cm	S06.331A	Contusion and laceration of cerebrum, unspecified, with loss of consciousness of 30 minutes or less, initial encounter
http://hl7.org/fhir/sid/icd-10-cm	S06.331D	Contusion and laceration of cerebrum, unspecified, with loss of consciousness of 30 minutes or less, subsequent encounter
http://hl7.org/fhir/sid/icd-10-cm	S06.331S	Contusion and laceration of cerebrum, unspecified, with loss of consciousness of 30 minutes or less, sequela
http://hl7.org/fhir/sid/icd-10-cm	S06.332A	Contusion and laceration of cerebrum, unspecified, with loss of consciousness of 31 minutes to 59 minutes, initial encounter
http://hl7.org/fhir/sid/icd-10-cm	S06.332D	Contusion and laceration of cerebrum, unspecified, with loss of consciousness of 31 minutes to 59 minutes, subsequent encounter
http://hl7.org/fhir/sid/icd-10-cm	S06.332S	Contusion and laceration of cerebrum, unspecified, with loss of consciousness of 31 minutes to 59 minutes, sequela
http://hl7.org/fhir/sid/icd-10-cm	S06.333A	Contusion and laceration of cerebrum, unspecified, with loss of consciousness of 1 hour to 5 hours 59 minutes, initial encounter
http://hl7.org/fhir/sid/icd-10-cm	S06.333D	Contusion and laceration of cerebrum, unspecified, with loss of consciousness of 1 hour to 5 hours 59 minutes, subsequent encounter
http://hl7.org/fhir/sid/icd-10-cm	S06.333S	Contusion and laceration of cerebrum, unspecified, with loss of consciousness of 1 hour to 5 hours 59 minutes, sequela
http://hl7.org/fhir/sid/icd-10-cm	S06.334A	Contusion and laceration of cerebrum, unspecified, with loss of consciousness of 6 hours to 24 hours, initial encounter
http://hl7.org/fhir/sid/icd-10-cm	S06.334D	Contusion and laceration of cerebrum, unspecified, with loss of consciousness of 6 hours to 24 hours, subsequent encounter
http://hl7.org/fhir/sid/icd-10-cm	S06.334S	Contusion and laceration of cerebrum, unspecified, with loss of consciousness of 6 hours to 24 hours, sequela
http://hl7.org/fhir/sid/icd-10-cm	S06.335A	Contusion and laceration of cerebrum, unspecified, with loss of consciousness greater than 24 hours with return to pre-existing conscious level, initial encounter
http://hl7.org/fhir/sid/icd-10-cm	S06.335D	Contusion and laceration of cerebrum, unspecified, with loss of consciousness greater than 24 hours with return to pre-existing conscious level, subsequent encounter
http://hl7.org/fhir/sid/icd-10-cm	S06.335S	Contusion and laceration of cerebrum, unspecified, with loss of consciousness greater than 24 hours with return to pre-existing conscious level, sequela
http://hl7.org/fhir/sid/icd-10-cm	S06.336A	Contusion and laceration of cerebrum, unspecified, with loss of consciousness greater than 24 hours without return to pre-existing conscious level with patient surviving, initial encounter
http://hl7.org/fhir/sid/icd-10-cm	S06.336D	Contusion and laceration of cerebrum, unspecified, with loss of consciousness greater than 24 hours without return to pre-existing conscious level with patient surviving, subsequent encounter
http://hl7.org/fhir/sid/icd-10-cm	S06.336S	Contusion and laceration of cerebrum, unspecified, with loss of consciousness greater than 24 hours without return to pre-existing conscious level with patient surviving, sequela
http://hl7.org/fhir/sid/icd-10-cm	S06.337A	Contusion and laceration of cerebrum, unspecified, with loss of consciousness of any duration with death due to brain injury prior to regaining consciousness, initial encounter
http://hl7.org/fhir/sid/icd-10-cm	S06.338A	Contusion and laceration of cerebrum, unspecified, with loss of consciousness of any duration with death due to other cause prior to regaining consciousness, initial encounter
http://hl7.org/fhir/sid/icd-10-cm	S06.339A	Contusion and laceration of cerebrum, unspecified, with loss of consciousness of unspecified duration, initial encounter
http://hl7.org/fhir/sid/icd-10-cm	S06.339D	Contusion and laceration of cerebrum, unspecified, with loss of consciousness of unspecified duration, subsequent encounter
http://hl7.org/fhir/sid/icd-10-cm	S06.339S	Contusion and laceration of cerebrum, unspecified, with loss of consciousness of unspecified duration, sequela
http://hl7.org/fhir/sid/icd-10-cm	S06.340A	Traumatic hemorrhage of right cerebrum without loss of consciousness, initial encounter
http://hl7.org/fhir/sid/icd-10-cm	S06.340D	Traumatic hemorrhage of right cerebrum without loss of consciousness, subsequent encounter
http://hl7.org/fhir/sid/icd-10-cm	S06.340S	Traumatic hemorrhage of right cerebrum without loss of consciousness, sequela
http://hl7.org/fhir/sid/icd-10-cm	S06.341A	Traumatic hemorrhage of right cerebrum with loss of consciousness of 30 minutes or less, initial encounter
http://hl7.org/fhir/sid/icd-10-cm	S06.341D	Traumatic hemorrhage of right cerebrum with loss of consciousness of 30 minutes or less, subsequent encounter
http://hl7.org/fhir/sid/icd-10-cm	S06.341S	Traumatic hemorrhage of right cerebrum with loss of consciousness of 30 minutes or less, sequela
http://hl7.org/fhir/sid/icd-10-cm	S06.342A	Traumatic hemorrhage of right cerebrum with loss of consciousness of 31 minutes to 59 minutes, initial encounter
http://hl7.org/fhir/sid/icd-10-cm	S06.342D	Traumatic hemorrhage of right cerebrum with loss of consciousness of 31 minutes to 59 minutes, subsequent encounter
http://hl7.org/fhir/sid/icd-10-cm	S06.342S	Traumatic hemorrhage of right cerebrum with loss of consciousness of 31 minutes to 59 minutes, sequela
http://hl7.org/fhir/sid/icd-10-cm	S06.343A	Traumatic hemorrhage of right cerebrum with loss of consciousness of 1 hours to 5 hours 59 minutes, initial encounter
http://hl7.org/fhir/sid/icd-10-cm	S06.343D	Traumatic hemorrhage of right cerebrum with loss of consciousness of 1 hours to 5 hours 59 minutes, subsequent encounter
http://hl7.org/fhir/sid/icd-10-cm	S06.343S	Traumatic hemorrhage of right cerebrum with loss of consciousness of 1 hours to 5 hours 59 minutes, sequela
http://hl7.org/fhir/sid/icd-10-cm	S06.344A	Traumatic hemorrhage of right cerebrum with loss of consciousness of 6 hours to 24 hours, initial encounter
http://hl7.org/fhir/sid/icd-10-cm	S06.344D	Traumatic hemorrhage of right cerebrum with loss of consciousness of 6 hours to 24 hours, subsequent encounter
http://hl7.org/fhir/sid/icd-10-cm	S06.344S	Traumatic hemorrhage of right cerebrum with loss of consciousness of 6 hours to 24 hours, sequela
http://hl7.org/fhir/sid/icd-10-cm	S06.345A	Traumatic hemorrhage of right cerebrum with loss of consciousness greater than 24 hours with return to pre-existing conscious level, initial encounter
http://hl7.org/fhir/sid/icd-10-cm	S06.345D	Traumatic hemorrhage of right cerebrum with loss of consciousness greater than 24 hours with return to pre-existing conscious level, subsequent encounter
http://hl7.org/fhir/sid/icd-10-cm	S06.345S	Traumatic hemorrhage of right cerebrum with loss of consciousness greater than 24 hours with return to pre-existing conscious level, sequela
http://hl7.org/fhir/sid/icd-10-cm	S06.346A	Traumatic hemorrhage of right cerebrum with loss of consciousness greater than 24 hours without return to pre-existing conscious level with patient surviving, initial encounter
http://hl7.org/fhir/sid/icd-10-cm	S06.346D	Traumatic hemorrhage of right cerebrum with loss of consciousness greater than 24 hours without return to pre-existing conscious level with patient surviving, subsequent encounter
http://hl7.org/fhir/sid/icd-10-cm	S06.346S	Traumatic hemorrhage of right cerebrum with loss of consciousness greater than 24 hours without return to pre-existing conscious level with patient surviving, sequela
http://hl7.org/fhir/sid/icd-10-cm	S06.347A	Traumatic hemorrhage of right cerebrum with loss of consciousness of any duration with death due to brain injury prior to regaining consciousness, initial encounter
http://hl7.org/fhir/sid/icd-10-cm	S06.348A	Traumatic hemorrhage of right cerebrum with loss of consciousness of any duration with death due to other cause prior to regaining consciousness, initial encounter
http://hl7.org/fhir/sid/icd-10-cm	S06.349A	Traumatic hemorrhage of right cerebrum with loss of consciousness of unspecified duration, initial encounter
http://hl7.org/fhir/sid/icd-10-cm	S06.349D	Traumatic hemorrhage of right cerebrum with loss of consciousness of unspecified duration, subsequent encounter
http://hl7.org/fhir/sid/icd-10-cm	S06.349S	Traumatic hemorrhage of right cerebrum with loss of consciousness of unspecified duration, sequela
http://hl7.org/fhir/sid/icd-10-cm	S06.350A	Traumatic hemorrhage of left cerebrum without loss of consciousness, initial encounter
http://hl7.org/fhir/sid/icd-10-cm	S06.350D	Traumatic hemorrhage of left cerebrum without loss of consciousness, subsequent encounter
http://hl7.org/fhir/sid/icd-10-cm	S06.350S	Traumatic hemorrhage of left cerebrum without loss of consciousness, sequela
http://hl7.org/fhir/sid/icd-10-cm	S06.351A	Traumatic hemorrhage of left cerebrum with loss of consciousness of 30 minutes or less, initial encounter
http://hl7.org/fhir/sid/icd-10-cm	S06.351D	Traumatic hemorrhage of left cerebrum with loss of consciousness of 30 minutes or less, subsequent encounter
http://hl7.org/fhir/sid/icd-10-cm	S06.351S	Traumatic hemorrhage of left cerebrum with loss of consciousness of 30 minutes or less, sequela
http://hl7.org/fhir/sid/icd-10-cm	S06.352A	Traumatic hemorrhage of left cerebrum with loss of consciousness of 31 minutes to 59 minutes, initial encounter
http://hl7.org/fhir/sid/icd-10-cm	S06.352D	Traumatic hemorrhage of left cerebrum with loss of consciousness of 31 minutes to 59 minutes, subsequent encounter
http://hl7.org/fhir/sid/icd-10-cm	S06.352S	Traumatic hemorrhage of left cerebrum with loss of consciousness of 31 minutes to 59 minutes, sequela
http://hl7.org/fhir/sid/icd-10-cm	S06.353A	Traumatic hemorrhage of left cerebrum with loss of consciousness of 1 hours to 5 hours 59 minutes, initial encounter
http://hl7.org/fhir/sid/icd-10-cm	S06.353D	Traumatic hemorrhage of left cerebrum with loss of consciousness of 1 hours to 5 hours 59 minutes, subsequent encounter
http://hl7.org/fhir/sid/icd-10-cm	S06.353S	Traumatic hemorrhage of left cerebrum with loss of consciousness of 1 hours to 5 hours 59 minutes, sequela
http://hl7.org/fhir/sid/icd-10-cm	S06.354A	Traumatic hemorrhage of left cerebrum with loss of consciousness of 6 hours to 24 hours, initial encounter
http://hl7.org/fhir/sid/icd-10-cm	S06.354D	Traumatic hemorrhage of left cerebrum with loss of consciousness of 6 hours to 24 hours, subsequent encounter
http://hl7.org/fhir/sid/icd-10-cm	S06.354S	Traumatic hemorrhage of left cerebrum with loss of consciousness of 6 hours to 24 hours, sequela
http://hl7.org/fhir/sid/icd-10-cm	S06.355A	Traumatic hemorrhage of left cerebrum with loss of consciousness greater than 24 hours with return to pre-existing conscious level, initial encounter
http://hl7.org/fhir/sid/icd-10-cm	S06.355D	Traumatic hemorrhage of left cerebrum with loss of consciousness greater than 24 hours with return to pre-existing conscious level, subsequent encounter
http://hl7.org/fhir/sid/icd-10-cm	S06.355S	Traumatic hemorrhage of left cerebrum with loss of consciousness greater than 24 hours with return to pre-existing conscious level, sequela
http://hl7.org/fhir/sid/icd-10-cm	S06.356A	Traumatic hemorrhage of left cerebrum with loss of consciousness greater than 24 hours without return to pre-existing conscious level with patient surviving, initial encounter
http://hl7.org/fhir/sid/icd-10-cm	S06.356D	Traumatic hemorrhage of left cerebrum with loss of consciousness greater than 24 hours without return to pre-existing conscious level with patient surviving, subsequent encounter
http://hl7.org/fhir/sid/icd-10-cm	S06.356S	Traumatic hemorrhage of left cerebrum with loss of consciousness greater than 24 hours without return to pre-existing conscious level with patient surviving, sequela
http://hl7.org/fhir/sid/icd-10-cm	S06.357A	Traumatic hemorrhage of left cerebrum with loss of consciousness of any duration with death due to brain injury prior to regaining consciousness, initial encounter
http://hl7.org/fhir/sid/icd-10-cm	S06.358A	Traumatic hemorrhage of left cerebrum with loss of consciousness of any duration with death due to other cause prior to regaining consciousness, initial encounter
http://hl7.org/fhir/sid/icd-10-cm	S06.359A	Traumatic hemorrhage of left cerebrum with loss of consciousness of unspecified duration, initial encounter
http://hl7.org/fhir/sid/icd-10-cm	S06.359D	Traumatic hemorrhage of left cerebrum with loss of consciousness of unspecified duration, subsequent encounter
http://hl7.org/fhir/sid/icd-10-cm	S06.359S	Traumatic hemorrhage of left cerebrum with loss of consciousness of unspecified duration, sequela
http://hl7.org/fhir/sid/icd-10-cm	S06.360A	Traumatic hemorrhage of cerebrum, unspecified, without loss of consciousness, initial encounter
http://hl7.org/fhir/sid/icd-10-cm	S06.360D	Traumatic hemorrhage of cerebrum, unspecified, without loss of consciousness, subsequent encounter
http://hl7.org/fhir/sid/icd-10-cm	S06.360S	Traumatic hemorrhage of cerebrum, unspecified, without loss of consciousness, sequela
http://hl7.org/fhir/sid/icd-10-cm	S06.361A	Traumatic hemorrhage of cerebrum, unspecified, with loss of consciousness of 30 minutes or less, initial encounter
http://hl7.org/fhir/sid/icd-10-cm	S06.361D	Traumatic hemorrhage of cerebrum, unspecified, with loss of consciousness of 30 minutes or less, subsequent encounter
http://hl7.org/fhir/sid/icd-10-cm	S06.361S	Traumatic hemorrhage of cerebrum, unspecified, with loss of consciousness of 30 minutes or less, sequela
http://hl7.org/fhir/sid/icd-10-cm	S06.362A	Traumatic hemorrhage of cerebrum, unspecified, with loss of consciousness of 31 minutes to 59 minutes, initial encounter
http://hl7.org/fhir/sid/icd-10-cm	S06.362D	Traumatic hemorrhage of cerebrum, unspecified, with loss of consciousness of 31 minutes to 59 minutes, subsequent encounter
http://hl7.org/fhir/sid/icd-10-cm	S06.362S	Traumatic hemorrhage of cerebrum, unspecified, with loss of consciousness of 31 minutes to 59 minutes, sequela
http://hl7.org/fhir/sid/icd-10-cm	S06.363A	Traumatic hemorrhage of cerebrum, unspecified, with loss of consciousness of 1 hours to 5 hours 59 minutes, initial encounter
http://hl7.org/fhir/sid/icd-10-cm	S06.363D	Traumatic hemorrhage of cerebrum, unspecified, with loss of consciousness of 1 hours to 5 hours 59 minutes, subsequent encounter
http://hl7.org/fhir/sid/icd-10-cm	S06.363S	Traumatic hemorrhage of cerebrum, unspecified, with loss of consciousness of 1 hours to 5 hours 59 minutes, sequela
http://hl7.org/fhir/sid/icd-10-cm	S06.364A	Traumatic hemorrhage of cerebrum, unspecified, with loss of consciousness of 6 hours to 24 hours, initial encounter
http://hl7.org/fhir/sid/icd-10-cm	S06.364D	Traumatic hemorrhage of cerebrum, unspecified, with loss of consciousness of 6 hours to 24 hours, subsequent encounter
http://hl7.org/fhir/sid/icd-10-cm	S06.364S	Traumatic hemorrhage of cerebrum, unspecified, with loss of consciousness of 6 hours to 24 hours, sequela
http://hl7.org/fhir/sid/icd-10-cm	S06.365A	Traumatic hemorrhage of cerebrum, unspecified, with loss of consciousness greater than 24 hours with return to pre-existing conscious level, initial encounter
http://hl7.org/fhir/sid/icd-10-cm	S06.365D	Traumatic hemorrhage of cerebrum, unspecified, with loss of consciousness greater than 24 hours with return to pre-existing conscious level, subsequent encounter
http://hl7.org/fhir/sid/icd-10-cm	S06.365S	Traumatic hemorrhage of cerebrum, unspecified, with loss of consciousness greater than 24 hours with return to pre-existing conscious level, sequela
http://hl7.org/fhir/sid/icd-10-cm	S06.366A	Traumatic hemorrhage of cerebrum, unspecified, with loss of consciousness greater than 24 hours without return to pre-existing conscious level with patient surviving, initial encounter
http://hl7.org/fhir/sid/icd-10-cm	S06.366D	Traumatic hemorrhage of cerebrum, unspecified, with loss of consciousness greater than 24 hours without return to pre-existing conscious level with patient surviving, subsequent encounter
http://hl7.org/fhir/sid/icd-10-cm	S06.366S	Traumatic hemorrhage of cerebrum, unspecified, with loss of consciousness greater than 24 hours without return to pre-existing conscious level with patient surviving, sequela
http://hl7.org/fhir/sid/icd-10-cm	S06.367A	Traumatic hemorrhage of cerebrum, unspecified, with loss of consciousness of any duration with death due to brain injury prior to regaining consciousness, initial encounter
http://hl7.org/fhir/sid/icd-10-cm	S06.368A	Traumatic hemorrhage of cerebrum, unspecified, with loss of consciousness of any duration with death due to other cause prior to regaining consciousness, initial encounter
http://hl7.org/fhir/sid/icd-10-cm	S06.369A	Traumatic hemorrhage of cerebrum, unspecified, with loss of consciousness of unspecified duration, initial encounter
http://hl7.org/fhir/sid/icd-10-cm	S06.369D	Traumatic hemorrhage of cerebrum, unspecified, with loss of consciousness of unspecified duration, subsequent encounter
http://hl7.org/fhir/sid/icd-10-cm	S06.369S	Traumatic hemorrhage of cerebrum, unspecified, with loss of consciousness of unspecified duration, sequela
http://hl7.org/fhir/sid/icd-10-cm	S06.370A	Contusion, laceration, and hemorrhage of cerebellum without loss of consciousness, initial encounter
http://hl7.org/fhir/sid/icd-10-cm	S06.370D	Contusion, laceration, and hemorrhage of cerebellum without loss of consciousness, subsequent encounter
http://hl7.org/fhir/sid/icd-10-cm	S06.370S	Contusion, laceration, and hemorrhage of cerebellum without loss of consciousness, sequela
http://hl7.org/fhir/sid/icd-10-cm	S06.371A	Contusion, laceration, and hemorrhage of cerebellum with loss of consciousness of 30 minutes or less, initial encounter
http://hl7.org/fhir/sid/icd-10-cm	S06.371D	Contusion, laceration, and hemorrhage of cerebellum with loss of consciousness of 30 minutes or less, subsequent encounter
http://hl7.org/fhir/sid/icd-10-cm	S06.371S	Contusion, laceration, and hemorrhage of cerebellum with loss of consciousness of 30 minutes or less, sequela
http://hl7.org/fhir/sid/icd-10-cm	S06.372A	Contusion, laceration, and hemorrhage of cerebellum with loss of consciousness of 31 minutes to 59 minutes, initial encounter
http://hl7.org/fhir/sid/icd-10-cm	S06.372D	Contusion, laceration, and hemorrhage of cerebellum with loss of consciousness of 31 minutes to 59 minutes, subsequent encounter
http://hl7.org/fhir/sid/icd-10-cm	S06.372S	Contusion, laceration, and hemorrhage of cerebellum with loss of consciousness of 31 minutes to 59 minutes, sequela
http://hl7.org/fhir/sid/icd-10-cm	S06.373A	Contusion, laceration, and hemorrhage of cerebellum with loss of consciousness of 1 hour to 5 hours 59 minutes, initial encounter
http://hl7.org/fhir/sid/icd-10-cm	S06.373D	Contusion, laceration, and hemorrhage of cerebellum with loss of consciousness of 1 hour to 5 hours 59 minutes, subsequent encounter
http://hl7.org/fhir/sid/icd-10-cm	S06.373S	Contusion, laceration, and hemorrhage of cerebellum with loss of consciousness of 1 hour to 5 hours 59 minutes, sequela
http://hl7.org/fhir/sid/icd-10-cm	S06.374A	Contusion, laceration, and hemorrhage of cerebellum with loss of consciousness of 6 hours to 24 hours, initial encounter
http://hl7.org/fhir/sid/icd-10-cm	S06.374D	Contusion, laceration, and hemorrhage of cerebellum with loss of consciousness of 6 hours to 24 hours, subsequent encounter
http://hl7.org/fhir/sid/icd-10-cm	S06.374S	Contusion, laceration, and hemorrhage of cerebellum with loss of consciousness of 6 hours to 24 hours, sequela
http://hl7.org/fhir/sid/icd-10-cm	S06.375A	Contusion, laceration, and hemorrhage of cerebellum with loss of consciousness greater than 24 hours with return to pre-existing conscious level, initial encounter
http://hl7.org/fhir/sid/icd-10-cm	S06.375D	Contusion, laceration, and hemorrhage of cerebellum with loss of consciousness greater than 24 hours with return to pre-existing conscious level, subsequent encounter
http://hl7.org/fhir/sid/icd-10-cm	S06.375S	Contusion, laceration, and hemorrhage of cerebellum with loss of consciousness greater than 24 hours with return to pre-existing conscious level, sequela
http://hl7.org/fhir/sid/icd-10-cm	S06.376A	Contusion, laceration, and hemorrhage of cerebellum with loss of consciousness greater than 24 hours without return to pre-existing conscious level with patient surviving, initial encounter
http://hl7.org/fhir/sid/icd-10-cm	S06.376D	Contusion, laceration, and hemorrhage of cerebellum with loss of consciousness greater than 24 hours without return to pre-existing conscious level with patient surviving, subsequent encounter
http://hl7.org/fhir/sid/icd-10-cm	S06.376S	Contusion, laceration, and hemorrhage of cerebellum with loss of consciousness greater than 24 hours without return to pre-existing conscious level with patient surviving, sequela
http://hl7.org/fhir/sid/icd-10-cm	S06.377A	Contusion, laceration, and hemorrhage of cerebellum with loss of consciousness of any duration with death due to brain injury prior to regaining consciousness, initial encounter
http://hl7.org/fhir/sid/icd-10-cm	S06.378A	Contusion, laceration, and hemorrhage of cerebellum with loss of consciousness of any duration with death due to other cause prior to regaining consciousness, initial encounter
http://hl7.org/fhir/sid/icd-10-cm	S06.379A	Contusion, laceration, and hemorrhage of cerebellum with loss of consciousness of unspecified duration, initial encounter
http://hl7.org/fhir/sid/icd-10-cm	S06.379D	Contusion, laceration, and hemorrhage of cerebellum with loss of consciousness of unspecified duration, subsequent encounter
http://hl7.org/fhir/sid/icd-10-cm	S06.379S	Contusion, laceration, and hemorrhage of cerebellum with loss of consciousness of unspecified duration, sequela
http://hl7.org/fhir/sid/icd-10-cm	S06.380A	Contusion, laceration, and hemorrhage of brainstem without loss of consciousness, initial encounter
http://hl7.org/fhir/sid/icd-10-cm	S06.380D	Contusion, laceration, and hemorrhage of brainstem without loss of consciousness, subsequent encounter
http://hl7.org/fhir/sid/icd-10-cm	S06.380S	Contusion, laceration, and hemorrhage of brainstem without loss of consciousness, sequela
http://hl7.org/fhir/sid/icd-10-cm	S06.381A	Contusion, laceration, and hemorrhage of brainstem with loss of consciousness of 30 minutes or less, initial encounter
http://hl7.org/fhir/sid/icd-10-cm	S06.381D	Contusion, laceration, and hemorrhage of brainstem with loss of consciousness of 30 minutes or less, subsequent encounter
http://hl7.org/fhir/sid/icd-10-cm	S06.381S	Contusion, laceration, and hemorrhage of brainstem with loss of consciousness of 30 minutes or less, sequela
http://hl7.org/fhir/sid/icd-10-cm	S06.382A	Contusion, laceration, and hemorrhage of brainstem with loss of consciousness of 31 minutes to 59 minutes, initial encounter
http://hl7.org/fhir/sid/icd-10-cm	S06.382D	Contusion, laceration, and hemorrhage of brainstem with loss of consciousness of 31 minutes to 59 minutes, subsequent encounter
http://hl7.org/fhir/sid/icd-10-cm	S06.382S	Contusion, laceration, and hemorrhage of brainstem with loss of consciousness of 31 minutes to 59 minutes, sequela
http://hl7.org/fhir/sid/icd-10-cm	S06.383A	Contusion, laceration, and hemorrhage of brainstem with loss of consciousness of 1 hour to 5 hours 59 minutes, initial encounter
http://hl7.org/fhir/sid/icd-10-cm	S06.383D	Contusion, laceration, and hemorrhage of brainstem with loss of consciousness of 1 hour to 5 hours 59 minutes, subsequent encounter
http://hl7.org/fhir/sid/icd-10-cm	S06.383S	Contusion, laceration, and hemorrhage of brainstem with loss of consciousness of 1 hour to 5 hours 59 minutes, sequela
http://hl7.org/fhir/sid/icd-10-cm	S06.384A	Contusion, laceration, and hemorrhage of brainstem with loss of consciousness of 6 hours to 24 hours, initial encounter
http://hl7.org/fhir/sid/icd-10-cm	S06.384D	Contusion, laceration, and hemorrhage of brainstem with loss of consciousness of 6 hours to 24 hours, subsequent encounter
http://hl7.org/fhir/sid/icd-10-cm	S06.384S	Contusion, laceration, and hemorrhage of brainstem with loss of consciousness of 6 hours to 24 hours, sequela
http://hl7.org/fhir/sid/icd-10-cm	S06.385A	Contusion, laceration, and hemorrhage of brainstem with loss of consciousness greater than 24 hours with return to pre-existing conscious level, initial encounter
http://hl7.org/fhir/sid/icd-10-cm	S06.385D	Contusion, laceration, and hemorrhage of brainstem with loss of consciousness greater than 24 hours with return to pre-existing conscious level, subsequent encounter
http://hl7.org/fhir/sid/icd-10-cm	S06.385S	Contusion, laceration, and hemorrhage of brainstem with loss of consciousness greater than 24 hours with return to pre-existing conscious level, sequela
http://hl7.org/fhir/sid/icd-10-cm	S06.386A	Contusion, laceration, and hemorrhage of brainstem with loss of consciousness greater than 24 hours without return to pre-existing conscious level with patient surviving, initial encounter
http://hl7.org/fhir/sid/icd-10-cm	S06.386D	Contusion, laceration, and hemorrhage of brainstem with loss of consciousness greater than 24 hours without return to pre-existing conscious level with patient surviving, subsequent encounter
http://hl7.org/fhir/sid/icd-10-cm	S06.386S	Contusion, laceration, and hemorrhage of brainstem with loss of consciousness greater than 24 hours without return to pre-existing conscious level with patient surviving, sequela
http://hl7.org/fhir/sid/icd-10-cm	S06.387A	Contusion, laceration, and hemorrhage of brainstem with loss of consciousness of any duration with death due to brain injury prior to regaining consciousness, initial encounter
http://hl7.org/fhir/sid/icd-10-cm	S06.388A	Contusion, laceration, and hemorrhage of brainstem with loss of consciousness of any duration with death due to other cause prior to regaining consciousness, initial encounter
http://hl7.org/fhir/sid/icd-10-cm	S06.389A	Contusion, laceration, and hemorrhage of brainstem with loss of consciousness of unspecified duration, initial encounter
http://hl7.org/fhir/sid/icd-10-cm	S06.389D	Contusion, laceration, and hemorrhage of brainstem with loss of consciousness of unspecified duration, subsequent encounter
http://hl7.org/fhir/sid/icd-10-cm	S06.389S	Contusion, laceration, and hemorrhage of brainstem with loss of consciousness of unspecified duration, sequela
http://hl7.org/fhir/sid/icd-10-cm	S06.4X0A	Epidural hemorrhage without loss of consciousness, initial encounter
http://hl7.org/fhir/sid/icd-10-cm	S06.4X0D	Epidural hemorrhage without loss of consciousness, subsequent encounter
http://hl7.org/fhir/sid/icd-10-cm	S06.4X0S	Epidural hemorrhage without loss of consciousness, sequela
http://hl7.org/fhir/sid/icd-10-cm	S06.4X1A	Epidural hemorrhage with loss of consciousness of 30 minutes or less, initial encounter
http://hl7.org/fhir/sid/icd-10-cm	S06.4X1D	Epidural hemorrhage with loss of consciousness of 30 minutes or less, subsequent encounter
http://hl7.org/fhir/sid/icd-10-cm	S06.4X1S	Epidural hemorrhage with loss of consciousness of 30 minutes or less, sequela
http://hl7.org/fhir/sid/icd-10-cm	S06.4X2A	Epidural hemorrhage with loss of consciousness of 31 minutes to 59 minutes, initial encounter
http://hl7.org/fhir/sid/icd-10-cm	S06.4X2D	Epidural hemorrhage with loss of consciousness of 31 minutes to 59 minutes, subsequent encounter
http://hl7.org/fhir/sid/icd-10-cm	S06.4X2S	Epidural hemorrhage with loss of consciousness of 31 minutes to 59 minutes, sequela
http://hl7.org/fhir/sid/icd-10-cm	S06.4X3A	Epidural hemorrhage with loss of consciousness of 1 hour to 5 hours 59 minutes, initial encounter
http://hl7.org/fhir/sid/icd-10-cm	S06.4X3D	Epidural hemorrhage with loss of consciousness of 1 hour to 5 hours 59 minutes, subsequent encounter
http://hl7.org/fhir/sid/icd-10-cm	S06.4X3S	Epidural hemorrhage with loss of consciousness of 1 hour to 5 hours 59 minutes, sequela
http://hl7.org/fhir/sid/icd-10-cm	S06.4X4A	Epidural hemorrhage with loss of consciousness of 6 hours to 24 hours, initial encounter
http://hl7.org/fhir/sid/icd-10-cm	S06.4X4D	Epidural hemorrhage with loss of consciousness of 6 hours to 24 hours, subsequent encounter
http://hl7.org/fhir/sid/icd-10-cm	S06.4X4S	Epidural hemorrhage with loss of consciousness of 6 hours to 24 hours, sequela
http://hl7.org/fhir/sid/icd-10-cm	S06.4X5A	Epidural hemorrhage with loss of consciousness greater than 24 hours with return to pre-existing conscious level, initial encounter
http://hl7.org/fhir/sid/icd-10-cm	S06.4X5D	Epidural hemorrhage with loss of consciousness greater than 24 hours with return to pre-existing conscious level, subsequent encounter
http://hl7.org/fhir/sid/icd-10-cm	S06.4X5S	Epidural hemorrhage with loss of consciousness greater than 24 hours with return to pre-existing conscious level, sequela
http://hl7.org/fhir/sid/icd-10-cm	S06.4X6A	Epidural hemorrhage with loss of consciousness greater than 24 hours without return to pre-existing conscious level with patient surviving, initial encounter
http://hl7.org/fhir/sid/icd-10-cm	S06.4X6D	Epidural hemorrhage with loss of consciousness greater than 24 hours without return to pre-existing conscious level with patient surviving, subsequent encounter
http://hl7.org/fhir/sid/icd-10-cm	S06.4X6S	Epidural hemorrhage with loss of consciousness greater than 24 hours without return to pre-existing conscious level with patient surviving, sequela
http://hl7.org/fhir/sid/icd-10-cm	S06.4X7A	Epidural hemorrhage with loss of consciousness of any duration with death due to brain injury prior to regaining consciousness, initial encounter
http://hl7.org/fhir/sid/icd-10-cm	S06.4X8A	Epidural hemorrhage with loss of consciousness of any duration with death due to other causes prior to regaining consciousness, initial encounter
http://hl7.org/fhir/sid/icd-10-cm	S06.4X9A	Epidural hemorrhage with loss of consciousness of unspecified duration, initial encounter
http://hl7.org/fhir/sid/icd-10-cm	S06.4X9D	Epidural hemorrhage with loss of consciousness of unspecified duration, subsequent encounter
http://hl7.org/fhir/sid/icd-10-cm	S06.4X9S	Epidural hemorrhage with loss of consciousness of unspecified duration, sequela
http://hl7.org/fhir/sid/icd-10-cm	S06.5X0A	Traumatic subdural hemorrhage without loss of consciousness, initial encounter
http://hl7.org/fhir/sid/icd-10-cm	S06.5X0D	Traumatic subdural hemorrhage without loss of consciousness, subsequent encounter
http://hl7.org/fhir/sid/icd-10-cm	S06.5X0S	Traumatic subdural hemorrhage without loss of consciousness, sequela
http://hl7.org/fhir/sid/icd-10-cm	S06.5X1A	Traumatic subdural hemorrhage with loss of consciousness of 30 minutes or less, initial encounter
http://hl7.org/fhir/sid/icd-10-cm	S06.5X1D	Traumatic subdural hemorrhage with loss of consciousness of 30 minutes or less, subsequent encounter
http://hl7.org/fhir/sid/icd-10-cm	S06.5X1S	Traumatic subdural hemorrhage with loss of consciousness of 30 minutes or less, sequela
http://hl7.org/fhir/sid/icd-10-cm	S06.5X2A	Traumatic subdural hemorrhage with loss of consciousness of 31 minutes to 59 minutes, initial encounter
http://hl7.org/fhir/sid/icd-10-cm	S06.5X2D	Traumatic subdural hemorrhage with loss of consciousness of 31 minutes to 59 minutes, subsequent encounter
http://hl7.org/fhir/sid/icd-10-cm	S06.5X2S	Traumatic subdural hemorrhage with loss of consciousness of 31 minutes to 59 minutes, sequela
http://hl7.org/fhir/sid/icd-10-cm	S06.5X3A	Traumatic subdural hemorrhage with loss of consciousness of 1 hour to 5 hours 59 minutes, initial encounter
http://hl7.org/fhir/sid/icd-10-cm	S06.5X3D	Traumatic subdural hemorrhage with loss of consciousness of 1 hour to 5 hours 59 minutes, subsequent encounter
http://hl7.org/fhir/sid/icd-10-cm	S06.5X3S	Traumatic subdural hemorrhage with loss of consciousness of 1 hour to 5 hours 59 minutes, sequela
http://hl7.org/fhir/sid/icd-10-cm	S06.5X4A	Traumatic subdural hemorrhage with loss of consciousness of 6 hours to 24 hours, initial encounter
http://hl7.org/fhir/sid/icd-10-cm	S06.5X4D	Traumatic subdural hemorrhage with loss of consciousness of 6 hours to 24 hours, subsequent encounter
http://hl7.org/fhir/sid/icd-10-cm	S06.5X4S	Traumatic subdural hemorrhage with loss of consciousness of 6 hours to 24 hours, sequela
http://hl7.org/fhir/sid/icd-10-cm	S06.5X5A	Traumatic subdural hemorrhage with loss of consciousness greater than 24 hours with return to pre-existing conscious level, initial encounter
http://hl7.org/fhir/sid/icd-10-cm	S06.5X5D	Traumatic subdural hemorrhage with loss of consciousness greater than 24 hours with return to pre-existing conscious level, subsequent encounter
http://hl7.org/fhir/sid/icd-10-cm	S06.5X5S	Traumatic subdural hemorrhage with loss of consciousness greater than 24 hours with return to pre-existing conscious level, sequela
http://hl7.org/fhir/sid/icd-10-cm	S06.5X6A	Traumatic subdural hemorrhage with loss of consciousness greater than 24 hours without return to pre-existing conscious level with patient surviving, initial encounter
http://hl7.org/fhir/sid/icd-10-cm	S06.5X6D	Traumatic subdural hemorrhage with loss of consciousness greater than 24 hours without return to pre-existing conscious level with patient surviving, subsequent encounter
http://hl7.org/fhir/sid/icd-10-cm	S06.5X6S	Traumatic subdural hemorrhage with loss of consciousness greater than 24 hours without return to pre-existing conscious level with patient surviving, sequela
http://hl7.org/fhir/sid/icd-10-cm	S06.5X7A	Traumatic subdural hemorrhage with loss of consciousness of any duration with death due to brain injury before regaining consciousness, initial encounter
http://hl7.org/fhir/sid/icd-10-cm	S06.5X8A	Traumatic subdural hemorrhage with loss of consciousness of any duration with death due to other cause before regaining consciousness, initial encounter
http://hl7.org/fhir/sid/icd-10-cm	S06.5X9A	Traumatic subdural hemorrhage with loss of consciousness of unspecified duration, initial encounter
http://hl7.org/fhir/sid/icd-10-cm	S06.5X9D	Traumatic subdural hemorrhage with loss of consciousness of unspecified duration, subsequent encounter
http://hl7.org/fhir/sid/icd-10-cm	S06.5X9S	Traumatic subdural hemorrhage with loss of consciousness of unspecified duration, sequela
http://hl7.org/fhir/sid/icd-10-cm	S06.6X0A	Traumatic subarachnoid hemorrhage without loss of consciousness, initial encounter
http://hl7.org/fhir/sid/icd-10-cm	S06.6X0D	Traumatic subarachnoid hemorrhage without loss of consciousness, subsequent encounter
http://hl7.org/fhir/sid/icd-10-cm	S06.6X0S	Traumatic subarachnoid hemorrhage without loss of consciousness, sequela
http://hl7.org/fhir/sid/icd-10-cm	S06.6X1A	Traumatic subarachnoid hemorrhage with loss of consciousness of 30 minutes or less, initial encounter
http://hl7.org/fhir/sid/icd-10-cm	S06.6X1D	Traumatic subarachnoid hemorrhage with loss of consciousness of 30 minutes or less, subsequent encounter
http://hl7.org/fhir/sid/icd-10-cm	S06.6X1S	Traumatic subarachnoid hemorrhage with loss of consciousness of 30 minutes or less, sequela
http://hl7.org/fhir/sid/icd-10-cm	S06.6X2A	Traumatic subarachnoid hemorrhage with loss of consciousness of 31 minutes to 59 minutes, initial encounter
http://hl7.org/fhir/sid/icd-10-cm	S06.6X2D	Traumatic subarachnoid hemorrhage with loss of consciousness of 31 minutes to 59 minutes, subsequent encounter
http://hl7.org/fhir/sid/icd-10-cm	S06.6X2S	Traumatic subarachnoid hemorrhage with loss of consciousness of 31 minutes to 59 minutes, sequela
http://hl7.org/fhir/sid/icd-10-cm	S06.6X3A	Traumatic subarachnoid hemorrhage with loss of consciousness of 1 hour to 5 hours 59 minutes, initial encounter
http://hl7.org/fhir/sid/icd-10-cm	S06.6X3D	Traumatic subarachnoid hemorrhage with loss of consciousness of 1 hour to 5 hours 59 minutes, subsequent encounter
http://hl7.org/fhir/sid/icd-10-cm	S06.6X3S	Traumatic subarachnoid hemorrhage with loss of consciousness of 1 hour to 5 hours 59 minutes, sequela
http://hl7.org/fhir/sid/icd-10-cm	S06.6X4A	Traumatic subarachnoid hemorrhage with loss of consciousness of 6 hours to 24 hours, initial encounter
http://hl7.org/fhir/sid/icd-10-cm	S06.6X4D	Traumatic subarachnoid hemorrhage with loss of consciousness of 6 hours to 24 hours, subsequent encounter
http://hl7.org/fhir/sid/icd-10-cm	S06.6X4S	Traumatic subarachnoid hemorrhage with loss of consciousness of 6 hours to 24 hours, sequela
http://hl7.org/fhir/sid/icd-10-cm	S06.6X5A	Traumatic subarachnoid hemorrhage with loss of consciousness greater than 24 hours with return to pre-existing conscious level, initial encounter
http://hl7.org/fhir/sid/icd-10-cm	S06.6X5D	Traumatic subarachnoid hemorrhage with loss of consciousness greater than 24 hours with return to pre-existing conscious level, subsequent encounter
http://hl7.org/fhir/sid/icd-10-cm	S06.6X5S	Traumatic subarachnoid hemorrhage with loss of consciousness greater than 24 hours with return to pre-existing conscious level, sequela
http://hl7.org/fhir/sid/icd-10-cm	S06.6X6A	Traumatic subarachnoid hemorrhage with loss of consciousness greater than 24 hours without return to pre-existing conscious level with patient surviving, initial encounter
http://hl7.org/fhir/sid/icd-10-cm	S06.6X6D	Traumatic subarachnoid hemorrhage with loss of consciousness greater than 24 hours without return to pre-existing conscious level with patient surviving, subsequent encounter
http://hl7.org/fhir/sid/icd-10-cm	S06.6X6S	Traumatic subarachnoid hemorrhage with loss of consciousness greater than 24 hours without return to pre-existing conscious level with patient surviving, sequela
http://hl7.org/fhir/sid/icd-10-cm	S06.6X7A	Traumatic subarachnoid hemorrhage with loss of consciousness of any duration with death due to brain injury prior to regaining consciousness, initial encounter
http://hl7.org/fhir/sid/icd-10-cm	S06.6X8A	Traumatic subarachnoid hemorrhage with loss of consciousness of any duration with death due to other cause prior to regaining consciousness, initial encounter
http://hl7.org/fhir/sid/icd-10-cm	S06.6X9A	Traumatic subarachnoid hemorrhage with loss of consciousness of unspecified duration, initial encounter
http://hl7.org/fhir/sid/icd-10-cm	S06.6X9D	Traumatic subarachnoid hemorrhage with loss of consciousness of unspecified duration, subsequent encounter
http://hl7.org/fhir/sid/icd-10-cm	S06.6X9S	Traumatic subarachnoid hemorrhage with loss of consciousness of unspecified duration, sequela
http://hl7.org/fhir/sid/icd-10-cm	S06.810A	Injury of right internal carotid artery, intracranial portion, not elsewhere classified without loss of consciousness, initial encounter
http://hl7.org/fhir/sid/icd-10-cm	S06.810D	Injury of right internal carotid artery, intracranial portion, not elsewhere classified without loss of consciousness, subsequent encounter
http://hl7.org/fhir/sid/icd-10-cm	S06.810S	Injury of right internal carotid artery, intracranial portion, not elsewhere classified without loss of consciousness, sequela
http://hl7.org/fhir/sid/icd-10-cm	S06.811A	Injury of right internal carotid artery, intracranial portion, not elsewhere classified with loss of consciousness of 30 minutes or less, initial encounter
http://hl7.org/fhir/sid/icd-10-cm	S06.811D	Injury of right internal carotid artery, intracranial portion, not elsewhere classified with loss of consciousness of 30 minutes or less, subsequent encounter
http://hl7.org/fhir/sid/icd-10-cm	S06.811S	Injury of right internal carotid artery, intracranial portion, not elsewhere classified with loss of consciousness of 30 minutes or less, sequela
http://hl7.org/fhir/sid/icd-10-cm	S06.812A	Injury of right internal carotid artery, intracranial portion, not elsewhere classified with loss of consciousness of 31 minutes to 59 minutes, initial encounter
http://hl7.org/fhir/sid/icd-10-cm	S06.812D	Injury of right internal carotid artery, intracranial portion, not elsewhere classified with loss of consciousness of 31 minutes to 59 minutes, subsequent encounter
http://hl7.org/fhir/sid/icd-10-cm	S06.812S	Injury of right internal carotid artery, intracranial portion, not elsewhere classified with loss of consciousness of 31 minutes to 59 minutes, sequela
http://hl7.org/fhir/sid/icd-10-cm	S06.813A	Injury of right internal carotid artery, intracranial portion, not elsewhere classified with loss of consciousness of 1 hour to 5 hours 59 minutes, initial encounter
http://hl7.org/fhir/sid/icd-10-cm	S06.813D	Injury of right internal carotid artery, intracranial portion, not elsewhere classified with loss of consciousness of 1 hour to 5 hours 59 minutes, subsequent encounter
http://hl7.org/fhir/sid/icd-10-cm	S06.813S	Injury of right internal carotid artery, intracranial portion, not elsewhere classified with loss of consciousness of 1 hour to 5 hours 59 minutes, sequela
http://hl7.org/fhir/sid/icd-10-cm	S06.814A	Injury of right internal carotid artery, intracranial portion, not elsewhere classified with loss of consciousness of 6 hours to 24 hours, initial encounter
http://hl7.org/fhir/sid/icd-10-cm	S06.814D	Injury of right internal carotid artery, intracranial portion, not elsewhere classified with loss of consciousness of 6 hours to 24 hours, subsequent encounter
http://hl7.org/fhir/sid/icd-10-cm	S06.814S	Injury of right internal carotid artery, intracranial portion, not elsewhere classified with loss of consciousness of 6 hours to 24 hours, sequela
http://hl7.org/fhir/sid/icd-10-cm	S06.815A	Injury of right internal carotid artery, intracranial portion, not elsewhere classified with loss of consciousness greater than 24 hours with return to pre-existing conscious level, initial encounter
http://hl7.org/fhir/sid/icd-10-cm	S06.815D	Injury of right internal carotid artery, intracranial portion, not elsewhere classified with loss of consciousness greater than 24 hours with return to pre-existing conscious level, subsequent encounter
http://hl7.org/fhir/sid/icd-10-cm	S06.815S	Injury of right internal carotid artery, intracranial portion, not elsewhere classified with loss of consciousness greater than 24 hours with return to pre-existing conscious level, sequela
http://hl7.org/fhir/sid/icd-10-cm	S06.816A	Injury of right internal carotid artery, intracranial portion, not elsewhere classified with loss of consciousness greater than 24 hours without return to pre-existing conscious level with patient surviving, initial encounter
http://hl7.org/fhir/sid/icd-10-cm	S06.816D	Injury of right internal carotid artery, intracranial portion, not elsewhere classified with loss of consciousness greater than 24 hours without return to pre-existing conscious level with patient surviving, subsequent encounter
http://hl7.org/fhir/sid/icd-10-cm	S06.816S	Injury of right internal carotid artery, intracranial portion, not elsewhere classified with loss of consciousness greater than 24 hours without return to pre-existing conscious level with patient surviving, sequela
http://hl7.org/fhir/sid/icd-10-cm	S06.817A	Injury of right internal carotid artery, intracranial portion, not elsewhere classified with loss of consciousness of any duration with death due to brain injury prior to regaining consciousness, initial encounter
http://hl7.org/fhir/sid/icd-10-cm	S06.818A	Injury of right internal carotid artery, intracranial portion, not elsewhere classified with loss of consciousness of any duration with death due to other cause prior to regaining consciousness, initial encounter
http://hl7.org/fhir/sid/icd-10-cm	S06.819A	Injury of right internal carotid artery, intracranial portion, not elsewhere classified with loss of consciousness of unspecified duration, initial encounter
http://hl7.org/fhir/sid/icd-10-cm	S06.819D	Injury of right internal carotid artery, intracranial portion, not elsewhere classified with loss of consciousness of unspecified duration, subsequent encounter
http://hl7.org/fhir/sid/icd-10-cm	S06.819S	Injury of right internal carotid artery, intracranial portion, not elsewhere classified with loss of consciousness of unspecified duration, sequela
http://hl7.org/fhir/sid/icd-10-cm	S06.820A	Injury of left internal carotid artery, intracranial portion, not elsewhere classified without loss of consciousness, initial encounter
http://hl7.org/fhir/sid/icd-10-cm	S06.820D	Injury of left internal carotid artery, intracranial portion, not elsewhere classified without loss of consciousness, subsequent encounter
http://hl7.org/fhir/sid/icd-10-cm	S06.820S	Injury of left internal carotid artery, intracranial portion, not elsewhere classified without loss of consciousness, sequela
http://hl7.org/fhir/sid/icd-10-cm	S06.821A	Injury of left internal carotid artery, intracranial portion, not elsewhere classified with loss of consciousness of 30 minutes or less, initial encounter
http://hl7.org/fhir/sid/icd-10-cm	S06.821D	Injury of left internal carotid artery, intracranial portion, not elsewhere classified with loss of consciousness of 30 minutes or less, subsequent encounter
http://hl7.org/fhir/sid/icd-10-cm	S06.821S	Injury of left internal carotid artery, intracranial portion, not elsewhere classified with loss of consciousness of 30 minutes or less, sequela
http://hl7.org/fhir/sid/icd-10-cm	S06.822A	Injury of left internal carotid artery, intracranial portion, not elsewhere classified with loss of consciousness of 31 minutes to 59 minutes, initial encounter
http://hl7.org/fhir/sid/icd-10-cm	S06.822D	Injury of left internal carotid artery, intracranial portion, not elsewhere classified with loss of consciousness of 31 minutes to 59 minutes, subsequent encounter
http://hl7.org/fhir/sid/icd-10-cm	S06.822S	Injury of left internal carotid artery, intracranial portion, not elsewhere classified with loss of consciousness of 31 minutes to 59 minutes, sequela
http://hl7.org/fhir/sid/icd-10-cm	S06.823A	Injury of left internal carotid artery, intracranial portion, not elsewhere classified with loss of consciousness of 1 hour to 5 hours 59 minutes, initial encounter
http://hl7.org/fhir/sid/icd-10-cm	S06.823D	Injury of left internal carotid artery, intracranial portion, not elsewhere classified with loss of consciousness of 1 hour to 5 hours 59 minutes, subsequent encounter
http://hl7.org/fhir/sid/icd-10-cm	S06.823S	Injury of left internal carotid artery, intracranial portion, not elsewhere classified with loss of consciousness of 1 hour to 5 hours 59 minutes, sequela
http://hl7.org/fhir/sid/icd-10-cm	S06.824A	Injury of left internal carotid artery, intracranial portion, not elsewhere classified with loss of consciousness of 6 hours to 24 hours, initial encounter
http://hl7.org/fhir/sid/icd-10-cm	S06.824D	Injury of left internal carotid artery, intracranial portion, not elsewhere classified with loss of consciousness of 6 hours to 24 hours, subsequent encounter
http://hl7.org/fhir/sid/icd-10-cm	S06.824S	Injury of left internal carotid artery, intracranial portion, not elsewhere classified with loss of consciousness of 6 hours to 24 hours, sequela
http://hl7.org/fhir/sid/icd-10-cm	S06.825A	Injury of left internal carotid artery, intracranial portion, not elsewhere classified with loss of consciousness greater than 24 hours with return to pre-existing conscious level, initial encounter
http://hl7.org/fhir/sid/icd-10-cm	S06.825D	Injury of left internal carotid artery, intracranial portion, not elsewhere classified with loss of consciousness greater than 24 hours with return to pre-existing conscious level, subsequent encounter
http://hl7.org/fhir/sid/icd-10-cm	S06.825S	Injury of left internal carotid artery, intracranial portion, not elsewhere classified with loss of consciousness greater than 24 hours with return to pre-existing conscious level, sequela
http://hl7.org/fhir/sid/icd-10-cm	S06.826A	Injury of left internal carotid artery, intracranial portion, not elsewhere classified with loss of consciousness greater than 24 hours without return to pre-existing conscious level with patient surviving, initial encounter
http://hl7.org/fhir/sid/icd-10-cm	S06.826D	Injury of left internal carotid artery, intracranial portion, not elsewhere classified with loss of consciousness greater than 24 hours without return to pre-existing conscious level with patient surviving, subsequent encounter
http://hl7.org/fhir/sid/icd-10-cm	S06.826S	Injury of left internal carotid artery, intracranial portion, not elsewhere classified with loss of consciousness greater than 24 hours without return to pre-existing conscious level with patient surviving, sequela
http://hl7.org/fhir/sid/icd-10-cm	S06.827A	Injury of left internal carotid artery, intracranial portion, not elsewhere classified with loss of consciousness of any duration with death due to brain injury prior to regaining consciousness, initial encounter
http://hl7.org/fhir/sid/icd-10-cm	S06.828A	Injury of left internal carotid artery, intracranial portion, not elsewhere classified with loss of consciousness of any duration with death due to other cause prior to regaining consciousness, initial encounter
http://hl7.org/fhir/sid/icd-10-cm	S06.829A	Injury of left internal carotid artery, intracranial portion, not elsewhere classified with loss of consciousness of unspecified duration, initial encounter
http://hl7.org/fhir/sid/icd-10-cm	S06.829D	Injury of left internal carotid artery, intracranial portion, not elsewhere classified with loss of consciousness of unspecified duration, subsequent encounter
http://hl7.org/fhir/sid/icd-10-cm	S06.829S	Injury of left internal carotid artery, intracranial portion, not elsewhere classified with loss of consciousness of unspecified duration, sequela
http://hl7.org/fhir/sid/icd-10-cm	S06.890A	Other specified intracranial injury without loss of consciousness, initial encounter
http://hl7.org/fhir/sid/icd-10-cm	S06.890D	Other specified intracranial injury without loss of consciousness, subsequent encounter
http://hl7.org/fhir/sid/icd-10-cm	S06.890S	Other specified intracranial injury without loss of consciousness, sequela
http://hl7.org/fhir/sid/icd-10-cm	S06.891A	Other specified intracranial injury with loss of consciousness of 30 minutes or less, initial encounter
http://hl7.org/fhir/sid/icd-10-cm	S06.891D	Other specified intracranial injury with loss of consciousness of 30 minutes or less, subsequent encounter
http://hl7.org/fhir/sid/icd-10-cm	S06.891S	Other specified intracranial injury with loss of consciousness of 30 minutes or less, sequela
http://hl7.org/fhir/sid/icd-10-cm	S06.892A	Other specified intracranial injury with loss of consciousness of 31 minutes to 59 minutes, initial encounter
http://hl7.org/fhir/sid/icd-10-cm	S06.892D	Other specified intracranial injury with loss of consciousness of 31 minutes to 59 minutes, subsequent encounter
http://hl7.org/fhir/sid/icd-10-cm	S06.892S	Other specified intracranial injury with loss of consciousness of 31 minutes to 59 minutes, sequela
http://hl7.org/fhir/sid/icd-10-cm	S06.893A	Other specified intracranial injury with loss of consciousness of 1 hour to 5 hours 59 minutes, initial encounter
http://hl7.org/fhir/sid/icd-10-cm	S06.893D	Other specified intracranial injury with loss of consciousness of 1 hour to 5 hours 59 minutes, subsequent encounter
http://hl7.org/fhir/sid/icd-10-cm	S06.893S	Other specified intracranial injury with loss of consciousness of 1 hour to 5 hours 59 minutes, sequela
http://hl7.org/fhir/sid/icd-10-cm	S06.894A	Other specified intracranial injury with loss of consciousness of 6 hours to 24 hours, initial encounter
http://hl7.org/fhir/sid/icd-10-cm	S06.894D	Other specified intracranial injury with loss of consciousness of 6 hours to 24 hours, subsequent encounter
http://hl7.org/fhir/sid/icd-10-cm	S06.894S	Other specified intracranial injury with loss of consciousness of 6 hours to 24 hours, sequela
http://hl7.org/fhir/sid/icd-10-cm	S06.895A	Other specified intracranial injury with loss of consciousness greater than 24 hours with return to pre-existing conscious level, initial encounter
http://hl7.org/fhir/sid/icd-10-cm	S06.895D	Other specified intracranial injury with loss of consciousness greater than 24 hours with return to pre-existing conscious level, subsequent encounter
http://hl7.org/fhir/sid/icd-10-cm	S06.895S	Other specified intracranial injury with loss of consciousness greater than 24 hours with return to pre-existing conscious level, sequela
http://hl7.org/fhir/sid/icd-10-cm	S06.896A	Other specified intracranial injury with loss of consciousness greater than 24 hours without return to pre-existing conscious level with patient surviving, initial encounter
http://hl7.org/fhir/sid/icd-10-cm	S06.896D	Other specified intracranial injury with loss of consciousness greater than 24 hours without return to pre-existing conscious level with patient surviving, subsequent encounter
http://hl7.org/fhir/sid/icd-10-cm	S06.896S	Other specified intracranial injury with loss of consciousness greater than 24 hours without return to pre-existing conscious level with patient surviving, sequela
http://hl7.org/fhir/sid/icd-10-cm	S06.897A	Other specified intracranial injury with loss of consciousness of any duration with death due to brain injury prior to regaining consciousness, initial encounter
http://hl7.org/fhir/sid/icd-10-cm	S06.898A	Other specified intracranial injury with loss of consciousness of any duration with death due to other cause prior to regaining consciousness, initial encounter
http://hl7.org/fhir/sid/icd-10-cm	S06.899A	Other specified intracranial injury with loss of consciousness of unspecified duration, initial encounter
http://hl7.org/fhir/sid/icd-10-cm	S06.899D	Other specified intracranial injury with loss of consciousness of unspecified duration, subsequent encounter
http://hl7.org/fhir/sid/icd-10-cm	S06.899S	Other specified intracranial injury with loss of consciousness of unspecified duration, sequela
http://hl7.org/fhir/sid/icd-10-cm	S06.9X0A	Unspecified intracranial injury without loss of consciousness, initial encounter
http://hl7.org/fhir/sid/icd-10-cm	S06.9X0D	Unspecified intracranial injury without loss of consciousness, subsequent encounter
http://hl7.org/fhir/sid/icd-10-cm	S06.9X0S	Unspecified intracranial injury without loss of consciousness, sequela
http://hl7.org/fhir/sid/icd-10-cm	S06.9X1A	Unspecified intracranial injury with loss of consciousness of 30 minutes or less, initial encounter
http://hl7.org/fhir/sid/icd-10-cm	S06.9X1D	Unspecified intracranial injury with loss of consciousness of 30 minutes or less, subsequent encounter
http://hl7.org/fhir/sid/icd-10-cm	S06.9X1S	Unspecified intracranial injury with loss of consciousness of 30 minutes or less, sequela
http://hl7.org/fhir/sid/icd-10-cm	S06.9X2A	Unspecified intracranial injury with loss of consciousness of 31 minutes to 59 minutes, initial encounter
http://hl7.org/fhir/sid/icd-10-cm	S06.9X2D	Unspecified intracranial injury with loss of consciousness of 31 minutes to 59 minutes, subsequent encounter
http://hl7.org/fhir/sid/icd-10-cm	S06.9X2S	Unspecified intracranial injury with loss of consciousness of 31 minutes to 59 minutes, sequela
http://hl7.org/fhir/sid/icd-10-cm	S06.9X3A	Unspecified intracranial injury with loss of consciousness of 1 hour to 5 hours 59 minutes, initial encounter
http://hl7.org/fhir/sid/icd-10-cm	S06.9X3D	Unspecified intracranial injury with loss of consciousness of 1 hour to 5 hours 59 minutes, subsequent encounter
http://hl7.org/fhir/sid/icd-10-cm	S06.9X3S	Unspecified intracranial injury with loss of consciousness of 1 hour to 5 hours 59 minutes, sequela
http://hl7.org/fhir/sid/icd-10-cm	S06.9X4A	Unspecified intracranial injury with loss of consciousness of 6 hours to 24 hours, initial encounter
http://hl7.org/fhir/sid/icd-10-cm	S06.9X4D	Unspecified intracranial injury with loss of consciousness of 6 hours to 24 hours, subsequent encounter
http://hl7.org/fhir/sid/icd-10-cm	S06.9X4S	Unspecified intracranial injury with loss of consciousness of 6 hours to 24 hours, sequela
http://hl7.org/fhir/sid/icd-10-cm	S06.9X5A	Unspecified intracranial injury with loss of consciousness greater than 24 hours with return to pre-existing conscious level, initial encounter
http://hl7.org/fhir/sid/icd-10-cm	S06.9X5D	Unspecified intracranial injury with loss of consciousness greater than 24 hours with return to pre-existing conscious level, subsequent encounter
http://hl7.org/fhir/sid/icd-10-cm	S06.9X5S	Unspecified intracranial injury with loss of consciousness greater than 24 hours with return to pre-existing conscious level, sequela
http://hl7.org/fhir/sid/icd-10-cm	S06.9X6A	Unspecified intracranial injury with loss of consciousness greater than 24 hours without return to pre-existing conscious level with patient surviving, initial encounter
http://hl7.org/fhir/sid/icd-10-cm	S06.9X6D	Unspecified intracranial injury with loss of consciousness greater than 24 hours without return to pre-existing conscious level with patient surviving, subsequent encounter
http://hl7.org/fhir/sid/icd-10-cm	S06.9X6S	Unspecified intracranial injury with loss of consciousness greater than 24 hours without return to pre-existing conscious level with patient surviving, sequela
http://hl7.org/fhir/sid/icd-10-cm	S06.9X7A	Unspecified intracranial injury with loss of consciousness of any duration with death due to brain injury prior to regaining consciousness, initial encounter
http://hl7.org/fhir/sid/icd-10-cm	S06.9X8A	Unspecified intracranial injury with loss of consciousness of any duration with death due to other cause prior to regaining consciousness, initial encounter
http://hl7.org/fhir/sid/icd-10-cm	S06.9X9A	Unspecified intracranial injury with loss of consciousness of unspecified duration, initial encounter
http://hl7.org/fhir/sid/icd-10-cm	S06.9X9D	Unspecified intracranial injury with loss of consciousness of unspecified duration, subsequent encounter
http://hl7.org/fhir/sid/icd-10-cm	S06.9X9S	Unspecified intracranial injury with loss of consciousness of unspecified duration, sequela
http://hl7.org/fhir/sid/icd-10-cm	S14.0XXA	Concussion and edema of cervical spinal cord, initial encounter
http://hl7.org/fhir/sid/icd-10-cm	S14.0XXD	Concussion and edema of cervical spinal cord, subsequent encounter
http://hl7.org/fhir/sid/icd-10-cm	S14.0XXS	Concussion and edema of cervical spinal cord, sequela
http://hl7.org/fhir/sid/icd-10-cm	S14.101A	Unspecified injury at C1 level of cervical spinal cord, initial encounter
http://hl7.org/fhir/sid/icd-10-cm	S14.101D	Unspecified injury at C1 level of cervical spinal cord, subsequent encounter
http://hl7.org/fhir/sid/icd-10-cm	S14.101S	Unspecified injury at C1 level of cervical spinal cord, sequela
http://hl7.org/fhir/sid/icd-10-cm	S14.102A	Unspecified injury at C2 level of cervical spinal cord, initial encounter
http://hl7.org/fhir/sid/icd-10-cm	S14.102D	Unspecified injury at C2 level of cervical spinal cord, subsequent encounter
http://hl7.org/fhir/sid/icd-10-cm	S14.102S	Unspecified injury at C2 level of cervical spinal cord, sequela
http://hl7.org/fhir/sid/icd-10-cm	S14.103A	Unspecified injury at C3 level of cervical spinal cord, initial encounter
http://hl7.org/fhir/sid/icd-10-cm	S14.103D	Unspecified injury at C3 level of cervical spinal cord, subsequent encounter
http://hl7.org/fhir/sid/icd-10-cm	S14.103S	Unspecified injury at C3 level of cervical spinal cord, sequela
http://hl7.org/fhir/sid/icd-10-cm	S14.104A	Unspecified injury at C4 level of cervical spinal cord, initial encounter
http://hl7.org/fhir/sid/icd-10-cm	S14.104D	Unspecified injury at C4 level of cervical spinal cord, subsequent encounter
http://hl7.org/fhir/sid/icd-10-cm	S14.104S	Unspecified injury at C4 level of cervical spinal cord, sequela
http://hl7.org/fhir/sid/icd-10-cm	S14.105A	Unspecified injury at C5 level of cervical spinal cord, initial encounter
http://hl7.org/fhir/sid/icd-10-cm	S14.105D	Unspecified injury at C5 level of cervical spinal cord, subsequent encounter
http://hl7.org/fhir/sid/icd-10-cm	S14.105S	Unspecified injury at C5 level of cervical spinal cord, sequela
http://hl7.org/fhir/sid/icd-10-cm	S14.106A	Unspecified injury at C6 level of cervical spinal cord, initial encounter
http://hl7.org/fhir/sid/icd-10-cm	S14.106D	Unspecified injury at C6 level of cervical spinal cord, subsequent encounter
http://hl7.org/fhir/sid/icd-10-cm	S14.106S	Unspecified injury at C6 level of cervical spinal cord, sequela
http://hl7.org/fhir/sid/icd-10-cm	S14.107A	Unspecified injury at C7 level of cervical spinal cord, initial encounter
http://hl7.org/fhir/sid/icd-10-cm	S14.107D	Unspecified injury at C7 level of cervical spinal cord, subsequent encounter
http://hl7.org/fhir/sid/icd-10-cm	S14.107S	Unspecified injury at C7 level of cervical spinal cord, sequela
http://hl7.org/fhir/sid/icd-10-cm	S14.108A	Unspecified injury at C8 level of cervical spinal cord, initial encounter
http://hl7.org/fhir/sid/icd-10-cm	S14.108D	Unspecified injury at C8 level of cervical spinal cord, subsequent encounter
http://hl7.org/fhir/sid/icd-10-cm	S14.108S	Unspecified injury at C8 level of cervical spinal cord, sequela
http://hl7.org/fhir/sid/icd-10-cm	S14.109A	Unspecified injury at unspecified level of cervical spinal cord, initial encounter
http://hl7.org/fhir/sid/icd-10-cm	S14.109D	Unspecified injury at unspecified level of cervical spinal cord, subsequent encounter
http://hl7.org/fhir/sid/icd-10-cm	S14.109S	Unspecified injury at unspecified level of cervical spinal cord, sequela
http://hl7.org/fhir/sid/icd-10-cm	S14.111A	Complete lesion at C1 level of cervical spinal cord, initial encounter
http://hl7.org/fhir/sid/icd-10-cm	S14.111D	Complete lesion at C1 level of cervical spinal cord, subsequent encounter
http://hl7.org/fhir/sid/icd-10-cm	S14.111S	Complete lesion at C1 level of cervical spinal cord, sequela
http://hl7.org/fhir/sid/icd-10-cm	S14.112A	Complete lesion at C2 level of cervical spinal cord, initial encounter
http://hl7.org/fhir/sid/icd-10-cm	S14.112D	Complete lesion at C2 level of cervical spinal cord, subsequent encounter
http://hl7.org/fhir/sid/icd-10-cm	S14.112S	Complete lesion at C2 level of cervical spinal cord, sequela
http://hl7.org/fhir/sid/icd-10-cm	S14.113A	Complete lesion at C3 level of cervical spinal cord, initial encounter
http://hl7.org/fhir/sid/icd-10-cm	S14.113D	Complete lesion at C3 level of cervical spinal cord, subsequent encounter
http://hl7.org/fhir/sid/icd-10-cm	S14.113S	Complete lesion at C3 level of cervical spinal cord, sequela
http://hl7.org/fhir/sid/icd-10-cm	S14.114A	Complete lesion at C4 level of cervical spinal cord, initial encounter
http://hl7.org/fhir/sid/icd-10-cm	S14.114D	Complete lesion at C4 level of cervical spinal cord, subsequent encounter
http://hl7.org/fhir/sid/icd-10-cm	S14.114S	Complete lesion at C4 level of cervical spinal cord, sequela
http://hl7.org/fhir/sid/icd-10-cm	S14.115A	Complete lesion at C5 level of cervical spinal cord, initial encounter
http://hl7.org/fhir/sid/icd-10-cm	S14.115D	Complete lesion at C5 level of cervical spinal cord, subsequent encounter
http://hl7.org/fhir/sid/icd-10-cm	S14.115S	Complete lesion at C5 level of cervical spinal cord, sequela
http://hl7.org/fhir/sid/icd-10-cm	S14.116A	Complete lesion at C6 level of cervical spinal cord, initial encounter
http://hl7.org/fhir/sid/icd-10-cm	S14.116D	Complete lesion at C6 level of cervical spinal cord, subsequent encounter
http://hl7.org/fhir/sid/icd-10-cm	S14.116S	Complete lesion at C6 level of cervical spinal cord, sequela
http://hl7.org/fhir/sid/icd-10-cm	S14.117A	Complete lesion at C7 level of cervical spinal cord, initial encounter
http://hl7.org/fhir/sid/icd-10-cm	S14.117D	Complete lesion at C7 level of cervical spinal cord, subsequent encounter
http://hl7.org/fhir/sid/icd-10-cm	S14.117S	Complete lesion at C7 level of cervical spinal cord, sequela
http://hl7.org/fhir/sid/icd-10-cm	S14.118A	Complete lesion at C8 level of cervical spinal cord, initial encounter
http://hl7.org/fhir/sid/icd-10-cm	S14.118D	Complete lesion at C8 level of cervical spinal cord, subsequent encounter
http://hl7.org/fhir/sid/icd-10-cm	S14.118S	Complete lesion at C8 level of cervical spinal cord, sequela
http://hl7.org/fhir/sid/icd-10-cm	S14.119A	Complete lesion at unspecified level of cervical spinal cord, initial encounter
http://hl7.org/fhir/sid/icd-10-cm	S14.119D	Complete lesion at unspecified level of cervical spinal cord, subsequent encounter
http://hl7.org/fhir/sid/icd-10-cm	S14.119S	Complete lesion at unspecified level of cervical spinal cord, sequela
http://hl7.org/fhir/sid/icd-10-cm	S14.121A	Central cord syndrome at C1 level of cervical spinal cord, initial encounter
http://hl7.org/fhir/sid/icd-10-cm	S14.121D	Central cord syndrome at C1 level of cervical spinal cord, subsequent encounter
http://hl7.org/fhir/sid/icd-10-cm	S14.121S	Central cord syndrome at C1 level of cervical spinal cord, sequela
http://hl7.org/fhir/sid/icd-10-cm	S14.122A	Central cord syndrome at C2 level of cervical spinal cord, initial encounter
http://hl7.org/fhir/sid/icd-10-cm	S14.122D	Central cord syndrome at C2 level of cervical spinal cord, subsequent encounter
http://hl7.org/fhir/sid/icd-10-cm	S14.122S	Central cord syndrome at C2 level of cervical spinal cord, sequela
http://hl7.org/fhir/sid/icd-10-cm	S14.123A	Central cord syndrome at C3 level of cervical spinal cord, initial encounter
http://hl7.org/fhir/sid/icd-10-cm	S14.123D	Central cord syndrome at C3 level of cervical spinal cord, subsequent encounter
http://hl7.org/fhir/sid/icd-10-cm	S14.123S	Central cord syndrome at C3 level of cervical spinal cord, sequela
http://hl7.org/fhir/sid/icd-10-cm	S14.124A	Central cord syndrome at C4 level of cervical spinal cord, initial encounter
http://hl7.org/fhir/sid/icd-10-cm	S14.124D	Central cord syndrome at C4 level of cervical spinal cord, subsequent encounter
http://hl7.org/fhir/sid/icd-10-cm	S14.124S	Central cord syndrome at C4 level of cervical spinal cord, sequela
http://hl7.org/fhir/sid/icd-10-cm	S14.125A	Central cord syndrome at C5 level of cervical spinal cord, initial encounter
http://hl7.org/fhir/sid/icd-10-cm	S14.125D	Central cord syndrome at C5 level of cervical spinal cord, subsequent encounter
http://hl7.org/fhir/sid/icd-10-cm	S14.125S	Central cord syndrome at C5 level of cervical spinal cord, sequela
http://hl7.org/fhir/sid/icd-10-cm	S14.126A	Central cord syndrome at C6 level of cervical spinal cord, initial encounter
http://hl7.org/fhir/sid/icd-10-cm	S14.126D	Central cord syndrome at C6 level of cervical spinal cord, subsequent encounter
http://hl7.org/fhir/sid/icd-10-cm	S14.126S	Central cord syndrome at C6 level of cervical spinal cord, sequela
http://hl7.org/fhir/sid/icd-10-cm	S14.127A	Central cord syndrome at C7 level of cervical spinal cord, initial encounter
http://hl7.org/fhir/sid/icd-10-cm	S14.127D	Central cord syndrome at C7 level of cervical spinal cord, subsequent encounter
http://hl7.org/fhir/sid/icd-10-cm	S14.127S	Central cord syndrome at C7 level of cervical spinal cord, sequela
http://hl7.org/fhir/sid/icd-10-cm	S14.128A	Central cord syndrome at C8 level of cervical spinal cord, initial encounter
http://hl7.org/fhir/sid/icd-10-cm	S14.128D	Central cord syndrome at C8 level of cervical spinal cord, subsequent encounter
http://hl7.org/fhir/sid/icd-10-cm	S14.128S	Central cord syndrome at C8 level of cervical spinal cord, sequela
http://hl7.org/fhir/sid/icd-10-cm	S14.129A	Central cord syndrome at unspecified level of cervical spinal cord, initial encounter
http://hl7.org/fhir/sid/icd-10-cm	S14.129D	Central cord syndrome at unspecified level of cervical spinal cord, subsequent encounter
http://hl7.org/fhir/sid/icd-10-cm	S14.129S	Central cord syndrome at unspecified level of cervical spinal cord, sequela
http://hl7.org/fhir/sid/icd-10-cm	S14.131A	Anterior cord syndrome at C1 level of cervical spinal cord, initial encounter
http://hl7.org/fhir/sid/icd-10-cm	S14.131D	Anterior cord syndrome at C1 level of cervical spinal cord, subsequent encounter
http://hl7.org/fhir/sid/icd-10-cm	S14.131S	Anterior cord syndrome at C1 level of cervical spinal cord, sequela
http://hl7.org/fhir/sid/icd-10-cm	S14.132A	Anterior cord syndrome at C2 level of cervical spinal cord, initial encounter
http://hl7.org/fhir/sid/icd-10-cm	S14.132D	Anterior cord syndrome at C2 level of cervical spinal cord, subsequent encounter
http://hl7.org/fhir/sid/icd-10-cm	S14.132S	Anterior cord syndrome at C2 level of cervical spinal cord, sequela
http://hl7.org/fhir/sid/icd-10-cm	S14.133A	Anterior cord syndrome at C3 level of cervical spinal cord, initial encounter
http://hl7.org/fhir/sid/icd-10-cm	S14.133D	Anterior cord syndrome at C3 level of cervical spinal cord, subsequent encounter
http://hl7.org/fhir/sid/icd-10-cm	S14.133S	Anterior cord syndrome at C3 level of cervical spinal cord, sequela
http://hl7.org/fhir/sid/icd-10-cm	S14.134A	Anterior cord syndrome at C4 level of cervical spinal cord, initial encounter
http://hl7.org/fhir/sid/icd-10-cm	S14.134D	Anterior cord syndrome at C4 level of cervical spinal cord, subsequent encounter
http://hl7.org/fhir/sid/icd-10-cm	S14.134S	Anterior cord syndrome at C4 level of cervical spinal cord, sequela
http://hl7.org/fhir/sid/icd-10-cm	S14.135A	Anterior cord syndrome at C5 level of cervical spinal cord, initial encounter
http://hl7.org/fhir/sid/icd-10-cm	S14.135D	Anterior cord syndrome at C5 level of cervical spinal cord, subsequent encounter
http://hl7.org/fhir/sid/icd-10-cm	S14.135S	Anterior cord syndrome at C5 level of cervical spinal cord, sequela
http://hl7.org/fhir/sid/icd-10-cm	S14.136A	Anterior cord syndrome at C6 level of cervical spinal cord, initial encounter
http://hl7.org/fhir/sid/icd-10-cm	S14.136D	Anterior cord syndrome at C6 level of cervical spinal cord, subsequent encounter
http://hl7.org/fhir/sid/icd-10-cm	S14.136S	Anterior cord syndrome at C6 level of cervical spinal cord, sequela
http://hl7.org/fhir/sid/icd-10-cm	S14.137A	Anterior cord syndrome at C7 level of cervical spinal cord, initial encounter
http://hl7.org/fhir/sid/icd-10-cm	S14.137D	Anterior cord syndrome at C7 level of cervical spinal cord, subsequent encounter
http://hl7.org/fhir/sid/icd-10-cm	S14.137S	Anterior cord syndrome at C7 level of cervical spinal cord, sequela
http://hl7.org/fhir/sid/icd-10-cm	S14.138A	Anterior cord syndrome at C8 level of cervical spinal cord, initial encounter
http://hl7.org/fhir/sid/icd-10-cm	S14.138D	Anterior cord syndrome at C8 level of cervical spinal cord, subsequent encounter
http://hl7.org/fhir/sid/icd-10-cm	S14.138S	Anterior cord syndrome at C8 level of cervical spinal cord, sequela
http://hl7.org/fhir/sid/icd-10-cm	S14.139A	Anterior cord syndrome at unspecified level of cervical spinal cord, initial encounter
http://hl7.org/fhir/sid/icd-10-cm	S14.139D	Anterior cord syndrome at unspecified level of cervical spinal cord, subsequent encounter
http://hl7.org/fhir/sid/icd-10-cm	S14.139S	Anterior cord syndrome at unspecified level of cervical spinal cord, sequela
http://hl7.org/fhir/sid/icd-10-cm	S14.141A	Brown-Séquard syndrome at C1 level of cervical spinal cord, initial encounter
http://hl7.org/fhir/sid/icd-10-cm	S14.141D	Brown-Séquard syndrome at C1 level of cervical spinal cord, subsequent encounter
http://hl7.org/fhir/sid/icd-10-cm	S14.141S	Brown-Séquard syndrome at C1 level of cervical spinal cord, sequela
http://hl7.org/fhir/sid/icd-10-cm	S14.142A	Brown-Séquard syndrome at C2 level of cervical spinal cord, initial encounter
http://hl7.org/fhir/sid/icd-10-cm	S14.142D	Brown-Séquard syndrome at C2 level of cervical spinal cord, subsequent encounter
http://hl7.org/fhir/sid/icd-10-cm	S14.142S	Brown-Séquard syndrome at C2 level of cervical spinal cord, sequela
http://hl7.org/fhir/sid/icd-10-cm	S14.143A	Brown-Séquard syndrome at C3 level of cervical spinal cord, initial encounter
http://hl7.org/fhir/sid/icd-10-cm	S14.143D	Brown-Séquard syndrome at C3 level of cervical spinal cord, subsequent encounter
http://hl7.org/fhir/sid/icd-10-cm	S14.143S	Brown-Séquard syndrome at C3 level of cervical spinal cord, sequela
http://hl7.org/fhir/sid/icd-10-cm	S14.144A	Brown-Séquard syndrome at C4 level of cervical spinal cord, initial encounter
http://hl7.org/fhir/sid/icd-10-cm	S14.144D	Brown-Séquard syndrome at C4 level of cervical spinal cord, subsequent encounter
http://hl7.org/fhir/sid/icd-10-cm	S14.144S	Brown-Séquard syndrome at C4 level of cervical spinal cord, sequela
http://hl7.org/fhir/sid/icd-10-cm	S14.145A	Brown-Séquard syndrome at C5 level of cervical spinal cord, initial encounter
http://hl7.org/fhir/sid/icd-10-cm	S14.145D	Brown-Séquard syndrome at C5 level of cervical spinal cord, subsequent encounter
http://hl7.org/fhir/sid/icd-10-cm	S14.145S	Brown-Séquard syndrome at C5 level of cervical spinal cord, sequela
http://hl7.org/fhir/sid/icd-10-cm	S14.146A	Brown-Séquard syndrome at C6 level of cervical spinal cord, initial encounter
http://hl7.org/fhir/sid/icd-10-cm	S14.146D	Brown-Séquard syndrome at C6 level of cervical spinal cord, subsequent encounter
http://hl7.org/fhir/sid/icd-10-cm	S14.146S	Brown-Séquard syndrome at C6 level of cervical spinal cord, sequela
http://hl7.org/fhir/sid/icd-10-cm	S14.147A	Brown-Séquard syndrome at C7 level of cervical spinal cord, initial encounter
http://hl7.org/fhir/sid/icd-10-cm	S14.147D	Brown-Séquard syndrome at C7 level of cervical spinal cord, subsequent encounter
http://hl7.org/fhir/sid/icd-10-cm	S14.147S	Brown-Séquard syndrome at C7 level of cervical spinal cord, sequela
http://hl7.org/fhir/sid/icd-10-cm	S14.148A	Brown-Séquard syndrome at C8 level of cervical spinal cord, initial encounter
http://hl7.org/fhir/sid/icd-10-cm	S14.148D	Brown-Séquard syndrome at C8 level of cervical spinal cord, subsequent encounter
http://hl7.org/fhir/sid/icd-10-cm	S14.148S	Brown-Séquard syndrome at C8 level of cervical spinal cord, sequela
http://hl7.org/fhir/sid/icd-10-cm	S14.149A	Brown-Séquard syndrome at unspecified level of cervical spinal cord, initial encounter
http://hl7.org/fhir/sid/icd-10-cm	S14.149D	Brown-Séquard syndrome at unspecified level of cervical spinal cord, subsequent encounter
http://hl7.org/fhir/sid/icd-10-cm	S14.149S	Brown-Séquard syndrome at unspecified level of cervical spinal cord, sequela
http://hl7.org/fhir/sid/icd-10-cm	S14.151A	Other incomplete lesion at C1 level of cervical spinal cord, initial encounter
http://hl7.org/fhir/sid/icd-10-cm	S14.151D	Other incomplete lesion at C1 level of cervical spinal cord, subsequent encounter
http://hl7.org/fhir/sid/icd-10-cm	S14.151S	Other incomplete lesion at C1 level of cervical spinal cord, sequela
http://hl7.org/fhir/sid/icd-10-cm	S14.152A	Other incomplete lesion at C2 level of cervical spinal cord, initial encounter
http://hl7.org/fhir/sid/icd-10-cm	S14.152D	Other incomplete lesion at C2 level of cervical spinal cord, subsequent encounter
http://hl7.org/fhir/sid/icd-10-cm	S14.152S	Other incomplete lesion at C2 level of cervical spinal cord, sequela
http://hl7.org/fhir/sid/icd-10-cm	S14.153A	Other incomplete lesion at C3 level of cervical spinal cord, initial encounter
http://hl7.org/fhir/sid/icd-10-cm	S14.153D	Other incomplete lesion at C3 level of cervical spinal cord, subsequent encounter
http://hl7.org/fhir/sid/icd-10-cm	S14.153S	Other incomplete lesion at C3 level of cervical spinal cord, sequela
http://hl7.org/fhir/sid/icd-10-cm	S14.154A	Other incomplete lesion at C4 level of cervical spinal cord, initial encounter
http://hl7.org/fhir/sid/icd-10-cm	S14.154D	Other incomplete lesion at C4 level of cervical spinal cord, subsequent encounter
http://hl7.org/fhir/sid/icd-10-cm	S14.154S	Other incomplete lesion at C4 level of cervical spinal cord, sequela
http://hl7.org/fhir/sid/icd-10-cm	S14.155A	Other incomplete lesion at C5 level of cervical spinal cord, initial encounter
http://hl7.org/fhir/sid/icd-10-cm	S14.155D	Other incomplete lesion at C5 level of cervical spinal cord, subsequent encounter
http://hl7.org/fhir/sid/icd-10-cm	S14.155S	Other incomplete lesion at C5 level of cervical spinal cord, sequela
http://hl7.org/fhir/sid/icd-10-cm	S14.156A	Other incomplete lesion at C6 level of cervical spinal cord, initial encounter
http://hl7.org/fhir/sid/icd-10-cm	S14.156D	Other incomplete lesion at C6 level of cervical spinal cord, subsequent encounter
http://hl7.org/fhir/sid/icd-10-cm	S14.156S	Other incomplete lesion at C6 level of cervical spinal cord, sequela
http://hl7.org/fhir/sid/icd-10-cm	S14.157A	Other incomplete lesion at C7 level of cervical spinal cord, initial encounter
http://hl7.org/fhir/sid/icd-10-cm	S14.157D	Other incomplete lesion at C7 level of cervical spinal cord, subsequent encounter
http://hl7.org/fhir/sid/icd-10-cm	S14.157S	Other incomplete lesion at C7 level of cervical spinal cord, sequela
http://hl7.org/fhir/sid/icd-10-cm	S14.158A	Other incomplete lesion at C8 level of cervical spinal cord, initial encounter
http://hl7.org/fhir/sid/icd-10-cm	S14.158D	Other incomplete lesion at C8 level of cervical spinal cord, subsequent encounter
http://hl7.org/fhir/sid/icd-10-cm	S14.158S	Other incomplete lesion at C8 level of cervical spinal cord, sequela
http://hl7.org/fhir/sid/icd-10-cm	S14.159A	Other incomplete lesion at unspecified level of cervical spinal cord, initial encounter
http://hl7.org/fhir/sid/icd-10-cm	S14.159D	Other incomplete lesion at unspecified level of cervical spinal cord, subsequent encounter
http://hl7.org/fhir/sid/icd-10-cm	S14.159S	Other incomplete lesion at unspecified level of cervical spinal cord, sequela
http://hl7.org/fhir/sid/icd-10-cm	S24.0XXA	Concussion and edema of thoracic spinal cord, initial encounter
http://hl7.org/fhir/sid/icd-10-cm	S24.0XXD	Concussion and edema of thoracic spinal cord, subsequent encounter
http://hl7.org/fhir/sid/icd-10-cm	S24.0XXS	Concussion and edema of thoracic spinal cord, sequela
http://hl7.org/fhir/sid/icd-10-cm	S24.101A	Unspecified injury at T1 level of thoracic spinal cord, initial encounter
http://hl7.org/fhir/sid/icd-10-cm	S24.101D	Unspecified injury at T1 level of thoracic spinal cord, subsequent encounter
http://hl7.org/fhir/sid/icd-10-cm	S24.101S	Unspecified injury at T1 level of thoracic spinal cord, sequela
http://hl7.org/fhir/sid/icd-10-cm	S24.102A	Unspecified injury at T2-T6 level of thoracic spinal cord, initial encounter
http://hl7.org/fhir/sid/icd-10-cm	S24.102D	Unspecified injury at T2-T6 level of thoracic spinal cord, subsequent encounter
http://hl7.org/fhir/sid/icd-10-cm	S24.102S	Unspecified injury at T2-T6 level of thoracic spinal cord, sequela
http://hl7.org/fhir/sid/icd-10-cm	S24.103A	Unspecified injury at T7-T10 level of thoracic spinal cord, initial encounter
http://hl7.org/fhir/sid/icd-10-cm	S24.103D	Unspecified injury at T7-T10 level of thoracic spinal cord, subsequent encounter
http://hl7.org/fhir/sid/icd-10-cm	S24.103S	Unspecified injury at T7-T10 level of thoracic spinal cord, sequela
http://hl7.org/fhir/sid/icd-10-cm	S24.104A	Unspecified injury at T11-T12 level of thoracic spinal cord, initial encounter
http://hl7.org/fhir/sid/icd-10-cm	S24.104D	Unspecified injury at T11-T12 level of thoracic spinal cord, subsequent encounter
http://hl7.org/fhir/sid/icd-10-cm	S24.104S	Unspecified injury at T11-T12 level of thoracic spinal cord, sequela
http://hl7.org/fhir/sid/icd-10-cm	S24.109A	Unspecified injury at unspecified level of thoracic spinal cord, initial encounter
http://hl7.org/fhir/sid/icd-10-cm	S24.109D	Unspecified injury at unspecified level of thoracic spinal cord, subsequent encounter
http://hl7.org/fhir/sid/icd-10-cm	S24.109S	Unspecified injury at unspecified level of thoracic spinal cord, sequela
http://hl7.org/fhir/sid/icd-10-cm	S24.111A	Complete lesion at T1 level of thoracic spinal cord, initial encounter
http://hl7.org/fhir/sid/icd-10-cm	S24.111D	Complete lesion at T1 level of thoracic spinal cord, subsequent encounter
http://hl7.org/fhir/sid/icd-10-cm	S24.111S	Complete lesion at T1 level of thoracic spinal cord, sequela
http://hl7.org/fhir/sid/icd-10-cm	S24.112A	Complete lesion at T2-T6 level of thoracic spinal cord, initial encounter
http://hl7.org/fhir/sid/icd-10-cm	S24.112D	Complete lesion at T2-T6 level of thoracic spinal cord, subsequent encounter
http://hl7.org/fhir/sid/icd-10-cm	S24.112S	Complete lesion at T2-T6 level of thoracic spinal cord, sequela
http://hl7.org/fhir/sid/icd-10-cm	S24.113A	Complete lesion at T7-T10 level of thoracic spinal cord, initial encounter
http://hl7.org/fhir/sid/icd-10-cm	S24.113D	Complete lesion at T7-T10 level of thoracic spinal cord, subsequent encounter
http://hl7.org/fhir/sid/icd-10-cm	S24.113S	Complete lesion at T7-T10 level of thoracic spinal cord, sequela
http://hl7.org/fhir/sid/icd-10-cm	S24.114A	Complete lesion at T11-T12 level of thoracic spinal cord, initial encounter
http://hl7.org/fhir/sid/icd-10-cm	S24.114D	Complete lesion at T11-T12 level of thoracic spinal cord, subsequent encounter
http://hl7.org/fhir/sid/icd-10-cm	S24.114S	Complete lesion at T11-T12 level of thoracic spinal cord, sequela
http://hl7.org/fhir/sid/icd-10-cm	S24.119A	Complete lesion at unspecified level of thoracic spinal cord, initial encounter
http://hl7.org/fhir/sid/icd-10-cm	S24.119D	Complete lesion at unspecified level of thoracic spinal cord, subsequent encounter
http://hl7.org/fhir/sid/icd-10-cm	S24.119S	Complete lesion at unspecified level of thoracic spinal cord, sequela
http://hl7.org/fhir/sid/icd-10-cm	S24.131A	Anterior cord syndrome at T1 level of thoracic spinal cord, initial encounter
http://hl7.org/fhir/sid/icd-10-cm	S24.131D	Anterior cord syndrome at T1 level of thoracic spinal cord, subsequent encounter
http://hl7.org/fhir/sid/icd-10-cm	S24.131S	Anterior cord syndrome at T1 level of thoracic spinal cord, sequela
http://hl7.org/fhir/sid/icd-10-cm	S24.132A	Anterior cord syndrome at T2-T6 level of thoracic spinal cord, initial encounter
http://hl7.org/fhir/sid/icd-10-cm	S24.132D	Anterior cord syndrome at T2-T6 level of thoracic spinal cord, subsequent encounter
http://hl7.org/fhir/sid/icd-10-cm	S24.132S	Anterior cord syndrome at T2-T6 level of thoracic spinal cord, sequela
http://hl7.org/fhir/sid/icd-10-cm	S24.133A	Anterior cord syndrome at T7-T10 level of thoracic spinal cord, initial encounter
http://hl7.org/fhir/sid/icd-10-cm	S24.133D	Anterior cord syndrome at T7-T10 level of thoracic spinal cord, subsequent encounter
http://hl7.org/fhir/sid/icd-10-cm	S24.133S	Anterior cord syndrome at T7-T10 level of thoracic spinal cord, sequela
http://hl7.org/fhir/sid/icd-10-cm	S24.134A	Anterior cord syndrome at T11-T12 level of thoracic spinal cord, initial encounter
http://hl7.org/fhir/sid/icd-10-cm	S24.134D	Anterior cord syndrome at T11-T12 level of thoracic spinal cord, subsequent encounter
http://hl7.org/fhir/sid/icd-10-cm	S24.134S	Anterior cord syndrome at T11-T12 level of thoracic spinal cord, sequela
http://hl7.org/fhir/sid/icd-10-cm	S24.139A	Anterior cord syndrome at unspecified level of thoracic spinal cord, initial encounter
http://hl7.org/fhir/sid/icd-10-cm	S24.139D	Anterior cord syndrome at unspecified level of thoracic spinal cord, subsequent encounter
http://hl7.org/fhir/sid/icd-10-cm	S24.139S	Anterior cord syndrome at unspecified level of thoracic spinal cord, sequela
http://hl7.org/fhir/sid/icd-10-cm	S24.141A	Brown-Séquard syndrome at T1 level of thoracic spinal cord, initial encounter
http://hl7.org/fhir/sid/icd-10-cm	S24.141D	Brown-Séquard syndrome at T1 level of thoracic spinal cord, subsequent encounter
http://hl7.org/fhir/sid/icd-10-cm	S24.141S	Brown-Séquard syndrome at T1 level of thoracic spinal cord, sequela
http://hl7.org/fhir/sid/icd-10-cm	S24.142A	Brown-Séquard syndrome at T2-T6 level of thoracic spinal cord, initial encounter
http://hl7.org/fhir/sid/icd-10-cm	S24.142D	Brown-Séquard syndrome at T2-T6 level of thoracic spinal cord, subsequent encounter
http://hl7.org/fhir/sid/icd-10-cm	S24.142S	Brown-Séquard syndrome at T2-T6 level of thoracic spinal cord, sequela
http://hl7.org/fhir/sid/icd-10-cm	S24.143A	Brown-Séquard syndrome at T7-T10 level of thoracic spinal cord, initial encounter
http://hl7.org/fhir/sid/icd-10-cm	S24.143D	Brown-Séquard syndrome at T7-T10 level of thoracic spinal cord, subsequent encounter
http://hl7.org/fhir/sid/icd-10-cm	S24.143S	Brown-Séquard syndrome at T7-T10 level of thoracic spinal cord, sequela
http://hl7.org/fhir/sid/icd-10-cm	S24.144A	Brown-Séquard syndrome at T11-T12 level of thoracic spinal cord, initial encounter
http://hl7.org/fhir/sid/icd-10-cm	S24.144D	Brown-Séquard syndrome at T11-T12 level of thoracic spinal cord, subsequent encounter
http://hl7.org/fhir/sid/icd-10-cm	S24.144S	Brown-Séquard syndrome at T11-T12 level of thoracic spinal cord, sequela
http://hl7.org/fhir/sid/icd-10-cm	S24.149A	Brown-Séquard syndrome at unspecified level of thoracic spinal cord, initial encounter
http://hl7.org/fhir/sid/icd-10-cm	S24.149D	Brown-Séquard syndrome at unspecified level of thoracic spinal cord, subsequent encounter
http://hl7.org/fhir/sid/icd-10-cm	S24.149S	Brown-Séquard syndrome at unspecified level of thoracic spinal cord, sequela
http://hl7.org/fhir/sid/icd-10-cm	S24.151A	Other incomplete lesion at T1 level of thoracic spinal cord, initial encounter
http://hl7.org/fhir/sid/icd-10-cm	S24.151D	Other incomplete lesion at T1 level of thoracic spinal cord, subsequent encounter
http://hl7.org/fhir/sid/icd-10-cm	S24.151S	Other incomplete lesion at T1 level of thoracic spinal cord, sequela
http://hl7.org/fhir/sid/icd-10-cm	S24.152A	Other incomplete lesion at T2-T6 level of thoracic spinal cord, initial encounter
http://hl7.org/fhir/sid/icd-10-cm	S24.152D	Other incomplete lesion at T2-T6 level of thoracic spinal cord, subsequent encounter
http://hl7.org/fhir/sid/icd-10-cm	S24.152S	Other incomplete lesion at T2-T6 level of thoracic spinal cord, sequela
http://hl7.org/fhir/sid/icd-10-cm	S24.153A	Other incomplete lesion at T7-T10 level of thoracic spinal cord, initial encounter
http://hl7.org/fhir/sid/icd-10-cm	S24.153D	Other incomplete lesion at T7-T10 level of thoracic spinal cord, subsequent encounter
http://hl7.org/fhir/sid/icd-10-cm	S24.153S	Other incomplete lesion at T7-T10 level of thoracic spinal cord, sequela
http://hl7.org/fhir/sid/icd-10-cm	S24.154A	Other incomplete lesion at T11-T12 level of thoracic spinal cord, initial encounter
http://hl7.org/fhir/sid/icd-10-cm	S24.154D	Other incomplete lesion at T11-T12 level of thoracic spinal cord, subsequent encounter
http://hl7.org/fhir/sid/icd-10-cm	S24.154S	Other incomplete lesion at T11-T12 level of thoracic spinal cord, sequela
http://hl7.org/fhir/sid/icd-10-cm	S24.159A	Other incomplete lesion at unspecified level of thoracic spinal cord, initial encounter
http://hl7.org/fhir/sid/icd-10-cm	S24.159D	Other incomplete lesion at unspecified level of thoracic spinal cord, subsequent encounter
http://hl7.org/fhir/sid/icd-10-cm	S24.159S	Other incomplete lesion at unspecified level of thoracic spinal cord, sequela
http://hl7.org/fhir/sid/icd-10-cm	S34.01XA	Concussion and edema of lumbar spinal cord, initial encounter
http://hl7.org/fhir/sid/icd-10-cm	S34.01XD	Concussion and edema of lumbar spinal cord, subsequent encounter
http://hl7.org/fhir/sid/icd-10-cm	S34.01XS	Concussion and edema of lumbar spinal cord, sequela
http://hl7.org/fhir/sid/icd-10-cm	S34.02XA	Concussion and edema of sacral spinal cord, initial encounter
http://hl7.org/fhir/sid/icd-10-cm	S34.02XD	Concussion and edema of sacral spinal cord, subsequent encounter
http://hl7.org/fhir/sid/icd-10-cm	S34.02XS	Concussion and edema of sacral spinal cord, sequela
http://hl7.org/fhir/sid/icd-10-cm	S34.101A	Unspecified injury to L1 level of lumbar spinal cord, initial encounter
http://hl7.org/fhir/sid/icd-10-cm	S34.101D	Unspecified injury to L1 level of lumbar spinal cord, subsequent encounter
http://hl7.org/fhir/sid/icd-10-cm	S34.101S	Unspecified injury to L1 level of lumbar spinal cord, sequela
http://hl7.org/fhir/sid/icd-10-cm	S34.102A	Unspecified injury to L2 level of lumbar spinal cord, initial encounter
http://hl7.org/fhir/sid/icd-10-cm	S34.102D	Unspecified injury to L2 level of lumbar spinal cord, subsequent encounter
http://hl7.org/fhir/sid/icd-10-cm	S34.102S	Unspecified injury to L2 level of lumbar spinal cord, sequela
http://hl7.org/fhir/sid/icd-10-cm	S34.103A	Unspecified injury to L3 level of lumbar spinal cord, initial encounter
http://hl7.org/fhir/sid/icd-10-cm	S34.103D	Unspecified injury to L3 level of lumbar spinal cord, subsequent encounter
http://hl7.org/fhir/sid/icd-10-cm	S34.103S	Unspecified injury to L3 level of lumbar spinal cord, sequela
http://hl7.org/fhir/sid/icd-10-cm	S34.104A	Unspecified injury to L4 level of lumbar spinal cord, initial encounter
http://hl7.org/fhir/sid/icd-10-cm	S34.104D	Unspecified injury to L4 level of lumbar spinal cord, subsequent encounter
http://hl7.org/fhir/sid/icd-10-cm	S34.104S	Unspecified injury to L4 level of lumbar spinal cord, sequela
http://hl7.org/fhir/sid/icd-10-cm	S34.105A	Unspecified injury to L5 level of lumbar spinal cord, initial encounter
http://hl7.org/fhir/sid/icd-10-cm	S34.105D	Unspecified injury to L5 level of lumbar spinal cord, subsequent encounter
http://hl7.org/fhir/sid/icd-10-cm	S34.105S	Unspecified injury to L5 level of lumbar spinal cord, sequela
http://hl7.org/fhir/sid/icd-10-cm	S34.109A	Unspecified injury to unspecified level of lumbar spinal cord, initial encounter
http://hl7.org/fhir/sid/icd-10-cm	S34.109D	Unspecified injury to unspecified level of lumbar spinal cord, subsequent encounter
http://hl7.org/fhir/sid/icd-10-cm	S34.109S	Unspecified injury to unspecified level of lumbar spinal cord, sequela
http://hl7.org/fhir/sid/icd-10-cm	S34.111A	Complete lesion of L1 level of lumbar spinal cord, initial encounter
http://hl7.org/fhir/sid/icd-10-cm	S34.111D	Complete lesion of L1 level of lumbar spinal cord, subsequent encounter
http://hl7.org/fhir/sid/icd-10-cm	S34.111S	Complete lesion of L1 level of lumbar spinal cord, sequela
http://hl7.org/fhir/sid/icd-10-cm	S34.112A	Complete lesion of L2 level of lumbar spinal cord, initial encounter
http://hl7.org/fhir/sid/icd-10-cm	S34.112D	Complete lesion of L2 level of lumbar spinal cord, subsequent encounter
http://hl7.org/fhir/sid/icd-10-cm	S34.112S	Complete lesion of L2 level of lumbar spinal cord, sequela
http://hl7.org/fhir/sid/icd-10-cm	S34.113A	Complete lesion of L3 level of lumbar spinal cord, initial encounter
http://hl7.org/fhir/sid/icd-10-cm	S34.113D	Complete lesion of L3 level of lumbar spinal cord, subsequent encounter
http://hl7.org/fhir/sid/icd-10-cm	S34.113S	Complete lesion of L3 level of lumbar spinal cord, sequela
http://hl7.org/fhir/sid/icd-10-cm	S34.114A	Complete lesion of L4 level of lumbar spinal cord, initial encounter
http://hl7.org/fhir/sid/icd-10-cm	S34.114D	Complete lesion of L4 level of lumbar spinal cord, subsequent encounter
http://hl7.org/fhir/sid/icd-10-cm	S34.114S	Complete lesion of L4 level of lumbar spinal cord, sequela
http://hl7.org/fhir/sid/icd-10-cm	S34.115A	Complete lesion of L5 level of lumbar spinal cord, initial encounter
http://hl7.org/fhir/sid/icd-10-cm	S34.115D	Complete lesion of L5 level of lumbar spinal cord, subsequent encounter
http://hl7.org/fhir/sid/icd-10-cm	S34.115S	Complete lesion of L5 level of lumbar spinal cord, sequela
http://hl7.org/fhir/sid/icd-10-cm	S34.119A	Complete lesion of unspecified level of lumbar spinal cord, initial encounter
http://hl7.org/fhir/sid/icd-10-cm	S34.119D	Complete lesion of unspecified level of lumbar spinal cord, subsequent encounter
http://hl7.org/fhir/sid/icd-10-cm	S34.119S	Complete lesion of unspecified level of lumbar spinal cord, sequela
http://hl7.org/fhir/sid/icd-10-cm	S34.121A	Incomplete lesion of L1 level of lumbar spinal cord, initial encounter
http://hl7.org/fhir/sid/icd-10-cm	S34.121D	Incomplete lesion of L1 level of lumbar spinal cord, subsequent encounter
http://hl7.org/fhir/sid/icd-10-cm	S34.121S	Incomplete lesion of L1 level of lumbar spinal cord, sequela
http://hl7.org/fhir/sid/icd-10-cm	S34.122A	Incomplete lesion of L2 level of lumbar spinal cord, initial encounter
http://hl7.org/fhir/sid/icd-10-cm	S34.122D	Incomplete lesion of L2 level of lumbar spinal cord, subsequent encounter
http://hl7.org/fhir/sid/icd-10-cm	S34.122S	Incomplete lesion of L2 level of lumbar spinal cord, sequela
http://hl7.org/fhir/sid/icd-10-cm	S34.123A	Incomplete lesion of L3 level of lumbar spinal cord, initial encounter
http://hl7.org/fhir/sid/icd-10-cm	S34.123D	Incomplete lesion of L3 level of lumbar spinal cord, subsequent encounter
http://hl7.org/fhir/sid/icd-10-cm	S34.123S	Incomplete lesion of L3 level of lumbar spinal cord, sequela
http://hl7.org/fhir/sid/icd-10-cm	S34.124A	Incomplete lesion of L4 level of lumbar spinal cord, initial encounter
http://hl7.org/fhir/sid/icd-10-cm	S34.124D	Incomplete lesion of L4 level of lumbar spinal cord, subsequent encounter
http://hl7.org/fhir/sid/icd-10-cm	S34.124S	Incomplete lesion of L4 level of lumbar spinal cord, sequela
http://hl7.org/fhir/sid/icd-10-cm	S34.125A	Incomplete lesion of L5 level of lumbar spinal cord, initial encounter
http://hl7.org/fhir/sid/icd-10-cm	S34.125D	Incomplete lesion of L5 level of lumbar spinal cord, subsequent encounter
http://hl7.org/fhir/sid/icd-10-cm	S34.125S	Incomplete lesion of L5 level of lumbar spinal cord, sequela
http://hl7.org/fhir/sid/icd-10-cm	S34.129A	Incomplete lesion of unspecified level of lumbar spinal cord, initial encounter
http://hl7.org/fhir/sid/icd-10-cm	S34.129D	Incomplete lesion of unspecified level of lumbar spinal cord, subsequent encounter
http://hl7.org/fhir/sid/icd-10-cm	S34.129S	Incomplete lesion of unspecified level of lumbar spinal cord, sequela
http://hl7.org/fhir/sid/icd-10-cm	S34.131A	Complete lesion of sacral spinal cord, initial encounter
http://hl7.org/fhir/sid/icd-10-cm	S34.131D	Complete lesion of sacral spinal cord, subsequent encounter
http://hl7.org/fhir/sid/icd-10-cm	S34.131S	Complete lesion of sacral spinal cord, sequela
http://hl7.org/fhir/sid/icd-10-cm	S34.132A	Incomplete lesion of sacral spinal cord, initial encounter
http://hl7.org/fhir/sid/icd-10-cm	S34.132D	Incomplete lesion of sacral spinal cord, subsequent encounter
http://hl7.org/fhir/sid/icd-10-cm	S34.132S	Incomplete lesion of sacral spinal cord, sequela
http://hl7.org/fhir/sid/icd-10-cm	S34.139A	Unspecified injury to sacral spinal cord, initial encounter
http://hl7.org/fhir/sid/icd-10-cm	S34.139D	Unspecified injury to sacral spinal cord, subsequent encounter
http://hl7.org/fhir/sid/icd-10-cm	S34.139S	Unspecified injury to sacral spinal cord, sequela
http://hl7.org/fhir/sid/icd-10-cm	Z46.2	Encounter for fitting and adjustment of other devices related to nervous system and special senses
http://hl7.org/fhir/sid/icd-10-cm	Z86.011	Personal history of benign neoplasm of the brain
http://hl7.org/fhir/sid/icd-10-cm	Z86.12	Personal history of poliomyelitis
http://hl7.org/fhir/sid/icd-10-cm	Z86.61	Personal history of infections of the central nervous system
http://hl7.org/fhir/sid/icd-10-cm	Z86.69	Personal history of other diseases of the nervous system and sense organs
http://hl7.org/fhir/sid/icd-10-cm	Z87.728	Personal history of other specified (corrected) congenital malformations of nervous system and sense organs
http://hl7.org/fhir/sid/icd-10-cm	Z87.820	Personal history of traumatic brain injury
http://hl7.org/fhir/sid/icd-10-cm	Z98.2	Presence of cerebrospinal fluid drainage device
