system	code	display
http://snomed.info/sct	code	display
http://snomed.info/sct	1003375005	Metachromatic leukodystrophy due to sphingolipid activator protein I deficiency (disorder)
http://snomed.info/sct	1003378007	Optic nerve hypoplasia due to endocrine deficiency (disorder)
http://snomed.info/sct	1003422005	Hypoplasia of optic nerve due to central nervous system malformation (disorder)
http://snomed.info/sct	1003447007	Pelizaeus-Merzbacher disease null syndrome (disorder)
http://snomed.info/sct	1003881009	Pelizaeus-Merzbacher disease in female carrier (disorder)
http://snomed.info/sct	1004090008	Entrapment of left ulnar nerve at elbow (disorder)
http://snomed.info/sct	1004092000	Entrapment of right ulnar nerve at elbow (disorder)
http://snomed.info/sct	1010229008	Neural hearing loss of left ear (disorder)
http://snomed.info/sct	1010230003	Neural hearing loss of right ear (disorder)
http://snomed.info/sct	101461000119102	Musculocutaneous nerve palsy (disorder)
http://snomed.info/sct	101611000119103	Traumatic neuroma of lower limb (disorder)
http://snomed.info/sct	101631000119108	Traumatic neuroma of upper limb (disorder)
http://snomed.info/sct	10277002	Cerebellopontine angle syndrome (disorder)
http://snomed.info/sct	102781000119107	Sensory neuropathy due to type 1 diabetes mellitus (disorder)
http://snomed.info/sct	10521000119108	Common peroneal neuropathy at the fibular head (disorder)
http://snomed.info/sct	10698009	Herpes zoster iridocyclitis (disorder)
http://snomed.info/sct	1081251000119109	Glioma of left optic nerve (disorder)
http://snomed.info/sct	1081261000119106	Glioma of right optic nerve (disorder)
http://snomed.info/sct	1082781000119102	Disorder of bilateral acoustic nerves (disorder)
http://snomed.info/sct	1082791000119104	Acoustic neuritis of bilateral ears due to infectious disease (disorder)
http://snomed.info/sct	10846221000119106	Injury of right lateral plantar nerve (disorder)
http://snomed.info/sct	10846261000119101	Injury of left lateral plantar nerve (disorder)
http://snomed.info/sct	10846301000119109	Injury of cutaneous sensory nerve of toe of left foot (disorder)
http://snomed.info/sct	10846541000119103	Injury of cutaneous sensory nerve of toe of right foot (disorder)
http://snomed.info/sct	1084691000119100	Vestibular neuronitis of bilateral inner ears (disorder)
http://snomed.info/sct	1084701000119100	Disorder of bilateral vestibular nerves (disorder)
http://snomed.info/sct	10852821000119109	Traumatic injury of digital nerve of right ring finger (disorder)
http://snomed.info/sct	10852861000119104	Traumatic injury of digital nerve of left ring finger (disorder)
http://snomed.info/sct	10852901000119105	Traumatic injury of digital nerve of right little finger (disorder)
http://snomed.info/sct	10852941000119107	Traumatic injury of digital nerve of left little finger (disorder)
http://snomed.info/sct	1085371000119105	Polyneuropathy due to cytomegaloviral mononucleosis (disorder)
http://snomed.info/sct	1086061000119109	Diphtheria radiculomyelitis (disorder)
http://snomed.info/sct	10861091000119102	Traumatic injury of right femoral nerve (disorder)
http://snomed.info/sct	10861131000119100	Traumatic injury of left femoral nerve (disorder)
http://snomed.info/sct	10861171000119102	Injury of right tibial nerve (disorder)
http://snomed.info/sct	10861211000119100	Injury of left tibial nerve (disorder)
http://snomed.info/sct	10861251000119104	Injury of right sciatic nerve (disorder)
http://snomed.info/sct	10861291000119109	Injury of left sciatic nerve (disorder)
http://snomed.info/sct	10865871000119107	Injury of peripheral nerve of thorax (disorder)
http://snomed.info/sct	1087891000119107	Disorder of left acoustic nerve (disorder)
http://snomed.info/sct	1087901000119106	Acoustic neuritis of left ear due to infectious disease (disorder)
http://snomed.info/sct	1089701000119101	Vestibular neuronitis of left inner ear (disorder)
http://snomed.info/sct	1089711000119103	Disorder of left vestibular nerve (disorder)
http://snomed.info/sct	1089801000119108	Meningococcal retrobulbar neuritis (disorder)
http://snomed.info/sct	10899671000119109	Injury of right oculomotor nerve (disorder)
http://snomed.info/sct	10899711000119108	Injury of left oculomotor nerve (disorder)
http://snomed.info/sct	10899751000119109	Injury of right trochlear nerve (disorder)
http://snomed.info/sct	10899791000119104	Injury of left trochlear nerve (disorder)
http://snomed.info/sct	10899831000119105	Injury of left abducens nerve (disorder)
http://snomed.info/sct	10901331000119109	Injury of right facial nerve (disorder)
http://snomed.info/sct	10901371000119107	Injury of left facial nerve (disorder)
http://snomed.info/sct	10901411000119108	Injury of right trigeminal nerve (disorder)
http://snomed.info/sct	10901451000119109	Injury of left trigeminal nerve (disorder)
http://snomed.info/sct	10901491000119104	Injury of right accessory nerve (disorder)
http://snomed.info/sct	10901531000119104	Injury of left accessory nerve (disorder)
http://snomed.info/sct	10901571000119101	Injury of right vagus nerve (disorder)
http://snomed.info/sct	10901611000119105	Injury of left vagus nerve (disorder)
http://snomed.info/sct	10901651000119106	Injury of right acoustic nerve (disorder)
http://snomed.info/sct	10901691000119101	Injury of left acoustic nerve (disorder)
http://snomed.info/sct	10901731000119108	Injury of right hypoglossal nerve (disorder)
http://snomed.info/sct	10901771000119106	Injury of left hypoglossal nerve (disorder)
http://snomed.info/sct	1090231000119107	Polyneuropathy due to infectious mononucleosis (disorder)
http://snomed.info/sct	1090511000119100	Disorder of right acoustic nerve (disorder)
http://snomed.info/sct	1090521000119107	Acoustic neuritis of right ear due to infectious disease (disorder)
http://snomed.info/sct	1092311000119106	Vestibular neuronitis of right inner ear (disorder)
http://snomed.info/sct	1092321000119104	Disorder of right vestibular nerve (disorder)
http://snomed.info/sct	1092771000119104	Tuberculous neuritis (disorder)
http://snomed.info/sct	10954781000119103	Injury of left axillary nerve (disorder)
http://snomed.info/sct	10954821000119108	Injury of right axillary nerve (disorder)
http://snomed.info/sct	10962431000119108	Injury of left musculocutaneous nerve (disorder)
http://snomed.info/sct	10962471000119106	Injury of right musculocutaneous nerve (disorder)
http://snomed.info/sct	10962511000119102	Injury of right peroneal nerve (disorder)
http://snomed.info/sct	10962551000119101	Injury of left peroneal nerve (disorder)
http://snomed.info/sct	10962591000119106	Traumatic injury of digital nerve of right thumb (disorder)
http://snomed.info/sct	10962631000119106	Traumatic injury of digital nerve of left thumb (disorder)
http://snomed.info/sct	10972861000119106	Injury of digital nerve of finger of right hand (disorder)
http://snomed.info/sct	10972901000119100	Traumatic injury of digital nerve of right index finger (disorder)
http://snomed.info/sct	10972941000119103	Traumatic injury of digital nerve of right middle finger (disorder)
http://snomed.info/sct	10972981000119108	Injury of digital nerve of finger of left hand (disorder)
http://snomed.info/sct	10973041000119109	Traumatic injury of digital nerve of left index finger (disorder)
http://snomed.info/sct	10973081000119104	Traumatic injury of digital nerve of left middle finger (disorder)
http://snomed.info/sct	10973901000119108	Injury of right abducens nerve (disorder)
http://snomed.info/sct	109917000	Neoplasm of uncertain behavior of peripheral nerves and peripheral autonomic nervous system (disorder)
http://snomed.info/sct	109918005	Primary malignant neoplasm of peripheral nerves and peripheral autonomic nervous system (disorder)
http://snomed.info/sct	109919002	Overlapping malignant neoplasm of peripheral nerves and autonomic nervous system (disorder)
http://snomed.info/sct	109921007	Primary malignant neoplasm of peripheral nerve of head, face and/or neck (disorder)
http://snomed.info/sct	109922000	Benign neoplasm of peripheral nerves of head (disorder)
http://snomed.info/sct	109923005	Primary malignant neoplasm of peripheral nerves of head (disorder)
http://snomed.info/sct	109924004	Benign neoplasm of peripheral nerves of face (disorder)
http://snomed.info/sct	109925003	Primary malignant neoplasm of peripheral nerves of face (disorder)
http://snomed.info/sct	109926002	Benign neoplasm of peripheral nerves of neck (disorder)
http://snomed.info/sct	109927006	Primary malignant neoplasm of peripheral nerves of neck (disorder)
http://snomed.info/sct	109930004	Benign neoplasm of peripheral nerves of upper limb (disorder)
http://snomed.info/sct	109931000	Primary malignant neoplasm of peripheral nerves of upper limb (disorder)
http://snomed.info/sct	109932007	Benign neoplasm of peripheral nerves of shoulder (disorder)
http://snomed.info/sct	109933002	Primary malignant neoplasm of peripheral nerves of shoulder (disorder)
http://snomed.info/sct	109936005	Benign neoplasm of peripheral nerves of lower limb (disorder)
http://snomed.info/sct	109937001	Primary malignant neoplasm of peripheral nerves of lower limb (disorder)
http://snomed.info/sct	109938006	Benign neoplasm of peripheral nerves of hip (disorder)
http://snomed.info/sct	109939003	Primary malignant neoplasm of peripheral nerves of hip (disorder)
http://snomed.info/sct	109940001	Benign neoplasm of peripheral nerves of thorax (disorder)
http://snomed.info/sct	109941002	Primary malignant neoplasm of peripheral nerves of thorax (disorder)
http://snomed.info/sct	109942009	Benign neoplasm of peripheral nerves of abdomen (disorder)
http://snomed.info/sct	109943004	Primary malignant neoplasm of peripheral nerves of abdomen (disorder)
http://snomed.info/sct	109944005	Benign neoplasm of peripheral nerve of pelvic region (disorder)
http://snomed.info/sct	109945006	Primary malignant neoplasm of peripheral nerves of pelvis region (disorder)
http://snomed.info/sct	109946007	Benign neoplasm of peripheral nerves of trunk (disorder)
http://snomed.info/sct	109947003	Primary malignant neoplasm of peripheral nerves of trunk (disorder)
http://snomed.info/sct	110181000119105	Peripheral sensory neuropathy due to type 2 diabetes mellitus (disorder)
http://snomed.info/sct	11045000	Supranuclear facial nerve paralysis (disorder)
http://snomed.info/sct	11049006	Cervical radiculitis (disorder)
http://snomed.info/sct	110952161000119106	Endometriosis of sciatic nerve (disorder)
http://snomed.info/sct	111236008	Compression of spinal nerve root (disorder)
http://snomed.info/sct	111338006	Agenesis of nerve (disorder)
http://snomed.info/sct	111465000	Erb-Duchenne palsy as birth trauma (disorder)
http://snomed.info/sct	111499002	Déjérine-Sottas disease (disorder)
http://snomed.info/sct	111527005	Partial optic atrophy (disorder)
http://snomed.info/sct	111633007	Open fracture of sacrum AND/OR coccyx with complete cauda equina lesion (disorder)
http://snomed.info/sct	1119281000	Diffuse unilateral subacute neuroretinitis (disorder)
http://snomed.info/sct	1142031005	Optic atrophy due to late congenital syphilis (disorder)
http://snomed.info/sct	1142100001	Disorder of nerve due to obstetric fistula (disorder)
http://snomed.info/sct	1142203007	Palsy of laryngeal nerve due to birth trauma (disorder)
http://snomed.info/sct	11442006	Hereditary sensory neuropathy (disorder)
http://snomed.info/sct	1144332006	Atrophy of axon of peripheral nerve structure (disorder)
http://snomed.info/sct	1144333001	Atrophy of sural nerve (disorder)
http://snomed.info/sct	1144396007	Congenital hypoplasia of vestibular nerve (disorder)
http://snomed.info/sct	1144624009	Congenital absence of myelination of peripheral nerve (disorder)
http://snomed.info/sct	1144894004	Peripheral autonomic neuropathy due to diabetes mellitus (disorder)
http://snomed.info/sct	1144902007	Mononeuritis multiplex due to cryoglobulinemic vasculitis (disorder)
http://snomed.info/sct	1144906005	Mononeuritis multiplex due to vasculitis (disorder)
http://snomed.info/sct	1144936001	Polyneuropathy due to gammaherpesviral mononucleosis (disorder)
http://snomed.info/sct	1145213009	Neuritis due to displacement of intervertebral disc (disorder)
http://snomed.info/sct	1145215002	Radiculitis due to displacement of intervertebral disc (disorder)
http://snomed.info/sct	1145216001	Brachial neuritis due to displacement of cervical intervertebral disc (disorder)
http://snomed.info/sct	1145217005	Radiculitis due to displacement of cervical intervertebral disc (disorder)
http://snomed.info/sct	1145219008	Brachial neuritis due to rupture of cervical intervertebral disc (disorder)
http://snomed.info/sct	1145220002	Radiculitis due to rupture of cervical intervertebral disc (disorder)
http://snomed.info/sct	1145222005	Neuritis due to rupture of intervertebral disc (disorder)
http://snomed.info/sct	1145223000	Radiculitis due to rupture of lumbar intervertebral disc (disorder)
http://snomed.info/sct	1145224006	Neuritis due to rupture of lumbar intervertebral disc (disorder)
http://snomed.info/sct	1145225007	Neuritis due to rupture of cervical intervertebral disc (disorder)
http://snomed.info/sct	1145239007	Neuritis due to displacement of lumbar intervertebral disc (disorder)
http://snomed.info/sct	1145240009	Radiculitis due to displacement of lumbar intervertebral disc (disorder)
http://snomed.info/sct	1145244000	Radiculitis due to rupture of intervertebral disc (disorder)
http://snomed.info/sct	1149028005	Hypertrophic interstitial neuropathy of trigeminal nerve (disorder)
http://snomed.info/sct	1153623003	Disorder of nerve due to metabolic disease (disorder)
http://snomed.info/sct	1155933006	Distal symmetrical polyneuropathy (disorder)
http://snomed.info/sct	1156768008	Ovarioleukodystrophy (disorder)
http://snomed.info/sct	1156772007	Sclerosing perineurioma of peripheral nerve (disorder)
http://snomed.info/sct	1156780000	Reticular perineurioma of peripheral nerve (disorder)
http://snomed.info/sct	1156823006	Autosomal recessive bilateral optic atrophy (disorder)
http://snomed.info/sct	1156827007	Inverse Marcus-Gunn phenomenon (disorder)
http://snomed.info/sct	1156835005	Autosomal dominant Charcot-Marie-Tooth disease type 2 (disorder)
http://snomed.info/sct	1156837002	Autosomal dominant distal hereditary motor neuropathy (disorder)
http://snomed.info/sct	1156840002	X-linked distal hereditary motor neuropathy (disorder)
http://snomed.info/sct	1156850001	Autosomal recessive distal hereditary motor neuropathy (disorder)
http://snomed.info/sct	1156852009	Autosomal recessive Charcot-Marie-Tooth disease type 2 (disorder)
http://snomed.info/sct	1156962001	Radiculopathy due to multiple-level cervical spondylosis (disorder)
http://snomed.info/sct	1156964000	Radiculopathy due to single-level cervical spondylosis (disorder)
http://snomed.info/sct	1156966003	Radiculopathy due to cervical spondylosis (disorder)
http://snomed.info/sct	1156968002	Radiculopathy due to two-level cervical spondylosis (disorder)
http://snomed.info/sct	1163079004	Polyneuropathy caused by human Cytomegalovirus 5 (disorder)
http://snomed.info/sct	1163136004	Infection of peripheral nerve caused by bacterium (disorder)
http://snomed.info/sct	1163137008	Infection of cranial nerve caused by bacterium (disorder)
http://snomed.info/sct	1163499003	Infection of cranial nerve caused by fungus (disorder)
http://snomed.info/sct	11659006	Uremic neuropathy (disorder)
http://snomed.info/sct	1169360001	Chronic relapsing inflammatory optic neuropathy (disorder)
http://snomed.info/sct	1172585006	Membrane metalloendopeptidase related autosomal dominant Charcot Marie Tooth disease type 2 (disorder)
http://snomed.info/sct	1172586007	Ocular anomalies, axonal neuropathy, developmental delay syndrome (disorder)
http://snomed.info/sct	1172593006	Early-onset progressive diffuse brain atrophy, microcephaly, muscle weakness, optic atrophy syndrome (disorder)
http://snomed.info/sct	1172595004	C11ORF73-related autosomal recessive hypomyelinating leukodystrophy (disorder)
http://snomed.info/sct	1172634009	Autosomal dominant Charcot-Marie-Tooth disease type 2W (disorder)
http://snomed.info/sct	1172684002	Autosomal dominant Charcot-Marie-Tooth disease type 2 due to diacylglycerol O-acyltransferase 2 mutation (disorder)
http://snomed.info/sct	1172692006	X-linked keloid scarring, reduced joint mobility, increased optic cup-to-disc ratio syndrome (disorder)
http://snomed.info/sct	1172701002	Facial diplegia with paresthesia (disorder)
http://snomed.info/sct	1172793008	Malignant peripheral nerve sheath tumor of gingival mucosa (disorder)
http://snomed.info/sct	1172838005	Hereditary sensory and autonomic neuropathy type 8 (disorder)
http://snomed.info/sct	1172840000	Benign schwannoma of nerve of gingival mucosa (disorder)
http://snomed.info/sct	1176984002	Polyneuropathy caused by Mycobacterium leprae (disorder)
http://snomed.info/sct	1177010008	Infection of peripheral nerve (disorder)
http://snomed.info/sct	1177011007	Infection of nerve caused by Fungi (disorder)
http://snomed.info/sct	1177014004	Infection of nerve caused by Bacteria (disorder)
http://snomed.info/sct	1177020003	Infection of cranial nerve caused by parasite (disorder)
http://snomed.info/sct	1177034003	Infection of peripheral nerve caused by parasite (disorder)
http://snomed.info/sct	1179028000	Avulsion of inferior alveolar nerve due to osteotomy (disorder)
http://snomed.info/sct	1179294000	Autosomal dominant distal axonal motor neuropathy, myofibrillar myopathy syndrome (disorder)
http://snomed.info/sct	1179296003	Colobomatous macrophthalmia with microcornea syndrome (disorder)
http://snomed.info/sct	1179386005	Infection of peripheral nerve caused by virus (disorder)
http://snomed.info/sct	1179387001	Infection of cranial nerve caused by virus (disorder)
http://snomed.info/sct	1186656004	Congenital deficiency of cochlear nerve (disorder)
http://snomed.info/sct	1186718008	Neonatal encephalomyopathy, cardiomyopathy, respiratory distress syndrome (disorder)
http://snomed.info/sct	1186796006	Disorder of optic nerve due to micronutrient deficiency (disorder)
http://snomed.info/sct	1186802008	Disorder of nerve due to obesity (disorder)
http://snomed.info/sct	1186827001	Disorder of multiple nerves due to disorder of parathyroid gland (disorder)
http://snomed.info/sct	1186828006	Disorder of peripheral nerve due to multiple micronutrient deficiencies (disorder)
http://snomed.info/sct	1186829003	Disorder of peripheral nerve due to obesity (disorder)
http://snomed.info/sct	1186830008	Peripheral neuropathy caused by lead (disorder)
http://snomed.info/sct	1186838001	Peripheral neuropathy caused by ciguatoxin (disorder)
http://snomed.info/sct	1186841005	Disorder of cranial nerve due to deficiency of micronutrients (disorder)
http://snomed.info/sct	1186853009	Sensory polyneuropathy due to vitamin E deficiency (disorder)
http://snomed.info/sct	1187045009	Aicardi Goutieres syndrome type 1 (disorder)
http://snomed.info/sct	1187046005	Aicardi Goutieres syndrome type 2 (disorder)
http://snomed.info/sct	1187047001	Aicardi Goutieres syndrome type 3 (disorder)
http://snomed.info/sct	1187048006	Aicardi Goutieres syndrome type 4 (disorder)
http://snomed.info/sct	1187049003	Aicardi Goutieres syndrome type 5 (disorder)
http://snomed.info/sct	1187128001	Charcot-Marie-Tooth disease type 2T (disorder)
http://snomed.info/sct	1187145006	Disorder of optic nerve due to thiamine deficiency (disorder)
http://snomed.info/sct	1187170006	Disorder of peripheral nerve due to overweight (disorder)
http://snomed.info/sct	1187191003	Autosomal recessive spastic paraplegia type 74 (disorder)
http://snomed.info/sct	1187249005	VPS11 core subunit of CORVET and HOPS complexes-related autosomal recessive hypomyelinating leukodystrophy (disorder)
http://snomed.info/sct	1187563003	Autosomal recessive Charcot-Marie-Tooth disease type 2X (disorder)
http://snomed.info/sct	1187564009	Autosomal dominant Charcot-Marie-Tooth disease type 2Z (disorder)
http://snomed.info/sct	1187565005	Autosomal dominant Charcot-Marie-Tooth disease type 2Y (disorder)
http://snomed.info/sct	1187566006	Autosomal dominant Charcot-Marie-Tooth disease type 2 due to trafficking from endoplasmic reticulum to golgi regulator mutation (disorder)
http://snomed.info/sct	1187617004	Charcot-Marie-Tooth disease type 2S (disorder)
http://snomed.info/sct	1187618009	Autosomal dominant Charcot-Marie-Tooth disease type 2V (disorder)
http://snomed.info/sct	1187620007	Autosomal dominant Charcot-Marie-Tooth disease type 2DD (disorder)
http://snomed.info/sct	1187621006	DnaJ heat shock protein family (Hsp40) member B2-related Charcot-Marie-Tooth disease type 2 (disorder)
http://snomed.info/sct	1197151003	Autosomal recessive isolated optic atrophy (disorder)
http://snomed.info/sct	1197152005	Distal hereditary motor neuropathy type 5 (disorder)
http://snomed.info/sct	1197357008	Colobomatous optic disc, macular atrophy, chorioretinopathy syndrome (disorder)
http://snomed.info/sct	1197365006	Familial cavitary optic disc anomaly (disorder)
http://snomed.info/sct	1204418008	Congenital palsy of trochlear nerve (disorder)
http://snomed.info/sct	12056002	Seventh cranial nerve autonomic disorder (disorder)
http://snomed.info/sct	1207009	Glaucomatous atrophy of optic disc (disorder)
http://snomed.info/sct	1208621008	Multiple mitochondrial dysfunctions syndrome type 4 (disorder)
http://snomed.info/sct	1208859003	Posterior ischemic optic neuropathy due to arteritis (disorder)
http://snomed.info/sct	1208883006	Acquired weakness of third cranial nerve (disorder)
http://snomed.info/sct	1208901009	Acute trochlear nerve palsy (disorder)
http://snomed.info/sct	1208908003	Acquired trochlear nerve palsy (disorder)
http://snomed.info/sct	1208933000	4H leukodystrophy (disorder)
http://snomed.info/sct	1217207008	Congenital oculomotor nerve palsy (disorder)
http://snomed.info/sct	1217230002	Cerebellar ataxia with oculomotor apraxia type 4 (disorder)
http://snomed.info/sct	1217367007	Phospholipase A2 activating protein-associated neurodevelopmental disorder (disorder)
http://snomed.info/sct	1217379007	NK6 homeobox 2-related autosomal recessive hypomyelinating leukodystrophy (disorder)
http://snomed.info/sct	1217655004	Disorder of neuromuscular junction due to Lambert-Eaton syndrome (disorder)
http://snomed.info/sct	1217663003	Chronic fourth nerve palsy with spread of comitance (disorder)
http://snomed.info/sct	1217665005	Chronic fourth nerve palsy (disorder)
http://snomed.info/sct	1220595008	Cataract, growth hormone deficiency, sensory neuropathy, sensorineural hearing loss, skeletal dysplasia syndrome (disorder)
http://snomed.info/sct	1220598005	Non-progressive predominantly posterior cavitating leukodystrophy with peripheral neuropathy (disorder)
http://snomed.info/sct	1220600004	Arginyl-tRNA synthetase 1-related autosomal recessive hypomyelinating leukodystrophy (disorder)
http://snomed.info/sct	1222649004	Auditory neuropathy, optic atrophy syndrome (disorder)
http://snomed.info/sct	1222655009	Optic atrophy, ataxia, peripheral neuropathy, global developmental delay syndrome (disorder)
http://snomed.info/sct	1222704008	Autosomal recessive lethal neonatal axonal sensorimotor polyneuropathy (disorder)
http://snomed.info/sct	12236641000119103	Brachial neuritis of left upper limb (disorder)
http://snomed.info/sct	12236681000119108	Brachial neuritis of right upper limb (disorder)
http://snomed.info/sct	12239621000119103	Bells palsy of left side of face (disorder)
http://snomed.info/sct	12239661000119108	Bells palsy of right side of face (disorder)
http://snomed.info/sct	12242071000119103	Left trigeminal neuralgia (disorder)
http://snomed.info/sct	12242111000119105	Right trigeminal neuralgia (disorder)
http://snomed.info/sct	12265501000119101	Bilateral carpal tunnel syndrome (disorder)
http://snomed.info/sct	1230014007	Duane retraction syndrome with congenital deafness (disorder)
http://snomed.info/sct	1230017000	Non-recovering brachial plexus injury due to birth trauma (disorder)
http://snomed.info/sct	1230019002	Disorder of nerve plexus due to and following radiation therapy (disorder)
http://snomed.info/sct	1230020008	Congenital peripapillary staphyloma (disorder)
http://snomed.info/sct	1230343006	Distal hereditary motor neuropathy type 2 (disorder)
http://snomed.info/sct	1231178006	Hereditary continuous muscle fiber activity (disorder)
http://snomed.info/sct	1231184009	Oculomotor nerve synkinesis (disorder)
http://snomed.info/sct	1231190008	Nuclear oculomotor nerve palsy (disorder)
http://snomed.info/sct	1231192000	Nuclear abducens nerve palsy (disorder)
http://snomed.info/sct	1231202004	Optic neuritis due to demyelinating disease of central nervous system (disorder)
http://snomed.info/sct	1231226002	Non-arteritic posterior ischemic optic neuropathy (disorder)
http://snomed.info/sct	1231227006	Neuroretinitis following infectious disease (disorder)
http://snomed.info/sct	1231240001	Idiopathic optic neuritis (disorder)
http://snomed.info/sct	1231267007	Primary malignant ependymoma of optic nerve (disorder)
http://snomed.info/sct	1231624007	Third cranial nerve weakness sparing pupil (disorder)
http://snomed.info/sct	1231627000	Third cranial nerve weakness involving pupil (disorder)
http://snomed.info/sct	1231634003	X-linked optic atrophy (disorder)
http://snomed.info/sct	1231641009	Pseudo-abducens palsy (disorder)
http://snomed.info/sct	1231659007	Retrobulbar optic neuritis due to multiple sclerosis (disorder)
http://snomed.info/sct	1231686007	Congenital pseudopapilledema (disorder)
http://snomed.info/sct	1231725002	Edema of optic disc of bilateral eyes due to intracranial pressure above reference range (disorder)
http://snomed.info/sct	1231727005	Disorder of optic nerve following administration of vaccine to produce active immunity (disorder)
http://snomed.info/sct	1231751000	Recurrent idiopathic neuroretinitis (disorder)
http://snomed.info/sct	123534001	Cauda equina injury co-occurrent and due to closed fracture of sacrum AND/OR coccyx (disorder)
http://snomed.info/sct	123535000	Cauda equina injury co-occurrent and due to open fracture of sacrum AND/OR coccyx (disorder)
http://snomed.info/sct	123615007	Secondary optic atrophy (disorder)
http://snomed.info/sct	1236804009	Cerebellar ataxia with neuropathy and bilateral vestibular areflexia syndrome (disorder)
http://snomed.info/sct	1236805005	Mitochondrial enoyl coenzyme A reductase protein-associated neurodegeneration syndrome (disorder)
http://snomed.info/sct	1237511005	Elastin microfibril interfacer 1 related connective tissue disease (disorder)
http://snomed.info/sct	1237515001	Leukodystrophy due to alkaline ceramidase 3 deficiency (disorder)
http://snomed.info/sct	1237618009	Short stature, optic nerve atrophy, Pelger-Huët anomaly syndrome (disorder)
http://snomed.info/sct	1237623009	Congenital insensitivity to pain with severe intellectual disability (disorder)
http://snomed.info/sct	1237626001	Congenital axonal neuropathy with encephalopathy (disorder)
http://snomed.info/sct	12454008	Cauda equina syndrome with neurogenic urinary bladder (disorder)
http://snomed.info/sct	1254751008	Congenital prepapillary vascular loop (disorder)
http://snomed.info/sct	1254858007	Perineural lipomatosis (disorder)
http://snomed.info/sct	1254909007	Impairment of motor nerve function due to and following operation on skin (disorder)
http://snomed.info/sct	1254941001	Hereditary sensory autonomic neuropathy type IIC (disorder)
http://snomed.info/sct	12551000132107	Cranial neuropathy due to Herpes zoster (disorder)
http://snomed.info/sct	1255723009	Benign neoplasm of peripheral nerve of head and neck (disorder)
http://snomed.info/sct	1259028000	Lesion of brachial plexus due to vasculitis (disorder)
http://snomed.info/sct	1259029008	Neuropathy of brachial plexus due to neoplastic disease (disorder)
http://snomed.info/sct	1259037000	Autonomic neuropathy due to multiple endocrine neoplasia type 2b (disorder)
http://snomed.info/sct	1259041001	Cauda equina syndrome due to and following procedure (disorder)
http://snomed.info/sct	1259043003	Cauda equina syndrome due to spinal stenosis (disorder)
http://snomed.info/sct	1259044009	Cauda equina syndrome due to vascular disorder (disorder)
http://snomed.info/sct	1259045005	Cauda equina compression due to traumatic injury of spinal cord and/or vertebral column (disorder)
http://snomed.info/sct	1259046006	Cauda equina syndrome due to infection (disorder)
http://snomed.info/sct	1259047002	Cauda equina compression due to inflammatory disorder (disorder)
http://snomed.info/sct	1259048007	Lesion of brachial plexus due to diabetes mellitus (disorder)
http://snomed.info/sct	1259049004	Castleman disease with immunoglobulin M monoclonal gammopathy of uncertain significance (disorder)
http://snomed.info/sct	1259051000	Brachial variant of chronic immune demyelinating polyradiculoneuropathy (disorder)
http://snomed.info/sct	1259063005	Acute sensory polyneuropathy (disorder)
http://snomed.info/sct	1259074001	Disorder of autonomic nerve due to Guillain-Barre Syndrome (disorder)
http://snomed.info/sct	1259075000	Disorder of autonomic nerve due to impaired glucose tolerance (disorder)
http://snomed.info/sct	1259077008	Autoimmune disorder of autonomic nerve (disorder)
http://snomed.info/sct	1259099000	Autoimmune sensory disorder of nerve (disorder)
http://snomed.info/sct	1259100008	Autoimmune motor and sensory disorder of nerve (disorder)
http://snomed.info/sct	1259101007	Autoimmune sensory ganglionopathy (disorder)
http://snomed.info/sct	1259102000	Autoimmune peripheral motor neuropathy (disorder)
http://snomed.info/sct	1259104004	Autoimmune inflammation of nerve (disorder)
http://snomed.info/sct	1259105003	Autoimmune inflammation of brachial plexus (disorder)
http://snomed.info/sct	1259106002	Alexander disease type I (disorder)
http://snomed.info/sct	1259126003	Amyotrophic lateral sclerosis with autonomic dysfunction (disorder)
http://snomed.info/sct	1259636005	Chronic inflammatory demyelinating disease of peripheral nervous system and central nervous system (disorder)
http://snomed.info/sct	1259733005	Primary malignant astrocytoma of optic nerve (disorder)
http://snomed.info/sct	1259783000	Primary epithelioid malignant nerve sheath tumor (disorder)
http://snomed.info/sct	1259805000	Primary malignant peripheral nerve sheath tumor of gingival mucosa (disorder)
http://snomed.info/sct	1259828004	Primary malignant nerve sheath neoplasm of peripheral nerve of abdomen (disorder)
http://snomed.info/sct	1259829007	Primary malignant nerve sheath neoplasm of peripheral nerve of upper limb (disorder)
http://snomed.info/sct	1259830002	Primary malignant nerve sheath neoplasm of peripheral nerve of head and neck (disorder)
http://snomed.info/sct	1259831003	Primary malignant nerve sheath neoplasm of peripheral nerve of pelvis (disorder)
http://snomed.info/sct	1259832005	Primary malignant nerve sheath neoplasm of peripheral nerve of thorax (disorder)
http://snomed.info/sct	1260129000	Infantile-onset axonal motor and sensory neuropathy, optic atrophy, neurodegenerative syndrome (disorder)
http://snomed.info/sct	1260336006	Acquired demyelinating disorder of peripheral nerve (disorder)
http://snomed.info/sct	1260382003	Lesion of trigeminal ganglion (disorder)
http://snomed.info/sct	1260391004	Dystonia due to metachromatic leucodystrophy (disorder)
http://snomed.info/sct	1263551002	Inflammation of lumbosacral plexus (disorder)
http://snomed.info/sct	1263552009	Disorder of lumbosacral plexus due to neoplastic disease (disorder)
http://snomed.info/sct	1263554005	Limited autoimmune disorder of autonomic nerve (disorder)
http://snomed.info/sct	1263556007	Lesion of sural nerve (disorder)
http://snomed.info/sct	1263557003	Lesion of greater occipital nerve (disorder)
http://snomed.info/sct	1263558008	Lesion of saphenous nerve (disorder)
http://snomed.info/sct	1263559000	Lesion of gluteal nerve (disorder)
http://snomed.info/sct	1263560005	Lesion of great auricular nerve (disorder)
http://snomed.info/sct	1263579008	Idiopathic disorder of lumbosacral plexus (disorder)
http://snomed.info/sct	1263582003	Idiopathic disorder of hypoglossal nerve (disorder)
http://snomed.info/sct	126534007	Mixed sensorimotor polyneuropathy due to diabetes mellitus (disorder)
http://snomed.info/sct	126535008	Motor polyneuropathy due to diabetes mellitus (disorder)
http://snomed.info/sct	126571000119107	Polyneuropathy due to secondary diabetes mellitus (disorder)
http://snomed.info/sct	1268955002	Primary malignant Triton tumor (disorder)
http://snomed.info/sct	1269423000	Adrenomyeloneuropathy (disorder)
http://snomed.info/sct	1269458003	Malignant peripheral nerve sheath neoplasm of peripheral nerve of lumbar spine (disorder)
http://snomed.info/sct	126949007	Acoustic neuroma (disorder)
http://snomed.info/sct	126963001	Neoplasm of cauda equina (disorder)
http://snomed.info/sct	126966009	Neoplasm of cranial nerve (disorder)
http://snomed.info/sct	126967000	Neoplasm of olfactory nerve (disorder)
http://snomed.info/sct	126969002	Neoplasm of oculomotor nerve (disorder)
http://snomed.info/sct	126970001	Neoplasm of trochlear nerve (disorder)
http://snomed.info/sct	126971002	Neoplasm of trigeminal nerve (disorder)
http://snomed.info/sct	126972009	Neoplasm of abducens nerve (disorder)
http://snomed.info/sct	126973004	Neoplasm of facial nerve (disorder)
http://snomed.info/sct	126975006	Neoplasm of glossopharyngeal nerve (disorder)
http://snomed.info/sct	126976007	Neoplasm of vagus nerve (disorder)
http://snomed.info/sct	126977003	Neoplasm of accessory nerve (disorder)
http://snomed.info/sct	126978008	Neoplasm of hypoglossal nerve (disorder)
http://snomed.info/sct	126979000	Neoplasm of autonomic nerve (disorder)
http://snomed.info/sct	126980002	Neoplasm of peripheral nerve (disorder)
http://snomed.info/sct	126981003	Neoplasm of peripheral nerve of head AND/OR neck (disorder)
http://snomed.info/sct	126982005	Neoplasm of peripheral nerves of head (disorder)
http://snomed.info/sct	126983000	Neoplasm of peripheral nerves of face (disorder)
http://snomed.info/sct	126984006	Neoplasm of peripheral nerves of neck (disorder)
http://snomed.info/sct	126986008	Neoplasm of peripheral nerves of upper limb (disorder)
http://snomed.info/sct	126987004	Neoplasm of peripheral nerves of shoulder (disorder)
http://snomed.info/sct	126989001	Neoplasm of peripheral nerves of lower limb (disorder)
http://snomed.info/sct	126990005	Neoplasm of peripheral nerves of hip (disorder)
http://snomed.info/sct	126991009	Neoplasm of peripheral nerves of thorax (disorder)
http://snomed.info/sct	126992002	Neoplasm of peripheral nerves of abdomen (disorder)
http://snomed.info/sct	126993007	Neoplasm of peripheral nerve of pelvis (disorder)
http://snomed.info/sct	126994001	Neoplasm of peripheral nerves of trunk (disorder)
http://snomed.info/sct	127011001	Sensory neuropathy due to diabetes mellitus (disorder)
http://snomed.info/sct	1275624008	Disorder of left tibial nerve (disorder)
http://snomed.info/sct	1275625009	Disorder of right tibial nerve (disorder)
http://snomed.info/sct	1275628006	Lesion of lateral plantar nerve (disorder)
http://snomed.info/sct	1279563000	Entrapment of superficial peroneal nerve (disorder)
http://snomed.info/sct	1279566008	Entrapment of deep peroneal nerve (disorder)
http://snomed.info/sct	1279707003	Lesion of cervical spinal nerve root (disorder)
http://snomed.info/sct	1279831004	Congenital insensitivity to pain, anosmia, neuropathic arthropathy (disorder)
http://snomed.info/sct	1279834007	Congenital insensitivity to pain, hyperhidrosis, absence of cutaneous sensory innervation (disorder)
http://snomed.info/sct	1279838005	Hereditary sensory and autonomic neuropathy type 6 (disorder)
http://snomed.info/sct	1279890001	Multiple mitochondrial dysfunctions syndrome type 5 (disorder)
http://snomed.info/sct	1279967005	Entrapment of peripheral nerve of hand (disorder)
http://snomed.info/sct	1279976003	Entrapment of obturator nerve (disorder)
http://snomed.info/sct	1279978002	Entrapment of musculocutaneous nerve (disorder)
http://snomed.info/sct	128078004	Polyradiculoneuropathy (disorder)
http://snomed.info/sct	128082002	Duanes syndrome, type 1 (disorder)
http://snomed.info/sct	128083007	Duanes syndrome, type 2 (disorder)
http://snomed.info/sct	128084001	Duanes syndrome, type 3 (disorder)
http://snomed.info/sct	1281810006	Horner syndrome (disorder)
http://snomed.info/sct	128189008	Mononeuropathy (disorder)
http://snomed.info/sct	128192007	Peripheral neuritis (disorder)
http://snomed.info/sct	128193002	Phrenic nerve disorder (disorder)
http://snomed.info/sct	128194008	Superficial peroneal nerve disorder (disorder)
http://snomed.info/sct	128195009	Deep peroneal neuropathy (disorder)
http://snomed.info/sct	128196005	Lumbar radiculopathy (disorder)
http://snomed.info/sct	128197001	Sacral radiculopathy (disorder)
http://snomed.info/sct	128203003	Hereditary motor and sensory neuropathy with optic atrophy (disorder)
http://snomed.info/sct	128204009	Hereditary motor and sensory neuropathy with retinitis pigmentosa (disorder)
http://snomed.info/sct	128205005	Hereditary sensory and autonomic neuropathy (disorder)
http://snomed.info/sct	128206006	Congenital sensory neuropathy with selective loss of small myelinated fibers (disorder)
http://snomed.info/sct	128207002	Giant axonal neuropathy (disorder)
http://snomed.info/sct	128208007	Peripheral axonal neuropathy (disorder)
http://snomed.info/sct	128209004	Chronic inflammatory demyelinating polyradiculoneuropathy (disorder)
http://snomed.info/sct	128213006	Neuromuscular junction disorder (disorder)
http://snomed.info/sct	128215004	Leprosy neuropathy (disorder)
http://snomed.info/sct	128331005	Optic disc disorder (disorder)
http://snomed.info/sct	128485009	Retrobulbar neuropathy (disorder)
http://snomed.info/sct	1285319006	Isolated aplasia of optic nerve (disorder)
http://snomed.info/sct	128533009	Micropapilla (disorder)
http://snomed.info/sct	1285518004	Wolfram syndrome type 1 (disorder)
http://snomed.info/sct	1285519007	Wolfram syndrome type 2 (disorder)
http://snomed.info/sct	129131007	Acute infective polyneuritis (disorder)
http://snomed.info/sct	129135003	Injury of nerve of upper extremity (disorder)
http://snomed.info/sct	129136002	Injury of nerve of lower extremity (disorder)
http://snomed.info/sct	129137006	Nerve root injury (disorder)
http://snomed.info/sct	129179000	Piriformis syndrome (disorder)
http://snomed.info/sct	1293166002	Malignant neoplasm of vestibulocochlear nerve structure (disorder)
http://snomed.info/sct	129593003	Entrapment syndrome due to amyloid (disorder)
http://snomed.info/sct	129611009	Ischemic peripheral neuropathy (disorder)
http://snomed.info/sct	129612002	Anterior ethmoidal nerve syndrome (disorder)
http://snomed.info/sct	129613007	Tympanic plexus neuralgia syndrome (disorder)
http://snomed.info/sct	129614001	Paralysis of vagus, spinal accessory and hypoglossal nerves (disorder)
http://snomed.info/sct	129615000	Nucleus ambiguus-hypoglossal nerve syndrome (disorder)
http://snomed.info/sct	129616004	Porphyric polyneuropathy (disorder)
http://snomed.info/sct	129617008	Hepatic neuropathy (disorder)
http://snomed.info/sct	129667001	Diphtheritic peripheral neuritis (disorder)
http://snomed.info/sct	1296731001	Atypical Krabbe disease due to saposin A deficiency (disorder)
http://snomed.info/sct	1296788004	Papilledema of eye due to intraocular pressure below reference range (disorder)
http://snomed.info/sct	1300118007	Acoustic neuritis due to infectious disease (disorder)
http://snomed.info/sct	1300128003	Methenyltetrahydrofolate synthetase-related developmental delay, microcephaly, short stature, epilepsy syndrome (disorder)
http://snomed.info/sct	1300130001	Hypomyelination of early myelinating structures (disorder)
http://snomed.info/sct	1300194008	Mitchell syndrome (disorder)
http://snomed.info/sct	1303469003	Acquired prepapillary vascular loop (disorder)
http://snomed.info/sct	1304119009	Mosaic neurofibromatosis type 2 (disorder)
http://snomed.info/sct	1332198004	Lesion of femoral nerve (disorder)
http://snomed.info/sct	1332368002	Disorder of obturator nerve (disorder)
http://snomed.info/sct	1332371005	Inflammation of peripheral nerve of ankle (disorder)
http://snomed.info/sct	1332372003	Inflammation of peripheral nerve of upper limb (disorder)
http://snomed.info/sct	1332382002	Coloboma, osteopetrosis, microphthalmia, macrocephaly, albinism, deafness syndrome (disorder)
http://snomed.info/sct	1332388003	Alexander disease type II (disorder)
http://snomed.info/sct	1332462002	Lesion of lumbar and sacral spinal nerve roots (disorder)
http://snomed.info/sct	1332463007	Lesion of thoracic spinal nerve root (disorder)
http://snomed.info/sct	1332500006	Entrapment of left genitofemoral nerve (disorder)
http://snomed.info/sct	1332501005	Entrapment of right genitofemoral nerve (disorder)
http://snomed.info/sct	1339020003	Disorder of cranial nerve caused by ionizing radiation (disorder)
http://snomed.info/sct	1339021004	Disorder of peripheral nerve caused by ionizing radiation (disorder)
http://snomed.info/sct	1339033009	Disorder of optic nerve caused by radiation (disorder)
http://snomed.info/sct	1339998004	Entrapment of sural nerve (disorder)
http://snomed.info/sct	1342344007	Disorder of lumbosacral plexus due to and following radiotherapy (disorder)
http://snomed.info/sct	1342345008	Disorder of brachial plexus caused by ionizing radiation (disorder)
http://snomed.info/sct	1343677007	Mononeuropathy of left upper limb (disorder)
http://snomed.info/sct	1343678002	Mononeuropathy of right upper limb (disorder)
http://snomed.info/sct	1351737005	Asymmetric cupping of optic discs (disorder)
http://snomed.info/sct	1351901007	Hemangioblastoma of peripheral nerve (disorder)
http://snomed.info/sct	1354520000	Injury of cutaneous sensory nerve of toe (disorder)
http://snomed.info/sct	1356741005	Parkinsonism with polyneuropathy (disorder)
http://snomed.info/sct	1363167004	Non-arteritic anterior ischemic optic neuropathy (disorder)
http://snomed.info/sct	1363172008	Idiopathic non-arteritic anterior ischemic optic neuropathy (disorder)
http://snomed.info/sct	1365751003	Vestibular neuronitis of inner ear (disorder)
http://snomed.info/sct	1366532000	Compression of cervical nerve root and thoracic nerve root (disorder)
http://snomed.info/sct	1366554003	Congenital myasthenic syndrome with glycosylation defect due to ALG14 UDP-N-acetylglucosaminyltransferase subunit gene mutation (disorder)
http://snomed.info/sct	1367979004	Polyneuropathy associated with immunoglobulin M monoclonal gammopathy of uncertain significance (disorder)
http://snomed.info/sct	13694005	Sensory polyneuropathy (disorder)
http://snomed.info/sct	13753008	Hemifacial spasm (disorder)
http://snomed.info/sct	14070001000004105	Harlequin syndrome (disorder)
http://snomed.info/sct	14357004	Ischemic optic neuropathy (disorder)
http://snomed.info/sct	14786003	Saturday night paralysis (disorder)
http://snomed.info/sct	1511000119107	Peripheral neuropathy due to type 2 diabetes mellitus (disorder)
http://snomed.info/sct	15630201000119101	Hemifacial spasm of right facial nerve (disorder)
http://snomed.info/sct	15630241000119104	Hemifacial spasm of left facial nerve (disorder)
http://snomed.info/sct	15631011000119102	Neuritis of right optic nerve (disorder)
http://snomed.info/sct	15631051000119101	Neuritis of left optic nerve (disorder)
http://snomed.info/sct	15632811000119100	Optic atrophy of right eye (disorder)
http://snomed.info/sct	15632851000119104	Optic atrophy of left eye (disorder)
http://snomed.info/sct	15632891000119109	Optic atrophy of bilateral eyes (disorder)
http://snomed.info/sct	15633361000119103	Bilateral sciatica (disorder)
http://snomed.info/sct	15678841000119100	Iridocyclitis of bilateral eyes caused by Human alphaherpesvirus 3 (disorder)
http://snomed.info/sct	15680281000119103	Keratoconjunctivitis of bilateral eyes caused by Human alphaherpesvirus 3 (disorder)
http://snomed.info/sct	15685201000119100	Interstitial keratitis of left eye caused by Herpes zoster virus (disorder)
http://snomed.info/sct	15685241000119103	Interstitial keratitis of bilateral eyes caused by Human alphaherpesvirus 3 (disorder)
http://snomed.info/sct	15685281000119108	Interstitial keratitis of right eye caused by Herpes zoster virus (disorder)
http://snomed.info/sct	15697241000119105	Inflammation of bilateral ulnar nerves (disorder)
http://snomed.info/sct	15697281000119100	Neuritis of left ulnar nerve (disorder)
http://snomed.info/sct	15697321000119105	Neuritis of right ulnar nerve (disorder)
http://snomed.info/sct	15699081000119101	Hereditary bilateral optic atrophy (disorder)
http://snomed.info/sct	15699121000119104	Hereditary right optic atrophy (disorder)
http://snomed.info/sct	15699161000119109	Hereditary left optic atrophy (disorder)
http://snomed.info/sct	15730881000119103	Partial palsy of bilateral oculomotor nerves (disorder)
http://snomed.info/sct	15730921000119105	Partial palsy of right oculomotor nerve (disorder)
http://snomed.info/sct	15730961000119100	Partial palsy of left oculomotor nerve (disorder)
http://snomed.info/sct	15731001000119108	Total palsy of left oculomotor nerve (disorder)
http://snomed.info/sct	15731041000119105	Total palsy of right oculomotor nerve (disorder)
http://snomed.info/sct	15731081000119100	Total palsy of bilateral oculomotor nerves (disorder)
http://snomed.info/sct	15731241000119101	Edema of optic disc of left eye due to intracranial pressure above reference range (disorder)
http://snomed.info/sct	15731321000119101	Edema of optic disc of right eye due to intracranial pressure above reference range (disorder)
http://snomed.info/sct	15731361000119106	Papilledema of right eye due to intraocular pressure below reference range (disorder)
http://snomed.info/sct	15731401000119102	Papilledema of bilateral eyes due to intraocular pressure below reference range (disorder)
http://snomed.info/sct	15731441000119100	Papilledema of left eye due to intraocular pressure below reference range (disorder)
http://snomed.info/sct	15731601000119100	Anterior ischemic optic neuropathy of left eye (disorder)
http://snomed.info/sct	15731641000119103	Anterior ischemic optic neuropathy of right eye (disorder)
http://snomed.info/sct	15731801000119104	Disorder of left optic nerve (disorder)
http://snomed.info/sct	15731841000119102	Disorder of right optic nerve (disorder)
http://snomed.info/sct	15731881000119107	Disorder of bilateral optic nerves (disorder)
http://snomed.info/sct	15739801000119100	Cupping of left optic disc due to open-angle glaucoma of left eye (disorder)
http://snomed.info/sct	15739881000119108	Cupping of right optic disc due to open-angle glaucoma of right eye (disorder)
http://snomed.info/sct	15740841000119107	Neuralgia of right upper limb (disorder)
http://snomed.info/sct	15740881000119102	Neuralgia of left upper limb (disorder)
http://snomed.info/sct	15863341000119103	Glioma of bilateral optic nerves (disorder)
http://snomed.info/sct	15863931000119108	Duanes syndrome of bilateral eyes (disorder)
http://snomed.info/sct	15930301000119107	Edema of optic disc of right eye (disorder)
http://snomed.info/sct	15930341000119109	Edema of optic disc of left eye (disorder)
http://snomed.info/sct	15930381000119104	Edema of optic disc of bilateral eyes (disorder)
http://snomed.info/sct	15968581000119104	Neurogenic thoracic outlet syndrome of left brachial plexus (disorder)
http://snomed.info/sct	15968701000119102	Neurogenic thoracic outlet syndrome of right brachial plexus (disorder)
http://snomed.info/sct	15968741000119100	Low back pain co-occurrent and due to bilateral sciatica (disorder)
http://snomed.info/sct	15972821000119108	Radiculopathy of lumbosacral spine due to disc disorder (disorder)
http://snomed.info/sct	15978711000119106	Disorder of left cervical nerve root (disorder)
http://snomed.info/sct	15978831000119108	Disorder of right cervical nerve root (disorder)
http://snomed.info/sct	15983991000119100	Myokymia of left superior oblique muscle (disorder)
http://snomed.info/sct	15984031000119101	Myokymia of right superior oblique muscle (disorder)
http://snomed.info/sct	15986111000119101	Congenital coloboma of bilateral optic discs (disorder)
http://snomed.info/sct	15986151000119100	Congenital coloboma of right optic disc (disorder)
http://snomed.info/sct	15986191000119105	Congenital coloboma of left optic disc (disorder)
http://snomed.info/sct	15986231000119101	Congenital anomaly of right optic disc (disorder)
http://snomed.info/sct	15986271000119103	Congenital anomaly of bilateral optic discs (disorder)
http://snomed.info/sct	15986311000119103	Congenital anomaly of left optic disc (disorder)
http://snomed.info/sct	15989271000119107	Conjunctivitis of right eye caused by herpes zoster virus (disorder)
http://snomed.info/sct	15989311000119107	Conjunctivitis of bilateral eyes caused by herpes zoster virus (disorder)
http://snomed.info/sct	15989351000119108	Conjunctivitis of left eye caused by herpes zoster virus (disorder)
http://snomed.info/sct	15992271000119100	Keratitis of right eye due to herpes zoster (disorder)
http://snomed.info/sct	15992311000119100	Keratitis of left eye due to herpes zoster (disorder)
http://snomed.info/sct	15992631000119101	Neuroretinitis of right eye (disorder)
http://snomed.info/sct	15992671000119103	Neuroretinitis of left eye (disorder)
http://snomed.info/sct	15992711000119104	Neuroretinitis of bilateral eyes (disorder)
http://snomed.info/sct	16001911000119103	Clonic hemifacial spasm of right facial muscle (disorder)
http://snomed.info/sct	16001951000119102	Clonic hemifacial spasm of left facial muscle (disorder)
http://snomed.info/sct	16005071000119109	Disorder of right axillary nerve (disorder)
http://snomed.info/sct	16005111000119102	Disorder of left axillary nerve (disorder)
http://snomed.info/sct	16005191000119106	Neuralgic amyotrophy of left brachial plexus (disorder)
http://snomed.info/sct	16005231000119102	Neuralgic amyotrophy of right brachial plexus (disorder)
http://snomed.info/sct	16005271000119104	Brachial neuritis of bilateral upper limbs (disorder)
http://snomed.info/sct	16005311000119104	Neuralgic amyotrophy of bilateral brachial plexus (disorder)
http://snomed.info/sct	16006009	Traumatic injury of deep peroneal nerve (disorder)
http://snomed.info/sct	16026471000119103	Disorder of right suprascapular nerve (disorder)
http://snomed.info/sct	16026511000119107	Disorder of peripheral nerve of bilateral upper limbs (disorder)
http://snomed.info/sct	16026551000119108	Peripheral neuropathy of bilateral lower limbs (disorder)
http://snomed.info/sct	16026591000119103	Auriculotemporal syndrome of right auriculotemporal nerve (disorder)
http://snomed.info/sct	16026631000119103	Auriculotemporal syndrome of left auriculotemporal nerve (disorder)
http://snomed.info/sct	16026751000119100	Radiculopathy of thoracolumbar spine due to disc disorder (disorder)
http://snomed.info/sct	16026871000119101	Disorder of left suprascapular nerve (disorder)
http://snomed.info/sct	16053951000119108	Polyneuropathy caused by ionizing radiation (disorder)
http://snomed.info/sct	16054391000119102	Congenital hypoplasia of right optic nerve (disorder)
http://snomed.info/sct	16054431000119107	Congenital hypoplasia of left optic nerve (disorder)
http://snomed.info/sct	16054471000119105	Congenital hypoplasia of bilateral optic nerves (disorder)
http://snomed.info/sct	16056231000119104	Lesion of left lumbosacral plexus (disorder)
http://snomed.info/sct	16056271000119101	Lesion of right lumbosacral plexus (disorder)
http://snomed.info/sct	16057351000119103	Neuralgia of left glossopharyngeal nerve (disorder)
http://snomed.info/sct	16057391000119108	Neuralgia of right glossopharyngeal nerve (disorder)
http://snomed.info/sct	16057431000119103	Disorder of right facial nerve (disorder)
http://snomed.info/sct	16057471000119100	Facial palsy House-Brackmann grade VI of right facial nerve (disorder)
http://snomed.info/sct	16057511000119109	Facial palsy House-Brackmann grade VI of left facial nerve (disorder)
http://snomed.info/sct	16057551000119105	Facial palsy House-Brackmann grade V of right facial nerve (disorder)
http://snomed.info/sct	16057591000119100	Facial palsy House-Brackmann grade V of left facial nerve (disorder)
http://snomed.info/sct	16057631000119100	Facial palsy House-Brackmann grade II of right facial nerve (disorder)
http://snomed.info/sct	16057671000119102	Facial palsy House-Brackmann grade II of left facial nerve (disorder)
http://snomed.info/sct	16057711000119103	Facial palsy House-Brackmann grade III of right facial nerve (disorder)
http://snomed.info/sct	16057751000119102	Facial palsy House-Brackmann grade III of left facial nerve (disorder)
http://snomed.info/sct	16057791000119107	Facial palsy House-Brackmann grade IV of right facial nerve (disorder)
http://snomed.info/sct	16057831000119101	Facial palsy House-Brackmann grade IV of left facial nerve (disorder)
http://snomed.info/sct	16057951000119104	Disorder of left facial nerve (disorder)
http://snomed.info/sct	16057991000119109	Disorder of left trigeminal nerve (disorder)
http://snomed.info/sct	16058031000119107	Disorder of right trigeminal nerve (disorder)
http://snomed.info/sct	16058071000119105	Disorder of left glossopharyngeal nerve (disorder)
http://snomed.info/sct	16058111000119103	Disorder of right glossopharyngeal nerve (disorder)
http://snomed.info/sct	16058151000119102	Disorder of right accessory nerve (disorder)
http://snomed.info/sct	16058191000119107	Disorder of left accessory nerve (disorder)
http://snomed.info/sct	16058231000119103	Brachial plexopathy of right upper limb (disorder)
http://snomed.info/sct	16058271000119100	Brachial plexopathy of left upper limb (disorder)
http://snomed.info/sct	16058311000119100	Disorder of left lumbosacral plexus (disorder)
http://snomed.info/sct	16058351000119104	Brachial plexopathy of bilateral upper limbs (disorder)
http://snomed.info/sct	16058391000119109	Disorder of right lumbosacral plexus (disorder)
http://snomed.info/sct	16064691000119103	Disorder due to and following toxic polyneuropathy (disorder)
http://snomed.info/sct	16077211000119109	Polyneuropathy caused by Borrelia species (disorder)
http://snomed.info/sct	16077291000119100	Cranial neuritis caused by Borrelia species (disorder)
http://snomed.info/sct	16206181000119108	Neurogenic thoracic outlet syndrome of bilateral brachial plexus (disorder)
http://snomed.info/sct	16206261000119105	Entrapment of bilateral ulnar nerves at wrist (disorder)
http://snomed.info/sct	16206301000119102	Disorder of bilateral ulnar nerves (disorder)
http://snomed.info/sct	16206341000119100	Entrapment of bilateral ulnar nerves at elbow (disorder)
http://snomed.info/sct	16206381000119105	Entrapment of bilateral ulnar nerves (disorder)
http://snomed.info/sct	16206461000119106	Posterior interosseous nerve syndrome of bilateral posterior interosseous nerves (disorder)
http://snomed.info/sct	16206541000119108	Disorder of bilateral radial nerves (disorder)
http://snomed.info/sct	16206661000119108	Reflex sympathetic dystrophy of bilateral upper limbs (disorder)
http://snomed.info/sct	16206701000119101	Disorder of bilateral sciatic nerves (disorder)
http://snomed.info/sct	16206741000119104	Piriformis syndrome of bilateral lower limbs (disorder)
http://snomed.info/sct	16206781000119109	Meralgia paresthetica of bilateral lower limbs (disorder)
http://snomed.info/sct	16206821000119104	Disorder of bilateral femoral nerves (disorder)
http://snomed.info/sct	16206901000119103	Tarsal tunnel syndrome of bilateral posterior tibial nerves (disorder)
http://snomed.info/sct	16206941000119101	Morton neuroma of bilateral feet (disorder)
http://snomed.info/sct	16206981000119106	Entrapment of bilateral ilioinguinal nerves (disorder)
http://snomed.info/sct	16207031000119109	Disorder of bilateral superficial peroneal nerves (disorder)
http://snomed.info/sct	16207211000119105	Disorder of bilateral lumbosacral plexus (disorder)
http://snomed.info/sct	16217941000119102	Lesion of thoracic nerve root (disorder)
http://snomed.info/sct	16376191000119109	Arteritic anterior ischemic optic neuropathy of bilateral eyes (disorder)
http://snomed.info/sct	16376241000119109	Arteritic anterior ischemic optic neuropathy of left eye (disorder)
http://snomed.info/sct	16376391000119106	Arteritic anterior ischemic optic neuropathy of right eye (disorder)
http://snomed.info/sct	16414611000119100	Primary malignant neoplasm of peripheral nerves of left upper limb (disorder)
http://snomed.info/sct	16415791000119104	Myasthenia gravis in remission (disorder)
http://snomed.info/sct	16594841000119106	Acoustic neuroma of right vestibular nerve (disorder)
http://snomed.info/sct	16594881000119101	Acoustic neuroma of left vestibular nerve (disorder)
http://snomed.info/sct	16636151000119109	Lesion of bilateral tibial nerves (disorder)
http://snomed.info/sct	16636281000119109	Lesion of bilateral sciatic nerves (disorder)
http://snomed.info/sct	16636321000119104	Disorder of bilateral axillary nerves (disorder)
http://snomed.info/sct	16636401000119100	Mononeuropathy of bilateral upper limbs (disorder)
http://snomed.info/sct	16636451000119101	Lesion of bilateral ulnar nerves (disorder)
http://snomed.info/sct	16636581000119107	Disorder of bilateral suprascapular nerves (disorder)
http://snomed.info/sct	16636671000119108	Lesion of bilateral median nerves (disorder)
http://snomed.info/sct	16636741000119106	Lesion of bilateral radial nerves (disorder)
http://snomed.info/sct	16636821000119106	Disorder of bilateral median nerves (disorder)
http://snomed.info/sct	16636861000119101	Lesion of bilateral common peroneal nerves (disorder)
http://snomed.info/sct	16636931000119100	Lesion of bilateral femoral nerves (disorder)
http://snomed.info/sct	16637001000119108	Lesion of bilateral plantar nerves (disorder)
http://snomed.info/sct	16637211000119100	Disorder of bilateral ilioinguinal nerves (disorder)
http://snomed.info/sct	16637291000119109	Disorder of bilateral tibial nerves (disorder)
http://snomed.info/sct	16637351000119109	Disorder of bilateral deep peroneal nerves (disorder)
http://snomed.info/sct	16637451000119103	Disorder of bilateral sural nerves (disorder)
http://snomed.info/sct	16637571000119106	Disorder of bilateral common peroneal nerves at head of fibula (disorder)
http://snomed.info/sct	16637661000119104	Disorder of bilateral common peroneal nerves at lateral popliteal branch (disorder)
http://snomed.info/sct	16637761000119107	Disorder of bilateral common peroneal nerves (disorder)
http://snomed.info/sct	16637831000119106	Disorder of bilateral genitofemoral nerves (disorder)
http://snomed.info/sct	16637901000119109	Disorder of bilateral obturator nerves (disorder)
http://snomed.info/sct	16637971000119104	Disorder of bilateral lateral plantar nerves (disorder)
http://snomed.info/sct	16638481000119109	Entrapment of peripheral nerve of bilateral hands (disorder)
http://snomed.info/sct	16638551000119101	Entrapment of bilateral common peroneal nerves (disorder)
http://snomed.info/sct	16638691000119105	Entrapment of bilateral genitofemoral nerves (disorder)
http://snomed.info/sct	16638861000119102	Entrapment of bilateral superficial peroneal nerves (disorder)
http://snomed.info/sct	16638901000119108	Entrapment of bilateral sural nerves (disorder)
http://snomed.info/sct	16638971000119103	Entrapment of bilateral obturator nerves (disorder)
http://snomed.info/sct	16639121000119107	Entrapment of bilateral plantar nerves (disorder)
http://snomed.info/sct	16639181000119106	Entrapment of bilateral deep peroneal nerves (disorder)
http://snomed.info/sct	16639391000119106	Entrapment of peripheral nerve of bilateral upper limbs (disorder)
http://snomed.info/sct	16639501000119109	Entrapment of peripheral nerve of bilateral lower limbs (disorder)
http://snomed.info/sct	16639981000119109	Entrapment of bilateral radial nerves (disorder)
http://snomed.info/sct	16640121000119100	Entrapment of bilateral musculocutaneous nerves (disorder)
http://snomed.info/sct	16641061000119103	Inflammation of peripheral nerve of bilateral upper limbs (disorder)
http://snomed.info/sct	16641241000119106	Inflammation of bilateral ilioinguinal nerves (disorder)
http://snomed.info/sct	16641311000119104	Inflammation of bilateral saphenous nerves (disorder)
http://snomed.info/sct	16641401000119105	Inflammation of bilateral iliohypogastric nerves (disorder)
http://snomed.info/sct	16641521000119102	Inflammation of peripheral nerve of bilateral ankles (disorder)
http://snomed.info/sct	16641561000119107	Inflammation of peripheral nerve of bilateral feet (disorder)
http://snomed.info/sct	16644004	Radial neuropathy (disorder)
http://snomed.info/sct	16650161000119108	Lesion of right cervical spinal nerve root (disorder)
http://snomed.info/sct	16650241000119101	Lesion of left lumbosacral nerve root (disorder)
http://snomed.info/sct	16650301000119105	Lesion of left cervical spinal nerve root (disorder)
http://snomed.info/sct	16650341000119107	Lesion of right lumbosacral nerve root (disorder)
http://snomed.info/sct	16839401000119104	Low back pain co-occurrent with neuralgia of left sciatic nerve (disorder)
http://snomed.info/sct	16846261000119106	Compression of cauda equina (disorder)
http://snomed.info/sct	16863701000119102	Anterior interosseous nerve syndrome of bilateral upper limbs (disorder)
http://snomed.info/sct	16864831000119104	Lumbar radiculitis (disorder)
http://snomed.info/sct	16903441000119104	Compression of bilateral median nerves at elbow (disorder)
http://snomed.info/sct	16907601000119106	Bilateral hemifacial spasm (disorder)
http://snomed.info/sct	16917161000119101	Disorder of right abducens nerve (disorder)
http://snomed.info/sct	16917201000119106	Disorder of bilateral abducens nerves (disorder)
http://snomed.info/sct	16917241000119108	Disorder of left abducens nerve (disorder)
http://snomed.info/sct	17111003	Postinfectious neuralgia (disorder)
http://snomed.info/sct	172276003	Avulsion of nerve of eyelid (disorder)
http://snomed.info/sct	17393007	Hyperabduction syndrome (disorder)
http://snomed.info/sct	1767005	Fishers syndrome (disorder)
http://snomed.info/sct	17689009	Median nerve neuritis (disorder)
http://snomed.info/sct	17769000	Injury of cranial nerve (disorder)
http://snomed.info/sct	17787002	Peripheral neuritis in pregnancy (disorder)
http://snomed.info/sct	17940001	Toxic neuromuscular junction disorder (disorder)
http://snomed.info/sct	17974002	Post-herpetic trigeminal neuralgia (disorder)
http://snomed.info/sct	1852004	Traumatic injury of abducens nerve (disorder)
http://snomed.info/sct	186738001	Epidemic vertigo (disorder)
http://snomed.info/sct	18708008	Hypertrophic interstitial neuropathy (disorder)
http://snomed.info/sct	18801000119100	Multiple cranial neuropathy (disorder)
http://snomed.info/sct	188307009	Malignant neoplasm of cranial nerve (disorder)
http://snomed.info/sct	188321006	Malignant neoplasm of peripheral nerves and autonomic nervous system (disorder)
http://snomed.info/sct	188322004	Malignant neoplasm of peripheral nerves of head, face and neck (disorder)
http://snomed.info/sct	188323009	Malignant neoplasm of peripheral nerves of upper limb, including shoulder (disorder)
http://snomed.info/sct	188324003	Malignant neoplasm of peripheral nerves of lower limb, including hip (disorder)
http://snomed.info/sct	188325002	Malignant neoplasm of peripheral nerve of thorax (disorder)
http://snomed.info/sct	188326001	Malignant neoplasm of peripheral nerve of abdomen (disorder)
http://snomed.info/sct	188327005	Malignant neoplasm of peripheral nerve of pelvis (disorder)
http://snomed.info/sct	191471000	Korsakovs alcoholic psychosis with peripheral neuritis (disorder)
http://snomed.info/sct	19191000119106	Neoplasm of uncertain behavior of peripheral nerve (disorder)
http://snomed.info/sct	19206003	Syphilitic acoustic neuritis (disorder)
http://snomed.info/sct	192781003	Leukodystrophy (disorder)
http://snomed.info/sct	192782005	Galactosylceramide beta-galactosidase deficiency (disorder)
http://snomed.info/sct	192915005	Paralysis of cervical sympathetic trunk (disorder)
http://snomed.info/sct	192918007	Autonomic neuropathy due to amyloidosis (disorder)
http://snomed.info/sct	192970008	Cauda equina syndrome (disorder)
http://snomed.info/sct	192971007	Cauda equina syndrome not affecting bladder (disorder)
http://snomed.info/sct	193093009	Bells palsy (disorder)
http://snomed.info/sct	193101001	Multiple cranial nerve palsies in sarcoidosis (disorder)
http://snomed.info/sct	193102008	Multiple cranial nerve palsies in neoplastic disease (disorder)
http://snomed.info/sct	193120004	Nerve root and plexus compressions in spondylosis (disorder)
http://snomed.info/sct	193129003	Median nerve compression in forearm (disorder)
http://snomed.info/sct	193130008	Anterior interosseous nerve lesion (disorder)
http://snomed.info/sct	193134004	Ulnar nerve entrapment at wrist (disorder)
http://snomed.info/sct	193137006	Lesion of radial nerve (disorder)
http://snomed.info/sct	193138001	Lesion of sensory branch of radial nerve (disorder)
http://snomed.info/sct	193139009	Posterior interosseous nerve lesion (disorder)
http://snomed.info/sct	193141005	Mononeuritis multiplex due to diabetes mellitus (disorder)
http://snomed.info/sct	193148004	Plantar nerve lesion (disorder)
http://snomed.info/sct	193152004	Deep peroneal nerve lesion (disorder)
http://snomed.info/sct	193165008	Neuropathy in association with hereditary ataxia (disorder)
http://snomed.info/sct	193174005	Post-infectious polyneuritis (disorder)
http://snomed.info/sct	193177003	Polyneuropathy in collagen vascular disease (disorder)
http://snomed.info/sct	193178008	Polyneuropathy in disseminated lupus erythematosus (disorder)
http://snomed.info/sct	193179000	Polyneuropathy in polyarteritis nodosa (disorder)
http://snomed.info/sct	193180002	Polyneuropathy in rheumatoid arthritis (disorder)
http://snomed.info/sct	193183000	Acute painful neuropathy due to diabetes mellitus (disorder)
http://snomed.info/sct	193184006	Chronic painful neuropathy due to diabetes mellitus (disorder)
http://snomed.info/sct	193185007	Asymptomatic neuropathy due to diabetes mellitus (disorder)
http://snomed.info/sct	193186008	Polyneuropathy associated with another disorder (disorder)
http://snomed.info/sct	193187004	Polyneuropathy due to amyloidosis (disorder)
http://snomed.info/sct	193188009	Polyneuropathy due to vitamin B deficiency (disorder)
http://snomed.info/sct	193190005	Polyneuropathy in herpes zoster (disorder)
http://snomed.info/sct	193191009	Neuropathy associated with hypoglycemia (disorder)
http://snomed.info/sct	193193007	Polyneuropathy in pellagra (disorder)
http://snomed.info/sct	193195000	Sarcoid neuropathy (disorder)
http://snomed.info/sct	193196004	Uremic polyneuropathy (disorder)
http://snomed.info/sct	193203006	Serum neuropathy (disorder)
http://snomed.info/sct	193206003	Persistent neonatal myasthenia gravis (disorder)
http://snomed.info/sct	193207007	Juvenile or adult myasthenia gravis (disorder)
http://snomed.info/sct	193209005	Myasthenic syndrome due to another disorder (disorder)
http://snomed.info/sct	193212008	Myasthenic syndrome due to hypothyroidism (disorder)
http://snomed.info/sct	193213003	Myasthenic syndrome due to pernicious anemia (disorder)
http://snomed.info/sct	193214009	Myasthenic syndrome due to thyrotoxicosis (disorder)
http://snomed.info/sct	19378003	Pseudotabes due to diabetes mellitus (disorder)
http://snomed.info/sct	194043004	Optic atrophy secondary to retinal disease (disorder)
http://snomed.info/sct	194057002	Disorder of optic chiasm due to pituitary disorder (disorder)
http://snomed.info/sct	194058007	Disorder of optic chiasm due to non-pituitary neoplasm (disorder)
http://snomed.info/sct	194059004	Disorder of optic chiasm due to vascular disorder (disorder)
http://snomed.info/sct	194060009	Inflammatory disorder of optic chiasm (disorder)
http://snomed.info/sct	194118007	Partial oculomotor nerve palsy (disorder)
http://snomed.info/sct	194119004	Total oculomotor nerve palsy (disorder)
http://snomed.info/sct	19448008	Optic atrophy associated with retinal dystrophy (disorder)
http://snomed.info/sct	19735005	Incipient prechiasmal optic nerve compression syndrome (disorder)
http://snomed.info/sct	201724008	Neuropathic arthropathy due to diabetes mellitus (disorder)
http://snomed.info/sct	202688001	Thoracic spondylosis with radiculopathy (disorder)
http://snomed.info/sct	202689009	Single-level thoracic spondylosis with radiculopathy (disorder)
http://snomed.info/sct	202690000	Two-level thoracic spondylosis with radiculopathy (disorder)
http://snomed.info/sct	202692008	Multiple-level thoracic spondylosis with radiculopathy (disorder)
http://snomed.info/sct	202693003	Lumbosacral spondylosis with radiculopathy (disorder)
http://snomed.info/sct	202694009	Single-level lumbosacral spondylosis with radiculopathy (disorder)
http://snomed.info/sct	202695005	Two-level lumbosacral spondylosis with radiculopathy (disorder)
http://snomed.info/sct	202696006	Multiple-level lumbosacral spondylosis with radiculopathy (disorder)
http://snomed.info/sct	202733008	Cervical disc prolapse with radiculopathy (disorder)
http://snomed.info/sct	202735001	Lumbar disc prolapse with radiculopathy (disorder)
http://snomed.info/sct	202794004	Lumbago with sciatica (disorder)
http://snomed.info/sct	202796002	Thoracic and lumbosacral neuritis (disorder)
http://snomed.info/sct	2040007	Neurogenic thoracic outlet syndrome (disorder)
http://snomed.info/sct	204086002	Brachial plexus displacement (disorder)
http://snomed.info/sct	20447006	Plasma cell dyscrasia with polyneuropathy (disorder)
http://snomed.info/sct	204740005	Long segment Hirschsprungs disease (disorder)
http://snomed.info/sct	204741009	Short segment Hirschsprungs disease (disorder)
http://snomed.info/sct	204745000	Total intestinal aganglionosis (disorder)
http://snomed.info/sct	20610004	Fourth nerve palsy (disorder)
http://snomed.info/sct	206226005	Brachial plexus palsy due to birth trauma (disorder)
http://snomed.info/sct	206228006	Birth plexus injury - whole plexus (disorder)
http://snomed.info/sct	206233005	Birth injury to phrenic nerve (disorder)
http://snomed.info/sct	206234004	Cranial nerve injury due to birth trauma (disorder)
http://snomed.info/sct	206235003	Peripheral nerve injury due to birth trauma (disorder)
http://snomed.info/sct	2065009	Dominant hereditary optic atrophy (disorder)
http://snomed.info/sct	20725005	Familial visceral neuropathy (disorder)
http://snomed.info/sct	208060001	Cauda equina lesion co-occurrent and due to closed spinal fracture (disorder)
http://snomed.info/sct	208067003	Cauda equina lesion co-occurrent and due to open spinal fracture (disorder)
http://snomed.info/sct	208071000	Complete cauda equina lesion co-occurrent and due to closed fracture of sacrum (disorder)
http://snomed.info/sct	208078006	Complete cauda equina lesion co-occurrent and due to open fracture of sacrum (disorder)
http://snomed.info/sct	209086000	Closed spinal dislocation with cauda equina lesion (disorder)
http://snomed.info/sct	209102002	Open spinal dislocation with cauda equina lesion (disorder)
http://snomed.info/sct	209182000	Closed spinal subluxation with cauda equina lesion (disorder)
http://snomed.info/sct	209197002	Open spinal subluxation with cauda equina lesion (disorder)
http://snomed.info/sct	21018002	Inflammatory neuropathy (disorder)
http://snomed.info/sct	21098003	Primary optic atrophy (disorder)
http://snomed.info/sct	211236007	Scalenus anticus syndrome (disorder)
http://snomed.info/sct	212145003	Injury to oculomotor nerve (disorder)
http://snomed.info/sct	212148001	Closed injury, accessory nerve (disorder)
http://snomed.info/sct	212149009	Open injury, accessory nerve (disorder)
http://snomed.info/sct	212192004	Closed injury cauda equina (disorder)
http://snomed.info/sct	212193009	Open injury cauda equina (disorder)
http://snomed.info/sct	212197005	Cervical nerve root injury - C1 (disorder)
http://snomed.info/sct	212198000	Cervical nerve root injury - C2 (disorder)
http://snomed.info/sct	212199008	Cervical nerve root injury - C3 (disorder)
http://snomed.info/sct	212200006	Cervical nerve root injury - C4 (disorder)
http://snomed.info/sct	212201005	Cervical nerve root injury - C5 (disorder)
http://snomed.info/sct	212202003	Cervical nerve root injury - C6 (disorder)
http://snomed.info/sct	212203008	Cervical nerve root injury - C7 (disorder)
http://snomed.info/sct	212205001	Cervical nerve root injury - C8 (disorder)
http://snomed.info/sct	212206000	Thoracic nerve root injury - T1 (disorder)
http://snomed.info/sct	212207009	Thoracic nerve root injury - T2 (disorder)
http://snomed.info/sct	212208004	Thoracic nerve root injury - T3 (disorder)
http://snomed.info/sct	212209007	Thoracic nerve root injury - T4 (disorder)
http://snomed.info/sct	212210002	Thoracic nerve root injury - T5 (disorder)
http://snomed.info/sct	212211003	Thoracic nerve root injury - T6 (disorder)
http://snomed.info/sct	212212005	Thoracic nerve root injury - T7 (disorder)
http://snomed.info/sct	212213000	Thoracic nerve root injury - T8 (disorder)
http://snomed.info/sct	212214006	Thoracic nerve root injury - T9 (disorder)
http://snomed.info/sct	212215007	Thoracic nerve root injury - T10 (disorder)
http://snomed.info/sct	212216008	Thoracic nerve root injury - T11 (disorder)
http://snomed.info/sct	212217004	Thoracic nerve root injury - T12 (disorder)
http://snomed.info/sct	212218009	Lumbar nerve root injury - L1 (disorder)
http://snomed.info/sct	212219001	Lumbar nerve root injury - L2 (disorder)
http://snomed.info/sct	212220007	Lumbar nerve root injury - L3 (disorder)
http://snomed.info/sct	212221006	Lumbar nerve root injury - L4 (disorder)
http://snomed.info/sct	212222004	Lumbar nerve root injury - L5 (disorder)
http://snomed.info/sct	212223009	Sacral nerve root injury - S1 (disorder)
http://snomed.info/sct	212224003	Sacral nerve root injury - S2 (disorder)
http://snomed.info/sct	212225002	Sacral nerve root injury - S3 (disorder)
http://snomed.info/sct	212226001	Sacral nerve root injury - S4 (disorder)
http://snomed.info/sct	212227005	Sacral nerve root injury - S5 (disorder)
http://snomed.info/sct	212228000	Closed injury, brachial plexus, upper roots (disorder)
http://snomed.info/sct	212229008	Closed injury, brachial plexus, lower roots (disorder)
http://snomed.info/sct	212230003	Closed injury, brachial plexus, all roots (complete) (disorder)
http://snomed.info/sct	212231004	Open injury, brachial plexus, upper roots (disorder)
http://snomed.info/sct	212232006	Open injury, brachial plexus, lower roots (disorder)
http://snomed.info/sct	212233001	Open injury, brachial plexus, all roots (complete) (disorder)
http://snomed.info/sct	212234007	Closed injury sacral plexus (disorder)
http://snomed.info/sct	212235008	Open injury sacral plexus (disorder)
http://snomed.info/sct	212242008	Injury of celiac ganglion (disorder)
http://snomed.info/sct	212243003	Injury of celiac plexus (disorder)
http://snomed.info/sct	212246006	Intercostal nerve injury (disorder)
http://snomed.info/sct	212247002	Lateral cutaneous branch T12 injury (disorder)
http://snomed.info/sct	212248007	Iliolumbar nerve injury (disorder)
http://snomed.info/sct	212249004	Injury of iliohypogastric nerve (disorder)
http://snomed.info/sct	212253002	Closed injury, axillary nerve (disorder)
http://snomed.info/sct	212254008	Open injury, axillary nerve (disorder)
http://snomed.info/sct	212255009	Closed injury, median nerve (disorder)
http://snomed.info/sct	212256005	Closed injury, median nerve, palmar sensory branch (disorder)
http://snomed.info/sct	212257001	Closed injury, median nerve, motor branch (disorder)
http://snomed.info/sct	212258006	Open injury, median nerve (disorder)
http://snomed.info/sct	212259003	Open injury, median nerve, palmar sensory branch (disorder)
http://snomed.info/sct	212260008	Open injury, median nerve, motor branch (disorder)
http://snomed.info/sct	212261007	Closed injury, ulnar nerve (disorder)
http://snomed.info/sct	212262000	Closed injury, ulnar nerve, dorsal sensory (disorder)
http://snomed.info/sct	212263005	Closed injury, ulnar nerve, palmar sensory (disorder)
http://snomed.info/sct	212264004	Closed injury, ulnar nerve, deep motor (disorder)
http://snomed.info/sct	212265003	Open injury, ulnar nerve (disorder)
http://snomed.info/sct	212266002	Open injury, ulnar nerve, dorsal sensory (disorder)
http://snomed.info/sct	212267006	Open injury, ulnar nerve, palmar sensory (disorder)
http://snomed.info/sct	212268001	Open injury, ulnar nerve, deep motor (disorder)
http://snomed.info/sct	212269009	Injury of ulnar nerve at wrist and hand level (disorder)
http://snomed.info/sct	212270005	Closed injury of radial nerve (disorder)
http://snomed.info/sct	212271009	Closed injury of sensory branch of radial nerve (disorder)
http://snomed.info/sct	212272002	Open injury of radial nerve (disorder)
http://snomed.info/sct	212273007	Open injury of sensory branch of radial nerve (disorder)
http://snomed.info/sct	212274001	Injury of radial nerve at wrist and hand level (disorder)
http://snomed.info/sct	212275000	Closed injury, musculocutaneous nerve (disorder)
http://snomed.info/sct	212276004	Open injury, musculocutaneous nerve (disorder)
http://snomed.info/sct	212277008	Cutaneous sensory nerve injury of upper limb (disorder)
http://snomed.info/sct	212278003	Closed injury, common digital nerve (disorder)
http://snomed.info/sct	212279006	Closed injury, digital nerve in finger (disorder)
http://snomed.info/sct	212280009	Closed injury, digital nerve, multiple (disorder)
http://snomed.info/sct	212281008	Open injury, common digital nerve (disorder)
http://snomed.info/sct	212282001	Open injury, digital nerve in finger (disorder)
http://snomed.info/sct	212283006	Open injury, digital nerve, multiple (disorder)
http://snomed.info/sct	212284000	Injury of digital nerve of thumb (disorder)
http://snomed.info/sct	212285004	Suprascapular nerve injury (disorder)
http://snomed.info/sct	212286003	Closed injury, suprascapular nerve (disorder)
http://snomed.info/sct	212287007	Open injury, suprascapular nerve (disorder)
http://snomed.info/sct	212288002	Supraclavicular nerve injury (disorder)
http://snomed.info/sct	212289005	Closed injury, supraclavicular nerve (disorder)
http://snomed.info/sct	212290001	Open injury, supraclavicular nerve (disorder)
http://snomed.info/sct	212291002	Long thoracic nerve injury (disorder)
http://snomed.info/sct	212293004	Closed injury, long thoracic nerve (disorder)
http://snomed.info/sct	212294005	Open injury, long thoracic nerve (disorder)
http://snomed.info/sct	212295006	Injury of intercostobrachial nerve (disorder)
http://snomed.info/sct	212296007	Closed injury of intercostobrachial nerve (disorder)
http://snomed.info/sct	212297003	Open injury of intercostobrachial nerve (disorder)
http://snomed.info/sct	212298008	Anterior interosseous nerve injury (disorder)
http://snomed.info/sct	212299000	Closed injury, anterior interosseous nerve (disorder)
http://snomed.info/sct	212300008	Open injury, anterior interosseous nerve (disorder)
http://snomed.info/sct	212301007	Posterior interosseous nerve injury (disorder)
http://snomed.info/sct	212302000	Closed injury, posterior interosseous nerve (disorder)
http://snomed.info/sct	212303005	Open injury, posterior interosseous nerve (disorder)
http://snomed.info/sct	212306002	Shoulder girdle and upper limb multiple nerve injuries (disorder)
http://snomed.info/sct	212307006	Injury of cutaneous sensory nerve at forearm level (disorder)
http://snomed.info/sct	212308001	Injury of multiple nerves at forearm level (disorder)
http://snomed.info/sct	212311000	Closed injury sciatic nerve (disorder)
http://snomed.info/sct	212312007	Open injury sciatic nerve (disorder)
http://snomed.info/sct	212313002	Closed injury femoral nerve (disorder)
http://snomed.info/sct	212314008	Open injury femoral nerve (disorder)
http://snomed.info/sct	212315009	Closed injury posterior tibial nerve (disorder)
http://snomed.info/sct	212316005	Open injury posterior tibial nerve (disorder)
http://snomed.info/sct	212317001	Injury of peroneal nerve (disorder)
http://snomed.info/sct	212318006	Closed injury common peroneal nerve (disorder)
http://snomed.info/sct	212319003	Closed injury superficial peroneal nerve (disorder)
http://snomed.info/sct	212320009	Closed injury deep peroneal nerve (disorder)
http://snomed.info/sct	212321008	Open injury common peroneal nerve (disorder)
http://snomed.info/sct	212322001	Open injury superficial peroneal nerve (disorder)
http://snomed.info/sct	212323006	Open injury deep peroneal nerve (disorder)
http://snomed.info/sct	212325004	Closed injury of cutaneous sensory nerve of lower limb (disorder)
http://snomed.info/sct	212326003	Open injury cutaneous sensory nerve of lower limb (disorder)
http://snomed.info/sct	212327007	Closed injury lateral cutaneous nerve thigh (disorder)
http://snomed.info/sct	212328002	Open injury lateral cutaneous nerve thigh (disorder)
http://snomed.info/sct	212329005	Injury of multiple nerves at hip and thigh level (disorder)
http://snomed.info/sct	212331001	Injury of multiple nerves at lower leg level (disorder)
http://snomed.info/sct	212333003	Injury of nerves at ankle and foot level (disorder)
http://snomed.info/sct	212334009	Injury of lateral plantar nerve (disorder)
http://snomed.info/sct	212335005	Injury of medial plantar nerve (disorder)
http://snomed.info/sct	212336006	Injury of cutaneous sensory nerve at ankle and foot level (disorder)
http://snomed.info/sct	212337002	Injury of multiple nerves at ankle and foot level (disorder)
http://snomed.info/sct	212343000	Closed injury obturator nerve (disorder)
http://snomed.info/sct	212344006	Open injury obturator nerve (disorder)
http://snomed.info/sct	212345007	Closed injury pudendal nerve (disorder)
http://snomed.info/sct	212346008	Open injury pudendal nerve (disorder)
http://snomed.info/sct	212347004	Pelvic girdle and lower limb multiple nerve injuries (disorder)
http://snomed.info/sct	212351002	Injury of peripheral nerves of neck (disorder)
http://snomed.info/sct	212357003	Injury of nerves and spinal cord at thorax level (disorder)
http://snomed.info/sct	212362002	Injury of ulnar nerve at upper arm level (disorder)
http://snomed.info/sct	212363007	Injury of multiple nerves at shoulder and upper arm level (disorder)
http://snomed.info/sct	213197002	Disruption of nerve repair (disorder)
http://snomed.info/sct	213267001	Injury to nerve during surgery (disorder)
http://snomed.info/sct	213383004	Injuries of brain and cranial nerves with injuries of nerves and spinal cord at neck level (disorder)
http://snomed.info/sct	21361000119109	Paraneoplastic peripheral neuropathy (disorder)
http://snomed.info/sct	21615003	Autonomic facial cephalgia (disorder)
http://snomed.info/sct	21651000119104	Injury of nerve of neonate due to birth trauma (disorder)
http://snomed.info/sct	2169001	Thoracic radiculitis (disorder)
http://snomed.info/sct	2177002	Postherpetic neuralgia (disorder)
http://snomed.info/sct	21860004	Acoustic neuritis (disorder)
http://snomed.info/sct	21954000	Herpes zoster auricularis (disorder)
http://snomed.info/sct	2231001	Nerve plexus disorder (disorder)
http://snomed.info/sct	22386003	Syphilitic optic atrophy (disorder)
http://snomed.info/sct	22722001	Idiopathic peripheral neuropathy (disorder)
http://snomed.info/sct	230246005	Progressive bulbar palsy of childhood (disorder)
http://snomed.info/sct	230263009	Autosomal dominant spastic paraplegia type 17 (disorder)
http://snomed.info/sct	230312006	Aicardi Goutieres syndrome (disorder)
http://snomed.info/sct	230335009	Facial tic disorder (disorder)
http://snomed.info/sct	230367007	Neuroaxonal leukodystrophy (disorder)
http://snomed.info/sct	230368002	Type III transitional Pelizaeus-Merzbacher disease (disorder)
http://snomed.info/sct	230369005	Type IV adult Pelizaeus-Merzbacher disease (disorder)
http://snomed.info/sct	230370006	Type V atypical Pelizaeus-Merzbacher disease (disorder)
http://snomed.info/sct	230371005	Type VI Cockayne Pelizaeus-Merzbacher disease (disorder)
http://snomed.info/sct	230504002	Tilted optic disc (disorder)
http://snomed.info/sct	230506000	Myelinated nerve fibers of optic disc (disorder)
http://snomed.info/sct	230507009	Retrobulbar neuritis (disorder)
http://snomed.info/sct	230508004	Arteritic ischemic optic neuropathy (disorder)
http://snomed.info/sct	230509007	Non-arteritic ischemic optic neuropathy (disorder)
http://snomed.info/sct	230511003	Optic atrophy secondary to papilledema (disorder)
http://snomed.info/sct	230513000	Avulsion of optic nerve (disorder)
http://snomed.info/sct	230517004	Compression of optic chiasm (disorder)
http://snomed.info/sct	230534007	Trigeminal nerve compression (disorder)
http://snomed.info/sct	230535008	Trigeminal nerve inflammation (disorder)
http://snomed.info/sct	230536009	Acute trigeminal herpes zoster (disorder)
http://snomed.info/sct	230537000	Idiopathic trigeminal neuralgia (disorder)
http://snomed.info/sct	230538005	Secondary trigeminal neuralgia (disorder)
http://snomed.info/sct	230539002	Cluster tic syndrome (disorder)
http://snomed.info/sct	230540000	Idiopathic trigeminal neuropathy (disorder)
http://snomed.info/sct	230541001	Congenital disorder of facial nerve (disorder)
http://snomed.info/sct	230542008	Congenital facial nerve palsy (disorder)
http://snomed.info/sct	230545005	Compression facial neuropathy (disorder)
http://snomed.info/sct	230546006	Familial facial nerve palsy (disorder)
http://snomed.info/sct	230549004	Multiple cranial nerve palsies of ocular motor nerves (disorder)
http://snomed.info/sct	230553002	Autosomal dominant sensory neuropathy (disorder)
http://snomed.info/sct	230556005	X-linked recessive sensory neuropathy (disorder)
http://snomed.info/sct	230557001	Hereditary dysautonomia with motor neuropathy (disorder)
http://snomed.info/sct	230558006	Hereditary liability to pressure palsies (disorder)
http://snomed.info/sct	230559003	Hereditary hypertrophic neuropathy with paraproteinemia (disorder)
http://snomed.info/sct	230560008	Congenital polyneuropathy (disorder)
http://snomed.info/sct	23056005	Sciatica (disorder)
http://snomed.info/sct	230562000	Congenital hypomyelinating neuropathy (disorder)
http://snomed.info/sct	230563005	Late congenital syphilitic polyneuropathy (disorder)
http://snomed.info/sct	230564004	Chronic inflammatory demyelinating polyradiculoneuropathy with central nervous system demyelination (disorder)
http://snomed.info/sct	230565003	Inflammatory lumbosacral plexus neuropathy (disorder)
http://snomed.info/sct	230567006	Neuropathy due to folic acid deficiency (disorder)
http://snomed.info/sct	230568001	Neuropathy due to vitamin B6 deficiency (disorder)
http://snomed.info/sct	230569009	Neuropathy due to vitamin E deficiency (disorder)
http://snomed.info/sct	230570005	Burning feet syndrome (disorder)
http://snomed.info/sct	230571009	Neuropathy associated with endocrine disorder (disorder)
http://snomed.info/sct	230572002	Neuropathy due to diabetes mellitus (disorder)
http://snomed.info/sct	230574001	Acute painful polyneuropathy due to diabetes mellitus (disorder)
http://snomed.info/sct	230575000	Chronic painful polyneuropathy due to diabetes mellitus (disorder)
http://snomed.info/sct	230576004	Asymmetric polyneuropathy due to diabetes mellitus (disorder)
http://snomed.info/sct	230577008	Mononeuropathy due to diabetes mellitus (disorder)
http://snomed.info/sct	230579006	Thoracic radiculopathy due to diabetes mellitus (disorder)
http://snomed.info/sct	230580009	Myxedema neuropathy (disorder)
http://snomed.info/sct	230581008	Neuropathy in acromegaly (disorder)
http://snomed.info/sct	230584000	Neuropathy in blood dyscrasias (disorder)
http://snomed.info/sct	230585004	Neuropathy associated with dysproteinemias (disorder)
http://snomed.info/sct	230586003	Neuropathy due to multiple myeloma (disorder)
http://snomed.info/sct	230587007	Neuropathy in macroglobulinemia (disorder)
http://snomed.info/sct	230589005	Neuropathy in cryoglobulinemia (disorder)
http://snomed.info/sct	230590001	Neuropathy in benign monoclonal gammopathy (disorder)
http://snomed.info/sct	230591002	Motor neuropathy with multiple conduction block (disorder)
http://snomed.info/sct	230593004	Anoxic neuropathy (disorder)
http://snomed.info/sct	230594005	Critical illness polyneuropathy (disorder)
http://snomed.info/sct	230595006	Neuropathy due to infection (disorder)
http://snomed.info/sct	230596007	Diphtheritic neuropathy (disorder)
http://snomed.info/sct	230597003	Intercostal post-herpetic neuralgia (disorder)
http://snomed.info/sct	230598008	Neuropathy caused by human immunodeficiency virus (disorder)
http://snomed.info/sct	230599000	Ischemic neuropathy (disorder)
http://snomed.info/sct	230600002	Neuropathy in arteriosclerotic occlusive disease (disorder)
http://snomed.info/sct	230601003	Neuropathy in thromboangiitis obliterans (disorder)
http://snomed.info/sct	230602005	Embolic infarction of nerve trunk (disorder)
http://snomed.info/sct	230603000	Hemorrhage into nerve trunk (disorder)
http://snomed.info/sct	230604006	Tourniquet palsy (disorder)
http://snomed.info/sct	230605007	Lyme mononeuritis multiplex (disorder)
http://snomed.info/sct	230606008	Ischemic neuropathy due to arterial steal (disorder)
http://snomed.info/sct	230607004	Neuropathy caused by chemical substance (disorder)
http://snomed.info/sct	230608009	Neuropathy caused by organic substance (disorder)
http://snomed.info/sct	230609001	Neuropathy caused by heavy metal (disorder)
http://snomed.info/sct	230610006	Lead neuropathy (disorder)
http://snomed.info/sct	230611005	Neuropathy caused by bacterial toxin (disorder)
http://snomed.info/sct	230612003	Local toxic nerve damage (disorder)
http://snomed.info/sct	230613008	Injection neuropathy (disorder)
http://snomed.info/sct	230614002	Injury of cauda equina (disorder)
http://snomed.info/sct	230616000	Injury of spinal nerve root (disorder)
http://snomed.info/sct	230617009	Lumbosacral plexus neuropathy (disorder)
http://snomed.info/sct	230618004	Injury of abdominal sympathetic plexus (disorder)
http://snomed.info/sct	230619007	Contusion of peripheral nerve (disorder)
http://snomed.info/sct	230620001	Partial division of peripheral nerve (disorder)
http://snomed.info/sct	230621002	Complete division of peripheral nerve (disorder)
http://snomed.info/sct	230622009	Traction injury of peripheral nerve (disorder)
http://snomed.info/sct	230623004	Crush injury of peripheral nerve (disorder)
http://snomed.info/sct	230624005	Electric shock injury of peripheral nerve (disorder)
http://snomed.info/sct	230625006	Cold injury of peripheral nerve (disorder)
http://snomed.info/sct	230626007	Vibration injury of peripheral nerve (disorder)
http://snomed.info/sct	230627003	Compression neuropathy of upper limb (disorder)
http://snomed.info/sct	230628008	Pronator syndrome (disorder)
http://snomed.info/sct	230629000	Supracondylar process entrapment (disorder)
http://snomed.info/sct	230630005	Struther ligament entrapment (disorder)
http://snomed.info/sct	230631009	Ulnar nerve entrapment at elbow (disorder)
http://snomed.info/sct	230633007	Entrapment of deep palmar branch of ulnar nerve (disorder)
http://snomed.info/sct	230634001	Radial nerve compression (disorder)
http://snomed.info/sct	230635000	Suprascapular nerve compression (disorder)
http://snomed.info/sct	230636004	Axillary nerve compression (disorder)
http://snomed.info/sct	230637008	Compression neuropathy of lower limb (disorder)
http://snomed.info/sct	230638003	Sciatic nerve compression (disorder)
http://snomed.info/sct	230639006	Obturator nerve compression (disorder)
http://snomed.info/sct	230640008	Femoral nerve compression (disorder)
http://snomed.info/sct	230641007	Common peroneal nerve compression (disorder)
http://snomed.info/sct	230643005	Tibial nerve compression (disorder)
http://snomed.info/sct	230644004	Medial plantar nerve compression (disorder)
http://snomed.info/sct	230645003	Compression neuropathy of trunk (disorder)
http://snomed.info/sct	230646002	Intercostal neuropathy (disorder)
http://snomed.info/sct	230647006	Abdominal neuropathy (disorder)
http://snomed.info/sct	230648001	Abdominal cutaneous nerve entrapment syndrome (disorder)
http://snomed.info/sct	230649009	Multiple entrapment syndrome (disorder)
http://snomed.info/sct	230650009	Traumatic neuroma (disorder)
http://snomed.info/sct	230655004	Idiopathic chronic neuropathy (disorder)
http://snomed.info/sct	230656003	Demyelinating sensorimotor neuropathy (disorder)
http://snomed.info/sct	230657007	Axonal sensorimotor neuropathy (disorder)
http://snomed.info/sct	230658002	Chronic idiopathic ataxic neuropathy (disorder)
http://snomed.info/sct	230659005	Segmental autonomic dysfunction (disorder)
http://snomed.info/sct	230660000	Segmental hyperhidrosis (disorder)
http://snomed.info/sct	230661001	Segmental hypohidrosis (disorder)
http://snomed.info/sct	230665005	Drug-induced autonomic dysfunction (disorder)
http://snomed.info/sct	230666006	Paraneoplastic autonomic dysfunction (disorder)
http://snomed.info/sct	230669004	Genetically determined myasthenia (disorder)
http://snomed.info/sct	230670003	Familial infantile myasthenia (disorder)
http://snomed.info/sct	230671004	Acetylcholine resynthesis deficiency (disorder)
http://snomed.info/sct	230672006	Congenital myasthenic syndrome (disorder)
http://snomed.info/sct	230673001	Congenital end-plate acetylcholine receptor deficiency (disorder)
http://snomed.info/sct	230674007	Pseudomyopathic myasthenia (disorder)
http://snomed.info/sct	230675008	Slow channel syndrome (disorder)
http://snomed.info/sct	230676009	Putative defect in acetylcholine synthesis or packaging (disorder)
http://snomed.info/sct	230677000	Congenital end-plate acetylcholinesterase deficiency (disorder)
http://snomed.info/sct	230678005	Decrease of motor end-plate potential amplitude without acetylcholine receptor deficiency (disorder)
http://snomed.info/sct	230679002	Abnormality of synaptic vesicles (disorder)
http://snomed.info/sct	230682007	Penicillamine-induced myasthenia (disorder)
http://snomed.info/sct	230683002	Transient neonatal myasthenia gravis (disorder)
http://snomed.info/sct	230684008	Ocular myasthenia (disorder)
http://snomed.info/sct	230685009	Myasthenia gravis associated with thymoma (disorder)
http://snomed.info/sct	230686005	Generalized myasthenia (disorder)
http://snomed.info/sct	230687001	Myopathy in myasthenia gravis (disorder)
http://snomed.info/sct	230784003	Congenital pseudobulbar palsy (disorder)
http://snomed.info/sct	230803002	Disorder of nerve repair (disorder)
http://snomed.info/sct	230804008	Dehiscence of nerve repair (disorder)
http://snomed.info/sct	230805009	Neuroma of nerve repair (disorder)
http://snomed.info/sct	23096007	Cranial neuralgia (disorder)
http://snomed.info/sct	23119003	Injury of superficial nerves of head AND/OR neck (disorder)
http://snomed.info/sct	232021008	Proliferative retinopathy with optic disc neovascularization due to diabetes mellitus (disorder)
http://snomed.info/sct	232034009	Central serous retinopathy with pit of optic disc (disorder)
http://snomed.info/sct	232113004	Vertical retraction syndrome (disorder)
http://snomed.info/sct	232267001	Inflammatory facial neuropathy (disorder)
http://snomed.info/sct	232269003	Acute mastoiditis with facial paralysis (disorder)
http://snomed.info/sct	23414001	Peripheral demyelinating neuropathy (disorder)
http://snomed.info/sct	237612000	Photomyoclonus, diabetes mellitus, deafness, nephropathy and cerebral dysfunction (disorder)
http://snomed.info/sct	238030005	Galactocerebroside beta-galactosidase deficiency - early onset (disorder)
http://snomed.info/sct	238031009	Arylsulfatase A deficiency (disorder)
http://snomed.info/sct	238061001	Neonatal adrenoleukodystrophy (disorder)
http://snomed.info/sct	23880008	Congenital anomaly of peripheral nerve (disorder)
http://snomed.info/sct	24003004	Postinflammatory optic atrophy (disorder)
http://snomed.info/sct	240431004	Cephalic tetanus (disorder)
http://snomed.info/sct	240470005	Herpes zoster involving thoracic dermatome (disorder)
http://snomed.info/sct	240471009	Herpes zoster involving lumbar dermatome (disorder)
http://snomed.info/sct	240472002	Maxillary herpes zoster infection (disorder)
http://snomed.info/sct	240473007	Mandibular herpes zoster infection (disorder)
http://snomed.info/sct	240474001	Multidermatomal herpes zoster infection (disorder)
http://snomed.info/sct	240569007	Syphilitic polyneuropathy (disorder)
http://snomed.info/sct	2415007	Lumbosacral radiculopathy (disorder)
http://snomed.info/sct	241996007	Peripheral nerve decompression injury (disorder)
http://snomed.info/sct	24326000	Metachromatic leukodystrophy, adult type (disorder)
http://snomed.info/sct	243338005	Nerve root compression syndrome (disorder)
http://snomed.info/sct	24408004	Rucksack paralysis (disorder)
http://snomed.info/sct	24654003	Weber-Gubler syndrome (disorder)
http://snomed.info/sct	246602002	Root irritation of non-organic origin (disorder)
http://snomed.info/sct	246611002	Median nerve entrapment (disorder)
http://snomed.info/sct	246781001	Superior oblique myokymia (disorder)
http://snomed.info/sct	246826003	Aberrant III nerve regeneration (disorder)
http://snomed.info/sct	247099009	Optic disc neovascularization (disorder)
http://snomed.info/sct	247204001	Morning glory disc (disorder)
http://snomed.info/sct	247219000	Atrophy of sector of optic disc (disorder)
http://snomed.info/sct	247233000	Optic disc hemorrhage (disorder)
http://snomed.info/sct	247390002	Sciatic nerve palsy (disorder)
http://snomed.info/sct	24777009	Disorder of hypoglossal nerve (disorder)
http://snomed.info/sct	249892007	Progressive pseudobulbar palsy (disorder)
http://snomed.info/sct	25044007	Neuromyelitis optica (disorder)
http://snomed.info/sct	252794008	Obturator nerve paralysis (disorder)
http://snomed.info/sct	253238001	Partial hypoplasia of optic disc (disorder)
http://snomed.info/sct	253239009	Sectorial hypoplasia of optic disc (disorder)
http://snomed.info/sct	25362006	Phytanic acid storage disease (disorder)
http://snomed.info/sct	254972008	Malignant neoplasm of optic nerve and sheath (disorder)
http://snomed.info/sct	254973003	Malignant astrocytoma of optic nerve (disorder)
http://snomed.info/sct	254976006	Optic nerve glioma (disorder)
http://snomed.info/sct	254977002	Benign neoplasm of optic nerve and nerve sheath (disorder)
http://snomed.info/sct	254979004	Melanocytoma of optic nerve head (disorder)
http://snomed.info/sct	254982009	Neoplasm of spinal nerve and sheath (disorder)
http://snomed.info/sct	254983004	Malignant neoplasm of spinal nerve and sheath (disorder)
http://snomed.info/sct	254984005	Benign tumor of spinal nerve and sheath (disorder)
http://snomed.info/sct	254986007	Malignant neoplasm of peripheral nerve (disorder)
http://snomed.info/sct	255124004	Metastasis to peripheral nerve (disorder)
http://snomed.info/sct	255128001	Malignant infiltration of peripheral nerve (disorder)
http://snomed.info/sct	255129009	Malignant infiltration of peripheral nerve plexus (disorder)
http://snomed.info/sct	255522009	Neuromyopathy (disorder)
http://snomed.info/sct	25604001	Traumatic injury of common peroneal nerve (disorder)
http://snomed.info/sct	256321009	Disorder of neuromuscular transmission (disorder)
http://snomed.info/sct	25690000	Femoral neuropathy (disorder)
http://snomed.info/sct	26125006	Toxic optic neuropathy (disorder)
http://snomed.info/sct	262723005	Transection of spinal nerve root (disorder)
http://snomed.info/sct	262724004	Transection of cervical nerve root (disorder)
http://snomed.info/sct	262725003	Transection of thoracic nerve root (disorder)
http://snomed.info/sct	262726002	Transection of lumbar nerve root (disorder)
http://snomed.info/sct	262727006	Transection of sacral nerve root (disorder)
http://snomed.info/sct	262728001	Partial division of spinal nerve root (disorder)
http://snomed.info/sct	262729009	Partial division of cervical nerve root (disorder)
http://snomed.info/sct	262730004	Partial division of thoracic nerve root (disorder)
http://snomed.info/sct	262731000	Partial division of lumbar nerve root (disorder)
http://snomed.info/sct	262732007	Partial division of sacral nerve root (disorder)
http://snomed.info/sct	262733002	Contusion of spinal nerve root (disorder)
http://snomed.info/sct	262734008	Contusion of cervical nerve root (disorder)
http://snomed.info/sct	262735009	Contusion of thoracic nerve root (disorder)
http://snomed.info/sct	262736005	Contusion of lumbar nerve root (disorder)
http://snomed.info/sct	262737001	Contusion of sacral nerve root (disorder)
http://snomed.info/sct	262738006	Traction injury of spinal nerve root (disorder)
http://snomed.info/sct	262740001	Traction injury of cervical nerve root (disorder)
http://snomed.info/sct	262741002	Traction injury of thoracic nerve root (disorder)
http://snomed.info/sct	262742009	Traction injury of lumbar nerve root (disorder)
http://snomed.info/sct	262743004	Traction injury of sacral nerve root (disorder)
http://snomed.info/sct	262744005	Avulsion of spinal nerve root (disorder)
http://snomed.info/sct	262745006	Avulsion of cervical nerve root (disorder)
http://snomed.info/sct	262746007	Avulsion of thoracic nerve root (disorder)
http://snomed.info/sct	262747003	Avulsion of lumbar nerve root (disorder)
http://snomed.info/sct	262748008	Avulsion of sacral nerve root (disorder)
http://snomed.info/sct	262957008	Contusion of cranial nerve (disorder)
http://snomed.info/sct	262958003	Partial division of cranial nerve (disorder)
http://snomed.info/sct	262959006	Complete division of cranial nerve (disorder)
http://snomed.info/sct	262960001	Traction injury of cranial nerve (disorder)
http://snomed.info/sct	262961002	Avulsion of cranial nerve (disorder)
http://snomed.info/sct	26360005	Hereditary optic atrophy (disorder)
http://snomed.info/sct	264556007	Occult neuropathy (disorder)
http://snomed.info/sct	264693006	Vestibular nerve disorder (disorder)
http://snomed.info/sct	26520008	Optic nerve infarction (disorder)
http://snomed.info/sct	26554009	Nuclear facial nerve paralysis (disorder)
http://snomed.info/sct	265622002	Equilibration disorder, vestibular nerve (disorder)
http://snomed.info/sct	26609002	Neuralgic amyotrophy (disorder)
http://snomed.info/sct	267590006	Cauda equina syndrome with cord bladder (disorder)
http://snomed.info/sct	267601009	Inflammatory and toxic neuropathy (disorder)
http://snomed.info/sct	267602002	Neuropathy in renal failure (disorder)
http://snomed.info/sct	267604001	Myasthenic syndrome due to diabetes mellitus (disorder)
http://snomed.info/sct	267977009	Brachial (cervical) neuritis (disorder)
http://snomed.info/sct	2691000124105	Recurrent optic neuritis (disorder)
http://snomed.info/sct	269255007	Head and neck superficial nerve injury (disorder)
http://snomed.info/sct	27148008	Hereditary motor end-plate disease (disorder)
http://snomed.info/sct	271971004	Disorder of peripheral nerve graft (disorder)
http://snomed.info/sct	276221006	Millard-Gubler syndrome (disorder)
http://snomed.info/sct	277185000	Trigeminal schwannoma (disorder)
http://snomed.info/sct	277186004	Lightning injury to peripheral nerve (disorder)
http://snomed.info/sct	277187008	Proximal median neuropathy (disorder)
http://snomed.info/sct	277188003	Ulnar nerve entrapment (disorder)
http://snomed.info/sct	277189006	Subacute inflammatory demyelinating polyradiculoneuropathy (disorder)
http://snomed.info/sct	277190002	Pelagic paralysis (disorder)
http://snomed.info/sct	277321001	Phrenic nerve lesion (disorder)
http://snomed.info/sct	277496004	Compression of acoustic nerve (disorder)
http://snomed.info/sct	277802001	Notalgia paresthetica (disorder)
http://snomed.info/sct	277879009	Autonomic neuropathy (disorder)
http://snomed.info/sct	27830001	Brachial radiculitis (disorder)
http://snomed.info/sct	28007006	Trigeminal nerve sensory disorder (disorder)
http://snomed.info/sct	280816001	Facial palsy (disorder)
http://snomed.info/sct	282741006	Post-herpetic neuritis (disorder)
http://snomed.info/sct	282742004	Intercostal post-herpetic neuritis (disorder)
http://snomed.info/sct	282746001	Autonomic nerve injury (disorder)
http://snomed.info/sct	282748000	Parasympathetic nerve injury (disorder)
http://snomed.info/sct	282788005	Traction injury of brachial plexus (disorder)
http://snomed.info/sct	282789002	Thermal injury of peripheral nerve (disorder)
http://snomed.info/sct	282790006	Chemical injury of peripheral nerve (disorder)
http://snomed.info/sct	282792003	Sympathetic nerve injury (disorder)
http://snomed.info/sct	282793008	Sympathetic ganglion injury (disorder)
http://snomed.info/sct	282795001	Sympathetic trunk injury (disorder)
http://snomed.info/sct	282796000	Parasympathetic ganglion injury (disorder)
http://snomed.info/sct	282797009	Sacral parasympathetic nerve injury (disorder)
http://snomed.info/sct	282799007	Injury of ciliary ganglion (disorder)
http://snomed.info/sct	282800006	Injury of pterygopalatine ganglion (disorder)
http://snomed.info/sct	282801005	Injury of submandibular ganglion (disorder)
http://snomed.info/sct	282803008	Injury of otic ganglion (disorder)
http://snomed.info/sct	282804002	Chemical cranial nerve injury (disorder)
http://snomed.info/sct	282805001	Thermal injury of cranial nerve (disorder)
http://snomed.info/sct	285596009	Injury of peripheral nerve plexus (disorder)
http://snomed.info/sct	285597000	Peripheral nerve injury of head and neck (disorder)
http://snomed.info/sct	285599002	Trunk nerve lesion (disorder)
http://snomed.info/sct	285600004	Pudendal nerve injury (disorder)
http://snomed.info/sct	285601000	Obturator nerve injury (disorder)
http://snomed.info/sct	285602007	Injury of lateral cutaneous nerve of thigh (disorder)
http://snomed.info/sct	286608004	Traumatic avulsion of peripheral nerve (disorder)
http://snomed.info/sct	28778005	Phrenic nerve paralysis as birth trauma (disorder)
http://snomed.info/sct	290091000119108	Lesion of left femoral nerve (disorder)
http://snomed.info/sct	290111000119100	Lesion of right femoral nerve (disorder)
http://snomed.info/sct	290121000119107	Lesion of left common peroneal nerve (disorder)
http://snomed.info/sct	290131000119105	Lesion of right common peroneal nerve (disorder)
http://snomed.info/sct	290141000119101	Lesion of right tibial nerve (disorder)
http://snomed.info/sct	290151000119104	Lesion of left plantar nerve (disorder)
http://snomed.info/sct	290171000119108	Lesion of right plantar nerve (disorder)
http://snomed.info/sct	290181000119106	Lesion of left radial nerve (disorder)
http://snomed.info/sct	290191000119109	Lesion of right radial nerve (disorder)
http://snomed.info/sct	290201000119107	Lesion of left sciatic nerve (disorder)
http://snomed.info/sct	290211000119105	Lesion of right sciatic nerve (disorder)
http://snomed.info/sct	290221000119103	Lesion of right ulnar nerve (disorder)
http://snomed.info/sct	290231000119100	Lesion of left ulnar nerve (disorder)
http://snomed.info/sct	290251000119106	Meralgia paresthetica of left leg (disorder)
http://snomed.info/sct	290261000119108	Meralgia paresthetica of right leg (disorder)
http://snomed.info/sct	290511000119107	Tarsal tunnel syndrome of left posterior tibial nerve (disorder)
http://snomed.info/sct	290521000119100	Tarsal tunnel syndrome of right posterior tibial nerve (disorder)
http://snomed.info/sct	290901000119101	Monoplegia of left nondominant lower limb due to and following cerebrovascular accident (disorder)
http://snomed.info/sct	290921000119105	Monoplegia of right nondominant lower limb due to and following cerebrovascular accident (disorder)
http://snomed.info/sct	29159009	Familial dysautonomia (disorder)
http://snomed.info/sct	291761000119107	Complex regional pain syndrome type II of left upper limb (disorder)
http://snomed.info/sct	291771000119101	Complex regional pain syndrome type II of right upper limb (disorder)
http://snomed.info/sct	291781000119103	Complex regional pain syndrome type II of left lower limb (disorder)
http://snomed.info/sct	291791000119100	Complex regional pain syndrome type II of right lower limb (disorder)
http://snomed.info/sct	291801000119104	Lesion of left tibial nerve (disorder)
http://snomed.info/sct	291821000119108	Inflammation of peripheral nerve of left upper limb (disorder)
http://snomed.info/sct	291831000119106	Inflammation of peripheral nerve of right upper limb (disorder)
http://snomed.info/sct	291841000119102	Entrapment of peripheral nerve of left hand (disorder)
http://snomed.info/sct	291851000119100	Entrapment of peripheral nerve of right hand (disorder)
http://snomed.info/sct	291861000119103	Disorder of peripheral nerve of left upper limb (disorder)
http://snomed.info/sct	291871000119109	Disorder of peripheral nerve of right upper limb (disorder)
http://snomed.info/sct	291921000119100	Disorder of left sciatic nerve (disorder)
http://snomed.info/sct	291931000119102	Disorder of right sciatic nerve (disorder)
http://snomed.info/sct	291941000119106	Piriformis syndrome of left lower limb (disorder)
http://snomed.info/sct	291951000119108	Piriformis syndrome of right lower limb (disorder)
http://snomed.info/sct	291961000119105	Disorder of left femoral nerve (disorder)
http://snomed.info/sct	291971000119104	Disorder of right femoral nerve (disorder)
http://snomed.info/sct	291981000119101	Disorder of left genitofemoral nerve (disorder)
http://snomed.info/sct	291991000119103	Disorder of right genitofemoral nerve (disorder)
http://snomed.info/sct	292011000119103	Compression neuropathy of right genitofemoral nerve (disorder)
http://snomed.info/sct	292021000119105	Paralysis of left femoral nerve (disorder)
http://snomed.info/sct	292031000119108	Paralysis of right femoral nerve (disorder)
http://snomed.info/sct	292041000119104	Entrapment of left common peroneal nerve (disorder)
http://snomed.info/sct	292051000119102	Entrapment of right common peroneal nerve (disorder)
http://snomed.info/sct	292061000119100	Disorder of right common peroneal nerve (disorder)
http://snomed.info/sct	292071000119106	Disorder of left common peroneal nerve (disorder)
http://snomed.info/sct	292081000119109	Disorder of right common peroneal nerve at head of fibula (disorder)
http://snomed.info/sct	292091000119107	Disorder of left common peroneal nerve at lateral popliteal branch (disorder)
http://snomed.info/sct	292101000119102	Disorder of right deep peroneal nerve (disorder)
http://snomed.info/sct	292111000119104	Disorder of left deep peroneal nerve (disorder)
http://snomed.info/sct	292121000119106	Disorder of right superficial peroneal nerve (disorder)
http://snomed.info/sct	292131000119109	Disorder of left superficial peroneal nerve (disorder)
http://snomed.info/sct	292141000119100	Disorder of right common peroneal nerve at lateral popliteal branch (disorder)
http://snomed.info/sct	292151000119103	Disorder of left common peroneal nerve at head of fibula (disorder)
http://snomed.info/sct	292161000119101	Paralysis of right common peroneal nerve (disorder)
http://snomed.info/sct	292171000119107	Paralysis of left common peroneal nerve (disorder)
http://snomed.info/sct	292201000119106	Disorder of right lateral plantar nerve (disorder)
http://snomed.info/sct	292211000119109	Disorder of left lateral plantar nerve (disorder)
http://snomed.info/sct	292221000119102	Entrapment of right plantar nerve (disorder)
http://snomed.info/sct	292231000119104	Entrapment of left plantar nerve (disorder)
http://snomed.info/sct	292241000119108	Mortons neuroma of right foot (disorder)
http://snomed.info/sct	292251000119105	Mortons neuroma of left foot (disorder)
http://snomed.info/sct	292261000119107	Inflammation of right iliohypogastric nerve (disorder)
http://snomed.info/sct	292271000119101	Inflammation of left iliohypogastric nerve (disorder)
http://snomed.info/sct	292281000119103	Entrapment of right obturator nerve (disorder)
http://snomed.info/sct	292291000119100	Entrapment of left obturator nerve (disorder)
http://snomed.info/sct	292321000119108	Inflammation of right saphenous nerve (disorder)
http://snomed.info/sct	292331000119106	Inflammation of left saphenous nerve (disorder)
http://snomed.info/sct	292341000119102	Disorder of right ilioinguinal nerve (disorder)
http://snomed.info/sct	292351000119100	Disorder of left ilioinguinal nerve (disorder)
http://snomed.info/sct	292361000119103	Inflammation of right ilioinguinal nerve (disorder)
http://snomed.info/sct	292371000119109	Inflammation of left ilioinguinal nerve (disorder)
http://snomed.info/sct	292381000119107	Compression neuropathy of right ilioinguinal nerve (disorder)
http://snomed.info/sct	292391000119105	Compression neuropathy of left ilioinguinal nerve (disorder)
http://snomed.info/sct	292401000119107	Disorder of right obturator nerve (disorder)
http://snomed.info/sct	292411000119105	Disorder of left obturator nerve (disorder)
http://snomed.info/sct	292421000119103	Inflammation of peripheral nerve of right ankle (disorder)
http://snomed.info/sct	292431000119100	Inflammation of peripheral nerve of left ankle (disorder)
http://snomed.info/sct	292441000119109	Inflammation of peripheral nerve of right foot (disorder)
http://snomed.info/sct	292451000119106	Inflammation of peripheral nerve of left foot (disorder)
http://snomed.info/sct	292461000119108	Inflammation of peripheral nerve of right lower limb (disorder)
http://snomed.info/sct	292471000119102	Inflammation of peripheral nerve of left lower limb (disorder)
http://snomed.info/sct	292501000119108	Disorder of peripheral nerve of right lower limb (disorder)
http://snomed.info/sct	292511000119106	Disorder of peripheral nerve of left lower limb (disorder)
http://snomed.info/sct	292561000119109	Disorder of right sural nerve (disorder)
http://snomed.info/sct	292571000119103	Disorder of left sural nerve (disorder)
http://snomed.info/sct	292601000119109	Paralysis of right musculocutaneous nerve (disorder)
http://snomed.info/sct	292611000119107	Paralysis of left musculocutaneous nerve (disorder)
http://snomed.info/sct	292651000119108	Ulnar neuropathy of right arm (disorder)
http://snomed.info/sct	292721000119107	Ulnar neuropathy of left arm (disorder)
http://snomed.info/sct	292731000119105	Entrapment of right ulnar nerve (disorder)
http://snomed.info/sct	292741000119101	Entrapment of left ulnar nerve (disorder)
http://snomed.info/sct	292771000119108	Lesion of right median nerve (disorder)
http://snomed.info/sct	292781000119106	Lesion of left median nerve (disorder)
http://snomed.info/sct	292791000119109	Disorder of right median nerve (disorder)
http://snomed.info/sct	292801000119105	Disorder of left median nerve (disorder)
http://snomed.info/sct	292811000119108	Compression of right median nerve at elbow (disorder)
http://snomed.info/sct	292821000119101	Compression of left median nerve at elbow (disorder)
http://snomed.info/sct	292831000119103	Anterior interosseous nerve syndrome of right upper limb (disorder)
http://snomed.info/sct	292841000119107	Anterior interosseous nerve syndrome of left upper limb (disorder)
http://snomed.info/sct	292991000119106	Eaton Lambert syndrome without underlying malignancy (disorder)
http://snomed.info/sct	293861000119102	Carpal tunnel syndrome of left wrist (disorder)
http://snomed.info/sct	293871000119108	Carpal tunnel syndrome of right wrist (disorder)
http://snomed.info/sct	293921000119104	Complex regional pain syndrome type I of bilateral upper limbs (disorder)
http://snomed.info/sct	293931000119101	Complex regional pain syndrome type I of left lower limb (disorder)
http://snomed.info/sct	293941000119105	Complex regional pain syndrome type I of left upper limb (disorder)
http://snomed.info/sct	293951000119107	Complex regional pain syndrome type I of bilateral lower limbs (disorder)
http://snomed.info/sct	293961000119109	Complex regional pain syndrome type I of right lower limb (disorder)
http://snomed.info/sct	293971000119103	Complex regional pain syndrome type I of right upper limb (disorder)
http://snomed.info/sct	2961000119106	Acoustic neuroma of bilateral vestibular nerves (disorder)
http://snomed.info/sct	297278001	Metachromatic leukodystrophy due to deficiency of cerebroside sulfatase activator (disorder)
http://snomed.info/sct	297944001	Compression of brachial plexus (disorder)
http://snomed.info/sct	297945000	Upper limb nerve lesion (disorder)
http://snomed.info/sct	297946004	Lower limb nerve lesion (disorder)
http://snomed.info/sct	298117009	Axillary nerve lesion (disorder)
http://snomed.info/sct	298118004	Suprascapular nerve lesion (disorder)
http://snomed.info/sct	298119007	Long thoracic nerve lesion (disorder)
http://snomed.info/sct	298120001	Musculocutaneous nerve lesion (disorder)
http://snomed.info/sct	298123004	Superficial radial nerve lesion (disorder)
http://snomed.info/sct	298124005	Lesion of lateral cutaneous nerve of forearm (disorder)
http://snomed.info/sct	298125006	Lesion of medial cutaneous nerve of forearm (disorder)
http://snomed.info/sct	298126007	Digital nerve lesion (disorder)
http://snomed.info/sct	298130005	Obturator nerve lesion (disorder)
http://snomed.info/sct	298133007	Medial plantar nerve lesion (disorder)
http://snomed.info/sct	298137008	Thoracoabdominal neuropathy (disorder)
http://snomed.info/sct	29834003	Pellagra neuropathy (disorder)
http://snomed.info/sct	299965004	Compression of thoracic nerve root (disorder)
http://snomed.info/sct	299966003	Compression of lumbar nerve root (disorder)
http://snomed.info/sct	299967007	Compression of sacral nerve root (disorder)
http://snomed.info/sct	30085007	Mortons metatarsalgia (disorder)
http://snomed.info/sct	301848005	Viral epidemic vertigo (disorder)
http://snomed.info/sct	302225005	Polyneuropathy and mononeuropathy (disorder)
http://snomed.info/sct	302226006	Peripheral nerve disease (disorder)
http://snomed.info/sct	302813001	Syphilitic acoustic neuritis - quaternary stage (disorder)
http://snomed.info/sct	302884001	Multiple cranial nerve lesions and linked syndromes (disorder)
http://snomed.info/sct	302885000	Anterior interosseous nerve entrapment (disorder)
http://snomed.info/sct	302886004	Posterior interosseous nerve compression (disorder)
http://snomed.info/sct	302902003	Infarction of optic chiasm (disorder)
http://snomed.info/sct	30292005	Mononeuritis multiplex (disorder)
http://snomed.info/sct	304838007	Trochlear nerve injury (disorder)
http://snomed.info/sct	305719002	Neuromyotonia (disorder)
http://snomed.info/sct	307176005	Acute sciatica (disorder)
http://snomed.info/sct	307177001	Chronic sciatica (disorder)
http://snomed.info/sct	307365001	Lateral cutaneous nerve of thigh lesion (disorder)
http://snomed.info/sct	307405000	Hypoglossal nerve palsy (disorder)
http://snomed.info/sct	309520003	Symmetrical sensory neuropathy (disorder)
http://snomed.info/sct	311211000119105	Radiculopathy due to lumbar intervertebral disc disorder (disorder)
http://snomed.info/sct	311231000119100	Radiculopathy co-occurrent and due to thoracic intervertebral disc disorder (disorder)
http://snomed.info/sct	312792007	Spinal subluxation with cauda equina lesion (disorder)
http://snomed.info/sct	312942003	Inherited optic neuropathy (disorder)
http://snomed.info/sct	312943008	Idiopathic optic disc swelling (disorder)
http://snomed.info/sct	312944002	Compressive optic atrophy (disorder)
http://snomed.info/sct	312945001	Infiltrative optic neuropathy (disorder)
http://snomed.info/sct	313501000119105	Low back pain co-occurrent with neuralgia of right sciatic nerve (disorder)
http://snomed.info/sct	31382008	Jugular foramen syndrome (disorder)
http://snomed.info/sct	314537004	Optic papillopathy due to diabetes mellitus (disorder)
http://snomed.info/sct	314538009	Tobacco related optic neuropathy (disorder)
http://snomed.info/sct	314539001	Alcohol related optic neuropathy (disorder)
http://snomed.info/sct	314540004	Drug induced optic neuropathy (disorder)
http://snomed.info/sct	315056009	Pudendal nerve neuropathy (disorder)
http://snomed.info/sct	31524007	Mumps polyneuropathy (disorder)
http://snomed.info/sct	31681005	Trigeminal neuralgia (disorder)
http://snomed.info/sct	31785008	Collet-Sicard syndrome (disorder)
http://snomed.info/sct	31839002	Myasthenia gravis, adult form (disorder)
http://snomed.info/sct	319191000119108	Disorder of sacral and coccygeal spinal nerve roots (disorder)
http://snomed.info/sct	322461000119108	Polyneuropathy due to systemic sclerosis (disorder)
http://snomed.info/sct	32595002	Mononeuritis (disorder)
http://snomed.info/sct	32739008	Crutch paralysis (disorder)
http://snomed.info/sct	329681000119109	Entrapment of peripheral nerve of right upper limb (disorder)
http://snomed.info/sct	329691000119107	Entrapment of peripheral nerve of left upper limb (disorder)
http://snomed.info/sct	329701000119107	Entrapment of peripheral nerve of right lower limb (disorder)
http://snomed.info/sct	329711000119105	Entrapment of peripheral nerve of left lower limb (disorder)
http://snomed.info/sct	329721000119103	Entrapment of right median nerve (disorder)
http://snomed.info/sct	329731000119100	Entrapment of left median nerve (disorder)
http://snomed.info/sct	330221000119101	Entrapment of left musculocutaneous nerve (disorder)
http://snomed.info/sct	330231000119103	Entrapment of right musculocutaneous nerve (disorder)
http://snomed.info/sct	330261000119106	Entrapment of left sural nerve (disorder)
http://snomed.info/sct	330271000119100	Entrapment of right sural nerve (disorder)
http://snomed.info/sct	330291000119104	Entrapment of right radial nerve (disorder)
http://snomed.info/sct	330301000119103	Entrapment of left radial nerve (disorder)
http://snomed.info/sct	330331000119105	Disorder of right radial nerve (disorder)
http://snomed.info/sct	330451000119105	Entrapment of ulnar nerve at right wrist (disorder)
http://snomed.info/sct	330461000119107	Entrapment of ulnar nerve at left wrist (disorder)
http://snomed.info/sct	330651000119107	Entrapment of left deep peroneal nerve (disorder)
http://snomed.info/sct	330661000119109	Entrapment of right deep peroneal nerve (disorder)
http://snomed.info/sct	330711000119104	Entrapment of left superficial peroneal nerve (disorder)
http://snomed.info/sct	330721000119106	Entrapment of right superficial peroneal nerve (disorder)
http://snomed.info/sct	330731000119109	Phrenic nerve entrapment syndrome (disorder)
http://snomed.info/sct	330741000119100	Posterior interosseous nerve syndrome of left posterior interosseous nerve (disorder)
http://snomed.info/sct	330751000119103	Posterior interosseous nerve syndrome of right posterior interosseous nerve (disorder)
http://snomed.info/sct	330781000119105	Disorder of left radial nerve (disorder)
http://snomed.info/sct	331071000119101	Herpes zoster iritis (disorder)
http://snomed.info/sct	331861000119101	Palsy of right oculomotor nerve (disorder)
http://snomed.info/sct	33209009	Idiopathic progressive polyneuropathy (disorder)
http://snomed.info/sct	332851000119107	Pseudopapilledema of right eye (disorder)
http://snomed.info/sct	332891000119102	Primary optic atrophy of right eye (disorder)
http://snomed.info/sct	333531000119105	Optic papillitis of right eye (disorder)
http://snomed.info/sct	334651000119101	Ischemic optic neuropathy of right eye (disorder)
http://snomed.info/sct	334721000119102	Total internal ophthalmoplegia of right eye (disorder)
http://snomed.info/sct	334941000119106	Atrophy of optic disc of right eye due to glaucoma (disorder)
http://snomed.info/sct	335331000119104	Duanes syndrome of right eye (disorder)
http://snomed.info/sct	337481000119104	Palsy of left oculomotor nerve (disorder)
http://snomed.info/sct	33832002	Third division of fifth cranial nerve disorder (disorder)
http://snomed.info/sct	338461000119109	Pseudopapilledema of left eye (disorder)
http://snomed.info/sct	338501000119109	Primary optic atrophy of left eye (disorder)
http://snomed.info/sct	339141000119108	Optic papillitis of left eye (disorder)
http://snomed.info/sct	340251000119108	Ischemic optic neuropathy of left eye (disorder)
http://snomed.info/sct	340321000119106	Total internal ophthalmoplegia of left eye (disorder)
http://snomed.info/sct	340551000119105	Atrophy of optic disc of left eye due to glaucoma (disorder)
http://snomed.info/sct	340941000119101	Duanes syndrome of left eye (disorder)
http://snomed.info/sct	343271000119109	Palsy of bilateral oculomotor nerves (disorder)
http://snomed.info/sct	344231000119109	Pseudopapilledema of bilateral eyes (disorder)
http://snomed.info/sct	344271000119107	Primary optic atrophy of bilateral eyes (disorder)
http://snomed.info/sct	344891000119109	Optic papillitis of bilateral eyes (disorder)
http://snomed.info/sct	345611000119102	Ischemic optic neuropathy of bilateral eyes (disorder)
http://snomed.info/sct	345681000119108	Total internal ophthalmoplegia of bilateral eyes (disorder)
http://snomed.info/sct	345861000119103	Atrophy of optic disc of bilateral eyes due to glaucoma (disorder)
http://snomed.info/sct	347079002	Chorda tympani disorder (disorder)
http://snomed.info/sct	348051000119102	Atrophy of right optic nerve following inflammation (disorder)
http://snomed.info/sct	348131000119109	Partial optic atrophy of right eye (disorder)
http://snomed.info/sct	348151000119103	Congenital pit of optic disc of right eye (disorder)
http://snomed.info/sct	348391000119105	Acquired coloboma of optic disc of right eye (disorder)
http://snomed.info/sct	348501000119108	Atrophy of left optic nerve following inflammation (disorder)
http://snomed.info/sct	348581000119100	Partial optic atrophy of left eye (disorder)
http://snomed.info/sct	348601000119109	Congenital pit of optic disc of left eye (disorder)
http://snomed.info/sct	348841000119107	Acquired coloboma of optic disc of left eye (disorder)
http://snomed.info/sct	349161000119106	Partial optic atrophy of bilateral eyes (disorder)
http://snomed.info/sct	349331000119101	Acquired coloboma of optic disc of bilateral eyes (disorder)
http://snomed.info/sct	349441000119103	Acquired coloboma of optic disc (disorder)
http://snomed.info/sct	350471000119102	Idiopathic small fiber peripheral neuropathy (disorder)
http://snomed.info/sct	350621000119100	Primary malignant neoplasm of right vestibulocochlear nerve (disorder)
http://snomed.info/sct	350631000119102	Primary malignant neoplasm of left vestibulocochlear nerve (disorder)
http://snomed.info/sct	35141006	Cochlear nerve disorder (disorder)
http://snomed.info/sct	352681000119100	Primary malignant neoplasm of peripheral nerve of left hip (disorder)
http://snomed.info/sct	352731000119109	Primary malignant neoplasm of peripheral nerves of left lower limb (disorder)
http://snomed.info/sct	352751000119103	Primary malignant neoplasm of peripheral nerves of right upper limb (disorder)
http://snomed.info/sct	352761000119101	Primary malignant neoplasm of peripheral nerve of right hip (disorder)
http://snomed.info/sct	352771000119107	Primary malignant neoplasm of peripheral nerves of right lower limb (disorder)
http://snomed.info/sct	352911000119101	Primary malignant neoplasm of left optic nerve (disorder)
http://snomed.info/sct	352921000119108	Primary malignant neoplasm of right optic nerve (disorder)
http://snomed.info/sct	35386004	Cavernous sinus syndrome (disorder)
http://snomed.info/sct	3548001	Brachial plexus disorder (disorder)
http://snomed.info/sct	35777006	Mononeuropathy multiplex due to diabetes mellitus (disorder)
http://snomed.info/sct	359611005	Neuropathy with neurologic complication due to diabetes mellitus (disorder)
http://snomed.info/sct	359683002	Complete optic atrophy (disorder)
http://snomed.info/sct	359837005	Ulnar neuropathy (disorder)
http://snomed.info/sct	360434004	Aganglionosis of Auerbachs plexus (disorder)
http://snomed.info/sct	361216007	Femoral mononeuropathy due to diabetes mellitus (disorder)
http://snomed.info/sct	36276008	Syphilitic retrobulbar neuritis (disorder)
http://snomed.info/sct	363477002	Malignant neoplasm of cauda equina (disorder)
http://snomed.info/sct	363498002	Malignant neoplasm of optic nerve (disorder)
http://snomed.info/sct	365258000	Tibial nerve palsy (disorder)
http://snomed.info/sct	366951000119109	Adolescent X-linked adrenoleukodystrophy (disorder)
http://snomed.info/sct	367041000119108	Childhood cerebral X-linked adrenoleukodystrophy (disorder)
http://snomed.info/sct	367137004	Sciatic nerve lesion (disorder)
http://snomed.info/sct	367475009	Lesion of ulnar nerve (disorder)
http://snomed.info/sct	368141000119106	Autonomic neuropathy due to drug induced diabetes mellitus (disorder)
http://snomed.info/sct	368251000119101	Polyneuropathy due to drug induced diabetes mellitus (disorder)
http://snomed.info/sct	368521000119107	Disorder of nerve due to type 1 diabetes mellitus (disorder)
http://snomed.info/sct	368581000119106	Neuropathy due to type 2 diabetes mellitus (disorder)
http://snomed.info/sct	370509002	Neurapraxia (disorder)
http://snomed.info/sct	371561008	Injury of thoracic nerve root (disorder)
http://snomed.info/sct	371562001	Injury of dorsal nerve roots (disorder)
http://snomed.info/sct	373650004	Hypoplasia of optic disc (disorder)
http://snomed.info/sct	373661007	Optic disc structural anomaly (disorder)
http://snomed.info/sct	37770007	Melkerssons syndrome (disorder)
http://snomed.info/sct	37936001	Gradenigos syndrome (disorder)
http://snomed.info/sct	37991008	Parinauds syndrome (disorder)
http://snomed.info/sct	38205001	Diarrhea due to diabetes mellitus (disorder)
http://snomed.info/sct	38428003	Upper brachial plexus neuropathy (disorder)
http://snomed.info/sct	385006	Secondary peripheral neuropathy (disorder)
http://snomed.info/sct	386033004	Neuropathy (disorder)
http://snomed.info/sct	387891008	Neoplasm of vestibulocochlear nerve (disorder)
http://snomed.info/sct	388980004	Third cranial nerve weakness (disorder)
http://snomed.info/sct	3900008	Mixed sensory-motor polyneuropathy (disorder)
http://snomed.info/sct	39058009	Lumbosacral radiculoplexus neuropathy due to diabetes mellitus (disorder)
http://snomed.info/sct	39127005	Symmetric proximal motor neuropathy due to diabetes mellitus (disorder)
http://snomed.info/sct	39211000087107	Chronic peripheral neuropathic pain following peripheral nerve injury (disorder)
http://snomed.info/sct	39231000087102	Chronic painful polyneuropathy (disorder)
http://snomed.info/sct	39241000087108	Chronic painful radiculopathy (disorder)
http://snomed.info/sct	395502002	Neoplasm of optic nerve and sheath (disorder)
http://snomed.info/sct	395505000	Neoplasm of optic nerve (disorder)
http://snomed.info/sct	396338004	Metachromatic leucodystrophy (disorder)
http://snomed.info/sct	397185006	Open injury of nerve (disorder)
http://snomed.info/sct	397573005	Herpes zoster keratitis (disorder)
http://snomed.info/sct	397734008	Hereditary sensory and autonomic neuropathy type I (disorder)
http://snomed.info/sct	397751001	Lesion of median nerve (disorder)
http://snomed.info/sct	397828008	Median neuropathy (disorder)
http://snomed.info/sct	398148000	Hereditary sensory and autonomic neuropathy type II (disorder)
http://snomed.info/sct	398187000	Charcot-Marie-Tooth disease, type II (disorder)
http://snomed.info/sct	398229007	Amyloid polyneuropathy type I (disorder)
http://snomed.info/sct	398760006	Abducens nerve palsy (disorder)
http://snomed.info/sct	398925009	Abducens nerve disorder (disorder)
http://snomed.info/sct	398963001	Abducens nerve weakness (disorder)
http://snomed.info/sct	399076001	Tibial neuropathy (disorder)
http://snomed.info/sct	399081005	Common peroneal neuropathy (disorder)
http://snomed.info/sct	399088004	Common peroneal nerve paralysis (disorder)
http://snomed.info/sct	399107008	Common peroneal nerve lesion (disorder)
http://snomed.info/sct	399233006	Tibial nerve lesion (disorder)
http://snomed.info/sct	400020001	Herpes zoster dermatitis (disorder)
http://snomed.info/sct	400944001	Bilateral superior oblique palsy (disorder)
http://snomed.info/sct	400945000	Congenital sixth nerve palsy (disorder)
http://snomed.info/sct	400946004	Congenital fibrosis syndrome (disorder)
http://snomed.info/sct	400947008	Congenital fibrosis of inferior rectus muscle (disorder)
http://snomed.info/sct	400983004	Ilio-inguinal nerve entrapment (disorder)
http://snomed.info/sct	402460000	Familial amyloid polyneuropathy with cutaneous amyloidosis (disorder)
http://snomed.info/sct	402897003	Herpes zoster involving cervical dermatome (disorder)
http://snomed.info/sct	402898008	Herpes zoster involving sacral dermatome (disorder)
http://snomed.info/sct	403542008	Fibrolipomatous hamartoma of nerve (disorder)
http://snomed.info/sct	404038007	Epithelioid malignant nerve sheath tumor (disorder)
http://snomed.info/sct	404040002	Malignant Triton tumor (disorder)
http://snomed.info/sct	404653000	Chiasmal glioma (disorder)
http://snomed.info/sct	404658009	Papillophlebitis (disorder)
http://snomed.info/sct	404659001	Anterior ischemic optic neuropathy (disorder)
http://snomed.info/sct	404660006	Acute compressive optic neuropathy (disorder)
http://snomed.info/sct	404690004	Superior division third nerve palsy (disorder)
http://snomed.info/sct	405753002	Cauda equina injury without spinal bone injury (disorder)
http://snomed.info/sct	40620001	Crocodile tears syndrome (disorder)
http://snomed.info/sct	4062006	Lumbosacral plexus lesion (disorder)
http://snomed.info/sct	40802007	Metachromatic leukodystrophy, congenital type (disorder)
http://snomed.info/sct	408671002	Polyneuropathy in collagen malignant disease (disorder)
http://snomed.info/sct	408749000	Complex regional pain syndrome, type II, lower limb (disorder)
http://snomed.info/sct	408750000	Complex regional pain syndrome, type II, upper limb (disorder)
http://snomed.info/sct	40956001	Guillain-Barré syndrome (disorder)
http://snomed.info/sct	409660009	Benign neoplasm of peripheral nerve (disorder)
http://snomed.info/sct	409661008	Benign neoplasm of autonomic nerve (disorder)
http://snomed.info/sct	410471004	Neuroretinitis (disorder)
http://snomed.info/sct	410472006	Bartonella henselae neuroretinitis (disorder)
http://snomed.info/sct	410500004	Herpes zoster involving tip of nose (disorder)
http://snomed.info/sct	410509003	Herpes zoster conjunctivitis (disorder)
http://snomed.info/sct	41142009	Globoid cell leukodystrophy, late-onset (disorder)
http://snomed.info/sct	414063002	Duane syndrome with vertical deviation (disorder)
http://snomed.info/sct	41455002	Complete cauda equina lesion co-occurrent and due to closed fracture of sacrum AND/OR coccyx (disorder)
http://snomed.info/sct	414848001	Neurogenic thoracic outlet syndrome due to cervical band (disorder)
http://snomed.info/sct	414927004	Ocular myasthenia with strabismus (disorder)
http://snomed.info/sct	414950005	Optic nerve glioma of orbit (disorder)
http://snomed.info/sct	415147002	Posterior ischemic optic neuropathy (disorder)
http://snomed.info/sct	41590007	Familial amyloid polyneuropathy, Jewish type (disorder)
http://snomed.info/sct	416351002	Intraocular optic nerve glioma (disorder)
http://snomed.info/sct	416813006	Compressive optic neuropathy due to thyroid eye disease (disorder)
http://snomed.info/sct	416913007	Toxoplasma neuroretinitis (disorder)
http://snomed.info/sct	41713005	Benedikts syndrome (disorder)
http://snomed.info/sct	417619001	Intracranial optic nerve glioma (disorder)
http://snomed.info/sct	41783004	Traumatic anosmia (disorder)
http://snomed.info/sct	418856006	Paraneoplastic optic neuropathy (disorder)
http://snomed.info/sct	420436000	Mononeuropathy due to type 2 diabetes mellitus (disorder)
http://snomed.info/sct	420658009	Radiculitis with acquired immunodeficiency syndrome (disorder)
http://snomed.info/sct	42074003	Multiple nerve injury (disorder)
http://snomed.info/sct	420918009	Mononeuropathy due to type 1 diabetes mellitus (disorder)
http://snomed.info/sct	420920007	Optic neuropathy due to vitamin B12 deficiency (disorder)
http://snomed.info/sct	421029004	Herpes zoster retinitis (disorder)
http://snomed.info/sct	421597001	Polyneuropathy with acquired immunodeficiency syndrome (disorder)
http://snomed.info/sct	421731000	Hypertensive optic neuropathy (disorder)
http://snomed.info/sct	422012004	Neuritis with acquired immunodeficiency syndrome (disorder)
http://snomed.info/sct	422136003	Neuralgia with acquired immunodeficiency syndrome (disorder)
http://snomed.info/sct	422426003	Facial nerve disorder (disorder)
http://snomed.info/sct	422446008	Herpes zoster subepithelial infiltrates (disorder)
http://snomed.info/sct	422471006	Herpes zoster acute retinal necrosis (disorder)
http://snomed.info/sct	422736007	Primary malignant neoplasm of peripheral nerve (disorder)
http://snomed.info/sct	42295001	Familial amyloid polyneuropathy (disorder)
http://snomed.info/sct	423023005	Entrapment neuropathy of upper limb (disorder)
http://snomed.info/sct	423341008	Edema of optic disc (disorder)
http://snomed.info/sct	42345000	Polyneuropathy (disorder)
http://snomed.info/sct	423488006	Papilledema - optic disc edema due to raised intracranial pressure (disorder)
http://snomed.info/sct	423628002	Acute herpes zoster neuropathy (disorder)
http://snomed.info/sct	423753005	Reflex blepharospasm (disorder)
http://snomed.info/sct	423771003	Acquired neuromuscular ptosis (disorder)
http://snomed.info/sct	424054000	Nerve entrapment due to scar (disorder)
http://snomed.info/sct	424435009	Herpes zoster pseudodendrites (disorder)
http://snomed.info/sct	42448002	Herpes zoster keratoconjunctivitis (disorder)
http://snomed.info/sct	424497004	Optic disc edema due to hypotony (disorder)
http://snomed.info/sct	42452002	Thoracic radiculopathy (disorder)
http://snomed.info/sct	424669003	Optic disc edema associated with retinal disorder (disorder)
http://snomed.info/sct	424728002	Prepapillary vascular loop (disorder)
http://snomed.info/sct	424736006	Peripheral neuropathy due to diabetes mellitus (disorder)
http://snomed.info/sct	424801004	Herpes zoster corneal endotheliitis (disorder)
http://snomed.info/sct	424941009	Herpes zoster radiculitis (disorder)
http://snomed.info/sct	425659003	Vasculitic neuropathy (disorder)
http://snomed.info/sct	426134002	Benign ganglioneuroma of abdomen (disorder)
http://snomed.info/sct	426293000	Sural neuropathy (disorder)
http://snomed.info/sct	426570007	Herpes zoster interstitial keratitis (disorder)
http://snomed.info/sct	427027005	Lumbosacral radiculoplexus neuropathy due to type 2 diabetes mellitus (disorder)
http://snomed.info/sct	427571000	Lumbosacral radiculoplexus neuropathy due to type 1 diabetes mellitus (disorder)
http://snomed.info/sct	427943001	Ophthalmoplegia due to diabetes mellitus (disorder)
http://snomed.info/sct	428141001	Iliohypogastric nerve neuritis (disorder)
http://snomed.info/sct	428199000	Crush injury of phrenic nerve (disorder)
http://snomed.info/sct	428233007	Laceration of digital nerve in finger (disorder)
http://snomed.info/sct	428359008	Ilioinguinal nerve neuritis (disorder)
http://snomed.info/sct	429432009	Injury of nerve of shoulder region (disorder)
http://snomed.info/sct	429668008	Neuritis of saphenous nerve (disorder)
http://snomed.info/sct	42998008	Vagus nerve laryngeal paralysis (disorder)
http://snomed.info/sct	430047005	Laceration of nerve (disorder)
http://snomed.info/sct	430977001	Bilateral neural hearing loss (disorder)
http://snomed.info/sct	431043000	Peripheral nerve disorder associated with repair of hernia (disorder)
http://snomed.info/sct	431061000124100	Ophthalmoplegic migraine, refractory (disorder)
http://snomed.info/sct	431769004	Disorder of optic chiasm due to neoplasm (disorder)
http://snomed.info/sct	432065003	Laceration of nerve of upper extremity (disorder)
http://snomed.info/sct	432521000124106	Bilateral optic neuritis (disorder)
http://snomed.info/sct	4338008	Arnolds nerve reflex cough syndrome (disorder)
http://snomed.info/sct	436385561000119106	Compression of lumbar nerve root due to lumbar spondylosis (disorder)
http://snomed.info/sct	43763009	Glossopharyngeal neuralgia (disorder)
http://snomed.info/sct	439072001	Injury of median nerve distal to forearm (disorder)
http://snomed.info/sct	4412009	Injury of digital nerve (disorder)
http://snomed.info/sct	441519008	Contusion of infraorbital nerve (disorder)
http://snomed.info/sct	44248001	Raymond-Cestan syndrome (disorder)
http://snomed.info/sct	442511009	Progressive encephalopathy with edema, hypsarrhythmia and optic atrophy syndrome (disorder)
http://snomed.info/sct	44295002	Congenital coloboma of optic disc (disorder)
http://snomed.info/sct	443353000	Entrapment of genitofemoral nerve (disorder)
http://snomed.info/sct	443490000	Entrapment of plantar nerve (disorder)
http://snomed.info/sct	44359008	Metachromatic leukodystrophy, juvenile type (disorder)
http://snomed.info/sct	443876008	Radial tunnel syndrome (disorder)
http://snomed.info/sct	4439001	Cyclic oculomotor paralysis (disorder)
http://snomed.info/sct	445217002	Vestibulocochlear nerve palsy (disorder)
http://snomed.info/sct	445339002	Neuropathy caused by ionizing radiation (disorder)
http://snomed.info/sct	445475001	Paraneoplastic sensorimotor neuropathy (disorder)
http://snomed.info/sct	445497004	Laceration of digital nerve in toe (disorder)
http://snomed.info/sct	445869000	Axonotmesis of peripheral nerve (disorder)
http://snomed.info/sct	445900004	Neurotmesis of peripheral nerve (disorder)
http://snomed.info/sct	446028001	Traumatic injury of digital nerve of hand (disorder)
http://snomed.info/sct	4463009	Familial amyloid polyneuropathy, type II (disorder)
http://snomed.info/sct	446948006	Traumatic injury of lumbar plexus (disorder)
http://snomed.info/sct	447351004	Vanishing white matter disease (disorder)
http://snomed.info/sct	448054001	Adult onset autosomal dominant leukodystrophy (disorder)
http://snomed.info/sct	448701000124105	Herniation of nucleus pulposus of lumbar intervertebral disc co-occurrent with sciatica (disorder)
http://snomed.info/sct	449305009	Paraneoplastic sensory neuropathy (disorder)
http://snomed.info/sct	449916008	Peripheral facial palsy (disorder)
http://snomed.info/sct	45294007	Auriculotemporal syndrome (disorder)
http://snomed.info/sct	45600000	Toxic polyneuropathy (disorder)
http://snomed.info/sct	45655002	Vagal hoarseness (disorder)
http://snomed.info/sct	457181000124101	Compression neuropathy of left genitofemoral nerve (disorder)
http://snomed.info/sct	45781009	Peripheral nerve entrapment syndrome (disorder)
http://snomed.info/sct	46138007	Tropical ataxic neuropathy (disorder)
http://snomed.info/sct	46578006	Lumbosacral radiculitis (disorder)
http://snomed.info/sct	46829007	Developmental displacement of brachial plexus (disorder)
http://snomed.info/sct	46960006	Lumbago-sciatica due to displacement of lumbar intervertebral disc (disorder)
http://snomed.info/sct	47185005	Injury of axillary nerve (disorder)
http://snomed.info/sct	4724003	Acute radial nerve palsy (disorder)
http://snomed.info/sct	47241000087100	Injury of brachial plexus of left upper limb (disorder)
http://snomed.info/sct	47251000087102	Injury of brachial plexus of right upper limb (disorder)
http://snomed.info/sct	472697007	Type I paratrigeminal syndrome (disorder)
http://snomed.info/sct	472698002	Type II paratrigeminal syndrome (disorder)
http://snomed.info/sct	47351000119102	Post-traumatic nerve entrapment (disorder)
http://snomed.info/sct	47374004	Tarsal tunnel syndrome (disorder)
http://snomed.info/sct	4740000	Herpes zoster (disorder)
http://snomed.info/sct	47683004	Metachromatic leukodystrophy, late infantile type (disorder)
http://snomed.info/sct	48233004	Traumatic optic nerve injury (disorder)
http://snomed.info/sct	48780006	Cranial neuritis (disorder)
http://snomed.info/sct	49384009	Injury of glossopharyngeal nerve (disorder)
http://snomed.info/sct	49455004	Polyneuropathy due to diabetes mellitus (disorder)
http://snomed.info/sct	49605003	Recurrent painful ophthalmoplegic neuropathy (disorder)
http://snomed.info/sct	50366005	Mandibular neuropraxia (disorder)
http://snomed.info/sct	50620007	Autonomic neuropathy due to diabetes mellitus (disorder)
http://snomed.info/sct	50639002	Vagus nerve palate paralysis (disorder)
http://snomed.info/sct	5127009	Jaw-winking syndrome (disorder)
http://snomed.info/sct	5134006	Familial amyloid polyneuropathy, type VI (disorder)
http://snomed.info/sct	51604006	Acute retrobulbar neuritis (disorder)
http://snomed.info/sct	5181000119108	Cervical plexopathy (disorder)
http://snomed.info/sct	51881002	Injury of splanchnic nerve (disorder)
http://snomed.info/sct	521000146105	Myasthenia gravis caused by muscle-specific tyrosine kinase antibodies (disorder)
http://snomed.info/sct	52585001	Sciatic neuropathy (disorder)
http://snomed.info/sct	52723009	Injury of stellate ganglion (disorder)
http://snomed.info/sct	53785005	Injury to brachial plexus as birth trauma (disorder)
http://snomed.info/sct	53857003	Heredofamilial brachial plexus paralysis syndrome (disorder)
http://snomed.info/sct	53933002	Injury of facial nerve (disorder)
http://snomed.info/sct	54304004	Progressive bulbar palsy (disorder)
http://snomed.info/sct	54314008	Putti-Chavany syndrome (disorder)
http://snomed.info/sct	54404000	Compression of cervical nerve root (disorder)
http://snomed.info/sct	54509008	Vitamin deficiency related neuropathy (disorder)
http://snomed.info/sct	55051001	Myasthenia gravis, juvenile form (disorder)
http://snomed.info/sct	55712002	Facial nerve injury as birth trauma (disorder)
http://snomed.info/sct	56120004	A. Schmidts syndrome (disorder)
http://snomed.info/sct	56684007	Nutritional ataxic neuropathy (disorder)
http://snomed.info/sct	56795008	Polyneuritis cranialis (disorder)
http://snomed.info/sct	56943007	End organ deafness (disorder)
http://snomed.info/sct	56989000	Eaton-Lambert syndrome (disorder)
http://snomed.info/sct	57138009	Pseudopapilledema (disorder)
http://snomed.info/sct	57182000	Nerve injury (disorder)
http://snomed.info/sct	57406009	Carpal tunnel syndrome (disorder)
http://snomed.info/sct	5747006	Lower brachial plexus neuropathy (disorder)
http://snomed.info/sct	5855005	Trigeminal nerve motor disorder (disorder)
http://snomed.info/sct	58610003	Lebers optic atrophy (disorder)
http://snomed.info/sct	58856009	Thoracic neuritis (disorder)
http://snomed.info/sct	59636002	Pelizaeus-Merzbacher disease, connatal variant (disorder)
http://snomed.info/sct	59798009	Vagus nerve sensory disorder (disorder)
http://snomed.info/sct	59979003	Second division of fifth cranial nerve disorder (disorder)
http://snomed.info/sct	60318001	Duanes syndrome (disorder)
http://snomed.info/sct	60505005	Congenital anomaly of optic disc (disorder)
http://snomed.info/sct	60525009	Lateral plantar neuropathy (disorder)
http://snomed.info/sct	60703000	Axonal neuropathy (disorder)
http://snomed.info/sct	60750009	Third cranial nerve disease (disorder)
http://snomed.info/sct	608874000	Eaton Lambert syndrome with underlying malignancy (disorder)
http://snomed.info/sct	609383005	Anterior interosseous neuritis (disorder)
http://snomed.info/sct	609395005	Injury of somatic nerve plexus (disorder)
http://snomed.info/sct	609530001	Common peroneal neuropathy at lateral popliteal branch (disorder)
http://snomed.info/sct	609531002	Femoral nerve paralysis (disorder)
http://snomed.info/sct	609590004	Radial nerve entrapment (disorder)
http://snomed.info/sct	609591000	Mononeuropathy of upper limb (disorder)
http://snomed.info/sct	609592007	Mononeuropathy of lower limb (disorder)
http://snomed.info/sct	609593002	Injury of branch of median nerve (disorder)
http://snomed.info/sct	609594008	Injury of branch of ulnar nerve (disorder)
http://snomed.info/sct	609595009	Injury of branch of radial nerve (disorder)
http://snomed.info/sct	609599003	Neuropathy of upper limb (disorder)
http://snomed.info/sct	609600000	Neuropathy of lower limb (disorder)
http://snomed.info/sct	609601001	Suprascapular neuropathy (disorder)
http://snomed.info/sct	609605005	Sural neuropathy in calf (disorder)
http://snomed.info/sct	609613006	Entrapment of common peroneal nerve (disorder)
http://snomed.info/sct	609614000	Entrapment neuropathy of lower limb (disorder)
http://snomed.info/sct	609640006	Compression neuropathy of genitofemoral nerve (disorder)
http://snomed.info/sct	609641005	Compression neuropathy of ilioinguinal nerve (disorder)
http://snomed.info/sct	61830005	Sphenopalatine neuralgia (disorder)
http://snomed.info/sct	62745008	Injury of ulnar nerve (disorder)
http://snomed.info/sct	629149351000119106	Schwannoma of cranial nerve (disorder)
http://snomed.info/sct	62985007	Hereditary insensitivity to pain with anhidrosis (disorder)
http://snomed.info/sct	63135006	Amyotonia congenita (disorder)
http://snomed.info/sct	63246000	Cholestanol storage disease (disorder)
http://snomed.info/sct	63864004	Tongue protrusion disorder of twelfth cranial nerve (disorder)
http://snomed.info/sct	63900005	Alajouanines syndrome (disorder)
http://snomed.info/sct	63942007	Injury of nerve of trunk (disorder)
http://snomed.info/sct	640003	Injury of pneumogastric nerve (disorder)
http://snomed.info/sct	64246009	Disorder of optic chiasm associated with non-pituitary neoplasm (disorder)
http://snomed.info/sct	64309007	Trigeminal nerve disorder (disorder)
http://snomed.info/sct	64370005	Aganglionosis of parasympathetic nerve ganglia (disorder)
http://snomed.info/sct	64518008	Paratrigeminal syndrome (disorder)
http://snomed.info/sct	64855000	Pelizaeus-Merzbacher disease (disorder)
http://snomed.info/sct	65242001	Drug-induced myasthenia (disorder)
http://snomed.info/sct	65389002	Adrenoleukodystrophy (disorder)
http://snomed.info/sct	66073004	Glossopharyngeal taste disorder (disorder)
http://snomed.info/sct	66688008	Degeneration of acoustic nerve (disorder)
http://snomed.info/sct	66695004	Acrodynia due to mercury poisoning (disorder)
http://snomed.info/sct	66760008	Optic neuritis (disorder)
http://snomed.info/sct	67157003	Middle brachial plexus neuropathy (disorder)
http://snomed.info/sct	67279004	Injury of median nerve (disorder)
http://snomed.info/sct	67725009	Antibiotic-induced neuromuscular blocking (disorder)
http://snomed.info/sct	679691000119100	Retrobulbar optic neuritis of bilateral eyes (disorder)
http://snomed.info/sct	679701000119100	Retrobulbar optic neuritis of left eye (disorder)
http://snomed.info/sct	679711000119102	Retrobulbar optic neuritis of right eye (disorder)
http://snomed.info/sct	679731000119107	Tolosa-Hunt syndrome of left eye (disorder)
http://snomed.info/sct	679741000119103	Tolosa-Hunt syndrome of right eye (disorder)
http://snomed.info/sct	680991000119108	Atrophy of bilateral optic nerves following inflammation (disorder)
http://snomed.info/sct	681031000119102	Tolosa-Hunt syndrome of bilateral eyes (disorder)
http://snomed.info/sct	68121000119103	Facial palsy House-Brackmann grade II (disorder)
http://snomed.info/sct	68131000119100	Facial palsy House-Brackmann grade III (disorder)
http://snomed.info/sct	68141000119109	Facial palsy House-Brackmann grade IV (disorder)
http://snomed.info/sct	68151000119106	Facial palsy House-Brackmann grade V (disorder)
http://snomed.info/sct	6836001	Injury of brachial plexus (disorder)
http://snomed.info/sct	68390005	Sphingolipid activator protein 1 deficiency (disorder)
http://snomed.info/sct	68711000119109	Genitofemoral neuropathy (disorder)
http://snomed.info/sct	68721000119102	Ilioinguinal neuropathy (disorder)
http://snomed.info/sct	688111000119103	Schwannoma of nerve of upper limb (disorder)
http://snomed.info/sct	688121000119105	Schwannoma of nerve of chest (disorder)
http://snomed.info/sct	688131000119108	Schwannoma of nerve of face (disorder)
http://snomed.info/sct	688141000119104	Schwannoma of nerve of hand (disorder)
http://snomed.info/sct	688161000119100	Schwannoma of nerve of lower limb (disorder)
http://snomed.info/sct	68861000119103	Ulnar neuropathy at wrist (disorder)
http://snomed.info/sct	68982002	Disorder of olfactory nerve (disorder)
http://snomed.info/sct	69071001	Radicular syndrome of lower limbs (disorder)
http://snomed.info/sct	69501006	Facial nerve motor disorder (disorder)
http://snomed.info/sct	69820004	Injury of optic chiasm (disorder)
http://snomed.info/sct	699058000	Injury of nerve of pelvic girdle (disorder)
http://snomed.info/sct	699059008	Injury to superficial nerves of head (disorder)
http://snomed.info/sct	699060003	Injury of superficial nerves of neck (disorder)
http://snomed.info/sct	699190008	Paroxysmal extreme pain disorder (disorder)
http://snomed.info/sct	699258007	Neuropathy due to vitamin B12 deficiency (disorder)
http://snomed.info/sct	699259004	Neuropathy due to vitamin B deficiency (disorder)
http://snomed.info/sct	699866005	Progressive bulbar palsy with sensorineural deafness (disorder)
http://snomed.info/sct	699867001	Duane-radial ray syndrome (disorder)
http://snomed.info/sct	702441001	Fatal X-linked ataxia with deafness and loss of vision (disorder)
http://snomed.info/sct	702442008	Ataxia with vitamin E deficiency (disorder)
http://snomed.info/sct	703535000	Mowat-Wilson syndrome (disorder)
http://snomed.info/sct	70476006	Optic chiasm disorder (disorder)
http://snomed.info/sct	706891008	Neuropathy due to unstable diabetes mellitus type 1 (disorder)
http://snomed.info/sct	70694009	Wolfram syndrome (disorder)
http://snomed.info/sct	709118002	Injury of nerve at lower leg level (disorder)
http://snomed.info/sct	709143008	Peripheral neuropathy caused by toxin (disorder)
http://snomed.info/sct	709144002	Peripheral neuropathy of upper limb caused by toxin (disorder)
http://snomed.info/sct	709145001	Peripheral neuropathy due to inflammation (disorder)
http://snomed.info/sct	709203006	Benign neoplasm of brachial plexus (disorder)
http://snomed.info/sct	709285002	Metastatic malignant neoplasm to lumbosacral plexus (disorder)
http://snomed.info/sct	709489006	Small fiber neuropathy (disorder)
http://snomed.info/sct	710212007	Neoplasm of cervical spinal nerve (disorder)
http://snomed.info/sct	710349003	Peripheral neuropathy of upper limb due to metabolic disorder (disorder)
http://snomed.info/sct	710357000	Peripheral neuropathy of upper limb due to inflammatory disease (disorder)
http://snomed.info/sct	710359002	Peripheral neuropathy of upper limb due to infection (disorder)
http://snomed.info/sct	710360007	Peripheral neuropathy due to metabolic disorder (disorder)
http://snomed.info/sct	711406009	Autosomal recessive axonal neuropathy with neuromyotonia (disorder)
http://snomed.info/sct	711483003	Spinal muscular atrophy with respiratory distress type 1 (disorder)
http://snomed.info/sct	712537009	Complex regional pain syndrome of upper limb (disorder)
http://snomed.info/sct	712637001	Ribonucleic acid polymerase III-related leukodystrophy (disorder)
http://snomed.info/sct	712644005	Inflammation of obturator nerve (disorder)
http://snomed.info/sct	712645006	Inflammation of femoral nerve (disorder)
http://snomed.info/sct	712733005	Traumatic injury of optic disk (disorder)
http://snomed.info/sct	712857000	Segmental neuralgia as late effect of traumatic injury (disorder)
http://snomed.info/sct	712858005	Neoplasm of thoracic spinal nerve (disorder)
http://snomed.info/sct	712882000	Autonomic neuropathy due to type 1 diabetes mellitus (disorder)
http://snomed.info/sct	712883005	Autonomic neuropathy due to type 2 diabetes mellitus (disorder)
http://snomed.info/sct	713278001	Neuralgia co-occurrent with human immunodeficiency virus infection (disorder)
http://snomed.info/sct	713320007	Radiculitis co-occurrent with human immunodeficiency virus infection (disorder)
http://snomed.info/sct	713450000	Neuropathy caused by isoniazid (disorder)
http://snomed.info/sct	713489006	Polyneuropathy co-occurrent with human immunodeficiency virus infection (disorder)
http://snomed.info/sct	713506004	Neuritis co-occurrent with human immunodeficiency virus infection (disorder)
http://snomed.info/sct	713702000	Gastroparesis due to type 1 diabetes mellitus (disorder)
http://snomed.info/sct	713703005	Gastroparesis due to type 2 diabetes mellitus (disorder)
http://snomed.info/sct	713704004	Gastroparesis due to diabetes mellitus (disorder)
http://snomed.info/sct	713705003	Polyneuropathy due to type 1 diabetes mellitus (disorder)
http://snomed.info/sct	713706002	Polyneuropathy due to type 2 diabetes mellitus (disorder)
http://snomed.info/sct	713733003	Infection caused by herpes zoster virus co-occurrent with human immunodeficiency virus infection (disorder)
http://snomed.info/sct	713739004	Neoplasm of lumbar spinal nerve (disorder)
http://snomed.info/sct	713747004	Neoplasm of sacral spinal nerve (disorder)
http://snomed.info/sct	713829001	Postinfective intercostal neuralgia (disorder)
http://snomed.info/sct	713831005	Postinfective peripheral neuralgia (disorder)
http://snomed.info/sct	713837009	Postinfective segmental peripheral neuralgia (disorder)
http://snomed.info/sct	713839007	Intercostal neuralgia as late effect of trauma (disorder)
http://snomed.info/sct	713847007	Post-surgery obturator neuralgia (disorder)
http://snomed.info/sct	713895003	Obturator nerve injury during surgery (disorder)
http://snomed.info/sct	713911007	Lumbosacral spondylosis co-occurrent with root compression (disorder)
http://snomed.info/sct	713964006	Multidermatomal infection caused by Herpes zoster co-occurrent with human immunodeficiency virus infection (disorder)
http://snomed.info/sct	714027006	Trigeminal nerve palsy (disorder)
http://snomed.info/sct	715374003	Autosomal dominant optic atrophy plus syndrome (disorder)
http://snomed.info/sct	715624006	Chronic ataxic neuropathy, ophthalmoplegia, monoclonal immunoglobulin M protein, cold agglutinin and disialosyl antibody syndrome (disorder)
http://snomed.info/sct	715770009	Acute motor axonal neuropathy (disorder)
http://snomed.info/sct	715794009	Progressive encephalopathy with severe infantile anorexia (disorder)
http://snomed.info/sct	715952000	Waardenburg Shah syndrome (disorder)
http://snomed.info/sct	716243005	Deafness with malformation of ear and facial palsy syndrome (disorder)
http://snomed.info/sct	716722005	Acute motor sensory axonal Guillain-Barré syndrome (disorder)
http://snomed.info/sct	716723000	Guillain-Barré syndrome acute inflammatory demyelinating polyradiculoneuropathic form (disorder)
http://snomed.info/sct	717008005	Autosomal dominant Charcot-Marie-Tooth disease type 2B (disorder)
http://snomed.info/sct	717010007	Autosomal dominant Charcot-Marie-Tooth disease type 2C (disorder)
http://snomed.info/sct	717011006	Autosomal dominant Charcot-Marie-Tooth disease type 2D (disorder)
http://snomed.info/sct	717012004	Autosomal dominant Charcot-Marie-Tooth disease type 2E (disorder)
http://snomed.info/sct	717013009	Autosomal dominant Charcot-Marie-Tooth disease type 2I (disorder)
http://snomed.info/sct	717014003	Autosomal dominant Charcot-Marie-Tooth disease type 2J (disorder)
http://snomed.info/sct	717016001	Autosomal dominant Charcot-Marie-Tooth disease type 2A1 (disorder)
http://snomed.info/sct	717042001	Pelizaeus Merzbacher like disease (disorder)
http://snomed.info/sct	717266001	Sensory ataxic neuropathy with dysarthria and ophthalmoparesis syndrome (disorder)
http://snomed.info/sct	717336005	Autosomal dominant optic atrophy classic form (disorder)
http://snomed.info/sct	71760005	Cervico-occipital neuralgia (disorder)
http://snomed.info/sct	71771000119100	Neuropathic arthropathy due to type 1 diabetes mellitus (disorder)
http://snomed.info/sct	717822006	Goldberg Shprintzen megacolon syndrome (disorder)
http://snomed.info/sct	717825008	Hereditary sensory and autonomic neuropathy type 1B (disorder)
http://snomed.info/sct	717826009	Hereditary sensory and autonomic neuropathy with deafness and global delay (disorder)
http://snomed.info/sct	717827000	Hereditary sensory and autonomic neuropathy with spastic paraplegia (disorder)
http://snomed.info/sct	71791000119104	Peripheral neuropathy due to type 1 diabetes mellitus (disorder)
http://snomed.info/sct	717938001	Optic neuropathy due to folate deficiency (disorder)
http://snomed.info/sct	717975006	Autosomal dominant optic atrophy and peripheral neuropathy syndrome (disorder)
http://snomed.info/sct	718103001	Hereditary geniospasm (disorder)
http://snomed.info/sct	718213001	Polyneuropathy associated with monoclonal immunoglobulin M antibodies to myelin-associated glycoprotein (disorder)
http://snomed.info/sct	718221007	Behr syndrome (disorder)
http://snomed.info/sct	718519003	Entrapment of superficial branch of radial nerve (disorder)
http://snomed.info/sct	719430008	Leber plus disease (disorder)
http://snomed.info/sct	719510006	Autosomal dominant Charcot-Marie-Tooth disease type 2F (disorder)
http://snomed.info/sct	719512003	Autosomal dominant Charcot-Marie-Tooth disease type 2K (disorder)
http://snomed.info/sct	719513008	Autosomal dominant Charcot-Marie-Tooth disease type 2L (disorder)
http://snomed.info/sct	719514002	Autosomal dominant Charcot-Marie-Tooth disease type 2M (disorder)
http://snomed.info/sct	719515001	Autosomal dominant Charcot-Marie-Tooth disease type 2N (disorder)
http://snomed.info/sct	719517009	Autosomal dominant optic atrophy and cataract (disorder)
http://snomed.info/sct	719833004	Visceral neuropathy and brain anomaly with facial dysmorphism and developmental delay syndrome (disorder)
http://snomed.info/sct	719836007	X-linked distal arthrogryposis multiplex congenita (disorder)
http://snomed.info/sct	719838008	X-linked hereditary sensory and autonomic neuropathy with deafness (disorder)
http://snomed.info/sct	719972004	Haddad syndrome (disorder)
http://snomed.info/sct	719981005	Charcot-Marie-Tooth disease type 2B2 (disorder)
http://snomed.info/sct	720410001	Acrootoocular syndrome (disorder)
http://snomed.info/sct	720634003	Cerebellar ataxia, areflexia, pes cavus, optic atrophy, sensorineural hearing loss syndrome (disorder)
http://snomed.info/sct	720637005	Charcot-Marie-Tooth disease type 2H (disorder)
http://snomed.info/sct	720956003	Foix Chavany Marie syndrome (disorder)
http://snomed.info/sct	721197001	Polyneuropathy due to classical cystic fibrosis (disorder)
http://snomed.info/sct	721200000	Early-onset X-linked optic atrophy (disorder)
http://snomed.info/sct	721221000	Hirschsprung disease with deafness and polydactyly syndrome (disorder)
http://snomed.info/sct	721254003	Infection of cranial nerve (disorder)
http://snomed.info/sct	721261004	Infection causing inflammation of optic nerve (disorder)
http://snomed.info/sct	721407004	Injury of brachial plexus cord (disorder)
http://snomed.info/sct	721408009	Injury of brachial plexus division (disorder)
http://snomed.info/sct	721409001	Injury of brachial plexus trunk (disorder)
http://snomed.info/sct	721410006	Injury of phrenic nerve (disorder)
http://snomed.info/sct	721530007	Injury of median nerve at upper arm level (disorder)
http://snomed.info/sct	721531006	Injury of nerve at forearm level (disorder)
http://snomed.info/sct	721532004	Injury of ulnar nerve at forearm level (disorder)
http://snomed.info/sct	721533009	Injury of median nerve at forearm level (disorder)
http://snomed.info/sct	721534003	Injury of radial nerve at forearm level (disorder)
http://snomed.info/sct	721537005	Acquired Horner syndrome (disorder)
http://snomed.info/sct	721608001	Hirschsprung disease of rectosigmoid region (disorder)
http://snomed.info/sct	721609009	Extensive aganglionosis Hirschsprung disease (disorder)
http://snomed.info/sct	721843003	Growth retardation, alopecia, pseudoanodontia, optic atrophy syndrome (disorder)
http://snomed.info/sct	721846006	Hypomyelination, hypogonadotropic hypogonadism, hypodontia syndrome (disorder)
http://snomed.info/sct	722064003	Odontoleukodystrophy (disorder)
http://snomed.info/sct	722213009	Severe X-linked intellectual disability Gustavson type (disorder)
http://snomed.info/sct	722285005	Albinism with deafness syndrome (disorder)
http://snomed.info/sct	722389002	Congenital hereditary facial paralysis with variable hearing loss syndrome (disorder)
http://snomed.info/sct	722518004	Primary malignant nerve sheath neoplasm of autonomic nerve (disorder)
http://snomed.info/sct	722604002	Optic disc dysplasia (disorder)
http://snomed.info/sct	722606000	Disorder of optic nerve due to and following radiotherapy (disorder)
http://snomed.info/sct	722607009	Optic disc swelling co-occurrent with uveitis (disorder)
http://snomed.info/sct	722655009	Injury of radial nerve at upper arm level (disorder)
http://snomed.info/sct	72274001	Nerve root disorder (disorder)
http://snomed.info/sct	722853000	Immature ganglionosis of large intestine (disorder)
http://snomed.info/sct	722854006	Congenital hypoganglionosis of large intestine (disorder)
http://snomed.info/sct	722900008	Erb Duchenne palsy with neuropraxis due to traction birth trauma (disorder)
http://snomed.info/sct	722901007	Erb Duchenne palsy with neuroma due to birth trauma (disorder)
http://snomed.info/sct	722988004	Compression of olfactory nerve (disorder)
http://snomed.info/sct	722989007	Aplasia of optic nerve (disorder)
http://snomed.info/sct	722990003	Congenital atrophy of optic nerve (disorder)
http://snomed.info/sct	723131006	Megalopapilla (disorder)
http://snomed.info/sct	723132004	Perioperative secondary non-arteritic ischemic optic neuropathy (disorder)
http://snomed.info/sct	723146004	Injury of anterior cutaneous nerve of neck (disorder)
http://snomed.info/sct	723156000	Flaccid diplegia of upper limbs (disorder)
http://snomed.info/sct	723157009	Spastic diplegia of upper limbs (disorder)
http://snomed.info/sct	723158004	Diplegia of lower limbs (disorder)
http://snomed.info/sct	723160002	Spastic monoplegia of upper limb (disorder)
http://snomed.info/sct	723162005	Spastic monoplegia of lower limb (disorder)
http://snomed.info/sct	723452007	Polyneuropathy, hearing loss, ataxia, retinitis pigmentosa, cataract syndrome (disorder)
http://snomed.info/sct	723497003	Peripheral neuropathy with sensorineural hearing impairment syndrome (disorder)
http://snomed.info/sct	723622007	X-linked spastic paraplegia type 2 (disorder)
http://snomed.info/sct	723644002	Microvascular cranial nerve palsy (disorder)
http://snomed.info/sct	723666009	Length-dependent peripheral neuropathy (disorder)
http://snomed.info/sct	723825006	Autosomal recessive spastic paraplegia type 55 (disorder)
http://snomed.info/sct	723826007	Autosomal recessive spastic paraplegia type 57 (disorder)
http://snomed.info/sct	724174003	Moebius syndrome, axonal neuropathy, hypogonadotropic hypogonadism syndrome (disorder)
http://snomed.info/sct	724283004	Hypomyelinating leukodystrophy with atrophy of basal ganglia and cerebellum (disorder)
http://snomed.info/sct	724558003	Peripheral neuropathy due to hypervitaminosis B6 (disorder)
http://snomed.info/sct	724563004	Neuropathy due to nutritional deficiency (disorder)
http://snomed.info/sct	724572007	Neuromuscular junction disorder due to ingestion of organic phosphorus compound (disorder)
http://snomed.info/sct	724769002	Ataxia co-occurrent and due to phytanic acid storage disease (disorder)
http://snomed.info/sct	724795000	Injury of nerve at wrist level (disorder)
http://snomed.info/sct	724796004	Injury of nerve at hand level (disorder)
http://snomed.info/sct	724797008	Injury of median nerve in wrist (disorder)
http://snomed.info/sct	724798003	Injury of median nerve in hand (disorder)
http://snomed.info/sct	724799006	Injury of multiple nerves in wrist (disorder)
http://snomed.info/sct	724800005	Injury of multiple nerves in hand (disorder)
http://snomed.info/sct	724801009	Injury of nerve at hip level (disorder)
http://snomed.info/sct	724802002	Injury of nerve at thigh level (disorder)
http://snomed.info/sct	724803007	Injury of tibial nerve at lower leg level (disorder)
http://snomed.info/sct	724804001	Injury of cutaneous sensory nerve at lower leg level (disorder)
http://snomed.info/sct	724805000	Primary malignant neuroepitheliomatous neoplasm of peripheral nerve (disorder)
http://snomed.info/sct	724815006	Autonomic neuropathy due to disorder of immune function (disorder)
http://snomed.info/sct	724996005	Lumbosacral plexopathy due to vasculitis (disorder)
http://snomed.info/sct	724998006	Polyneuropathy co-occurrent and due to systemic connective tissue disorder (disorder)
http://snomed.info/sct	724999003	Isolated hypoplasia of optic nerve (disorder)
http://snomed.info/sct	725047007	Autosomal recessive Charcot-Marie-Tooth disease with hoarseness (disorder)
http://snomed.info/sct	725048002	Charcot-Marie-Tooth disease type 2B1 (disorder)
http://snomed.info/sct	725139005	Spastic paraplegia, optic atrophy, neuropathy syndrome (disorder)
http://snomed.info/sct	72556006	Injury of trigeminal nerve (disorder)
http://snomed.info/sct	72585000	Parkinsonian syndrome with idiopathic orthostatic hypotension (disorder)
http://snomed.info/sct	726031001	Cerebellar ataxia, intellectual disability, optic atrophy, skin abnormalities syndrome (disorder)
http://snomed.info/sct	72655000	Alternating hypoglossal hemiplegia (disorder)
http://snomed.info/sct	72758005	Injury of olfactory nerve (disorder)
http://snomed.info/sct	72839009	Geniculate ganglionitis (disorder)
http://snomed.info/sct	72893007	Brachial neuritis (disorder)
http://snomed.info/sct	72983001	Compression of optic nerve (disorder)
http://snomed.info/sct	73013002	Cranial nerve disorder (disorder)
http://snomed.info/sct	73221001	Optic papillitis (disorder)
http://snomed.info/sct	733044009	Dermatoleukodystrophy (disorder)
http://snomed.info/sct	733071009	Deafness, small bowel diverticulosis, neuropathy syndrome (disorder)
http://snomed.info/sct	733091002	Isolated hereditary congenital facial paralysis (disorder)
http://snomed.info/sct	733167008	Acute geniculate ganglionitis caused by Human herpesvirus 3 (disorder)
http://snomed.info/sct	733506009	Arteritic anterior ischemic optic neuropathy (disorder)
http://snomed.info/sct	73371001	Neural hearing loss (disorder)
http://snomed.info/sct	7339009	Polyneuropathy caused by drug (disorder)
http://snomed.info/sct	734022008	Wolfram-like syndrome (disorder)
http://snomed.info/sct	734031008	Congenital absence of optic chiasma (disorder)
http://snomed.info/sct	73431005	Meningococcal optic neuritis (disorder)
http://snomed.info/sct	734986006	Complex regional pain syndrome of lower limb (disorder)
http://snomed.info/sct	734987002	Complex regional pain syndrome of foot (disorder)
http://snomed.info/sct	734988007	Complex regional pain syndrome of knee (disorder)
http://snomed.info/sct	734989004	Complex regional pain syndrome of hand (disorder)
http://snomed.info/sct	735646005	Injury of bilateral optic nerves (disorder)
http://snomed.info/sct	735751009	Injury of superior mesenteric plexus (disorder)
http://snomed.info/sct	735752002	Injury of hypogastric plexus (disorder)
http://snomed.info/sct	735753007	Injury of abdominopelvic portion of sympathetic nervous system (disorder)
http://snomed.info/sct	735754001	Injury of peripheral nerve of abdomen (disorder)
http://snomed.info/sct	735755000	Injury of peripheral nerve of lower back (disorder)
http://snomed.info/sct	735756004	Injury of peripheral nerve of pelvis (disorder)
http://snomed.info/sct	73590005	Injury of peripheral nerve (disorder)
http://snomed.info/sct	735904003	Injury of nerve plexus of trunk (disorder)
http://snomed.info/sct	736838001	Cupping of optic disc due to open angle glaucoma (disorder)
http://snomed.info/sct	737006004	Cupping of optic discs of bilateral eyes due to open-angle glaucoma (disorder)
http://snomed.info/sct	737199001	Acquired hypoganglionosis of large intestine (disorder)
http://snomed.info/sct	737240009	Autonomic neuropathy due to endocrine disease (disorder)
http://snomed.info/sct	737241008	Autonomic neuropathy due to metabolic disease (disorder)
http://snomed.info/sct	73765005	Disorder of vagus nerve (disorder)
http://snomed.info/sct	7379000	Pseudobulbar palsy (disorder)
http://snomed.info/sct	74225001	Tick paralysis (disorder)
http://snomed.info/sct	74231003	Retrosphenoidal space syndrome (disorder)
http://snomed.info/sct	74297002	Injury of cervical nerve roots (disorder)
http://snomed.info/sct	7449006	Injury of femoral nerve (disorder)
http://snomed.info/sct	75572007	Polyradiculopathy (disorder)
http://snomed.info/sct	75834006	Strachans syndrome (disorder)
http://snomed.info/sct	75962003	First division of fifth cranial nerve disorder (disorder)
http://snomed.info/sct	7611002	Septo-optic dysplasia sequence (disorder)
http://snomed.info/sct	762356001	Inflammatory neuropathy due to and following vaccination (disorder)
http://snomed.info/sct	762357005	Traumatic injury of left optic nerve (disorder)
http://snomed.info/sct	762358000	Traumatic injury of right optic nerve (disorder)
http://snomed.info/sct	762595001	Chronic painful polyneuropathy following chemotherapy (disorder)
http://snomed.info/sct	762669008	Stimulation of phrenic nerve due to and after implantation of automatic cardiac defibrillator (disorder)
http://snomed.info/sct	762670009	Stimulation of phrenic nerve due to and after implantation of cardiac pacemaker (disorder)
http://snomed.info/sct	763067000	Autosomal dominant congenital benign spinal muscular atrophy (disorder)
http://snomed.info/sct	763218005	Congenital trigeminal anesthesia (disorder)
http://snomed.info/sct	763280005	Encephalopathy, hypertrophic cardiomyopathy, renal tubular disease syndrome (disorder)
http://snomed.info/sct	763352005	Familial dyskinesia and facial myokymia (disorder)
http://snomed.info/sct	763533003	Distal hereditary motor neuropathy Jerash type (disorder)
http://snomed.info/sct	763688008	Deafness, encephaloneuropathy, obesity, valvulopathy syndrome (disorder)
http://snomed.info/sct	763803004	Morvan syndrome (disorder)
http://snomed.info/sct	764095005	Leukoencephalopathy, ataxia, hypodontia, hypomyelination syndrome (disorder)
http://snomed.info/sct	764272007	Compression of cauda equina due to lumbar vertebral stenosis (disorder)
http://snomed.info/sct	76462000	Post-herpetic polyneuropathy (disorder)
http://snomed.info/sct	764730007	Autosomal dominant Charcot-Marie-Tooth disease type 2 due to kinesin family member 5A mutation (disorder)
http://snomed.info/sct	764850002	Autosomal dominant Charcot-Marie-Tooth disease type 2A2 (disorder)
http://snomed.info/sct	765046002	Autosomal dominant Charcot-Marie-Tooth disease type 2U (disorder)
http://snomed.info/sct	765325002	Peripheral demyelinating neuropathy, central dysmyelinating leukodystrophy, Waardenburg syndrome, Hirschsprung disease (disorder)
http://snomed.info/sct	766049000	Acute sensory ataxic neuropathy (disorder)
http://snomed.info/sct	766722008	Paraparetic variant of Guillain-Barré syndrome (disorder)
http://snomed.info/sct	766752000	Neurolymphomatosis (disorder)
http://snomed.info/sct	766764008	X-linked distal spinal muscular atrophy type 3 (disorder)
http://snomed.info/sct	766931003	Hypomyelination neuropathy arthrogryposis syndrome (disorder)
http://snomed.info/sct	766987006	Moebius syndrome (disorder)
http://snomed.info/sct	767659008	Peripheral neuropathy due to and following antineoplastic therapy (disorder)
http://snomed.info/sct	7680008	Injury of musculocutaneous nerve (disorder)
http://snomed.info/sct	76886005	Polyneuritis (disorder)
http://snomed.info/sct	768926005	Extraneural perineurioma (disorder)
http://snomed.info/sct	768934004	Intraneural perineurioma (disorder)
http://snomed.info/sct	769065000	Tubulin beta 4A class IVa related leukodystrophy (disorder)
http://snomed.info/sct	76976005	Optic atrophy (disorder)
http://snomed.info/sct	770094004	Cervical radiculoplexus neuropathy due to diabetes mellitus (disorder)
http://snomed.info/sct	770095003	Cranial nerve palsy due to diabetes mellitus (disorder)
http://snomed.info/sct	770098001	Cranial nerve palsy due to type 1 diabetes mellitus (disorder)
http://snomed.info/sct	770430000	Autosomal recessive distal spinal muscular atrophy type 3 (disorder)
http://snomed.info/sct	770596007	Rippling muscle disease with myasthenia gravis (disorder)
http://snomed.info/sct	770625006	Combined immunodeficiency with faciooculoskeletal anomalies syndrome (disorder)
http://snomed.info/sct	770626007	Congenital Horner syndrome (disorder)
http://snomed.info/sct	770630005	Distal hereditary motor neuropathy type 1 (disorder)
http://snomed.info/sct	770679002	Polyneuropathy, intellectual disability, acromicria, premature menopause syndrome (disorder)
http://snomed.info/sct	770723007	Optic atrophy, intellectual disability syndrome (disorder)
http://snomed.info/sct	770727008	Spinal muscular atrophy with respiratory distress type 2 (disorder)
http://snomed.info/sct	770898002	Autosomal recessive cerebellar ataxia, epilepsy, intellectual disability syndrome due to WW domain containing oxidoreductase deficiency (disorder)
http://snomed.info/sct	771081007	Distal hereditary motor neuropathy type 7 (disorder)
http://snomed.info/sct	771261002	Digital extensor muscle aplasia with polyneuropathy (disorder)
http://snomed.info/sct	771263004	Ptosis and vocal cord paralysis syndrome (disorder)
http://snomed.info/sct	771305006	Progressive polyneuropathy with bilateral striatal necrosis (disorder)
http://snomed.info/sct	771307003	Charcot-Marie-Tooth disease type 2B5 (disorder)
http://snomed.info/sct	771336003	Polymicrogyria with optic nerve hypoplasia (disorder)
http://snomed.info/sct	771471002	Optic nerve edema, splenomegaly syndrome (disorder)
http://snomed.info/sct	771475006	Young adult-onset distal hereditary motor neuropathy (disorder)
http://snomed.info/sct	771514002	Early-onset progressive neurodegeneration, blindness, ataxia, spasticity syndrome (disorder)
http://snomed.info/sct	77157004	Disorder of optic nerve (disorder)
http://snomed.info/sct	773393001	Autosomal dominant Charcot-Marie-Tooth disease type 2Q (disorder)
http://snomed.info/sct	774147002	Charcot-Marie-Tooth disease type 2R (disorder)
http://snomed.info/sct	77461000119109	Myasthenia gravis with exacerbation (disorder)
http://snomed.info/sct	77471000119103	Myasthenia gravis without exacerbation (disorder)
http://snomed.info/sct	77659000	Paraneoplastic neuropathy (disorder)
http://snomed.info/sct	77706007	Injury of cutaneous sensory nerve of lower limb (disorder)
http://snomed.info/sct	777999008	Hypomyelination with brain stem and spinal cord involvement and leg spasticity (disorder)
http://snomed.info/sct	778021002	Microphthalmia, retinitis pigmentosa, foveoschisis, optic disc drusen syndrome (disorder)
http://snomed.info/sct	778027003	Primary CD59 deficiency (disorder)
http://snomed.info/sct	77841000119108	Thoracolumbar radiculopathy (disorder)
http://snomed.info/sct	77949003	Disorder of acoustic nerve (disorder)
http://snomed.info/sct	781000119106	Neuropathic arthropathy due to type 2 diabetes mellitus (disorder)
http://snomed.info/sct	78141002	Erb-Duchenne paralysis (disorder)
http://snomed.info/sct	78152008	Multiple cranial nerve palsy (disorder)
http://snomed.info/sct	782309008	Immune-mediated neuropathy (disorder)
http://snomed.info/sct	782388003	Incomplete cauda equina syndrome (disorder)
http://snomed.info/sct	782390002	Painless urinary retention due to cauda equina syndrome (disorder)
http://snomed.info/sct	782679002	Familial congenital palsy of trochlear nerve (disorder)
http://snomed.info/sct	782742006	Autosomal dominant Charcot-Marie-Tooth disease type 2 with giant axons (disorder)
http://snomed.info/sct	782752005	Peripheral neuropathy, myopathy, hoarseness, hearing loss syndrome (disorder)
http://snomed.info/sct	782754006	Foveal hypoplasia, optic nerve decussation defect, anterior segment dysgenesis syndrome (disorder)
http://snomed.info/sct	782756008	Familial episodic pain syndrome (disorder)
http://snomed.info/sct	782822006	Infantile cerebellar and retinal degeneration (disorder)
http://snomed.info/sct	782824007	Sodium channelopathy-related small fiber neuropathy (disorder)
http://snomed.info/sct	782826009	Charcot-Marie-Tooth disease type 2P (disorder)
http://snomed.info/sct	782829002	Autosomal dominant Charcot-Marie-Tooth disease type 2O (disorder)
http://snomed.info/sct	783010003	Pharyngeal-cervical-brachial variant of Guillain-Barré syndrome (disorder)
http://snomed.info/sct	783065004	Autosomal recessive optic atrophy type 7 (disorder)
http://snomed.info/sct	783090002	Idiopathic retinal vasculitis, aneurysms, neuroretinitis syndrome (disorder)
http://snomed.info/sct	783091003	46,XY gonadal dysgenesis, motor and sensory neuropathy syndrome (disorder)
http://snomed.info/sct	783180007	Combined hyperactive dysfunction syndrome of cranial nerves (disorder)
http://snomed.info/sct	783198006	Hereditary sensory and autonomic neuropathy due to tectonin beta-propeller repeat containing 2 mutation (disorder)
http://snomed.info/sct	783244002	Acute pure sensory neuropathy (disorder)
http://snomed.info/sct	783257005	Familial recurrent peripheral facial palsy (disorder)
http://snomed.info/sct	783550006	Hereditary sensory and autonomic neuropathy type 7 (disorder)
http://snomed.info/sct	783737007	Hirschsprung disease, ganglioneuroblastoma syndrome (disorder)
http://snomed.info/sct	784289008	Nerve palsy (disorder)
http://snomed.info/sct	784347002	Autosomal recessive spastic ataxia, optic atrophy, dysarthria syndrome (disorder)
http://snomed.info/sct	78458000	Injury of hypoglossal nerve (disorder)
http://snomed.info/sct	785298001	Muscle eye brain disease with bilateral multicystic leukodystrophy (disorder)
http://snomed.info/sct	785723001	Persistent idiopathic facial pain (disorder)
http://snomed.info/sct	786076007	Congenital pit of optic disc (disorder)
http://snomed.info/sct	786078008	Acquired pit of optic disc (disorder)
http://snomed.info/sct	787932009	Disorder of gastric branch of vagus nerve (disorder)
http://snomed.info/sct	789014004	Radiculopathy caused by electricity (disorder)
http://snomed.info/sct	789015003	Radiculopathy caused by radiation (disorder)
http://snomed.info/sct	789016002	Toxic radiculopathy (disorder)
http://snomed.info/sct	789017006	Radiculopathy due to intervertebral disc disorder (disorder)
http://snomed.info/sct	789018001	Radiculopathy due to metabolic disorder (disorder)
http://snomed.info/sct	789019009	Radiculopathy due to neoplastic disease (disorder)
http://snomed.info/sct	789020003	Radiculopathy due to nutritional deficiency (disorder)
http://snomed.info/sct	789021004	Radiculopathy due to spondylosis (disorder)
http://snomed.info/sct	789430001	Acquired right-sided Horner syndrome (disorder)
http://snomed.info/sct	789431002	Acquired left-sided Horner syndrome (disorder)
http://snomed.info/sct	789585000	Sensory polyneuropathy due to diabetes mellitus (disorder)
http://snomed.info/sct	789588003	Peripheral sensory neuropathy (disorder)
http://snomed.info/sct	789674008	Spastic paraplegia, optic atrophy, neuropathy and spastic paraplegia, optic atrophy neuropathy-related disorder (disorder)
http://snomed.info/sct	7916009	Alcoholic polyneuropathy (disorder)
http://snomed.info/sct	79268002	Polyneuropathy, organomegaly, endocrinopathy, monoclonal gammopathy, and skin changes syndrome (disorder)
http://snomed.info/sct	792799000	Lipoma of nerve (disorder)
http://snomed.info/sct	79366000	Injury of inferior mesenteric plexus (disorder)
http://snomed.info/sct	79389008	Beriberi neuropathy (disorder)
http://snomed.info/sct	79554005	Asymmetric proximal motor neuropathy due to diabetes mellitus (disorder)
http://snomed.info/sct	79665007	Wildervanck syndrome (disorder)
http://snomed.info/sct	79705001	Injury of lumbosacral plexus (disorder)
http://snomed.info/sct	80544005	Spongy degeneration of central nervous system (disorder)
http://snomed.info/sct	80962007	Disorder of glossopharyngeal nerve (disorder)
http://snomed.info/sct	80976008	Myasthenic crisis (disorder)
http://snomed.info/sct	81634008	Perineural cyst (disorder)
http://snomed.info/sct	81750007	Glossopharyngeal nerve sensory disorder (disorder)
http://snomed.info/sct	81774005	Klumpke-Déjerine paralysis as birth trauma (disorder)
http://snomed.info/sct	817968741000119105	Situs inversus of optic disc (disorder)
http://snomed.info/sct	81830002	Mononeuropathy simplex due to diabetes mellitus (disorder)
http://snomed.info/sct	81854007	Alexander disease (disorder)
http://snomed.info/sct	81884004	Injury of tibial nerve (disorder)
http://snomed.info/sct	82088000	Eleventh cranial nerve motor disorder (disorder)
http://snomed.info/sct	82108004	Disorder of optic nerve due to nutritional deficiency (disorder)
http://snomed.info/sct	82178003	Neonatal myasthenia gravis (disorder)
http://snomed.info/sct	82473003	Radiculitis (disorder)
http://snomed.info/sct	827047007	Palsy of vagus nerve (disorder)
http://snomed.info/sct	827048002	Palsy of accessory nerve (disorder)
http://snomed.info/sct	827049005	Palsy of upper motor nerve (disorder)
http://snomed.info/sct	827050005	Palsy of glossopharyngeal nerve (disorder)
http://snomed.info/sct	83231000119101	Optic nerve and photoreceptor degeneration (disorder)
http://snomed.info/sct	838307002	Childhood-onset autosomal dominant optic atrophy (disorder)
http://snomed.info/sct	838319005	Autonomic neuropathy due to Fabry disease (disorder)
http://snomed.info/sct	838320004	Autonomic neuropathy due to medication induced hypoglycemia (disorder)
http://snomed.info/sct	83832001	Metachromatic leukodystrophy without arylsulfatase deficiency (disorder)
http://snomed.info/sct	838322007	Autonomic neuropathy due to Allgrove syndrome (disorder)
http://snomed.info/sct	838324008	Autoimmune optic neuropathy (disorder)
http://snomed.info/sct	838330008	Autoimmune ganglionopathy (disorder)
http://snomed.info/sct	838345001	Autosomal recessive optic atrophy type 6 (disorder)
http://snomed.info/sct	838347009	Autonomic neuropathy due to Refsum Disease (disorder)
http://snomed.info/sct	838348004	Autonomic neuropathy due to Tangier disease (disorder)
http://snomed.info/sct	838357005	Acute glossopharyngeal neuropathy caused by Herpes zoster (disorder)
http://snomed.info/sct	838363001	Arteritic anterior ischemic optic neuropathy due to giant cell arteritis (disorder)
http://snomed.info/sct	83886009	Klumpke-Déjerine paralysis (disorder)
http://snomed.info/sct	840421000	Disorder of neuromuscular junction caused by botulinum toxin (disorder)
http://snomed.info/sct	840459008	Cranial neuropathy due to sinusitis (disorder)
http://snomed.info/sct	840461004	Cranial neuropathy due to petrous infection (disorder)
http://snomed.info/sct	84116009	Compression injury of nerve (disorder)
http://snomed.info/sct	8443005	Facial nerve sensory disorder (disorder)
http://snomed.info/sct	84438001	Pure autonomic failure (disorder)
http://snomed.info/sct	84759007	Disorder of accessory nerve (disorder)
http://snomed.info/sct	84947004	Facial palsy as birth trauma (disorder)
http://snomed.info/sct	85007004	Meralgia paresthetica (disorder)
http://snomed.info/sct	85423005	Motor polyneuropathy (disorder)
http://snomed.info/sct	8563000	Cholinergic crisis (disorder)
http://snomed.info/sct	860614004	Injury of lumbar nerve root (disorder)
http://snomed.info/sct	860807003	Hereditary autonomic neuropathy (disorder)
http://snomed.info/sct	860809000	Hereditary sensory autonomic neuropathy type IIA (disorder)
http://snomed.info/sct	860810005	Hereditary sensory autonomic neuropathy type IIB (disorder)
http://snomed.info/sct	860811009	Hereditary sensory autonomic neuropathy type ID (disorder)
http://snomed.info/sct	860812002	Hereditary sensory autonomic neuropathy type IE (disorder)
http://snomed.info/sct	860813007	Hereditary sensory autonomic neuropathy type IA (disorder)
http://snomed.info/sct	860814001	Hereditary sensory autonomic neuropathy type IC (disorder)
http://snomed.info/sct	860881004	Flaccid diplegia of lower extremities (disorder)
http://snomed.info/sct	860883001	Generalized autonomic neuropathy due to diabetes mellitus (disorder)
http://snomed.info/sct	860884007	Idiopathic non-arteritic posterior ischemic optic neuropathy (disorder)
http://snomed.info/sct	860951008	Congenital anomaly of cauda equina (disorder)
http://snomed.info/sct	86266009	Total internal ophthalmoplegia (disorder)
http://snomed.info/sct	86269002	Injury of sciatic nerve (disorder)
http://snomed.info/sct	86345004	Bertolottis syndrome (disorder)
http://snomed.info/sct	86489003	Idiopathic peripheral autonomic neuropathy (disorder)
http://snomed.info/sct	866047004	Multiple mononeuropathy due to perinuclear antineutrophil cytoplasmic associated antibody associated vasculitis (disorder)
http://snomed.info/sct	866068003	Malignant nerve sheath neoplasm of overlapping sites of peripheral nerves and autonomic nervous system (disorder)
http://snomed.info/sct	866069006	Malignant nerve sheath neoplasm of peripheral nerve of abdomen (disorder)
http://snomed.info/sct	866085001	Infection of cranial nerve caused by Mucorales (disorder)
http://snomed.info/sct	866093001	Malignant nerve sheath neoplasm of peripheral nerve of upper limb (disorder)
http://snomed.info/sct	866094007	Malignant nerve sheath neoplasm of peripheral nerve of pelvis (disorder)
http://snomed.info/sct	866095008	Malignant nerve sheath neoplasm of peripheral nerve of thorax (disorder)
http://snomed.info/sct	866096009	Malignant nerve sheath neoplasm of peripheral nerve of head and neck (disorder)
http://snomed.info/sct	866097000	Malignant nerve sheath neoplasm of peripheral nerve of lower limb (disorder)
http://snomed.info/sct	866099002	Leber idiopathic stellate neuroretinitis (disorder)
http://snomed.info/sct	866133000	Infectious neuroretinitis (disorder)
http://snomed.info/sct	866140004	Infection of peripheral nerve caused by Mucorales (disorder)
http://snomed.info/sct	866143002	Infection of peripheral nerve caused by fungus (disorder)
http://snomed.info/sct	8663007	Cauda equina syndrome without neurogenic bladder (disorder)
http://snomed.info/sct	86695008	Dying back phenomenon (disorder)
http://snomed.info/sct	870284000	Pelizaeus Merzbacher like disease due to HSPD1 mutation (disorder)
http://snomed.info/sct	870285004	Pelizaeus Merzbacher like disease due to SLC16A2 mutation (disorder)
http://snomed.info/sct	870286003	Pelizaeus Merzbacher like disease due to AIMP1 mutation (disorder)
http://snomed.info/sct	870287007	Pelizaeus Merzbacher like disease due to GJC2 mutation (disorder)
http://snomed.info/sct	870319003	Optic atrophy due to late syphilis (disorder)
http://snomed.info/sct	870321008	Ocular nerve palsy caused by Herpes zoster (disorder)
http://snomed.info/sct	870347004	Retrobulbar neuritis due to late syphilis (disorder)
http://snomed.info/sct	87058001	Vagus nerve motor disorder (disorder)
http://snomed.info/sct	87450004	Injury of radial nerve (disorder)
http://snomed.info/sct	87513003	Herpes zoster ophthalmicus (disorder)
http://snomed.info/sct	87555007	Claudes syndrome (disorder)
http://snomed.info/sct	87607002	Pelizaeus-Merzbacher disease, classic form (disorder)
http://snomed.info/sct	87651000119100	Facial palsy House-Brackmann grade VI (disorder)
http://snomed.info/sct	87764000	Foster-Kennedy syndrome (disorder)
http://snomed.info/sct	87900003	Injury of sacral nerve roots (disorder)
http://snomed.info/sct	87921000119104	Cranial nerve palsy due to type 2 diabetes mellitus (disorder)
http://snomed.info/sct	88219000	Celiac plexus syndrome (disorder)
http://snomed.info/sct	890118006	Mowat-Wilson syndrome due to monosomy 2q22 (disorder)
http://snomed.info/sct	890396001	Congenital pit of bilateral optic discs (disorder)
http://snomed.info/sct	89654006	Disorder of optic chiasm associated with vascular disorder (disorder)
http://snomed.info/sct	896903003	Structural abnormality of glossopharyngeal nerve (disorder)
http://snomed.info/sct	896904009	Structural abnormality of great auricular nerve (disorder)
http://snomed.info/sct	897151000	Structural abnormality of lingual nerve (disorder)
http://snomed.info/sct	897417006	Structural abnormality of Auerbach plexus (disorder)
http://snomed.info/sct	897418001	Structural abnormality of Meissner plexus (disorder)
http://snomed.info/sct	89742000	Vagus nerve autonomic disorder (disorder)
http://snomed.info/sct	90630009	Injury of accessory nerve (disorder)
http://snomed.info/sct	9133005	Familial amyloid polyneuropathy, Iowa type (disorder)
http://snomed.info/sct	91637004	Myasthenia gravis (disorder)
http://snomed.info/sct	91959004	Benign neoplasm of abducens nerve (disorder)
http://snomed.info/sct	91960009	Benign neoplasm of accessory nerve (disorder)
http://snomed.info/sct	91962001	Benign neoplasm of vestibulocochlear nerve (disorder)
http://snomed.info/sct	92047003	Benign neoplasm of cauda equina (disorder)
http://snomed.info/sct	92071005	Benign neoplasm of cranial nerve (disorder)
http://snomed.info/sct	92099001	Benign neoplasm of facial nerve (disorder)
http://snomed.info/sct	92122002	Benign neoplasm of glossopharyngeal nerve (disorder)
http://snomed.info/sct	92136007	Benign neoplasm of hypoglossal nerve (disorder)
http://snomed.info/sct	92255002	Benign neoplasm of oculomotor nerve (disorder)
http://snomed.info/sct	92256001	Benign neoplasm of olfactory nerve (disorder)
http://snomed.info/sct	92257005	Benign neoplasm of optic nerve (disorder)
http://snomed.info/sct	92451008	Benign neoplasm of trigeminal nerve (disorder)
http://snomed.info/sct	92453006	Benign neoplasm of trochlear nerve (disorder)
http://snomed.info/sct	92474007	Benign neoplasm of vagus nerve (disorder)
http://snomed.info/sct	92503002	Neurofibromatosis type 2 (disorder)
http://snomed.info/sct	926304005	Iatrogenic neuropathy (disorder)
http://snomed.info/sct	935866501000119101	Compression of cervical nerve root and thoracic nerve root due to spondylosis of cervical and thoracic spine (disorder)
http://snomed.info/sct	93657007	Primary malignant neoplasm of abducens nerve (disorder)
http://snomed.info/sct	93658002	Primary malignant neoplasm of accessory nerve (disorder)
http://snomed.info/sct	93660000	Primary malignant neoplasm of vestibulocochlear nerve (disorder)
http://snomed.info/sct	93743001	Primary malignant neoplasm of cauda equina (disorder)
http://snomed.info/sct	93767009	Primary malignant neoplasm of cranial nerve (disorder)
http://snomed.info/sct	93793002	Primary malignant neoplasm of facial nerve (disorder)
http://snomed.info/sct	93815003	Primary malignant neoplasm of glossopharyngeal nerve (disorder)
http://snomed.info/sct	93828005	Primary malignant neoplasm of hypoglossal nerve (disorder)
http://snomed.info/sct	9386003	Gouty neuritis (disorder)
http://snomed.info/sct	93929003	Primary malignant neoplasm of oculomotor nerve (disorder)
http://snomed.info/sct	93930008	Primary malignant neoplasm of olfactory nerve (disorder)
http://snomed.info/sct	93931007	Primary malignant neoplasm of optic nerve (disorder)
http://snomed.info/sct	94108003	Primary malignant neoplasm of trigeminal nerve (disorder)
http://snomed.info/sct	94110001	Primary malignant neoplasm of trochlear nerve (disorder)
http://snomed.info/sct	9412006	Tongue deviation disorder of twelfth cranial nerve (disorder)
http://snomed.info/sct	94131003	Primary malignant neoplasm of vagus nerve (disorder)
http://snomed.info/sct	94153001	Metastatic malignant neoplasm to abducens nerve (disorder)
http://snomed.info/sct	94154007	Metastatic malignant neoplasm to accessory nerve (disorder)
http://snomed.info/sct	94156009	Metastatic malignant neoplasm of vestibulocochlear nerve (disorder)
http://snomed.info/sct	94242004	Metastatic malignant neoplasm to cauda equina (disorder)
http://snomed.info/sct	94266005	Metastatic malignant neoplasm to cranial nerve (disorder)
http://snomed.info/sct	94294002	Metastatic malignant neoplasm to facial nerve (disorder)
http://snomed.info/sct	94317006	Metastatic malignant neoplasm to glossopharyngeal nerve (disorder)
http://snomed.info/sct	94331006	Metastatic malignant neoplasm to hypoglossal nerve (disorder)
http://snomed.info/sct	9441002	Injury of acoustic nerve (disorder)
http://snomed.info/sct	94450005	Metastatic malignant neoplasm to oculomotor nerve (disorder)
http://snomed.info/sct	94451009	Metastatic malignant neoplasm to olfactory nerve (disorder)
http://snomed.info/sct	94452002	Metastatic malignant neoplasm to optic nerve (disorder)
http://snomed.info/sct	94601000119107	Neoplasm of nerve of hand (disorder)
http://snomed.info/sct	94646009	Metastatic malignant neoplasm to trigeminal nerve (disorder)
http://snomed.info/sct	94648005	Metastatic malignant neoplasm to trochlear nerve (disorder)
http://snomed.info/sct	94669007	Metastatic malignant neoplasm to vagus nerve (disorder)
http://snomed.info/sct	94722009	Neoplasm of uncertain behavior of abducens nerve (disorder)
http://snomed.info/sct	94723004	Neoplasm of uncertain behavior of accessory nerve (disorder)
http://snomed.info/sct	94725006	Neoplasm of uncertain behavior of vestibulocochlear nerve (disorder)
http://snomed.info/sct	94782007	Neoplasm of uncertain behavior of cauda equina (disorder)
http://snomed.info/sct	94807005	Neoplasm of uncertain behavior of cranial nerve (disorder)
http://snomed.info/sct	94833002	Neoplasm of uncertain behavior of facial nerve (disorder)
http://snomed.info/sct	94855005	Neoplasm of uncertain behavior of glossopharyngeal nerve (disorder)
http://snomed.info/sct	94868002	Neoplasm of uncertain behavior of hypoglossal nerve (disorder)
http://snomed.info/sct	94969009	Neoplasm of uncertain behavior of oculomotor nerve (disorder)
http://snomed.info/sct	94970005	Neoplasm of uncertain behavior of olfactory nerve (disorder)
http://snomed.info/sct	94971009	Neoplasm of uncertain behavior of optic nerve (disorder)
http://snomed.info/sct	95148002	Neoplasm of uncertain behavior of trigeminal nerve (disorder)
http://snomed.info/sct	95150005	Neoplasm of uncertain behavior of trochlear nerve (disorder)
http://snomed.info/sct	95171000	Neoplasm of uncertain behavior of vagus nerve (disorder)
http://snomed.info/sct	95390004	Injection site nerve damage (disorder)
http://snomed.info/sct	95399003	Injection site paresthesia (disorder)
http://snomed.info/sct	95499004	Hypoplasia of the optic nerve (disorder)
http://snomed.info/sct	95502000	Congenital anomaly of optic nerve (disorder)
http://snomed.info/sct	95662005	Sensory neuropathy (disorder)
http://snomed.info/sct	95663000	Peripheral motor neuropathy (disorder)
http://snomed.info/sct	95664006	Cranial nerve compression (disorder)
http://snomed.info/sct	95670000	Nervus intermedius neuralgia (disorder)
http://snomed.info/sct	95671001	Cervical nerve root compression (disorder)
http://snomed.info/sct	95675005	Ulnar neuritis (disorder)
http://snomed.info/sct	95774001	Atrophy of optic disc (disorder)
http://snomed.info/sct	95775000	Retrobulbar optic nerve atrophy (disorder)
http://snomed.info/sct	95794005	Tolosa-Hunt syndrome (disorder)
http://snomed.info/sct	95829004	Lesion of the acoustic nerve (disorder)
http://snomed.info/sct	9638002	Hypoglossal-pyramid syndrome (disorder)
http://snomed.info/sct	965003	Toxic amblyopia (disorder)
http://hl7.org/fhir/sid/icd-10-cm	A52.15	Late syphilitic neuropathy
http://hl7.org/fhir/sid/icd-10-cm	B02.23	Postherpetic polyneuropathy
http://hl7.org/fhir/sid/icd-10-cm	E09.40	Drug or chemical induced diabetes mellitus with neurological complications with diabetic neuropathy, unspecified
http://hl7.org/fhir/sid/icd-10-cm	E09.41	Drug or chemical induced diabetes mellitus with neurological complications with diabetic mononeuropathy
http://hl7.org/fhir/sid/icd-10-cm	E09.42	Drug or chemical induced diabetes mellitus with neurological complications with diabetic polyneuropathy
http://hl7.org/fhir/sid/icd-10-cm	E09.43	Drug or chemical induced diabetes mellitus with neurological complications with diabetic autonomic (poly)neuropathy
http://hl7.org/fhir/sid/icd-10-cm	E09.44	Drug or chemical induced diabetes mellitus with neurological complications with diabetic amyotrophy
http://hl7.org/fhir/sid/icd-10-cm	E09.49	Drug or chemical induced diabetes mellitus with neurological complications with other diabetic neurological complication
http://hl7.org/fhir/sid/icd-10-cm	E10.40	Type 1 diabetes mellitus with diabetic neuropathy, unspecified
http://hl7.org/fhir/sid/icd-10-cm	E10.41	Type 1 diabetes mellitus with diabetic mononeuropathy
http://hl7.org/fhir/sid/icd-10-cm	E10.42	Type 1 diabetes mellitus with diabetic polyneuropathy
http://hl7.org/fhir/sid/icd-10-cm	E10.43	Type 1 diabetes mellitus with diabetic autonomic (poly)neuropathy
http://hl7.org/fhir/sid/icd-10-cm	E10.44	Type 1 diabetes mellitus with diabetic amyotrophy
http://hl7.org/fhir/sid/icd-10-cm	E10.49	Type 1 diabetes mellitus with other diabetic neurological complication
http://hl7.org/fhir/sid/icd-10-cm	E11.40	Type 2 diabetes mellitus with diabetic neuropathy, unspecified
http://hl7.org/fhir/sid/icd-10-cm	E11.41	Type 2 diabetes mellitus with diabetic mononeuropathy
http://hl7.org/fhir/sid/icd-10-cm	E11.42	Type 2 diabetes mellitus with diabetic polyneuropathy
http://hl7.org/fhir/sid/icd-10-cm	E11.43	Type 2 diabetes mellitus with diabetic autonomic (poly)neuropathy
http://hl7.org/fhir/sid/icd-10-cm	E11.44	Type 2 diabetes mellitus with diabetic amyotrophy
http://hl7.org/fhir/sid/icd-10-cm	E11.49	Type 2 diabetes mellitus with other diabetic neurological complication
http://hl7.org/fhir/sid/icd-10-cm	E13.40	Other specified diabetes mellitus with diabetic neuropathy, unspecified
http://hl7.org/fhir/sid/icd-10-cm	E13.41	Other specified diabetes mellitus with diabetic mononeuropathy
http://hl7.org/fhir/sid/icd-10-cm	E13.42	Other specified diabetes mellitus with diabetic polyneuropathy
http://hl7.org/fhir/sid/icd-10-cm	E13.43	Other specified diabetes mellitus with diabetic autonomic (poly)neuropathy
http://hl7.org/fhir/sid/icd-10-cm	E13.44	Other specified diabetes mellitus with diabetic amyotrophy
http://hl7.org/fhir/sid/icd-10-cm	E13.49	Other specified diabetes mellitus with other diabetic neurological complication
http://hl7.org/fhir/sid/icd-10-cm	G13.0	Paraneoplastic neuromyopathy and neuropathy
http://hl7.org/fhir/sid/icd-10-cm	G56.0	Carpal tunnel syndrome
http://hl7.org/fhir/sid/icd-10-cm	G56.00	Carpal tunnel syndrome, unspecified upper limb
http://hl7.org/fhir/sid/icd-10-cm	G56.01	Carpal tunnel syndrome, right upper limb
http://hl7.org/fhir/sid/icd-10-cm	G56.02	Carpal tunnel syndrome, left upper limb
http://hl7.org/fhir/sid/icd-10-cm	G56.03	Carpal tunnel syndrome, bilateral upper limbs
http://hl7.org/fhir/sid/icd-10-cm	G56.1	Other lesions of median nerve
http://hl7.org/fhir/sid/icd-10-cm	G56.10	Other lesions of median nerve, unspecified upper limb
http://hl7.org/fhir/sid/icd-10-cm	G56.11	Other lesions of median nerve, right upper limb
http://hl7.org/fhir/sid/icd-10-cm	G56.12	Other lesions of median nerve, left upper limb
http://hl7.org/fhir/sid/icd-10-cm	G56.13	Other lesions of median nerve, bilateral upper limbs
http://hl7.org/fhir/sid/icd-10-cm	G56.2	Lesion of ulnar nerve
http://hl7.org/fhir/sid/icd-10-cm	G56.20	Lesion of ulnar nerve, unspecified upper limb
http://hl7.org/fhir/sid/icd-10-cm	G56.21	Lesion of ulnar nerve, right upper limb
http://hl7.org/fhir/sid/icd-10-cm	G56.22	Lesion of ulnar nerve, left upper limb
http://hl7.org/fhir/sid/icd-10-cm	G56.23	Lesion of ulnar nerve, bilateral upper limbs
http://hl7.org/fhir/sid/icd-10-cm	G56.3	Lesion of radial nerve
http://hl7.org/fhir/sid/icd-10-cm	G56.30	Lesion of radial nerve, unspecified upper limb
http://hl7.org/fhir/sid/icd-10-cm	G56.31	Lesion of radial nerve, right upper limb
http://hl7.org/fhir/sid/icd-10-cm	G56.32	Lesion of radial nerve, left upper limb
http://hl7.org/fhir/sid/icd-10-cm	G56.33	Lesion of radial nerve, bilateral upper limbs
http://hl7.org/fhir/sid/icd-10-cm	G56.4	Causalgia of upper limb
http://hl7.org/fhir/sid/icd-10-cm	G56.40	Causalgia of unspecified upper limb
http://hl7.org/fhir/sid/icd-10-cm	G56.41	Causalgia of right upper limb
http://hl7.org/fhir/sid/icd-10-cm	G56.42	Causalgia of left upper limb
http://hl7.org/fhir/sid/icd-10-cm	G56.43	Causalgia of bilateral upper limbs
http://hl7.org/fhir/sid/icd-10-cm	G56.8	Other specified mononeuropathies of upper limb
http://hl7.org/fhir/sid/icd-10-cm	G56.80	Other specified mononeuropathies of unspecified upper limb
http://hl7.org/fhir/sid/icd-10-cm	G56.81	Other specified mononeuropathies of right upper limb
http://hl7.org/fhir/sid/icd-10-cm	G56.82	Other specified mononeuropathies of left upper limb
http://hl7.org/fhir/sid/icd-10-cm	G56.83	Other specified mononeuropathies of bilateral upper limbs
http://hl7.org/fhir/sid/icd-10-cm	G56.9	Unspecified mononeuropathy of upper limb
http://hl7.org/fhir/sid/icd-10-cm	G56.90	Unspecified mononeuropathy of unspecified upper limb
http://hl7.org/fhir/sid/icd-10-cm	G56.91	Unspecified mononeuropathy of right upper limb
http://hl7.org/fhir/sid/icd-10-cm	G56.92	Unspecified mononeuropathy of left upper limb
http://hl7.org/fhir/sid/icd-10-cm	G56.93	Unspecified mononeuropathy of bilateral upper limbs
http://hl7.org/fhir/sid/icd-10-cm	G57.0	Lesion of sciatic nerve
http://hl7.org/fhir/sid/icd-10-cm	G57.00	Lesion of sciatic nerve, unspecified lower limb
http://hl7.org/fhir/sid/icd-10-cm	G57.01	Lesion of sciatic nerve, right lower limb
http://hl7.org/fhir/sid/icd-10-cm	G57.02	Lesion of sciatic nerve, left lower limb
http://hl7.org/fhir/sid/icd-10-cm	G57.03	Lesion of sciatic nerve, bilateral lower limbs
http://hl7.org/fhir/sid/icd-10-cm	G57.1	Meralgia paresthetica
http://hl7.org/fhir/sid/icd-10-cm	G57.10	Meralgia paresthetica, unspecified lower limb
http://hl7.org/fhir/sid/icd-10-cm	G57.11	Meralgia paresthetica, right lower limb
http://hl7.org/fhir/sid/icd-10-cm	G57.12	Meralgia paresthetica, left lower limb
http://hl7.org/fhir/sid/icd-10-cm	G57.13	Meralgia paresthetica, bilateral lower limbs
http://hl7.org/fhir/sid/icd-10-cm	G57.2	Lesion of femoral nerve
http://hl7.org/fhir/sid/icd-10-cm	G57.20	Lesion of femoral nerve, unspecified lower limb
http://hl7.org/fhir/sid/icd-10-cm	G57.21	Lesion of femoral nerve, right lower limb
http://hl7.org/fhir/sid/icd-10-cm	G57.22	Lesion of femoral nerve, left lower limb
http://hl7.org/fhir/sid/icd-10-cm	G57.23	Lesion of femoral nerve, bilateral lower limbs
http://hl7.org/fhir/sid/icd-10-cm	G57.3	Lesion of lateral popliteal nerve
http://hl7.org/fhir/sid/icd-10-cm	G57.30	Lesion of lateral popliteal nerve, unspecified lower limb
http://hl7.org/fhir/sid/icd-10-cm	G57.31	Lesion of lateral popliteal nerve, right lower limb
http://hl7.org/fhir/sid/icd-10-cm	G57.32	Lesion of lateral popliteal nerve, left lower limb
http://hl7.org/fhir/sid/icd-10-cm	G57.33	Lesion of lateral popliteal nerve, bilateral lower limbs
http://hl7.org/fhir/sid/icd-10-cm	G57.4	Lesion of medial popliteal nerve
http://hl7.org/fhir/sid/icd-10-cm	G57.40	Lesion of medial popliteal nerve, unspecified lower limb
http://hl7.org/fhir/sid/icd-10-cm	G57.41	Lesion of medial popliteal nerve, right lower limb
http://hl7.org/fhir/sid/icd-10-cm	G57.42	Lesion of medial popliteal nerve, left lower limb
http://hl7.org/fhir/sid/icd-10-cm	G57.43	Lesion of medial popliteal nerve, bilateral lower limbs
http://hl7.org/fhir/sid/icd-10-cm	G57.5	Tarsal tunnel syndrome
http://hl7.org/fhir/sid/icd-10-cm	G57.50	Tarsal tunnel syndrome, unspecified lower limb
http://hl7.org/fhir/sid/icd-10-cm	G57.51	Tarsal tunnel syndrome, right lower limb
http://hl7.org/fhir/sid/icd-10-cm	G57.52	Tarsal tunnel syndrome, left lower limb
http://hl7.org/fhir/sid/icd-10-cm	G57.53	Tarsal tunnel syndrome, bilateral lower limbs
http://hl7.org/fhir/sid/icd-10-cm	G57.6	Lesion of plantar nerve
http://hl7.org/fhir/sid/icd-10-cm	G57.60	Lesion of plantar nerve, unspecified lower limb
http://hl7.org/fhir/sid/icd-10-cm	G57.61	Lesion of plantar nerve, right lower limb
http://hl7.org/fhir/sid/icd-10-cm	G57.62	Lesion of plantar nerve, left lower limb
http://hl7.org/fhir/sid/icd-10-cm	G57.63	Lesion of plantar nerve, bilateral lower limbs
http://hl7.org/fhir/sid/icd-10-cm	G57.7	Causalgia of lower limb
http://hl7.org/fhir/sid/icd-10-cm	G57.70	Causalgia of unspecified lower limb
http://hl7.org/fhir/sid/icd-10-cm	G57.71	Causalgia of right lower limb
http://hl7.org/fhir/sid/icd-10-cm	G57.72	Causalgia of left lower limb
http://hl7.org/fhir/sid/icd-10-cm	G57.73	Causalgia of bilateral lower limbs
http://hl7.org/fhir/sid/icd-10-cm	G57.8	Other specified mononeuropathies of lower limb
http://hl7.org/fhir/sid/icd-10-cm	G57.80	Other specified mononeuropathies of unspecified lower limb
http://hl7.org/fhir/sid/icd-10-cm	G57.81	Other specified mononeuropathies of right lower limb
http://hl7.org/fhir/sid/icd-10-cm	G57.82	Other specified mononeuropathies of left lower limb
http://hl7.org/fhir/sid/icd-10-cm	G57.83	Other specified mononeuropathies of bilateral lower limbs
http://hl7.org/fhir/sid/icd-10-cm	G57.9	Unspecified mononeuropathy of lower limb
http://hl7.org/fhir/sid/icd-10-cm	G57.90	Unspecified mononeuropathy of unspecified lower limb
http://hl7.org/fhir/sid/icd-10-cm	G57.91	Unspecified mononeuropathy of right lower limb
http://hl7.org/fhir/sid/icd-10-cm	G57.92	Unspecified mononeuropathy of left lower limb
http://hl7.org/fhir/sid/icd-10-cm	G57.93	Unspecified mononeuropathy of bilateral lower limbs
http://hl7.org/fhir/sid/icd-10-cm	G58.0	Intercostal neuropathy
http://hl7.org/fhir/sid/icd-10-cm	G58.7	Mononeuritis multiplex
http://hl7.org/fhir/sid/icd-10-cm	G58.8	Other specified mononeuropathies
http://hl7.org/fhir/sid/icd-10-cm	G58.9	Mononeuropathy, unspecified
http://hl7.org/fhir/sid/icd-10-cm	G60.0	Hereditary motor and sensory neuropathy
http://hl7.org/fhir/sid/icd-10-cm	G60.1	Refsums disease
http://hl7.org/fhir/sid/icd-10-cm	G60.2	Neuropathy in association with hereditary ataxia
http://hl7.org/fhir/sid/icd-10-cm	G60.3	Idiopathic progressive neuropathy
http://hl7.org/fhir/sid/icd-10-cm	G60.8	Other hereditary and idiopathic neuropathies
http://hl7.org/fhir/sid/icd-10-cm	G60.9	Hereditary and idiopathic neuropathy, unspecified
http://hl7.org/fhir/sid/icd-10-cm	G61.0	Guillain-Barre syndrome
http://hl7.org/fhir/sid/icd-10-cm	G61.1	Serum neuropathy
http://hl7.org/fhir/sid/icd-10-cm	G61.8	Other inflammatory polyneuropathies
http://hl7.org/fhir/sid/icd-10-cm	G61.81	Chronic inflammatory demyelinating polyneuritis
http://hl7.org/fhir/sid/icd-10-cm	G61.82	Multifocal motor neuropathy
http://hl7.org/fhir/sid/icd-10-cm	G61.89	Other inflammatory polyneuropathies
http://hl7.org/fhir/sid/icd-10-cm	G61.9	Inflammatory polyneuropathy, unspecified
http://hl7.org/fhir/sid/icd-10-cm	G62.0	Drug-induced polyneuropathy
http://hl7.org/fhir/sid/icd-10-cm	G62.1	Alcoholic polyneuropathy
http://hl7.org/fhir/sid/icd-10-cm	G62.2	Polyneuropathy due to other toxic agents
http://hl7.org/fhir/sid/icd-10-cm	G62.8	Other specified polyneuropathies
http://hl7.org/fhir/sid/icd-10-cm	G62.81	Critical illness polyneuropathy
http://hl7.org/fhir/sid/icd-10-cm	G62.82	Radiation-induced polyneuropathy
http://hl7.org/fhir/sid/icd-10-cm	G62.89	Other specified polyneuropathies
http://hl7.org/fhir/sid/icd-10-cm	G62.9	Polyneuropathy, unspecified
http://hl7.org/fhir/sid/icd-10-cm	G65.0	Sequelae of Guillain-Barré syndrome
http://hl7.org/fhir/sid/icd-10-cm	G65.1	Sequelae of other inflammatory polyneuropathy
http://hl7.org/fhir/sid/icd-10-cm	G65.2	Sequelae of toxic polyneuropathy
http://hl7.org/fhir/sid/icd-10-cm	G90.0	Idiopathic peripheral autonomic neuropathy
http://hl7.org/fhir/sid/icd-10-cm	G90.01	Carotid sinus syncope
http://hl7.org/fhir/sid/icd-10-cm	G90.09	Other idiopathic peripheral autonomic neuropathy
http://hl7.org/fhir/sid/icd-10-cm	H47.01	Ischemic optic neuropathy
http://hl7.org/fhir/sid/icd-10-cm	H47.011	Ischemic optic neuropathy, right eye
http://hl7.org/fhir/sid/icd-10-cm	H47.012	Ischemic optic neuropathy, left eye
http://hl7.org/fhir/sid/icd-10-cm	H47.013	Ischemic optic neuropathy, bilateral
http://hl7.org/fhir/sid/icd-10-cm	H47.019	Ischemic optic neuropathy, unspecified eye
