"system","code","display","valueset","tf"
"system","code","display","valueset","tf"
"http://www.nlm.nih.gov/research/umls/rxnorm","1148495","crizotinib","rx_class_alk","3"
"http://www.nlm.nih.gov/research/umls/rxnorm","1148497","crizotinib oral capsule","rx_class_alk","3"
"http://www.nlm.nih.gov/research/umls/rxnorm","1148498","crizotinib 200 mg oral capsule","rx_class_alk","6"
"http://www.nlm.nih.gov/research/umls/rxnorm","1148499","xalkori","rx_class_alk","3"
"http://www.nlm.nih.gov/research/umls/rxnorm","1148501","crizotinib oral capsule [xalkori]","rx_class_alk","3"
"http://www.nlm.nih.gov/research/umls/rxnorm","1148502","xalkori 200 mg oral capsule","rx_class_alk","6"
"http://www.nlm.nih.gov/research/umls/rxnorm","1148504","crizotinib 250 mg oral capsule","rx_class_alk","6"
"http://www.nlm.nih.gov/research/umls/rxnorm","1148506","xalkori 250 mg oral capsule","rx_class_alk","6"
"http://www.nlm.nih.gov/research/umls/rxnorm","1165616","crizotinib oral product","rx_class_alk","3"
"http://www.nlm.nih.gov/research/umls/rxnorm","1186298","xalkori oral product","rx_class_alk","3"
"http://www.nlm.nih.gov/research/umls/rxnorm","1535457","ceritinib","rx_class_alk","2"
"http://www.nlm.nih.gov/research/umls/rxnorm","1535459","ceritinib oral product","rx_class_alk","2"
"http://www.nlm.nih.gov/research/umls/rxnorm","1535461","ceritinib oral capsule","rx_class_alk","2"
"http://www.nlm.nih.gov/research/umls/rxnorm","1535462","ceritinib 150 mg oral capsule","rx_class_alk","4"
"http://www.nlm.nih.gov/research/umls/rxnorm","1535463","zykadia","rx_class_alk","2"
"http://www.nlm.nih.gov/research/umls/rxnorm","1535465","ceritinib oral capsule [zykadia]","rx_class_alk","1"
"http://www.nlm.nih.gov/research/umls/rxnorm","1535466","zykadia oral product","rx_class_alk","2"
"http://www.nlm.nih.gov/research/umls/rxnorm","1535468","zykadia 150 mg oral capsule","rx_class_alk","2"
"http://www.nlm.nih.gov/research/umls/rxnorm","1689336","asp-3026","rx_class_alk","1"
"http://www.nlm.nih.gov/research/umls/rxnorm","1727454","alectinib hydrochloride","rx_class_alk","2"
"http://www.nlm.nih.gov/research/umls/rxnorm","1727455","alectinib","rx_class_alk","2"
"http://www.nlm.nih.gov/research/umls/rxnorm","1727476","alectinib oral product","rx_class_alk","2"
"http://www.nlm.nih.gov/research/umls/rxnorm","1727478","alectinib oral capsule","rx_class_alk","2"
"http://www.nlm.nih.gov/research/umls/rxnorm","1727479","alectinib 150 mg oral capsule","rx_class_alk","4"
"http://www.nlm.nih.gov/research/umls/rxnorm","1727480","alecensa","rx_class_alk","2"
"http://www.nlm.nih.gov/research/umls/rxnorm","1727482","alectinib oral capsule [alecensa]","rx_class_alk","2"
"http://www.nlm.nih.gov/research/umls/rxnorm","1727483","alecensa oral product","rx_class_alk","2"
"http://www.nlm.nih.gov/research/umls/rxnorm","1727485","alecensa 150 mg oral capsule","rx_class_alk","4"
"http://www.nlm.nih.gov/research/umls/rxnorm","1882035","cep-37440","rx_class_alk","1"
"http://www.nlm.nih.gov/research/umls/rxnorm","1921217","brigatinib","rx_class_alk","2"
"http://www.nlm.nih.gov/research/umls/rxnorm","1921219","brigatinib oral product","rx_class_alk","2"
"http://www.nlm.nih.gov/research/umls/rxnorm","1921221","brigatinib oral tablet","rx_class_alk","2"
"http://www.nlm.nih.gov/research/umls/rxnorm","1921222","brigatinib 30 mg oral tablet","rx_class_alk","4"
"http://www.nlm.nih.gov/research/umls/rxnorm","1921223","alunbrig","rx_class_alk","2"
"http://www.nlm.nih.gov/research/umls/rxnorm","1921225","brigatinib oral tablet [alunbrig]","rx_class_alk","2"
"http://www.nlm.nih.gov/research/umls/rxnorm","1921226","alunbrig oral product","rx_class_alk","2"
"http://www.nlm.nih.gov/research/umls/rxnorm","1921228","alunbrig 30 mg oral tablet","rx_class_alk","4"
"http://www.nlm.nih.gov/research/umls/rxnorm","1925494","brigatinib 90 mg oral tablet","rx_class_alk","4"
"http://www.nlm.nih.gov/research/umls/rxnorm","1988768","alunbrig 90 mg oral tablet","rx_class_alk","4"
"http://www.nlm.nih.gov/research/umls/rxnorm","1988770","brigatinib 180 mg oral tablet","rx_class_alk","4"
"http://www.nlm.nih.gov/research/umls/rxnorm","1988772","alunbrig 180 mg oral tablet","rx_class_alk","4"
"http://www.nlm.nih.gov/research/umls/rxnorm","2103164","lorlatinib","rx_class_alk","3"
"http://www.nlm.nih.gov/research/umls/rxnorm","2103166","lorlatinib oral product","rx_class_alk","3"
"http://www.nlm.nih.gov/research/umls/rxnorm","2103168","lorlatinib oral tablet","rx_class_alk","3"
"http://www.nlm.nih.gov/research/umls/rxnorm","2103169","lorlatinib 25 mg oral tablet","rx_class_alk","6"
"http://www.nlm.nih.gov/research/umls/rxnorm","2103170","lorbrena","rx_class_alk","3"
"http://www.nlm.nih.gov/research/umls/rxnorm","2103172","lorlatinib oral tablet [lorbrena]","rx_class_alk","3"
"http://www.nlm.nih.gov/research/umls/rxnorm","2103173","lorbrena oral product","rx_class_alk","3"
"http://www.nlm.nih.gov/research/umls/rxnorm","2103175","lorbrena 25 mg oral tablet","rx_class_alk","6"
"http://www.nlm.nih.gov/research/umls/rxnorm","2103177","lorlatinib 100 mg oral tablet","rx_class_alk","6"
"http://www.nlm.nih.gov/research/umls/rxnorm","2103179","lorbrena 100 mg oral tablet","rx_class_alk","6"
"http://www.nlm.nih.gov/research/umls/rxnorm","2105806","gilteritinib","rx_class_alk","2"
"http://www.nlm.nih.gov/research/umls/rxnorm","2105808","gilteritinib oral product","rx_class_alk","2"
"http://www.nlm.nih.gov/research/umls/rxnorm","2105810","gilteritinib oral tablet","rx_class_alk","2"
"http://www.nlm.nih.gov/research/umls/rxnorm","2105811","gilteritinib 40 mg oral tablet","rx_class_alk","4"
"http://www.nlm.nih.gov/research/umls/rxnorm","2105812","xospata","rx_class_alk","2"
"http://www.nlm.nih.gov/research/umls/rxnorm","2105814","gilteritinib oral tablet [xospata]","rx_class_alk","2"
"http://www.nlm.nih.gov/research/umls/rxnorm","2105815","xospata oral product","rx_class_alk","2"
"http://www.nlm.nih.gov/research/umls/rxnorm","2105817","gilteritinib 40 mg oral tablet [xospata]","rx_class_alk","2"
"http://www.nlm.nih.gov/research/umls/rxnorm","2105823","gilteritinib fumarate","rx_class_alk","2"
"http://www.nlm.nih.gov/research/umls/rxnorm","2110806","crizotinib only product in oral dose form","rx_class_alk","2"
"http://www.nlm.nih.gov/research/umls/rxnorm","2110948","alectinib only product","rx_class_alk","1"
"http://www.nlm.nih.gov/research/umls/rxnorm","2110949","alectinib only product in oral dose form","rx_class_alk","1"
"http://www.nlm.nih.gov/research/umls/rxnorm","2111736","ceritinib only product","rx_class_alk","1"
"http://www.nlm.nih.gov/research/umls/rxnorm","2111737","ceritinib only product in oral dose form","rx_class_alk","1"
"http://www.nlm.nih.gov/research/umls/rxnorm","2113990","brigatinib only product","rx_class_alk","1"
"http://www.nlm.nih.gov/research/umls/rxnorm","2113991","brigatinib only product in oral dose form","rx_class_alk","1"
"http://www.nlm.nih.gov/research/umls/rxnorm","2114045","crizotinib only product","rx_class_alk","2"
"http://www.nlm.nih.gov/research/umls/rxnorm","2121058","ceritinib oral tablet","rx_class_alk","2"
"http://www.nlm.nih.gov/research/umls/rxnorm","2121059","ceritinib 150 mg oral tablet","rx_class_alk","4"
"http://www.nlm.nih.gov/research/umls/rxnorm","2121060","ceritinib oral tablet [zykadia]","rx_class_alk","2"
"http://www.nlm.nih.gov/research/umls/rxnorm","2121061","zykadia 150 mg oral tablet","rx_class_alk","4"
"http://www.nlm.nih.gov/research/umls/rxnorm","2134264","ensartinib","rx_class_alk","1"
"http://www.nlm.nih.gov/research/umls/rxnorm","2174095","polatuzumab vedotin-piiq 140 mg injection","rx_class_alk","2"
"http://www.nlm.nih.gov/research/umls/rxnorm","2174100","polivy 140 mg injection","rx_class_alk","2"
"http://www.nlm.nih.gov/research/umls/rxnorm","2183381","lorlatinib only product","rx_class_alk","2"
"http://www.nlm.nih.gov/research/umls/rxnorm","2183382","lorlatinib only product in oral dose form","rx_class_alk","2"
"http://www.nlm.nih.gov/research/umls/rxnorm","2183607","gilteritinib only product","rx_class_alk","1"
"http://www.nlm.nih.gov/research/umls/rxnorm","2183608","gilteritinib only product in oral dose form","rx_class_alk","1"
"http://www.nlm.nih.gov/research/umls/rxnorm","2197862","entrectinib","rx_class_alk","4"
"http://www.nlm.nih.gov/research/umls/rxnorm","2197864","entrectinib oral product","rx_class_alk","4"
"http://www.nlm.nih.gov/research/umls/rxnorm","2197866","entrectinib oral capsule","rx_class_alk","4"
"http://www.nlm.nih.gov/research/umls/rxnorm","2197867","entrectinib 100 mg oral capsule","rx_class_alk","8"
"http://www.nlm.nih.gov/research/umls/rxnorm","2197868","rozlytrek","rx_class_alk","4"
"http://www.nlm.nih.gov/research/umls/rxnorm","2197870","entrectinib oral capsule [rozlytrek]","rx_class_alk","4"
"http://www.nlm.nih.gov/research/umls/rxnorm","2197871","rozlytrek oral product","rx_class_alk","4"
"http://www.nlm.nih.gov/research/umls/rxnorm","2197873","rozlytrek 100 mg oral capsule","rx_class_alk","8"
"http://www.nlm.nih.gov/research/umls/rxnorm","2197875","entrectinib 200 mg oral capsule","rx_class_alk","8"
"http://www.nlm.nih.gov/research/umls/rxnorm","2197877","rozlytrek 200 mg oral capsule","rx_class_alk","8"
"http://www.nlm.nih.gov/research/umls/rxnorm","2276984","entrectinib only product","rx_class_alk","3"
"http://www.nlm.nih.gov/research/umls/rxnorm","2276985","entrectinib only product in oral dose form","rx_class_alk","3"
"http://www.nlm.nih.gov/research/umls/rxnorm","2629295","iruplinalkib","rx_class_alk","1"
"http://www.nlm.nih.gov/research/umls/rxnorm","2668594","entrectinib oral pellet","rx_class_alk","3"
"http://www.nlm.nih.gov/research/umls/rxnorm","2668595","entrectinib 50 mg oral pellet","rx_class_alk","6"
"http://www.nlm.nih.gov/research/umls/rxnorm","2668598","entrectinib oral pellet [rozlytrek]","rx_class_alk","3"
"http://www.nlm.nih.gov/research/umls/rxnorm","2668599","rozlytrek 50 mg oral pellet","rx_class_alk","6"
"http://www.nlm.nih.gov/research/umls/rxnorm","2668964","nvl-655","rx_class_alk","1"
"http://www.nlm.nih.gov/research/umls/rxnorm","2669424","nvl-655","rx_class_alk","1"
"http://www.nlm.nih.gov/research/umls/rxnorm","2670165","crizotinib oral pellet","rx_class_alk","2"
"http://www.nlm.nih.gov/research/umls/rxnorm","2670166","crizotinib 150 mg oral pellet","rx_class_alk","4"
"http://www.nlm.nih.gov/research/umls/rxnorm","2670169","crizotinib oral pellet [xalkori]","rx_class_alk","2"
"http://www.nlm.nih.gov/research/umls/rxnorm","2670170","xalkori 150 mg oral pellet","rx_class_alk","4"
"http://www.nlm.nih.gov/research/umls/rxnorm","2670172","crizotinib 20 mg oral pellet","rx_class_alk","4"
"http://www.nlm.nih.gov/research/umls/rxnorm","2670174","xalkori 20 mg oral pellet","rx_class_alk","4"
"http://www.nlm.nih.gov/research/umls/rxnorm","2670176","crizotinib 50 mg oral pellet","rx_class_alk","4"
"http://www.nlm.nih.gov/research/umls/rxnorm","2670178","xalkori 50 mg oral pellet","rx_class_alk","4"
"http://www.nlm.nih.gov/research/umls/rxnorm","102948","cyclophosphamide 10 mg oral tablet [endoxana]","rx_class_alkylating","2"
"http://www.nlm.nih.gov/research/umls/rxnorm","105552","bicnu 100 mg injection","rx_class_alkylating","6"
"http://www.nlm.nih.gov/research/umls/rxnorm","105555","cyclophosphamide 50 mg oral tablet [endoxana]","rx_class_alkylating","2"
"http://www.nlm.nih.gov/research/umls/rxnorm","105560","ccnu 10 mg oral capsule","rx_class_alkylating","2"
"http://www.nlm.nih.gov/research/umls/rxnorm","105561","ccnu 40 mg oral capsule","rx_class_alkylating","2"
"http://www.nlm.nih.gov/research/umls/rxnorm","107034","ifosfamide 80 mg/ml injectable solution","rx_class_alkylating","1"
"http://www.nlm.nih.gov/research/umls/rxnorm","1151413","carmustine drug implant product","rx_class_alkylating","3"
"http://www.nlm.nih.gov/research/umls/rxnorm","1151727","carmustine injectable product","rx_class_alkylating","3"
"http://www.nlm.nih.gov/research/umls/rxnorm","1156180","cyclophosphamide / mannitol injectable product","rx_class_alkylating","2"
"http://www.nlm.nih.gov/research/umls/rxnorm","1156181","cyclophosphamide injectable product","rx_class_alkylating","6"
"http://www.nlm.nih.gov/research/umls/rxnorm","1156182","cyclophosphamide oral product","rx_class_alkylating","6"
"http://www.nlm.nih.gov/research/umls/rxnorm","1156183","cyclophosphamide pill","rx_class_alkylating","6"
"http://www.nlm.nih.gov/research/umls/rxnorm","1156287","ifosfamide / mesna injectable product","rx_class_alkylating","1"
"http://www.nlm.nih.gov/research/umls/rxnorm","1156288","ifosfamide injectable product","rx_class_alkylating","3"
"http://www.nlm.nih.gov/research/umls/rxnorm","1161485","temozolomide injectable product","rx_class_alkylating","4"
"http://www.nlm.nih.gov/research/umls/rxnorm","1161486","temozolomide oral product","rx_class_alkylating","4"
"http://www.nlm.nih.gov/research/umls/rxnorm","1161487","temozolomide pill","rx_class_alkylating","4"
"http://www.nlm.nih.gov/research/umls/rxnorm","1165319","lomustine oral product","rx_class_alkylating","4"
"http://www.nlm.nih.gov/research/umls/rxnorm","1165320","lomustine pill","rx_class_alkylating","4"
"http://www.nlm.nih.gov/research/umls/rxnorm","1167136","ifex injectable product","rx_class_alkylating","3"
"http://www.nlm.nih.gov/research/umls/rxnorm","1170165","ccnu oral product","rx_class_alkylating","2"
"http://www.nlm.nih.gov/research/umls/rxnorm","1170166","ccnu pill","rx_class_alkylating","2"
"http://www.nlm.nih.gov/research/umls/rxnorm","1171232","gliadel drug implant product","rx_class_alkylating","3"
"http://www.nlm.nih.gov/research/umls/rxnorm","1173621","bicnu injectable product","rx_class_alkylating","3"
"http://www.nlm.nih.gov/research/umls/rxnorm","1174493","cytoxan oral product","rx_class_alkylating","1"
"http://www.nlm.nih.gov/research/umls/rxnorm","1174494","cytoxan pill","rx_class_alkylating","1"
"http://www.nlm.nih.gov/research/umls/rxnorm","1176425","ceenu oral product","rx_class_alkylating","2"
"http://www.nlm.nih.gov/research/umls/rxnorm","1176426","ceenu pill","rx_class_alkylating","2"
"http://www.nlm.nih.gov/research/umls/rxnorm","1176602","endoxana oral product","rx_class_alkylating","1"
"http://www.nlm.nih.gov/research/umls/rxnorm","1176603","endoxana pill","rx_class_alkylating","1"
"http://www.nlm.nih.gov/research/umls/rxnorm","1181413","temodar injectable product","rx_class_alkylating","4"
"http://www.nlm.nih.gov/research/umls/rxnorm","1181414","temodar oral product","rx_class_alkylating","4"
"http://www.nlm.nih.gov/research/umls/rxnorm","1181415","temodar pill","rx_class_alkylating","4"
"http://www.nlm.nih.gov/research/umls/rxnorm","1437967","cyclophosphamide oral capsule","rx_class_alkylating","6"
"http://www.nlm.nih.gov/research/umls/rxnorm","1437968","cyclophosphamide 25 mg oral capsule","rx_class_alkylating","12"
"http://www.nlm.nih.gov/research/umls/rxnorm","1437969","cyclophosphamide 50 mg oral capsule","rx_class_alkylating","12"
"http://www.nlm.nih.gov/research/umls/rxnorm","1545772","lomustine 10 mg [gleostine]","rx_class_alkylating","4"
"http://www.nlm.nih.gov/research/umls/rxnorm","1545773","lomustine oral capsule [gleostine]","rx_class_alkylating","4"
"http://www.nlm.nih.gov/research/umls/rxnorm","1545774","gleostine oral product","rx_class_alkylating","4"
"http://www.nlm.nih.gov/research/umls/rxnorm","1545775","gleostine pill","rx_class_alkylating","4"
"http://www.nlm.nih.gov/research/umls/rxnorm","1545776","gleostine 10 mg oral capsule","rx_class_alkylating","8"
"http://www.nlm.nih.gov/research/umls/rxnorm","1545777","lomustine 100 mg [gleostine]","rx_class_alkylating","4"
"http://www.nlm.nih.gov/research/umls/rxnorm","1545778","gleostine 100 mg oral capsule","rx_class_alkylating","8"
"http://www.nlm.nih.gov/research/umls/rxnorm","1545779","lomustine 40 mg [gleostine]","rx_class_alkylating","4"
"http://www.nlm.nih.gov/research/umls/rxnorm","1545780","gleostine 40 mg oral capsule","rx_class_alkylating","8"
"http://www.nlm.nih.gov/research/umls/rxnorm","1545988","cyclophosphamide anhydrous","rx_class_alkylating","4"
"http://www.nlm.nih.gov/research/umls/rxnorm","1720734","lomustine 5 mg","rx_class_alkylating","4"
"http://www.nlm.nih.gov/research/umls/rxnorm","1720735","lomustine 5 mg oral capsule","rx_class_alkylating","10"
"http://www.nlm.nih.gov/research/umls/rxnorm","1720736","lomustine 5 mg [gleostine]","rx_class_alkylating","4"
"http://www.nlm.nih.gov/research/umls/rxnorm","1720737","gleostine 5 mg oral capsule","rx_class_alkylating","8"
"http://www.nlm.nih.gov/research/umls/rxnorm","1724292","temozolomide injection","rx_class_alkylating","4"
"http://www.nlm.nih.gov/research/umls/rxnorm","1724294","temozolomide injection [temodar]","rx_class_alkylating","4"
"http://www.nlm.nih.gov/research/umls/rxnorm","1729367","carmustine 100 mg","rx_class_alkylating","3"
"http://www.nlm.nih.gov/research/umls/rxnorm","1729368","carmustine injection","rx_class_alkylating","3"
"http://www.nlm.nih.gov/research/umls/rxnorm","1729370","carmustine 100 mg [bicnu]","rx_class_alkylating","3"
"http://www.nlm.nih.gov/research/umls/rxnorm","1729371","carmustine injection [bicnu]","rx_class_alkylating","3"
"http://www.nlm.nih.gov/research/umls/rxnorm","1734715","cyclophosphamide 200mg/vil inj","rx_class_alkylating","1"
"http://www.nlm.nih.gov/research/umls/rxnorm","1734916","cyclophosphamide injection","rx_class_alkylating","6"
"http://www.nlm.nih.gov/research/umls/rxnorm","1734917","cyclophosphamide 500 mg injection","rx_class_alkylating","9"
"http://www.nlm.nih.gov/research/umls/rxnorm","1734919","cyclophosphamide 1 gm injection","rx_class_alkylating","9"
"http://www.nlm.nih.gov/research/umls/rxnorm","1734921","cyclophosphamide 2 gm injection","rx_class_alkylating","12"
"http://www.nlm.nih.gov/research/umls/rxnorm","1734926","cyclophosphamide 100mg/vil inj","rx_class_alkylating","1"
"http://www.nlm.nih.gov/research/umls/rxnorm","1791586","ifosfamide 3000 mg","rx_class_alkylating","3"
"http://www.nlm.nih.gov/research/umls/rxnorm","1791587","ifosfamide injection","rx_class_alkylating","3"
"http://www.nlm.nih.gov/research/umls/rxnorm","1791588","ifosfamide 3 gm injection","rx_class_alkylating","8"
"http://www.nlm.nih.gov/research/umls/rxnorm","1791589","ifosfamide 3000 mg [ifex]","rx_class_alkylating","3"
"http://www.nlm.nih.gov/research/umls/rxnorm","1791590","ifosfamide injection [ifex]","rx_class_alkylating","3"
"http://www.nlm.nih.gov/research/umls/rxnorm","1791591","ifex 3 gm injection","rx_class_alkylating","6"
"http://www.nlm.nih.gov/research/umls/rxnorm","1791592","ifosfamide 1000 mg","rx_class_alkylating","3"
"http://www.nlm.nih.gov/research/umls/rxnorm","1791593","ifosfamide 1 gm injection","rx_class_alkylating","8"
"http://www.nlm.nih.gov/research/umls/rxnorm","1791594","ifosfamide 1000 mg [ifex]","rx_class_alkylating","3"
"http://www.nlm.nih.gov/research/umls/rxnorm","1791595","ifex 1 gm injection","rx_class_alkylating","6"
"http://www.nlm.nih.gov/research/umls/rxnorm","1791597","60 ml ifosfamide 50 mg/ml injection","rx_class_alkylating","4"
"http://www.nlm.nih.gov/research/umls/rxnorm","1791598","ifosfamide 50 mg/ml injection","rx_class_alkylating","1"
"http://www.nlm.nih.gov/research/umls/rxnorm","1791599","20 ml ifosfamide 50 mg/ml injection","rx_class_alkylating","4"
"http://www.nlm.nih.gov/research/umls/rxnorm","1791600","ifosfamide 2 g powder for solution for injection vial","rx_class_alkylating","1"
"http://www.nlm.nih.gov/research/umls/rxnorm","1849425","carmustinum","rx_class_alkylating","1"
"http://www.nlm.nih.gov/research/umls/rxnorm","197549","cyclophosphamide 25 mg oral tablet","rx_class_alkylating","9"
"http://www.nlm.nih.gov/research/umls/rxnorm","197550","cyclophosphamide 50 mg oral tablet","rx_class_alkylating","9"
"http://www.nlm.nih.gov/research/umls/rxnorm","197894","lomustine 10 mg oral capsule","rx_class_alkylating","10"
"http://www.nlm.nih.gov/research/umls/rxnorm","197895","lomustine 100 mg oral capsule","rx_class_alkylating","10"
"http://www.nlm.nih.gov/research/umls/rxnorm","197896","lomustine 40 mg oral capsule","rx_class_alkylating","10"
"http://www.nlm.nih.gov/research/umls/rxnorm","202588","endoxana","rx_class_alkylating","1"
"http://www.nlm.nih.gov/research/umls/rxnorm","202589","cytoxan","rx_class_alkylating","1"
"http://www.nlm.nih.gov/research/umls/rxnorm","206794","ceenu 10 mg oral capsule","rx_class_alkylating","4"
"http://www.nlm.nih.gov/research/umls/rxnorm","206795","ceenu 40 mg oral capsule","rx_class_alkylating","4"
"http://www.nlm.nih.gov/research/umls/rxnorm","206796","ceenu 100 mg oral capsule","rx_class_alkylating","4"
"http://www.nlm.nih.gov/research/umls/rxnorm","2105","carmustine","rx_class_alkylating","3"
"http://www.nlm.nih.gov/research/umls/rxnorm","210570","cyclophosphamide 25 mg oral tablet [cytoxan]","rx_class_alkylating","2"
"http://www.nlm.nih.gov/research/umls/rxnorm","210639","cyclophosphamide 50 mg oral tablet [cytoxan]","rx_class_alkylating","2"
"http://www.nlm.nih.gov/research/umls/rxnorm","2111314","cyclophosphamide only product","rx_class_alkylating","1"
"http://www.nlm.nih.gov/research/umls/rxnorm","2111315","cyclophosphamide only product in oral dose form","rx_class_alkylating","1"
"http://www.nlm.nih.gov/research/umls/rxnorm","2111316","cyclophosphamide only product in parenteral dose form","rx_class_alkylating","1"
"http://www.nlm.nih.gov/research/umls/rxnorm","2111398","ifosfamide only product","rx_class_alkylating","1"
"http://www.nlm.nih.gov/research/umls/rxnorm","2111399","ifosfamide only product in parenteral dose form","rx_class_alkylating","1"
"http://www.nlm.nih.gov/research/umls/rxnorm","2114242","carmustine only product","rx_class_alkylating","1"
"http://www.nlm.nih.gov/research/umls/rxnorm","2114243","carmustine only product in parenteral dose form","rx_class_alkylating","1"
"http://www.nlm.nih.gov/research/umls/rxnorm","2114986","lomustine only product in oral dose form","rx_class_alkylating","2"
"http://www.nlm.nih.gov/research/umls/rxnorm","2116931","product containing only temozolomide (medicinal product)","rx_class_alkylating","2"
"http://www.nlm.nih.gov/research/umls/rxnorm","2116932","product containing only temozolomide in oral dose form (medicinal product form)","rx_class_alkylating","2"
"http://www.nlm.nih.gov/research/umls/rxnorm","212994","gliadel wafer 7.7 mg intracavitary drug implant","rx_class_alkylating","6"
"http://www.nlm.nih.gov/research/umls/rxnorm","217357","gliadel","rx_class_alkylating","3"
"http://www.nlm.nih.gov/research/umls/rxnorm","217701","ifex","rx_class_alkylating","3"
"http://www.nlm.nih.gov/research/umls/rxnorm","2183254","carmustine only product in prolonged-release intralesional implant","rx_class_alkylating","1"
"http://www.nlm.nih.gov/research/umls/rxnorm","2183648","product containing only temozolomide in parenteral dose form (medicinal product form)","rx_class_alkylating","2"
"http://www.nlm.nih.gov/research/umls/rxnorm","2386859","cyclophosphamide 200 mg/ml injectable solution","rx_class_alkylating","9"
"http://www.nlm.nih.gov/research/umls/rxnorm","2567441","cyclophosphamide 200 mg powder for solution for injection vial","rx_class_alkylating","1"
"http://www.nlm.nih.gov/research/umls/rxnorm","2568661","5 ml cyclophosphamide 200 mg/ml injection","rx_class_alkylating","6"
"http://www.nlm.nih.gov/research/umls/rxnorm","2568662","cyclophosphamide 200 mg/ml injection","rx_class_alkylating","2"
"http://www.nlm.nih.gov/research/umls/rxnorm","2568663","2.5 ml cyclophosphamide 200 mg/ml injection","rx_class_alkylating","6"
"http://www.nlm.nih.gov/research/umls/rxnorm","2570483","cyclophosphamide 200mg/ml inj,soln_#1","rx_class_alkylating","1"
"http://www.nlm.nih.gov/research/umls/rxnorm","2605054","carmustine 300 mg injection","rx_class_alkylating","6"
"http://www.nlm.nih.gov/research/umls/rxnorm","2605056","carmustine 50 mg injection","rx_class_alkylating","6"
"http://www.nlm.nih.gov/research/umls/rxnorm","2608718","ifosfamide 500 mg powder for solution for injection vial","rx_class_alkylating","1"
"http://www.nlm.nih.gov/research/umls/rxnorm","261288","temodar 5 mg oral capsule","rx_class_alkylating","8"
"http://www.nlm.nih.gov/research/umls/rxnorm","261289","temodar 20 mg oral capsule","rx_class_alkylating","8"
"http://www.nlm.nih.gov/research/umls/rxnorm","261290","temodar 100 mg oral capsule","rx_class_alkylating","8"
"http://www.nlm.nih.gov/research/umls/rxnorm","261291","temodar 250 mg oral capsule","rx_class_alkylating","8"
"http://www.nlm.nih.gov/research/umls/rxnorm","261663","temodar","rx_class_alkylating","3"
"http://www.nlm.nih.gov/research/umls/rxnorm","2627963","ifosfamide 2 g powder for solution for infusion and/or injection vial","rx_class_alkylating","1"
"http://www.nlm.nih.gov/research/umls/rxnorm","2644737","cyclophosphamide 500 mg/ml","rx_class_alkylating","2"
"http://www.nlm.nih.gov/research/umls/rxnorm","2644738","2 ml cyclophosphamide 500 mg/ml injection","rx_class_alkylating","2"
"http://www.nlm.nih.gov/research/umls/rxnorm","2644739","cyclophosphamide 500 mg/ml injection","rx_class_alkylating","2"
"http://www.nlm.nih.gov/research/umls/rxnorm","2644751","4 ml cyclophosphamide 500 mg/ml injection","rx_class_alkylating","2"
"http://www.nlm.nih.gov/research/umls/rxnorm","2644824","1 ml cyclophosphamide 500 mg/ml injection","rx_class_alkylating","2"
"http://www.nlm.nih.gov/research/umls/rxnorm","2679071","cyclophosphamide monohydrate","rx_class_alkylating","2"
"http://www.nlm.nih.gov/research/umls/rxnorm","2679073","cyclophosphamide 100 mg/ml injectable solution","rx_class_alkylating","3"
"http://www.nlm.nih.gov/research/umls/rxnorm","3002","cyclophosphamide","rx_class_alkylating","6"
"http://www.nlm.nih.gov/research/umls/rxnorm","309012","carmustine 100 mg injection","rx_class_alkylating","8"
"http://www.nlm.nih.gov/research/umls/rxnorm","309013","carmustine 7.7 mg drug implant","rx_class_alkylating","4"
"http://www.nlm.nih.gov/research/umls/rxnorm","309623","cyclophosphamide 20 mg/ml / mannitol 15 mg/ml injectable solution","rx_class_alkylating","2"
"http://www.nlm.nih.gov/research/umls/rxnorm","310974","ifosfamide 50 mg/ml / mesna 50 mg/ml injectable solution","rx_class_alkylating","1"
"http://www.nlm.nih.gov/research/umls/rxnorm","310976","ifosfamide 50 mg/ml / mesna 16.67 mg/ml injectable solution","rx_class_alkylating","1"
"http://www.nlm.nih.gov/research/umls/rxnorm","313209","temozolomide 20 mg oral capsule","rx_class_alkylating","10"
"http://www.nlm.nih.gov/research/umls/rxnorm","313210","temozolomide 250 mg oral capsule","rx_class_alkylating","10"
"http://www.nlm.nih.gov/research/umls/rxnorm","313211","temozolomide 5 mg oral capsule","rx_class_alkylating","10"
"http://www.nlm.nih.gov/research/umls/rxnorm","315746","cyclophosphamide 25 mg","rx_class_alkylating","6"
"http://www.nlm.nih.gov/research/umls/rxnorm","315747","cyclophosphamide 50 mg","rx_class_alkylating","6"
"http://www.nlm.nih.gov/research/umls/rxnorm","316160","lomustine 10 mg","rx_class_alkylating","4"
"http://www.nlm.nih.gov/research/umls/rxnorm","316161","lomustine 100 mg","rx_class_alkylating","4"
"http://www.nlm.nih.gov/research/umls/rxnorm","316162","lomustine 40 mg","rx_class_alkylating","4"
"http://www.nlm.nih.gov/research/umls/rxnorm","317160","temozolomide 100 mg oral capsule","rx_class_alkylating","10"
"http://www.nlm.nih.gov/research/umls/rxnorm","330405","temozolomide 20 mg","rx_class_alkylating","4"
"http://www.nlm.nih.gov/research/umls/rxnorm","330797","temozolomide 100 mg","rx_class_alkylating","4"
"http://www.nlm.nih.gov/research/umls/rxnorm","331482","temozolomide 5 mg","rx_class_alkylating","4"
"http://www.nlm.nih.gov/research/umls/rxnorm","331483","temozolomide 250 mg","rx_class_alkylating","4"
"http://www.nlm.nih.gov/research/umls/rxnorm","337509","carmustine 3.3 mg/ml","rx_class_alkylating","1"
"http://www.nlm.nih.gov/research/umls/rxnorm","340520","carmustine 7.7 mg","rx_class_alkylating","3"
"http://www.nlm.nih.gov/research/umls/rxnorm","343027","bicnu","rx_class_alkylating","3"
"http://www.nlm.nih.gov/research/umls/rxnorm","352384","ifosfamide / mesna","rx_class_alkylating","3"
"http://www.nlm.nih.gov/research/umls/rxnorm","358855","cyclophosphamide 10 mg","rx_class_alkylating","2"
"http://www.nlm.nih.gov/research/umls/rxnorm","366239","lomustine oral capsule [ceenu]","rx_class_alkylating","2"
"http://www.nlm.nih.gov/research/umls/rxnorm","366431","temozolomide oral capsule [temodar]","rx_class_alkylating","4"
"http://www.nlm.nih.gov/research/umls/rxnorm","366515","lomustine oral capsule [ccnu]","rx_class_alkylating","2"
"http://www.nlm.nih.gov/research/umls/rxnorm","367922","cyclophosphamide oral tablet [cytoxan]","rx_class_alkylating","2"
"http://www.nlm.nih.gov/research/umls/rxnorm","368546","cyclophosphamide oral tablet [endoxana]","rx_class_alkylating","2"
"http://www.nlm.nih.gov/research/umls/rxnorm","370496","carmustine injectable solution","rx_class_alkylating","1"
"http://www.nlm.nih.gov/research/umls/rxnorm","371664","cyclophosphamide oral tablet","rx_class_alkylating","6"
"http://www.nlm.nih.gov/research/umls/rxnorm","372631","lomustine oral capsule","rx_class_alkylating","4"
"http://www.nlm.nih.gov/research/umls/rxnorm","374610","temozolomide oral capsule","rx_class_alkylating","4"
"http://www.nlm.nih.gov/research/umls/rxnorm","376666","cyclophosphamide injectable solution","rx_class_alkylating","6"
"http://www.nlm.nih.gov/research/umls/rxnorm","377128","ifosfamide injectable solution","rx_class_alkylating","1"
"http://www.nlm.nih.gov/research/umls/rxnorm","377238","cyclophosphamide / mannitol injectable solution","rx_class_alkylating","2"
"http://www.nlm.nih.gov/research/umls/rxnorm","377251","ifosfamide / mesna injectable solution","rx_class_alkylating","1"
"http://www.nlm.nih.gov/research/umls/rxnorm","37776","temozolomide","rx_class_alkylating","4"
"http://www.nlm.nih.gov/research/umls/rxnorm","378774","carmustine drug implant","rx_class_alkylating","3"
"http://www.nlm.nih.gov/research/umls/rxnorm","405951","carmustine drug implant [gliadel]","rx_class_alkylating","3"
"http://www.nlm.nih.gov/research/umls/rxnorm","415171","ifosfamide 200 mg/ml injectable solution","rx_class_alkylating","1"
"http://www.nlm.nih.gov/research/umls/rxnorm","415172","ifosfamide 40 mg/ml injectable solution","rx_class_alkylating","1"
"http://www.nlm.nih.gov/research/umls/rxnorm","415569","cyclophosphamide 7.5 mg/ml injectable solution","rx_class_alkylating","2"
"http://www.nlm.nih.gov/research/umls/rxnorm","415570","cyclophosphamide 10 mg/ml injectable solution","rx_class_alkylating","2"
"http://www.nlm.nih.gov/research/umls/rxnorm","415571","cyclophosphamide 5 mg/ml injectable solution","rx_class_alkylating","2"
"http://www.nlm.nih.gov/research/umls/rxnorm","429015","cyclophosphamide 10 mg oral tablet","rx_class_alkylating","2"
"http://www.nlm.nih.gov/research/umls/rxnorm","491188","carmustine injectable solution [bicnu]","rx_class_alkylating","1"
"http://www.nlm.nih.gov/research/umls/rxnorm","562072","carmustine 3.3 mg/ml injectable solution","rx_class_alkylating","1"
"http://www.nlm.nih.gov/research/umls/rxnorm","563185","cyclophosphamide 10 mg [endoxana]","rx_class_alkylating","2"
"http://www.nlm.nih.gov/research/umls/rxnorm","564079","carmustine 3.3 mg/ml [bicnu]","rx_class_alkylating","1"
"http://www.nlm.nih.gov/research/umls/rxnorm","564082","cyclophosphamide 50 mg [endoxana]","rx_class_alkylating","2"
"http://www.nlm.nih.gov/research/umls/rxnorm","564086","lomustine 10 mg [ccnu]","rx_class_alkylating","2"
"http://www.nlm.nih.gov/research/umls/rxnorm","564087","lomustine 40 mg [ccnu]","rx_class_alkylating","2"
"http://www.nlm.nih.gov/research/umls/rxnorm","5657","ifosfamide","rx_class_alkylating","3"
"http://www.nlm.nih.gov/research/umls/rxnorm","567603","lomustine 10 mg [ceenu]","rx_class_alkylating","2"
"http://www.nlm.nih.gov/research/umls/rxnorm","567604","lomustine 40 mg [ceenu]","rx_class_alkylating","2"
"http://www.nlm.nih.gov/research/umls/rxnorm","567605","lomustine 100 mg [ceenu]","rx_class_alkylating","2"
"http://www.nlm.nih.gov/research/umls/rxnorm","571074","cyclophosphamide 25 mg [cytoxan]","rx_class_alkylating","2"
"http://www.nlm.nih.gov/research/umls/rxnorm","571139","cyclophosphamide 50 mg [cytoxan]","rx_class_alkylating","2"
"http://www.nlm.nih.gov/research/umls/rxnorm","572946","carmustine 7.7 mg [gliadel]","rx_class_alkylating","3"
"http://www.nlm.nih.gov/research/umls/rxnorm","574513","temozolomide 5 mg [temodar]","rx_class_alkylating","4"
"http://www.nlm.nih.gov/research/umls/rxnorm","574514","temozolomide 20 mg [temodar]","rx_class_alkylating","4"
"http://www.nlm.nih.gov/research/umls/rxnorm","574515","temozolomide 100 mg [temodar]","rx_class_alkylating","4"
"http://www.nlm.nih.gov/research/umls/rxnorm","574516","temozolomide 250 mg [temodar]","rx_class_alkylating","4"
"http://www.nlm.nih.gov/research/umls/rxnorm","596881","bcnu 3.3 mg/ml injectable solution [bicnu]","rx_class_alkylating","1"
"http://www.nlm.nih.gov/research/umls/rxnorm","700882","temozolomide 140 mg","rx_class_alkylating","4"
"http://www.nlm.nih.gov/research/umls/rxnorm","700883","temozolomide 140 mg oral capsule","rx_class_alkylating","10"
"http://www.nlm.nih.gov/research/umls/rxnorm","700884","temozolomide 180 mg","rx_class_alkylating","4"
"http://www.nlm.nih.gov/research/umls/rxnorm","700885","temozolomide 180 mg oral capsule","rx_class_alkylating","10"
"http://www.nlm.nih.gov/research/umls/rxnorm","705616","temozolomide 140 mg [temodar]","rx_class_alkylating","4"
"http://www.nlm.nih.gov/research/umls/rxnorm","705617","temodar 140 mg oral capsule","rx_class_alkylating","8"
"http://www.nlm.nih.gov/research/umls/rxnorm","705618","temozolomide 180 mg [temodar]","rx_class_alkylating","4"
"http://www.nlm.nih.gov/research/umls/rxnorm","705619","temodar 180 mg oral capsule","rx_class_alkylating","8"
"http://www.nlm.nih.gov/research/umls/rxnorm","727484","ifosfamide 50 mg/ml / mesna 100 mg/ml injectable solution","rx_class_alkylating","1"
"http://www.nlm.nih.gov/research/umls/rxnorm","759673","{2 (lomustine 10 mg oral capsule) / 2 (lomustine 100 mg oral capsule) / 2 (lomustine 40 mg oral capsule) } pack","rx_class_alkylating","2"
"http://www.nlm.nih.gov/research/umls/rxnorm","759674","ceenu dosepack","rx_class_alkylating","2"
"http://www.nlm.nih.gov/research/umls/rxnorm","835945","temozolomide 100 mg injection","rx_class_alkylating","8"
"http://www.nlm.nih.gov/research/umls/rxnorm","835948","temodar 100 mg injection","rx_class_alkylating","8"
"http://www.nlm.nih.gov/research/umls/rxnorm","102953","emtexate 10 mg oral tablet","rx_class_antimetabolite","1"
"http://www.nlm.nih.gov/research/umls/rxnorm","102954","emtexate 2.5 mg/ml injectable solution","rx_class_antimetabolite","1"
"http://www.nlm.nih.gov/research/umls/rxnorm","102956","emtexate 100 mg/ml injectable solution","rx_class_antimetabolite","1"
"http://www.nlm.nih.gov/research/umls/rxnorm","102958","maxtrex 2.5 mg/ml injectable solution","rx_class_antimetabolite","1"
"http://www.nlm.nih.gov/research/umls/rxnorm","103","mercaptopurine","rx_class_antimetabolite","3"
"http://www.nlm.nih.gov/research/umls/rxnorm","10485","thioguanine","rx_class_antimetabolite","4"
"http://www.nlm.nih.gov/research/umls/rxnorm","105585","methotrexate 2.5 mg oral tablet","rx_class_antimetabolite","8"
"http://www.nlm.nih.gov/research/umls/rxnorm","105586","methotrexate 10 mg oral tablet","rx_class_antimetabolite","8"
"http://www.nlm.nih.gov/research/umls/rxnorm","105587","maxtrex 2.5 mg oral tablet","rx_class_antimetabolite","1"
"http://www.nlm.nih.gov/research/umls/rxnorm","105588","maxtrex 10 mg oral tablet","rx_class_antimetabolite","1"
"http://www.nlm.nih.gov/research/umls/rxnorm","105589","methotrexate (as methotrexate sodium) 100 mg/ml injectable solution","rx_class_antimetabolite","1"
"http://www.nlm.nih.gov/research/umls/rxnorm","105590","tabloid 40 mg oral tablet","rx_class_antimetabolite","8"
"http://www.nlm.nih.gov/research/umls/rxnorm","105609","azathioprine 50 mg oral tablet [azamune]","rx_class_antimetabolite","2"
"http://www.nlm.nih.gov/research/umls/rxnorm","105610","azathioprine 25 mg oral tablet [imuran]","rx_class_antimetabolite","2"
"http://www.nlm.nih.gov/research/umls/rxnorm","105611","azathioprine 50 mg oral tablet [imuran]","rx_class_antimetabolite","2"
"http://www.nlm.nih.gov/research/umls/rxnorm","105612","azathioprine 50 mg oral tablet [immunoprin]","rx_class_antimetabolite","2"
"http://www.nlm.nih.gov/research/umls/rxnorm","105613","azathioprine 50 mg oral tablet [berkaprine]","rx_class_antimetabolite","2"
"http://www.nlm.nih.gov/research/umls/rxnorm","108922","azathioprine 50 mg oral tablet [oprisine]","rx_class_antimetabolite","2"
"http://www.nlm.nih.gov/research/umls/rxnorm","1150117","methotrexate 2.5 mg (8) (5 mg per week) oral tablet pack","rx_class_antimetabolite","1"
"http://www.nlm.nih.gov/research/umls/rxnorm","1150118","rheumatrex 2.5 mg (8) (5 mg per week) oral tablet pack","rx_class_antimetabolite","1"
"http://www.nlm.nih.gov/research/umls/rxnorm","1155000","azathioprine injectable product","rx_class_antimetabolite","2"
"http://www.nlm.nih.gov/research/umls/rxnorm","1155001","azathioprine oral product","rx_class_antimetabolite","2"
"http://www.nlm.nih.gov/research/umls/rxnorm","1155002","azathioprine pill","rx_class_antimetabolite","2"
"http://www.nlm.nih.gov/research/umls/rxnorm","1156390","mycophenolic acid oral product","rx_class_antimetabolite","1"
"http://www.nlm.nih.gov/research/umls/rxnorm","1156391","mycophenolic acid pill","rx_class_antimetabolite","1"
"http://www.nlm.nih.gov/research/umls/rxnorm","1157869","mycophenolate mofetil injectable product","rx_class_antimetabolite","1"
"http://www.nlm.nih.gov/research/umls/rxnorm","1157870","mycophenolate mofetil oral liquid product","rx_class_antimetabolite","1"
"http://www.nlm.nih.gov/research/umls/rxnorm","1157871","mycophenolate mofetil oral product","rx_class_antimetabolite","1"
"http://www.nlm.nih.gov/research/umls/rxnorm","1157872","mycophenolate mofetil pill","rx_class_antimetabolite","1"
"http://www.nlm.nih.gov/research/umls/rxnorm","1162235","methotrexate injectable product","rx_class_antimetabolite","1"
"http://www.nlm.nih.gov/research/umls/rxnorm","1162236","methotrexate oral product","rx_class_antimetabolite","3"
"http://www.nlm.nih.gov/research/umls/rxnorm","1162237","methotrexate pill","rx_class_antimetabolite","3"
"http://www.nlm.nih.gov/research/umls/rxnorm","1165526","thioguanine oral product","rx_class_antimetabolite","4"
"http://www.nlm.nih.gov/research/umls/rxnorm","1165527","thioguanine pill","rx_class_antimetabolite","4"
"http://www.nlm.nih.gov/research/umls/rxnorm","1165710","mercaptopurine oral product","rx_class_antimetabolite","3"
"http://www.nlm.nih.gov/research/umls/rxnorm","1165711","mercaptopurine pill","rx_class_antimetabolite","3"
"http://www.nlm.nih.gov/research/umls/rxnorm","1166213","cellcept injectable product","rx_class_antimetabolite","1"
"http://www.nlm.nih.gov/research/umls/rxnorm","1166214","cellcept oral liquid product","rx_class_antimetabolite","1"
"http://www.nlm.nih.gov/research/umls/rxnorm","1166215","cellcept oral product","rx_class_antimetabolite","1"
"http://www.nlm.nih.gov/research/umls/rxnorm","1166216","cellcept pill","rx_class_antimetabolite","1"
"http://www.nlm.nih.gov/research/umls/rxnorm","1167775","immunoprin oral product","rx_class_antimetabolite","1"
"http://www.nlm.nih.gov/research/umls/rxnorm","1167776","immunoprin pill","rx_class_antimetabolite","1"
"http://www.nlm.nih.gov/research/umls/rxnorm","1172006","imuran oral product","rx_class_antimetabolite","1"
"http://www.nlm.nih.gov/research/umls/rxnorm","1172007","imuran pill","rx_class_antimetabolite","1"
"http://www.nlm.nih.gov/research/umls/rxnorm","1172211","berkaprine oral product","rx_class_antimetabolite","1"
"http://www.nlm.nih.gov/research/umls/rxnorm","1172212","berkaprine pill","rx_class_antimetabolite","1"
"http://www.nlm.nih.gov/research/umls/rxnorm","1175944","emtexate injectable product","rx_class_antimetabolite","1"
"http://www.nlm.nih.gov/research/umls/rxnorm","1175945","emtexate oral product","rx_class_antimetabolite","1"
"http://www.nlm.nih.gov/research/umls/rxnorm","1175946","emtexate pill","rx_class_antimetabolite","1"
"http://www.nlm.nih.gov/research/umls/rxnorm","1176316","azamune oral product","rx_class_antimetabolite","1"
"http://www.nlm.nih.gov/research/umls/rxnorm","1176317","azamune pill","rx_class_antimetabolite","1"
"http://www.nlm.nih.gov/research/umls/rxnorm","1176318","azasan oral product","rx_class_antimetabolite","1"
"http://www.nlm.nih.gov/research/umls/rxnorm","1176319","azasan pill","rx_class_antimetabolite","1"
"http://www.nlm.nih.gov/research/umls/rxnorm","1177820","tabloid oral product","rx_class_antimetabolite","4"
"http://www.nlm.nih.gov/research/umls/rxnorm","1177821","tabloid pill","rx_class_antimetabolite","4"
"http://www.nlm.nih.gov/research/umls/rxnorm","1179677","trexall oral product","rx_class_antimetabolite","3"
"http://www.nlm.nih.gov/research/umls/rxnorm","1179678","trexall pill","rx_class_antimetabolite","3"
"http://www.nlm.nih.gov/research/umls/rxnorm","1182311","oprisine oral product","rx_class_antimetabolite","1"
"http://www.nlm.nih.gov/research/umls/rxnorm","1182312","oprisine pill","rx_class_antimetabolite","1"
"http://www.nlm.nih.gov/research/umls/rxnorm","1182738","maxtrex injectable product","rx_class_antimetabolite","1"
"http://www.nlm.nih.gov/research/umls/rxnorm","1182739","maxtrex oral product","rx_class_antimetabolite","1"
"http://www.nlm.nih.gov/research/umls/rxnorm","1182740","maxtrex pill","rx_class_antimetabolite","1"
"http://www.nlm.nih.gov/research/umls/rxnorm","1183068","rheumatrex oral product","rx_class_antimetabolite","1"
"http://www.nlm.nih.gov/research/umls/rxnorm","1183069","rheumatrex pill","rx_class_antimetabolite","1"
"http://www.nlm.nih.gov/research/umls/rxnorm","1183583","purinethol oral product","rx_class_antimetabolite","1"
"http://www.nlm.nih.gov/research/umls/rxnorm","1183584","purinethol pill","rx_class_antimetabolite","1"
"http://www.nlm.nih.gov/research/umls/rxnorm","1184447","myfortic oral product","rx_class_antimetabolite","1"
"http://www.nlm.nih.gov/research/umls/rxnorm","1184448","myfortic pill","rx_class_antimetabolite","1"
"http://www.nlm.nih.gov/research/umls/rxnorm","1256","azathioprine","rx_class_antimetabolite","2"
"http://www.nlm.nih.gov/research/umls/rxnorm","1441402","0.4 ml methotrexate 25 mg/ml auto-injector","rx_class_antimetabolite","2"
"http://www.nlm.nih.gov/research/umls/rxnorm","1441403","otrexup","rx_class_antimetabolite","1"
"http://www.nlm.nih.gov/research/umls/rxnorm","1441404","methotrexate 25 mg/ml [otrexup]","rx_class_antimetabolite","1"
"http://www.nlm.nih.gov/research/umls/rxnorm","1441406","otrexup injectable product","rx_class_antimetabolite","1"
"http://www.nlm.nih.gov/research/umls/rxnorm","1441407","0.4 ml methotrexate 25 mg/ml auto-injector [otrexup]","rx_class_antimetabolite","1"
"http://www.nlm.nih.gov/research/umls/rxnorm","1441408","methotrexate 25 mg/ml auto-injector","rx_class_antimetabolite","1"
"http://www.nlm.nih.gov/research/umls/rxnorm","1441409","methotrexate 25 mg/ml auto-injector [otrexup]","rx_class_antimetabolite","1"
"http://www.nlm.nih.gov/research/umls/rxnorm","1441410","methotrexate 37.5 mg/ml","rx_class_antimetabolite","1"
"http://www.nlm.nih.gov/research/umls/rxnorm","1441411","0.4 ml methotrexate 37.5 mg/ml auto-injector","rx_class_antimetabolite","2"
"http://www.nlm.nih.gov/research/umls/rxnorm","1441412","methotrexate 37.5 mg/ml [otrexup]","rx_class_antimetabolite","1"
"http://www.nlm.nih.gov/research/umls/rxnorm","1441413","0.4 ml methotrexate 37.5 mg/ml auto-injector [otrexup]","rx_class_antimetabolite","1"
"http://www.nlm.nih.gov/research/umls/rxnorm","1441414","methotrexate 37.5 mg/ml auto-injector","rx_class_antimetabolite","1"
"http://www.nlm.nih.gov/research/umls/rxnorm","1441415","methotrexate 37.5 mg/ml auto-injector [otrexup]","rx_class_antimetabolite","1"
"http://www.nlm.nih.gov/research/umls/rxnorm","1441416","0.4 ml methotrexate 50 mg/ml auto-injector","rx_class_antimetabolite","2"
"http://www.nlm.nih.gov/research/umls/rxnorm","1441417","methotrexate 50 mg/ml [otrexup]","rx_class_antimetabolite","1"
"http://www.nlm.nih.gov/research/umls/rxnorm","1441418","0.4 ml methotrexate 50 mg/ml auto-injector [otrexup]","rx_class_antimetabolite","1"
"http://www.nlm.nih.gov/research/umls/rxnorm","1441419","methotrexate 50 mg/ml auto-injector","rx_class_antimetabolite","1"
"http://www.nlm.nih.gov/research/umls/rxnorm","1441420","methotrexate 50 mg/ml auto-injector [otrexup]","rx_class_antimetabolite","1"
"http://www.nlm.nih.gov/research/umls/rxnorm","1441421","methotrexate 62.5 mg/ml","rx_class_antimetabolite","1"
"http://www.nlm.nih.gov/research/umls/rxnorm","1441422","0.4 ml methotrexate 62.5 mg/ml auto-injector","rx_class_antimetabolite","2"
"http://www.nlm.nih.gov/research/umls/rxnorm","1441423","methotrexate 62.5 mg/ml [otrexup]","rx_class_antimetabolite","1"
"http://www.nlm.nih.gov/research/umls/rxnorm","1441424","0.4 ml methotrexate 62.5 mg/ml auto-injector [otrexup]","rx_class_antimetabolite","1"
"http://www.nlm.nih.gov/research/umls/rxnorm","1441425","methotrexate 62.5 mg/ml auto-injector","rx_class_antimetabolite","1"
"http://www.nlm.nih.gov/research/umls/rxnorm","1441426","methotrexate 62.5 mg/ml auto-injector [otrexup]","rx_class_antimetabolite","1"
"http://www.nlm.nih.gov/research/umls/rxnorm","151397","azamune","rx_class_antimetabolite","1"
"http://www.nlm.nih.gov/research/umls/rxnorm","151888","immunoprin","rx_class_antimetabolite","1"
"http://www.nlm.nih.gov/research/umls/rxnorm","151956","tabloid","rx_class_antimetabolite","3"
"http://www.nlm.nih.gov/research/umls/rxnorm","152008","maxtrex","rx_class_antimetabolite","1"
"http://www.nlm.nih.gov/research/umls/rxnorm","152156","oprisine","rx_class_antimetabolite","1"
"http://www.nlm.nih.gov/research/umls/rxnorm","152633","cellcept","rx_class_antimetabolite","1"
"http://www.nlm.nih.gov/research/umls/rxnorm","153129","azathioprine 10 mg oral tablet","rx_class_antimetabolite","3"
"http://www.nlm.nih.gov/research/umls/rxnorm","153130","azathioprine 10 mg oral tablet [imuran]","rx_class_antimetabolite","2"
"http://www.nlm.nih.gov/research/umls/rxnorm","1536481","mercaptopurine 20 mg/ml","rx_class_antimetabolite","3"
"http://www.nlm.nih.gov/research/umls/rxnorm","1536482","mercaptopurine oral liquid product","rx_class_antimetabolite","3"
"http://www.nlm.nih.gov/research/umls/rxnorm","1536483","mercaptopurine oral suspension","rx_class_antimetabolite","3"
"http://www.nlm.nih.gov/research/umls/rxnorm","1536484","mercaptopurine 100 mg per 5 ml oral suspension","rx_class_antimetabolite","4"
"http://www.nlm.nih.gov/research/umls/rxnorm","1536485","purixan","rx_class_antimetabolite","3"
"http://www.nlm.nih.gov/research/umls/rxnorm","1536486","mercaptopurine 20 mg/ml [purixan]","rx_class_antimetabolite","3"
"http://www.nlm.nih.gov/research/umls/rxnorm","1536487","mercaptopurine oral suspension [purixan]","rx_class_antimetabolite","3"
"http://www.nlm.nih.gov/research/umls/rxnorm","1536488","purixan oral liquid product","rx_class_antimetabolite","3"
"http://www.nlm.nih.gov/research/umls/rxnorm","1536489","purixan oral product","rx_class_antimetabolite","3"
"http://www.nlm.nih.gov/research/umls/rxnorm","1536490","mercaptopurine 20 mg/ml oral suspension [purixan]","rx_class_antimetabolite","3"
"http://www.nlm.nih.gov/research/umls/rxnorm","1541215","methotrexate 2.5 mg (12) (7.5 mg per week) oral tablet pack","rx_class_antimetabolite","1"
"http://www.nlm.nih.gov/research/umls/rxnorm","1541216","rheumatrex 2.5 mg (12) (7.5 mg per week) oral tablet pack","rx_class_antimetabolite","1"
"http://www.nlm.nih.gov/research/umls/rxnorm","1541217","methotrexate 2.5 mg (16) (10 mg per week) oral tablet pack","rx_class_antimetabolite","1"
"http://www.nlm.nih.gov/research/umls/rxnorm","1541218","rheumatrex 2.5 mg (16) (10 mg per week) oral tablet pack","rx_class_antimetabolite","1"
"http://www.nlm.nih.gov/research/umls/rxnorm","1541220","methotrexate 2.5 mg (20) (12.5 mg per week) oral tablet pack","rx_class_antimetabolite","1"
"http://www.nlm.nih.gov/research/umls/rxnorm","1541221","rheumatrex 2.5 mg (20) (12.5 mg per week) oral tablet pack","rx_class_antimetabolite","1"
"http://www.nlm.nih.gov/research/umls/rxnorm","1541222","methotrexate 2.5 mg (24) (15 mg per week) oral tablet pack","rx_class_antimetabolite","1"
"http://www.nlm.nih.gov/research/umls/rxnorm","1541224","rheumatrex 2.5 mg (24) (15 mg per week) oral tablet pack","rx_class_antimetabolite","1"
"http://www.nlm.nih.gov/research/umls/rxnorm","1541225","methotrexate 2.5 mg oral tablet (28) pack","rx_class_antimetabolite","1"
"http://www.nlm.nih.gov/research/umls/rxnorm","1541226","rheumatrex dose pack 28, 4 week pack","rx_class_antimetabolite","1"
"http://www.nlm.nih.gov/research/umls/rxnorm","1541227","methotrexate 2.5 mg oral tablet (32) pack","rx_class_antimetabolite","1"
"http://www.nlm.nih.gov/research/umls/rxnorm","1541228","rheumatrex dose pack 32, 4 week pack","rx_class_antimetabolite","1"
"http://www.nlm.nih.gov/research/umls/rxnorm","1544378","0.2 ml methotrexate 50 mg/ml auto-injector","rx_class_antimetabolite","2"
"http://www.nlm.nih.gov/research/umls/rxnorm","1544379","rasuvo","rx_class_antimetabolite","1"
"http://www.nlm.nih.gov/research/umls/rxnorm","1544380","methotrexate 50 mg/ml [rasuvo]","rx_class_antimetabolite","1"
"http://www.nlm.nih.gov/research/umls/rxnorm","1544382","rasuvo injectable product","rx_class_antimetabolite","1"
"http://www.nlm.nih.gov/research/umls/rxnorm","1544383","0.2 ml methotrexate 50 mg/ml auto-injector [rasuvo]","rx_class_antimetabolite","1"
"http://www.nlm.nih.gov/research/umls/rxnorm","1544384","methotrexate 50 mg/ml auto-injector [rasuvo]","rx_class_antimetabolite","1"
"http://www.nlm.nih.gov/research/umls/rxnorm","1544385","0.25 ml methotrexate 50 mg/ml auto-injector","rx_class_antimetabolite","2"
"http://www.nlm.nih.gov/research/umls/rxnorm","1544386","0.25 ml methotrexate 50 mg/ml auto-injector [rasuvo]","rx_class_antimetabolite","1"
"http://www.nlm.nih.gov/research/umls/rxnorm","1544387","0.3 ml methotrexate 50 mg/ml auto-injector","rx_class_antimetabolite","2"
"http://www.nlm.nih.gov/research/umls/rxnorm","1544388","0.3 ml methotrexate 50 mg/ml auto-injector [rasuvo]","rx_class_antimetabolite","1"
"http://www.nlm.nih.gov/research/umls/rxnorm","1544389","0.35 ml methotrexate 50 mg/ml auto-injector","rx_class_antimetabolite","2"
"http://www.nlm.nih.gov/research/umls/rxnorm","1544390","0.35 ml methotrexate 50 mg/ml auto-injector [rasuvo]","rx_class_antimetabolite","1"
"http://www.nlm.nih.gov/research/umls/rxnorm","1544394","0.4 ml methotrexate 50 mg/ml auto-injector [rasuvo]","rx_class_antimetabolite","1"
"http://www.nlm.nih.gov/research/umls/rxnorm","1544395","0.45 ml methotrexate 50 mg/ml auto-injector","rx_class_antimetabolite","2"
"http://www.nlm.nih.gov/research/umls/rxnorm","1544396","0.45 ml methotrexate 50 mg/ml auto-injector [rasuvo]","rx_class_antimetabolite","1"
"http://www.nlm.nih.gov/research/umls/rxnorm","1544397","0.5 ml methotrexate 50 mg/ml auto-injector","rx_class_antimetabolite","2"
"http://www.nlm.nih.gov/research/umls/rxnorm","1544398","0.5 ml methotrexate 50 mg/ml auto-injector [rasuvo]","rx_class_antimetabolite","1"
"http://www.nlm.nih.gov/research/umls/rxnorm","1544399","0.55 ml methotrexate 50 mg/ml auto-injector","rx_class_antimetabolite","1"
"http://www.nlm.nih.gov/research/umls/rxnorm","1544400","0.55 ml methotrexate 50 mg/ml auto-injector [rasuvo]","rx_class_antimetabolite","1"
"http://www.nlm.nih.gov/research/umls/rxnorm","1544401","0.6 ml methotrexate 50 mg/ml auto-injector","rx_class_antimetabolite","2"
"http://www.nlm.nih.gov/research/umls/rxnorm","1544402","0.6 ml methotrexate 50 mg/ml auto-injector [rasuvo]","rx_class_antimetabolite","1"
"http://www.nlm.nih.gov/research/umls/rxnorm","1544403","0.15 ml methotrexate 50 mg/ml auto-injector","rx_class_antimetabolite","2"
"http://www.nlm.nih.gov/research/umls/rxnorm","1544404","0.15 ml methotrexate 50 mg/ml auto-injector [rasuvo]","rx_class_antimetabolite","1"
"http://www.nlm.nih.gov/research/umls/rxnorm","1544460","idelalisib","rx_class_antimetabolite","1"
"http://www.nlm.nih.gov/research/umls/rxnorm","1594757","0.4 ml methotrexate 18.8 mg/ml auto-injector","rx_class_antimetabolite","1"
"http://www.nlm.nih.gov/research/umls/rxnorm","1594759","0.4 ml methotrexate 18.8 mg/ml auto-injector [otrexup]","rx_class_antimetabolite","1"
"http://www.nlm.nih.gov/research/umls/rxnorm","1594760","methotrexate 18.8 mg/ml auto-injector","rx_class_antimetabolite","1"
"http://www.nlm.nih.gov/research/umls/rxnorm","1594761","methotrexate 18.8 mg/ml auto-injector [otrexup]","rx_class_antimetabolite","1"
"http://www.nlm.nih.gov/research/umls/rxnorm","1655203","methotrexate auto-injector","rx_class_antimetabolite","1"
"http://www.nlm.nih.gov/research/umls/rxnorm","1655205","methotrexate auto-injector [otrexup]","rx_class_antimetabolite","1"
"http://www.nlm.nih.gov/research/umls/rxnorm","1655252","methotrexate auto-injector [rasuvo]","rx_class_antimetabolite","1"
"http://www.nlm.nih.gov/research/umls/rxnorm","1655955","methotrexate injection","rx_class_antimetabolite","1"
"http://www.nlm.nih.gov/research/umls/rxnorm","1655956","40 ml methotrexate 25 mg/ml injection","rx_class_antimetabolite","1"
"http://www.nlm.nih.gov/research/umls/rxnorm","1655957","methotrexate 25 mg/ml injection","rx_class_antimetabolite","1"
"http://www.nlm.nih.gov/research/umls/rxnorm","1655959","10 ml methotrexate 25 mg/ml injection","rx_class_antimetabolite","2"
"http://www.nlm.nih.gov/research/umls/rxnorm","1655960","2 ml methotrexate 25 mg/ml injection","rx_class_antimetabolite","1"
"http://www.nlm.nih.gov/research/umls/rxnorm","1655967","4 ml methotrexate 25 mg/ml injection","rx_class_antimetabolite","2"
"http://www.nlm.nih.gov/research/umls/rxnorm","1655968","8 ml methotrexate 25 mg/ml injection","rx_class_antimetabolite","2"
"http://www.nlm.nih.gov/research/umls/rxnorm","1659719","methotrexate 18.8 mg/ml","rx_class_antimetabolite","1"
"http://www.nlm.nih.gov/research/umls/rxnorm","1659721","methotrexate 18.8 mg/ml [otrexup]","rx_class_antimetabolite","1"
"http://www.nlm.nih.gov/research/umls/rxnorm","1726176","mycophenolate mofetil injection","rx_class_antimetabolite","1"
"http://www.nlm.nih.gov/research/umls/rxnorm","1726179","mycophenolate mofetil injection [cellcept]","rx_class_antimetabolite","1"
"http://www.nlm.nih.gov/research/umls/rxnorm","1747178","methotrexate 31.3 mg/ml","rx_class_antimetabolite","1"
"http://www.nlm.nih.gov/research/umls/rxnorm","1747179","0.4 ml methotrexate 31.3 mg/ml auto-injector","rx_class_antimetabolite","2"
"http://www.nlm.nih.gov/research/umls/rxnorm","1747180","methotrexate 31.3 mg/ml [otrexup]","rx_class_antimetabolite","1"
"http://www.nlm.nih.gov/research/umls/rxnorm","1747181","0.4 ml methotrexate 31.3 mg/ml auto-injector [otrexup]","rx_class_antimetabolite","1"
"http://www.nlm.nih.gov/research/umls/rxnorm","1747182","methotrexate 31.3 mg/ml auto-injector","rx_class_antimetabolite","1"
"http://www.nlm.nih.gov/research/umls/rxnorm","1747183","methotrexate 31.3 mg/ml auto-injector [otrexup]","rx_class_antimetabolite","1"
"http://www.nlm.nih.gov/research/umls/rxnorm","1747184","methotrexate 43.8 mg/ml","rx_class_antimetabolite","1"
"http://www.nlm.nih.gov/research/umls/rxnorm","1747185","0.4 ml methotrexate 43.8 mg/ml auto-injector","rx_class_antimetabolite","2"
"http://www.nlm.nih.gov/research/umls/rxnorm","1747186","methotrexate 43.8 mg/ml [otrexup]","rx_class_antimetabolite","1"
"http://www.nlm.nih.gov/research/umls/rxnorm","1747187","0.4 ml methotrexate 43.8 mg/ml auto-injector [otrexup]","rx_class_antimetabolite","1"
"http://www.nlm.nih.gov/research/umls/rxnorm","1747188","methotrexate 43.8 mg/ml auto-injector","rx_class_antimetabolite","1"
"http://www.nlm.nih.gov/research/umls/rxnorm","1747189","methotrexate 43.8 mg/ml auto-injector [otrexup]","rx_class_antimetabolite","1"
"http://www.nlm.nih.gov/research/umls/rxnorm","1747191","methotrexate 56.3 mg/ml","rx_class_antimetabolite","1"
"http://www.nlm.nih.gov/research/umls/rxnorm","1747192","0.4 ml methotrexate 56.3 mg/ml auto-injector","rx_class_antimetabolite","2"
"http://www.nlm.nih.gov/research/umls/rxnorm","1747193","methotrexate 56.3 mg/ml [otrexup]","rx_class_antimetabolite","1"
"http://www.nlm.nih.gov/research/umls/rxnorm","1747194","0.4 ml methotrexate 56.3 mg/ml auto-injector [otrexup]","rx_class_antimetabolite","1"
"http://www.nlm.nih.gov/research/umls/rxnorm","1747195","methotrexate 56.3 mg/ml auto-injector","rx_class_antimetabolite","1"
"http://www.nlm.nih.gov/research/umls/rxnorm","1747196","methotrexate 56.3 mg/ml auto-injector [otrexup]","rx_class_antimetabolite","1"
"http://www.nlm.nih.gov/research/umls/rxnorm","1789839","azathioprine injection","rx_class_antimetabolite","2"
"http://www.nlm.nih.gov/research/umls/rxnorm","1921590","methotrexate oral liquid product","rx_class_antimetabolite","3"
"http://www.nlm.nih.gov/research/umls/rxnorm","1921591","methotrexate oral solution","rx_class_antimetabolite","3"
"http://www.nlm.nih.gov/research/umls/rxnorm","1921592","methotrexate 2.5 mg/ml oral solution","rx_class_antimetabolite","8"
"http://www.nlm.nih.gov/research/umls/rxnorm","1921593","xatmep","rx_class_antimetabolite","3"
"http://www.nlm.nih.gov/research/umls/rxnorm","1921594","methotrexate 2.5 mg/ml [xatmep]","rx_class_antimetabolite","3"
"http://www.nlm.nih.gov/research/umls/rxnorm","1921595","methotrexate oral solution [xatmep]","rx_class_antimetabolite","3"
"http://www.nlm.nih.gov/research/umls/rxnorm","1921596","xatmep oral liquid product","rx_class_antimetabolite","3"
"http://www.nlm.nih.gov/research/umls/rxnorm","1921597","xatmep oral product","rx_class_antimetabolite","3"
"http://www.nlm.nih.gov/research/umls/rxnorm","1921598","xatmep 2.5 mg/ml oral solution","rx_class_antimetabolite","6"
"http://www.nlm.nih.gov/research/umls/rxnorm","1946772","methotrexate 25 mg/ml injectable solution","rx_class_antimetabolite","4"
"http://www.nlm.nih.gov/research/umls/rxnorm","197388","azathioprine 50 mg oral tablet","rx_class_antimetabolite","3"
"http://www.nlm.nih.gov/research/umls/rxnorm","197931","mercaptopurine 50 mg oral tablet","rx_class_antimetabolite","8"
"http://www.nlm.nih.gov/research/umls/rxnorm","198269","thioguanine 40 mg oral tablet","rx_class_antimetabolite","10"
"http://www.nlm.nih.gov/research/umls/rxnorm","199058","mycophenolate mofetil 250 mg oral capsule","rx_class_antimetabolite","2"
"http://www.nlm.nih.gov/research/umls/rxnorm","199310","azathioprine 25 mg oral tablet","rx_class_antimetabolite","3"
"http://www.nlm.nih.gov/research/umls/rxnorm","199766","mercaptopurine 10 mg oral tablet","rx_class_antimetabolite","2"
"http://www.nlm.nih.gov/research/umls/rxnorm","200060","mycophenolate mofetil 500 mg oral tablet","rx_class_antimetabolite","2"
"http://www.nlm.nih.gov/research/umls/rxnorm","202559","imuran","rx_class_antimetabolite","1"
"http://www.nlm.nih.gov/research/umls/rxnorm","206788","purinethol 50 mg oral tablet","rx_class_antimetabolite","2"
"http://www.nlm.nih.gov/research/umls/rxnorm","2112754","azathioprine only product","rx_class_antimetabolite","1"
"http://www.nlm.nih.gov/research/umls/rxnorm","2112755","azathioprine only product in oral dose form","rx_class_antimetabolite","1"
"http://www.nlm.nih.gov/research/umls/rxnorm","2112756","azathioprine only product in parenteral dose form","rx_class_antimetabolite","1"
"http://www.nlm.nih.gov/research/umls/rxnorm","2114653","mercaptopurine only product","rx_class_antimetabolite","1"
"http://www.nlm.nih.gov/research/umls/rxnorm","2114654","mercaptopurine only product in oral dose form","rx_class_antimetabolite","1"
"http://www.nlm.nih.gov/research/umls/rxnorm","2114913","mycophenolic acid only product","rx_class_antimetabolite","1"
"http://www.nlm.nih.gov/research/umls/rxnorm","2115249","methotrexate only product","rx_class_antimetabolite","1"
"http://www.nlm.nih.gov/research/umls/rxnorm","2115250","methotrexate only product in oral dose form","rx_class_antimetabolite","1"
"http://www.nlm.nih.gov/research/umls/rxnorm","2115251","methotrexate only product in parenteral dose form","rx_class_antimetabolite","1"
"http://www.nlm.nih.gov/research/umls/rxnorm","2116074","product containing only tioguanine (medicinal product)","rx_class_antimetabolite","2"
"http://www.nlm.nih.gov/research/umls/rxnorm","2116075","product containing only tioguanine in oral dose form (medicinal product form)","rx_class_antimetabolite","2"
"http://www.nlm.nih.gov/research/umls/rxnorm","213394","cellcept 500 mg injection","rx_class_antimetabolite","2"
"http://www.nlm.nih.gov/research/umls/rxnorm","2183578","mycophenolic acid only product in oral dose form","rx_class_antimetabolite","1"
"http://www.nlm.nih.gov/research/umls/rxnorm","219513","purinethol","rx_class_antimetabolite","1"
"http://www.nlm.nih.gov/research/umls/rxnorm","237112","mycophenolate mofetil hydrochloride","rx_class_antimetabolite","1"
"http://www.nlm.nih.gov/research/umls/rxnorm","2377332","methotrexate prefilled syringe","rx_class_antimetabolite","1"
"http://www.nlm.nih.gov/research/umls/rxnorm","2377333","0.4 ml methotrexate 25 mg/ml prefilled syringe","rx_class_antimetabolite","1"
"http://www.nlm.nih.gov/research/umls/rxnorm","2377334","reditrex","rx_class_antimetabolite","1"
"http://www.nlm.nih.gov/research/umls/rxnorm","2377335","methotrexate 25 mg/ml [reditrex]","rx_class_antimetabolite","1"
"http://www.nlm.nih.gov/research/umls/rxnorm","2377336","methotrexate prefilled syringe [reditrex]","rx_class_antimetabolite","1"
"http://www.nlm.nih.gov/research/umls/rxnorm","2377337","reditrex injectable product","rx_class_antimetabolite","1"
"http://www.nlm.nih.gov/research/umls/rxnorm","2377338","0.4 ml methotrexate 25 mg/ml prefilled syringe [reditrex]","rx_class_antimetabolite","1"
"http://www.nlm.nih.gov/research/umls/rxnorm","2377339","methotrexate 25 mg/ml prefilled syringe","rx_class_antimetabolite","1"
"http://www.nlm.nih.gov/research/umls/rxnorm","2377340","methotrexate 25 mg/ml prefilled syringe [reditrex]","rx_class_antimetabolite","1"
"http://www.nlm.nih.gov/research/umls/rxnorm","2377341","0.5 ml methotrexate 25 mg/ml prefilled syringe","rx_class_antimetabolite","1"
"http://www.nlm.nih.gov/research/umls/rxnorm","2377342","0.5 ml methotrexate 25 mg/ml prefilled syringe [reditrex]","rx_class_antimetabolite","1"
"http://www.nlm.nih.gov/research/umls/rxnorm","2377343","0.6 ml methotrexate 25 mg/ml prefilled syringe","rx_class_antimetabolite","1"
"http://www.nlm.nih.gov/research/umls/rxnorm","2377344","0.6 ml methotrexate 25 mg/ml prefilled syringe [reditrex]","rx_class_antimetabolite","1"
"http://www.nlm.nih.gov/research/umls/rxnorm","2377345","0.7 ml methotrexate 25 mg/ml prefilled syringe","rx_class_antimetabolite","1"
"http://www.nlm.nih.gov/research/umls/rxnorm","2377346","0.7 ml methotrexate 25 mg/ml prefilled syringe [reditrex]","rx_class_antimetabolite","1"
"http://www.nlm.nih.gov/research/umls/rxnorm","2377347","0.8 ml methotrexate 25 mg/ml prefilled syringe","rx_class_antimetabolite","1"
"http://www.nlm.nih.gov/research/umls/rxnorm","2377348","0.8 ml methotrexate 25 mg/ml prefilled syringe [reditrex]","rx_class_antimetabolite","1"
"http://www.nlm.nih.gov/research/umls/rxnorm","2377349","0.9 ml methotrexate 25 mg/ml prefilled syringe","rx_class_antimetabolite","1"
"http://www.nlm.nih.gov/research/umls/rxnorm","2377350","0.9 ml methotrexate 25 mg/ml prefilled syringe [reditrex]","rx_class_antimetabolite","1"
"http://www.nlm.nih.gov/research/umls/rxnorm","2377351","1 ml methotrexate 25 mg/ml prefilled syringe","rx_class_antimetabolite","1"
"http://www.nlm.nih.gov/research/umls/rxnorm","2377352","1 ml methotrexate 25 mg/ml prefilled syringe [reditrex]","rx_class_antimetabolite","1"
"http://www.nlm.nih.gov/research/umls/rxnorm","2377353","0.3 ml methotrexate 25 mg/ml prefilled syringe","rx_class_antimetabolite","1"
"http://www.nlm.nih.gov/research/umls/rxnorm","2377354","0.3 ml methotrexate 25 mg/ml prefilled syringe [reditrex]","rx_class_antimetabolite","1"
"http://www.nlm.nih.gov/research/umls/rxnorm","2388461","mycophenolic acid only product in parenteral dose form","rx_class_antimetabolite","1"
"http://www.nlm.nih.gov/research/umls/rxnorm","2390333","mycophenolic acid-containing product in parenteral dose form","rx_class_antimetabolite","1"
"http://www.nlm.nih.gov/research/umls/rxnorm","239983","azathioprine 100 mg injection","rx_class_antimetabolite","4"
"http://www.nlm.nih.gov/research/umls/rxnorm","245256","methotrexate 1 % injectable solution","rx_class_antimetabolite","1"
"http://www.nlm.nih.gov/research/umls/rxnorm","2593560","methotrexate (as methotrexate sodium) 20 mg/ml solution for injection","rx_class_antimetabolite","1"
"http://www.nlm.nih.gov/research/umls/rxnorm","2608719","azathioprine (as azathioprine sodium) 50 mg powder for solution for injection vial","rx_class_antimetabolite","1"
"http://www.nlm.nih.gov/research/umls/rxnorm","2627897","methotrexate (as methotrexate sodium) 50 mg/ml solution for injection","rx_class_antimetabolite","1"
"http://www.nlm.nih.gov/research/umls/rxnorm","2642665","methotrexate 25 mg/ml solution for injection","rx_class_antimetabolite","1"
"http://www.nlm.nih.gov/research/umls/rxnorm","2642666","methotrexate 50 mg/ml solution for injection","rx_class_antimetabolite","1"
"http://www.nlm.nih.gov/research/umls/rxnorm","265323","mycophenolate","rx_class_antimetabolite","1"
"http://www.nlm.nih.gov/research/umls/rxnorm","2671455","methotrexate 2 mg/ml","rx_class_antimetabolite","1"
"http://www.nlm.nih.gov/research/umls/rxnorm","2671456","methotrexate 2 mg in 1 ml oral solution","rx_class_antimetabolite","1"
"http://www.nlm.nih.gov/research/umls/rxnorm","2671457","jylamvo","rx_class_antimetabolite","1"
"http://www.nlm.nih.gov/research/umls/rxnorm","2671458","methotrexate 2 mg/ml [jylamvo]","rx_class_antimetabolite","1"
"http://www.nlm.nih.gov/research/umls/rxnorm","2671459","jylamvo oral product","rx_class_antimetabolite","1"
"http://www.nlm.nih.gov/research/umls/rxnorm","2671460","jylamvo oral liquid product","rx_class_antimetabolite","1"
"http://www.nlm.nih.gov/research/umls/rxnorm","2671461","methotrexate oral solution [jylamvo]","rx_class_antimetabolite","1"
"http://www.nlm.nih.gov/research/umls/rxnorm","2671462","jylamvo 2 mg in 1 ml oral solution","rx_class_antimetabolite","1"
"http://www.nlm.nih.gov/research/umls/rxnorm","2684846","myhibbin","rx_class_antimetabolite","1"
"http://www.nlm.nih.gov/research/umls/rxnorm","2684847","mycophenolate mofetil 200 mg/ml [myhibbin]","rx_class_antimetabolite","1"
"http://www.nlm.nih.gov/research/umls/rxnorm","2684848","myhibbin oral product","rx_class_antimetabolite","1"
"http://www.nlm.nih.gov/research/umls/rxnorm","2684849","myhibbin oral liquid product","rx_class_antimetabolite","1"
"http://www.nlm.nih.gov/research/umls/rxnorm","2684850","mycophenolate mofetil oral suspension [myhibbin]","rx_class_antimetabolite","1"
"http://www.nlm.nih.gov/research/umls/rxnorm","2684851","mycophenolate mofetil 200 mg/ml oral suspension [myhibbin]","rx_class_antimetabolite","1"
"http://www.nlm.nih.gov/research/umls/rxnorm","283510","methotrexate 15 mg oral tablet","rx_class_antimetabolite","8"
"http://www.nlm.nih.gov/research/umls/rxnorm","283511","methotrexate 5 mg oral tablet","rx_class_antimetabolite","8"
"http://www.nlm.nih.gov/research/umls/rxnorm","283671","methotrexate 7.5 mg oral tablet","rx_class_antimetabolite","8"
"http://www.nlm.nih.gov/research/umls/rxnorm","284592","trexall 5 mg oral tablet","rx_class_antimetabolite","6"
"http://www.nlm.nih.gov/research/umls/rxnorm","284593","trexall 10 mg oral tablet","rx_class_antimetabolite","6"
"http://www.nlm.nih.gov/research/umls/rxnorm","284594","trexall 7.5 mg oral tablet","rx_class_antimetabolite","6"
"http://www.nlm.nih.gov/research/umls/rxnorm","284595","trexall 15 mg oral tablet","rx_class_antimetabolite","6"
"http://www.nlm.nih.gov/research/umls/rxnorm","284900","trexall","rx_class_antimetabolite","3"
"http://www.nlm.nih.gov/research/umls/rxnorm","311624","methotrexate 15 mg/ml injectable solution","rx_class_antimetabolite","1"
"http://www.nlm.nih.gov/research/umls/rxnorm","311625","methotrexate 1 gm injection","rx_class_antimetabolite","8"
"http://www.nlm.nih.gov/research/umls/rxnorm","311626","methotrexate 12.5 mg/ml injectable solution","rx_class_antimetabolite","1"
"http://www.nlm.nih.gov/research/umls/rxnorm","311880","mycophenolate mofetil 200 mg in 1 ml oral suspension","rx_class_antimetabolite","1"
"http://www.nlm.nih.gov/research/umls/rxnorm","311881","mycophenolate mofetil 500 mg injection","rx_class_antimetabolite","2"
"http://www.nlm.nih.gov/research/umls/rxnorm","315148","methotrexate (as methotrexate sodium) 2.5 mg/ml injectable solution","rx_class_antimetabolite","3"
"http://www.nlm.nih.gov/research/umls/rxnorm","315447","azathioprine 50 mg","rx_class_antimetabolite","2"
"http://www.nlm.nih.gov/research/umls/rxnorm","316246","mercaptopurine 50 mg","rx_class_antimetabolite","3"
"http://www.nlm.nih.gov/research/umls/rxnorm","316316","mycophenolate mofetil 250 mg","rx_class_antimetabolite","1"
"http://www.nlm.nih.gov/research/umls/rxnorm","316317","mycophenolate mofetil 500 mg","rx_class_antimetabolite","1"
"http://www.nlm.nih.gov/research/umls/rxnorm","316813","thioguanine 40 mg","rx_class_antimetabolite","4"
"http://www.nlm.nih.gov/research/umls/rxnorm","328404","methotrexate 50 mg/ml","rx_class_antimetabolite","1"
"http://www.nlm.nih.gov/research/umls/rxnorm","328406","methotrexate 25 mg/ml","rx_class_antimetabolite","1"
"http://www.nlm.nih.gov/research/umls/rxnorm","328407","methotrexate 2.5 mg","rx_class_antimetabolite","3"
"http://www.nlm.nih.gov/research/umls/rxnorm","329313","azathioprine 25 mg","rx_class_antimetabolite","2"
"http://www.nlm.nih.gov/research/umls/rxnorm","330028","methotrexate 2.5 mg/ml","rx_class_antimetabolite","3"
"http://www.nlm.nih.gov/research/umls/rxnorm","331568","methotrexate 10 mg","rx_class_antimetabolite","3"
"http://www.nlm.nih.gov/research/umls/rxnorm","331569","methotrexate 15 mg","rx_class_antimetabolite","3"
"http://www.nlm.nih.gov/research/umls/rxnorm","331587","mycophenolate mofetil 200 mg/ml","rx_class_antimetabolite","1"
"http://www.nlm.nih.gov/research/umls/rxnorm","332454","methotrexate 5 mg","rx_class_antimetabolite","3"
"http://www.nlm.nih.gov/research/umls/rxnorm","332455","methotrexate 7.5 mg","rx_class_antimetabolite","3"
"http://www.nlm.nih.gov/research/umls/rxnorm","346424","emtexate","rx_class_antimetabolite","1"
"http://www.nlm.nih.gov/research/umls/rxnorm","359228","azathioprine 100 mg oral tablet","rx_class_antimetabolite","3"
"http://www.nlm.nih.gov/research/umls/rxnorm","359229","azathioprine 75 mg oral tablet","rx_class_antimetabolite","3"
"http://www.nlm.nih.gov/research/umls/rxnorm","360265","azathioprine 75 mg","rx_class_antimetabolite","2"
"http://www.nlm.nih.gov/research/umls/rxnorm","360266","azathioprine 100 mg","rx_class_antimetabolite","2"
"http://www.nlm.nih.gov/research/umls/rxnorm","360547","methotrexate 100 mg/ml","rx_class_antimetabolite","3"
"http://www.nlm.nih.gov/research/umls/rxnorm","360562","berkaprine","rx_class_antimetabolite","1"
"http://www.nlm.nih.gov/research/umls/rxnorm","362547","methotrexate injectable solution [emtexate]","rx_class_antimetabolite","1"
"http://www.nlm.nih.gov/research/umls/rxnorm","362736","methotrexate injectable solution [maxtrex]","rx_class_antimetabolite","1"
"http://www.nlm.nih.gov/research/umls/rxnorm","368138","methotrexate oral tablet [trexall]","rx_class_antimetabolite","3"
"http://www.nlm.nih.gov/research/umls/rxnorm","368214","azathioprine oral tablet [imuran]","rx_class_antimetabolite","2"
"http://www.nlm.nih.gov/research/umls/rxnorm","368521","azathioprine oral tablet [berkaprine]","rx_class_antimetabolite","2"
"http://www.nlm.nih.gov/research/umls/rxnorm","368588","methotrexate oral tablet [maxtrex]","rx_class_antimetabolite","1"
"http://www.nlm.nih.gov/research/umls/rxnorm","368664","thioguanine oral tablet [tabloid]","rx_class_antimetabolite","4"
"http://www.nlm.nih.gov/research/umls/rxnorm","368665","methotrexate oral tablet [emtexate]","rx_class_antimetabolite","1"
"http://www.nlm.nih.gov/research/umls/rxnorm","368861","mercaptopurine oral tablet [purinethol]","rx_class_antimetabolite","1"
"http://www.nlm.nih.gov/research/umls/rxnorm","369525","azathioprine oral tablet [azamune]","rx_class_antimetabolite","2"
"http://www.nlm.nih.gov/research/umls/rxnorm","369534","azathioprine oral tablet [immunoprin]","rx_class_antimetabolite","2"
"http://www.nlm.nih.gov/research/umls/rxnorm","370973","azathioprine oral tablet","rx_class_antimetabolite","2"
"http://www.nlm.nih.gov/research/umls/rxnorm","372782","mercaptopurine oral tablet","rx_class_antimetabolite","3"
"http://www.nlm.nih.gov/research/umls/rxnorm","372835","methotrexate injectable solution","rx_class_antimetabolite","3"
"http://www.nlm.nih.gov/research/umls/rxnorm","372836","methotrexate oral tablet","rx_class_antimetabolite","3"
"http://www.nlm.nih.gov/research/umls/rxnorm","374104","thioguanine oral tablet","rx_class_antimetabolite","4"
"http://www.nlm.nih.gov/research/umls/rxnorm","374667","mycophenolate mofetil oral tablet","rx_class_antimetabolite","1"
"http://www.nlm.nih.gov/research/umls/rxnorm","374670","mycophenolate mofetil oral suspension","rx_class_antimetabolite","1"
"http://www.nlm.nih.gov/research/umls/rxnorm","379060","mycophenolate mofetil oral capsule","rx_class_antimetabolite","1"
"http://www.nlm.nih.gov/research/umls/rxnorm","385562","azathioprine 10 mg","rx_class_antimetabolite","2"
"http://www.nlm.nih.gov/research/umls/rxnorm","403109","azathioprine oral tablet [oprisine]","rx_class_antimetabolite","2"
"http://www.nlm.nih.gov/research/umls/rxnorm","404351","azathioprine 50 mg oral tablet [azasan]","rx_class_antimetabolite","2"
"http://www.nlm.nih.gov/research/umls/rxnorm","404475","azasan 75 mg oral tablet","rx_class_antimetabolite","2"
"http://www.nlm.nih.gov/research/umls/rxnorm","404476","azasan 100 mg oral tablet","rx_class_antimetabolite","2"
"http://www.nlm.nih.gov/research/umls/rxnorm","404872","azasan","rx_class_antimetabolite","1"
"http://www.nlm.nih.gov/research/umls/rxnorm","405819","azathioprine oral tablet [azasan]","rx_class_antimetabolite","2"
"http://www.nlm.nih.gov/research/umls/rxnorm","408142","mycophenolate sodium","rx_class_antimetabolite","1"
"http://www.nlm.nih.gov/research/umls/rxnorm","410148","azathioprine 250 mg oral capsule","rx_class_antimetabolite","2"
"http://www.nlm.nih.gov/research/umls/rxnorm","415045","methotrexate 5 mg/ml injectable solution","rx_class_antimetabolite","1"
"http://www.nlm.nih.gov/research/umls/rxnorm","415046","methotrexate 7.5 mg/ml injectable solution","rx_class_antimetabolite","1"
"http://www.nlm.nih.gov/research/umls/rxnorm","415063","methotrexate 7.46 mg/ml injectable solution","rx_class_antimetabolite","1"
"http://www.nlm.nih.gov/research/umls/rxnorm","434685","azathioprine oral capsule","rx_class_antimetabolite","2"
"http://www.nlm.nih.gov/research/umls/rxnorm","485018","mycophenolic acid 180 mg","rx_class_antimetabolite","1"
"http://www.nlm.nih.gov/research/umls/rxnorm","485019","mycophenolic acid delayed release oral tablet","rx_class_antimetabolite","1"
"http://www.nlm.nih.gov/research/umls/rxnorm","485020","mycophenolic acid 180 mg delayed release oral tablet","rx_class_antimetabolite","2"
"http://www.nlm.nih.gov/research/umls/rxnorm","485022","mycophenolic acid 360 mg","rx_class_antimetabolite","1"
"http://www.nlm.nih.gov/research/umls/rxnorm","485023","mycophenolic acid 360 mg delayed release oral tablet","rx_class_antimetabolite","2"
"http://www.nlm.nih.gov/research/umls/rxnorm","491604","rheumatrex","rx_class_antimetabolite","1"
"http://www.nlm.nih.gov/research/umls/rxnorm","541577","mycophenolic acid extended release oral tablet","rx_class_antimetabolite","1"
"http://www.nlm.nih.gov/research/umls/rxnorm","541578","mycophenolic acid 180 mg extended release oral tablet","rx_class_antimetabolite","1"
"http://www.nlm.nih.gov/research/umls/rxnorm","541580","mycophenolic acid 180 mg [myfortic]","rx_class_antimetabolite","1"
"http://www.nlm.nih.gov/research/umls/rxnorm","541583","mycophenolic acid 360 mg extended release oral tablet","rx_class_antimetabolite","1"
"http://www.nlm.nih.gov/research/umls/rxnorm","541585","mycophenolic acid 360 mg [myfortic]","rx_class_antimetabolite","1"
"http://www.nlm.nih.gov/research/umls/rxnorm","563189","methotrexate 10 mg [emtexate]","rx_class_antimetabolite","1"
"http://www.nlm.nih.gov/research/umls/rxnorm","563190","methotrexate 2.5 mg/ml [emtexate]","rx_class_antimetabolite","1"
"http://www.nlm.nih.gov/research/umls/rxnorm","563192","methotrexate 100 mg/ml [emtexate]","rx_class_antimetabolite","1"
"http://www.nlm.nih.gov/research/umls/rxnorm","563194","methotrexate 2.5 mg/ml [maxtrex]","rx_class_antimetabolite","1"
"http://www.nlm.nih.gov/research/umls/rxnorm","564104","methotrexate 2.5 mg [maxtrex]","rx_class_antimetabolite","1"
"http://www.nlm.nih.gov/research/umls/rxnorm","564105","methotrexate 10 mg [maxtrex]","rx_class_antimetabolite","1"
"http://www.nlm.nih.gov/research/umls/rxnorm","564106","thioguanine 40 mg [tabloid]","rx_class_antimetabolite","4"
"http://www.nlm.nih.gov/research/umls/rxnorm","564118","azathioprine 50 mg [azamune]","rx_class_antimetabolite","2"
"http://www.nlm.nih.gov/research/umls/rxnorm","564119","azathioprine 25 mg [imuran]","rx_class_antimetabolite","2"
"http://www.nlm.nih.gov/research/umls/rxnorm","564120","azathioprine 50 mg [imuran]","rx_class_antimetabolite","2"
"http://www.nlm.nih.gov/research/umls/rxnorm","564121","azathioprine 50 mg [immunoprin]","rx_class_antimetabolite","2"
"http://www.nlm.nih.gov/research/umls/rxnorm","564122","azathioprine 50 mg [berkaprine]","rx_class_antimetabolite","2"
"http://www.nlm.nih.gov/research/umls/rxnorm","564655","azathioprine 50 mg [oprisine]","rx_class_antimetabolite","2"
"http://www.nlm.nih.gov/research/umls/rxnorm","565180","azathioprine 10 mg [imuran]","rx_class_antimetabolite","2"
"http://www.nlm.nih.gov/research/umls/rxnorm","567599","mercaptopurine 50 mg [purinethol]","rx_class_antimetabolite","1"
"http://www.nlm.nih.gov/research/umls/rxnorm","575019","methotrexate 5 mg [trexall]","rx_class_antimetabolite","3"
"http://www.nlm.nih.gov/research/umls/rxnorm","575020","methotrexate 10 mg [trexall]","rx_class_antimetabolite","3"
"http://www.nlm.nih.gov/research/umls/rxnorm","575021","methotrexate 7.5 mg [trexall]","rx_class_antimetabolite","3"
"http://www.nlm.nih.gov/research/umls/rxnorm","575022","methotrexate 15 mg [trexall]","rx_class_antimetabolite","3"
"http://www.nlm.nih.gov/research/umls/rxnorm","576332","azathioprine 50 mg [azasan]","rx_class_antimetabolite","2"
"http://www.nlm.nih.gov/research/umls/rxnorm","576426","azathioprine 75 mg [azasan]","rx_class_antimetabolite","2"
"http://www.nlm.nih.gov/research/umls/rxnorm","576427","azathioprine 100 mg [azasan]","rx_class_antimetabolite","2"
"http://www.nlm.nih.gov/research/umls/rxnorm","579570","myfortic","rx_class_antimetabolite","1"
"http://www.nlm.nih.gov/research/umls/rxnorm","579780","methotrexate 2.5 mg [rheumatrex]","rx_class_antimetabolite","1"
"http://www.nlm.nih.gov/research/umls/rxnorm","579781","methotrexate oral tablet [rheumatrex]","rx_class_antimetabolite","1"
"http://www.nlm.nih.gov/research/umls/rxnorm","579782","rheumatrex 2.5 mg oral tablet","rx_class_antimetabolite","2"
"http://www.nlm.nih.gov/research/umls/rxnorm","616433","mycophenolate mofetil 500 mg [cellcept]","rx_class_antimetabolite","1"
"http://www.nlm.nih.gov/research/umls/rxnorm","616434","mycophenolate mofetil oral tablet [cellcept]","rx_class_antimetabolite","1"
"http://www.nlm.nih.gov/research/umls/rxnorm","616435","cellcept 500 mg oral tablet","rx_class_antimetabolite","2"
"http://www.nlm.nih.gov/research/umls/rxnorm","616437","mycophenolic acid oral tablet","rx_class_antimetabolite","1"
"http://www.nlm.nih.gov/research/umls/rxnorm","616438","mycophenolic acid 500 mg oral tablet","rx_class_antimetabolite","1"
"http://www.nlm.nih.gov/research/umls/rxnorm","616442","mycophenolate mofetil 200 mg/ml [cellcept]","rx_class_antimetabolite","1"
"http://www.nlm.nih.gov/research/umls/rxnorm","616443","mycophenolate mofetil oral suspension [cellcept]","rx_class_antimetabolite","1"
"http://www.nlm.nih.gov/research/umls/rxnorm","616444","cellcept 200 mg in 1 ml oral suspension","rx_class_antimetabolite","1"
"http://www.nlm.nih.gov/research/umls/rxnorm","616445","mycophenolate mofetil 250 mg [cellcept]","rx_class_antimetabolite","1"
"http://www.nlm.nih.gov/research/umls/rxnorm","616446","mycophenolate mofetil oral capsule [cellcept]","rx_class_antimetabolite","1"
"http://www.nlm.nih.gov/research/umls/rxnorm","616447","cellcept 250 mg oral capsule","rx_class_antimetabolite","2"
"http://www.nlm.nih.gov/research/umls/rxnorm","616448","mycophenolic acid delayed release oral tablet [myfortic]","rx_class_antimetabolite","1"
"http://www.nlm.nih.gov/research/umls/rxnorm","616449","myfortic 360 mg delayed release oral tablet","rx_class_antimetabolite","2"
"http://www.nlm.nih.gov/research/umls/rxnorm","616450","myfortic 180 mg delayed release oral tablet","rx_class_antimetabolite","2"
"http://www.nlm.nih.gov/research/umls/rxnorm","654611","mycophenolic acid extended release oral capsule","rx_class_antimetabolite","1"
"http://www.nlm.nih.gov/research/umls/rxnorm","654612","mycophenolic acid 180 mg extended release oral capsule","rx_class_antimetabolite","2"
"http://www.nlm.nih.gov/research/umls/rxnorm","654613","mycophenolic acid 360 mg extended release oral capsule","rx_class_antimetabolite","2"
"http://www.nlm.nih.gov/research/umls/rxnorm","68149","mycophenolate mofetil","rx_class_antimetabolite","1"
"http://www.nlm.nih.gov/research/umls/rxnorm","6851","methotrexate","rx_class_antimetabolite","3"
"http://www.nlm.nih.gov/research/umls/rxnorm","701337","azathioprine 25 mg [azasan]","rx_class_antimetabolite","2"
"http://www.nlm.nih.gov/research/umls/rxnorm","701338","azathioprine 25 mg oral tablet [azasan]","rx_class_antimetabolite","2"
"http://www.nlm.nih.gov/research/umls/rxnorm","7145","mycophenolic acid","rx_class_antimetabolite","1"
"http://www.nlm.nih.gov/research/umls/rxnorm","1147220","vemurafenib","rx_class_braf","2"
"http://www.nlm.nih.gov/research/umls/rxnorm","1147222","vemurafenib oral tablet","rx_class_braf","2"
"http://www.nlm.nih.gov/research/umls/rxnorm","1147223","vemurafenib 240 mg oral tablet","rx_class_braf","4"
"http://www.nlm.nih.gov/research/umls/rxnorm","1147224","zelboraf","rx_class_braf","2"
"http://www.nlm.nih.gov/research/umls/rxnorm","1147227","vemurafenib oral tablet [zelboraf]","rx_class_braf","2"
"http://www.nlm.nih.gov/research/umls/rxnorm","1147228","zelboraf 240 mg oral tablet","rx_class_braf","4"
"http://www.nlm.nih.gov/research/umls/rxnorm","1160508","vemurafenib oral product","rx_class_braf","2"
"http://www.nlm.nih.gov/research/umls/rxnorm","1187234","zelboraf oral product","rx_class_braf","2"
"http://www.nlm.nih.gov/research/umls/rxnorm","1201516","raf-265","rx_class_braf","1"
"http://www.nlm.nih.gov/research/umls/rxnorm","1414521","agerafenib","rx_class_braf","1"
"http://www.nlm.nih.gov/research/umls/rxnorm","1424911","dabrafenib","rx_class_braf","2"
"http://www.nlm.nih.gov/research/umls/rxnorm","1424913","dabrafenib oral product","rx_class_braf","2"
"http://www.nlm.nih.gov/research/umls/rxnorm","1424915","dabrafenib oral capsule","rx_class_braf","2"
"http://www.nlm.nih.gov/research/umls/rxnorm","1424916","dabrafenib 50 mg oral capsule","rx_class_braf","4"
"http://www.nlm.nih.gov/research/umls/rxnorm","1424918","dabrafenib 75 mg oral capsule","rx_class_braf","4"
"http://www.nlm.nih.gov/research/umls/rxnorm","1425098","trametinib dimethyl sulfoxide","rx_class_braf","3"
"http://www.nlm.nih.gov/research/umls/rxnorm","1425099","trametinib","rx_class_braf","5"
"http://www.nlm.nih.gov/research/umls/rxnorm","1425101","trametinib oral product","rx_class_braf","5"
"http://www.nlm.nih.gov/research/umls/rxnorm","1425103","trametinib oral tablet","rx_class_braf","5"
"http://www.nlm.nih.gov/research/umls/rxnorm","1425104","trametinib 0.5 mg oral tablet","rx_class_braf","10"
"http://www.nlm.nih.gov/research/umls/rxnorm","1425105","mekinist","rx_class_braf","5"
"http://www.nlm.nih.gov/research/umls/rxnorm","1425107","trametinib oral tablet [mekinist]","rx_class_braf","5"
"http://www.nlm.nih.gov/research/umls/rxnorm","1425108","mekinist oral product","rx_class_braf","5"
"http://www.nlm.nih.gov/research/umls/rxnorm","1425110","mekinist 0.5 mg oral tablet","rx_class_braf","10"
"http://www.nlm.nih.gov/research/umls/rxnorm","1425112","trametinib 1 mg (as trametinib dimethyl sulfoxide 1.127 mg) oral tablet","rx_class_braf","4"
"http://www.nlm.nih.gov/research/umls/rxnorm","1425114","mekinist 1 mg (as 1.127 trametinib dimethyl sulfoxide mg) oral tablet","rx_class_braf","4"
"http://www.nlm.nih.gov/research/umls/rxnorm","1425116","trametinib 2 mg oral tablet","rx_class_braf","10"
"http://www.nlm.nih.gov/research/umls/rxnorm","1425118","mekinist 2 mg oral tablet","rx_class_braf","10"
"http://www.nlm.nih.gov/research/umls/rxnorm","1425222","dabrafenib mesylate","rx_class_braf","2"
"http://www.nlm.nih.gov/research/umls/rxnorm","1425223","tafinlar","rx_class_braf","2"
"http://www.nlm.nih.gov/research/umls/rxnorm","1425225","dabrafenib oral capsule [tafinlar]","rx_class_braf","2"
"http://www.nlm.nih.gov/research/umls/rxnorm","1425226","tafinlar oral product","rx_class_braf","2"
"http://www.nlm.nih.gov/research/umls/rxnorm","1425228","tafinlar 50 mg oral capsule","rx_class_braf","4"
"http://www.nlm.nih.gov/research/umls/rxnorm","1425230","tafinlar 75 mg oral capsule","rx_class_braf","4"
"http://www.nlm.nih.gov/research/umls/rxnorm","1545045","product containing only vemurafenib 240 mg/1 each oral capsule","rx_class_braf","1"
"http://www.nlm.nih.gov/research/umls/rxnorm","2049106","encorafenib","rx_class_braf","2"
"http://www.nlm.nih.gov/research/umls/rxnorm","2049108","encorafenib oral product","rx_class_braf","2"
"http://www.nlm.nih.gov/research/umls/rxnorm","2049110","encorafenib oral capsule","rx_class_braf","2"
"http://www.nlm.nih.gov/research/umls/rxnorm","2049111","encorafenib 50 mg oral capsule","rx_class_braf","4"
"http://www.nlm.nih.gov/research/umls/rxnorm","2049112","braftovi","rx_class_braf","2"
"http://www.nlm.nih.gov/research/umls/rxnorm","2049114","encorafenib oral capsule [braftovi]","rx_class_braf","2"
"http://www.nlm.nih.gov/research/umls/rxnorm","2049115","braftovi oral product","rx_class_braf","2"
"http://www.nlm.nih.gov/research/umls/rxnorm","2049117","braftovi 50 mg oral capsule","rx_class_braf","4"
"http://www.nlm.nih.gov/research/umls/rxnorm","2049119","encorafenib 75 mg oral capsule","rx_class_braf","4"
"http://www.nlm.nih.gov/research/umls/rxnorm","2049121","braftovi 75 mg oral capsule","rx_class_braf","4"
"http://www.nlm.nih.gov/research/umls/rxnorm","2111761","dabrafenib only product","rx_class_braf","1"
"http://www.nlm.nih.gov/research/umls/rxnorm","2111762","dabrafenib only product in oral dose form","rx_class_braf","1"
"http://www.nlm.nih.gov/research/umls/rxnorm","2112402","encorafenib only product","rx_class_braf","1"
"http://www.nlm.nih.gov/research/umls/rxnorm","2116226","product containing only vemurafenib (medicinal product)","rx_class_braf","1"
"http://www.nlm.nih.gov/research/umls/rxnorm","2116227","product containing only vemurafenib in oral dose form (medicinal product form)","rx_class_braf","1"
"http://www.nlm.nih.gov/research/umls/rxnorm","2116633","product containing only trametinib (medicinal product)","rx_class_braf","4"
"http://www.nlm.nih.gov/research/umls/rxnorm","2116634","product containing only trametinib in oral dose form (medicinal product form)","rx_class_braf","4"
"http://www.nlm.nih.gov/research/umls/rxnorm","2169493","lifirafenib","rx_class_braf","1"
"http://www.nlm.nih.gov/research/umls/rxnorm","2183410","encorafenib only product in oral dose form","rx_class_braf","1"
"http://www.nlm.nih.gov/research/umls/rxnorm","2621417","tinlorafenib","rx_class_braf","1"
"http://www.nlm.nih.gov/research/umls/rxnorm","2631709","tinlorafenib","rx_class_braf","1"
"http://www.nlm.nih.gov/research/umls/rxnorm","2632551","dabrafenib tablet for oral suspension","rx_class_braf","2"
"http://www.nlm.nih.gov/research/umls/rxnorm","2632552","dabrafenib 10 mg tablet for oral suspension","rx_class_braf","4"
"http://www.nlm.nih.gov/research/umls/rxnorm","2632555","dabrafenib tablet for oral suspension [tafinlar]","rx_class_braf","2"
"http://www.nlm.nih.gov/research/umls/rxnorm","2632556","tafinlar 10 mg tablet for oral suspension","rx_class_braf","4"
"http://www.nlm.nih.gov/research/umls/rxnorm","2632559","trametinib oral solution","rx_class_braf","5"
"http://www.nlm.nih.gov/research/umls/rxnorm","2632560","trametinib 0.05 mg (equivalent to trametinib dimethyl sulfoxide) per 1 ml oral solution","rx_class_braf","5"
"http://www.nlm.nih.gov/research/umls/rxnorm","2632563","trametinib oral solution [mekinist]","rx_class_braf","5"
"http://www.nlm.nih.gov/research/umls/rxnorm","2632564","mekinist 0.05 mg in 1 ml oral solution","rx_class_braf","5"
"http://www.nlm.nih.gov/research/umls/rxnorm","1364347","ponatinib","rx_class_fgfr","6"
"http://www.nlm.nih.gov/research/umls/rxnorm","1364348","ponatinib 15 mg","rx_class_fgfr","4"
"http://www.nlm.nih.gov/research/umls/rxnorm","1364349","ponatinib oral product","rx_class_fgfr","6"
"http://www.nlm.nih.gov/research/umls/rxnorm","1364350","ponatinib pill","rx_class_fgfr","4"
"http://www.nlm.nih.gov/research/umls/rxnorm","1364351","ponatinib oral tablet","rx_class_fgfr","6"
"http://www.nlm.nih.gov/research/umls/rxnorm","1364352","ponatinib 15 mg oral tablet","rx_class_fgfr","9"
"http://www.nlm.nih.gov/research/umls/rxnorm","1364353","iclusig","rx_class_fgfr","3"
"http://www.nlm.nih.gov/research/umls/rxnorm","1364354","ponatinib 15 mg [iclusig]","rx_class_fgfr","4"
"http://www.nlm.nih.gov/research/umls/rxnorm","1364355","ponatinib oral tablet [iclusig]","rx_class_fgfr","6"
"http://www.nlm.nih.gov/research/umls/rxnorm","1364356","iclusig oral product","rx_class_fgfr","3"
"http://www.nlm.nih.gov/research/umls/rxnorm","1364357","iclusig pill","rx_class_fgfr","2"
"http://www.nlm.nih.gov/research/umls/rxnorm","1364358","iclusig (as ponatinib hydrochloride) 15 mg oral tablet","rx_class_fgfr","6"
"http://www.nlm.nih.gov/research/umls/rxnorm","1364359","ponatinib 45 mg","rx_class_fgfr","4"
"http://www.nlm.nih.gov/research/umls/rxnorm","1364360","ponatinib 45 mg oral tablet","rx_class_fgfr","9"
"http://www.nlm.nih.gov/research/umls/rxnorm","1364361","ponatinib 45 mg [iclusig]","rx_class_fgfr","4"
"http://www.nlm.nih.gov/research/umls/rxnorm","1364362","iclusig (as ponatinib hydrochloride) 45 mg oral tablet","rx_class_fgfr","6"
"http://www.nlm.nih.gov/research/umls/rxnorm","1726636","ponatinib 30 mg","rx_class_fgfr","4"
"http://www.nlm.nih.gov/research/umls/rxnorm","1726637","ponatinib 30 mg oral tablet","rx_class_fgfr","9"
"http://www.nlm.nih.gov/research/umls/rxnorm","1726638","ponatinib 30 mg [iclusig]","rx_class_fgfr","4"
"http://www.nlm.nih.gov/research/umls/rxnorm","1726639","iclusig (as ponatinib hydrochloride) 30 mg oral tablet","rx_class_fgfr","6"
"http://www.nlm.nih.gov/research/umls/rxnorm","2114718","ponatinib only product","rx_class_fgfr","2"
"http://www.nlm.nih.gov/research/umls/rxnorm","2114719","ponatinib only product in oral dose form","rx_class_fgfr","2"
"http://www.nlm.nih.gov/research/umls/rxnorm","2123125","erdafitinib","rx_class_fgfr","2"
"http://www.nlm.nih.gov/research/umls/rxnorm","2123127","erdafitinib 3 mg","rx_class_fgfr","2"
"http://www.nlm.nih.gov/research/umls/rxnorm","2123128","erdafitinib oral product","rx_class_fgfr","2"
"http://www.nlm.nih.gov/research/umls/rxnorm","2123129","erdafitinib pill","rx_class_fgfr","2"
"http://www.nlm.nih.gov/research/umls/rxnorm","2123130","erdafitinib oral tablet","rx_class_fgfr","2"
"http://www.nlm.nih.gov/research/umls/rxnorm","2123131","erdafitinib 3 mg oral tablet","rx_class_fgfr","4"
"http://www.nlm.nih.gov/research/umls/rxnorm","2123132","balversa","rx_class_fgfr","2"
"http://www.nlm.nih.gov/research/umls/rxnorm","2123133","erdafitinib 3 mg [balversa]","rx_class_fgfr","2"
"http://www.nlm.nih.gov/research/umls/rxnorm","2123134","erdafitinib oral tablet [balversa]","rx_class_fgfr","2"
"http://www.nlm.nih.gov/research/umls/rxnorm","2123135","balversa oral product","rx_class_fgfr","2"
"http://www.nlm.nih.gov/research/umls/rxnorm","2123136","balversa pill","rx_class_fgfr","2"
"http://www.nlm.nih.gov/research/umls/rxnorm","2123137","balversa 3 mg oral tablet","rx_class_fgfr","4"
"http://www.nlm.nih.gov/research/umls/rxnorm","2123138","erdafitinib 4 mg","rx_class_fgfr","2"
"http://www.nlm.nih.gov/research/umls/rxnorm","2123139","erdafitinib 4 mg oral tablet","rx_class_fgfr","4"
"http://www.nlm.nih.gov/research/umls/rxnorm","2123140","erdafitinib 4 mg [balversa]","rx_class_fgfr","2"
"http://www.nlm.nih.gov/research/umls/rxnorm","2123141","balversa 4 mg oral tablet","rx_class_fgfr","4"
"http://www.nlm.nih.gov/research/umls/rxnorm","2123142","erdafitinib 5 mg","rx_class_fgfr","2"
"http://www.nlm.nih.gov/research/umls/rxnorm","2123143","erdafitinib 5 mg oral tablet","rx_class_fgfr","4"
"http://www.nlm.nih.gov/research/umls/rxnorm","2123144","erdafitinib 5 mg [balversa]","rx_class_fgfr","2"
"http://www.nlm.nih.gov/research/umls/rxnorm","2123145","balversa 5 mg oral tablet","rx_class_fgfr","4"
"http://www.nlm.nih.gov/research/umls/rxnorm","2183445","erdafitinib only product","rx_class_fgfr","1"
"http://www.nlm.nih.gov/research/umls/rxnorm","2183446","erdafitinib only product in oral dose form","rx_class_fgfr","1"
"http://www.nlm.nih.gov/research/umls/rxnorm","2359268","pemigatinib","rx_class_fgfr","2"
"http://www.nlm.nih.gov/research/umls/rxnorm","2359330","pemigatinib 13.5 mg","rx_class_fgfr","2"
"http://www.nlm.nih.gov/research/umls/rxnorm","2359331","pemigatinib oral product","rx_class_fgfr","2"
"http://www.nlm.nih.gov/research/umls/rxnorm","2359332","pemigatinib pill","rx_class_fgfr","2"
"http://www.nlm.nih.gov/research/umls/rxnorm","2359333","pemigatinib oral tablet","rx_class_fgfr","2"
"http://www.nlm.nih.gov/research/umls/rxnorm","2359334","pemigatinib 13.5 mg oral tablet","rx_class_fgfr","4"
"http://www.nlm.nih.gov/research/umls/rxnorm","2359335","pemazyre","rx_class_fgfr","2"
"http://www.nlm.nih.gov/research/umls/rxnorm","2359336","pemigatinib 13.5 mg [pemazyre]","rx_class_fgfr","2"
"http://www.nlm.nih.gov/research/umls/rxnorm","2359337","pemigatinib oral tablet [pemazyre]","rx_class_fgfr","2"
"http://www.nlm.nih.gov/research/umls/rxnorm","2359338","pemazyre oral product","rx_class_fgfr","2"
"http://www.nlm.nih.gov/research/umls/rxnorm","2359339","pemazyre pill","rx_class_fgfr","2"
"http://www.nlm.nih.gov/research/umls/rxnorm","2359340","pemazyre 13.5 mg oral tablet","rx_class_fgfr","4"
"http://www.nlm.nih.gov/research/umls/rxnorm","2359341","pemigatinib 4.5 mg","rx_class_fgfr","2"
"http://www.nlm.nih.gov/research/umls/rxnorm","2359342","pemigatinib 4.5 mg oral tablet","rx_class_fgfr","4"
"http://www.nlm.nih.gov/research/umls/rxnorm","2359343","pemigatinib 4.5 mg [pemazyre]","rx_class_fgfr","2"
"http://www.nlm.nih.gov/research/umls/rxnorm","2359344","pemazyre 4.5 mg oral tablet","rx_class_fgfr","4"
"http://www.nlm.nih.gov/research/umls/rxnorm","2359345","pemigatinib 9 mg","rx_class_fgfr","2"
"http://www.nlm.nih.gov/research/umls/rxnorm","2359346","pemigatinib 9 mg oral tablet","rx_class_fgfr","4"
"http://www.nlm.nih.gov/research/umls/rxnorm","2359347","pemigatinib 9 mg [pemazyre]","rx_class_fgfr","2"
"http://www.nlm.nih.gov/research/umls/rxnorm","2359348","pemazyre 9 mg oral tablet","rx_class_fgfr","4"
"http://www.nlm.nih.gov/research/umls/rxnorm","2388525","pemigatinib only product","rx_class_fgfr","1"
"http://www.nlm.nih.gov/research/umls/rxnorm","2388526","pemigatinib only product in oral dose form","rx_class_fgfr","1"
"http://www.nlm.nih.gov/research/umls/rxnorm","2473039","ponatinib 10 mg","rx_class_fgfr","4"
"http://www.nlm.nih.gov/research/umls/rxnorm","2473040","ponatinib 10 mg oral tablet","rx_class_fgfr","9"
"http://www.nlm.nih.gov/research/umls/rxnorm","2473041","ponatinib 10 mg [iclusig]","rx_class_fgfr","4"
"http://www.nlm.nih.gov/research/umls/rxnorm","2473042","iclusig 10 mg oral tablet","rx_class_fgfr","6"
"http://www.nlm.nih.gov/research/umls/rxnorm","2550729","infigratinib","rx_class_fgfr","2"
"http://www.nlm.nih.gov/research/umls/rxnorm","2551000","infigratinib 100 mg","rx_class_fgfr","2"
"http://www.nlm.nih.gov/research/umls/rxnorm","2551001","infigratinib oral product","rx_class_fgfr","2"
"http://www.nlm.nih.gov/research/umls/rxnorm","2551002","infigratinib pill","rx_class_fgfr","2"
"http://www.nlm.nih.gov/research/umls/rxnorm","2551003","infigratinib oral capsule","rx_class_fgfr","2"
"http://www.nlm.nih.gov/research/umls/rxnorm","2551004","infigratinib 100 mg oral capsule","rx_class_fgfr","4"
"http://www.nlm.nih.gov/research/umls/rxnorm","2551005","infigratinib 100 mg daily dose carton, 1 blister card, 21 capsules each","rx_class_fgfr","2"
"http://www.nlm.nih.gov/research/umls/rxnorm","2551006","truseltiq","rx_class_fgfr","2"
"http://www.nlm.nih.gov/research/umls/rxnorm","2551007","infigratinib 100 mg [truseltiq]","rx_class_fgfr","2"
"http://www.nlm.nih.gov/research/umls/rxnorm","2551008","infigratinib oral capsule [truseltiq]","rx_class_fgfr","2"
"http://www.nlm.nih.gov/research/umls/rxnorm","2551009","truseltiq oral product","rx_class_fgfr","2"
"http://www.nlm.nih.gov/research/umls/rxnorm","2551010","truseltiq pill","rx_class_fgfr","2"
"http://www.nlm.nih.gov/research/umls/rxnorm","2551011","truseltiq 100 mg oral capsule","rx_class_fgfr","4"
"http://www.nlm.nih.gov/research/umls/rxnorm","2551012","truseltiq 100 mg daily dose carton pack","rx_class_fgfr","4"
"http://www.nlm.nih.gov/research/umls/rxnorm","2551202","infigratinib 25 mg","rx_class_fgfr","2"
"http://www.nlm.nih.gov/research/umls/rxnorm","2551203","infigratinib 25 mg oral capsule","rx_class_fgfr","4"
"http://www.nlm.nih.gov/research/umls/rxnorm","2551204","infigratinib 50 mg daily dose carton, 1 blister card, 42 capsules each","rx_class_fgfr","2"
"http://www.nlm.nih.gov/research/umls/rxnorm","2551205","infigratinib 25 mg [truseltiq]","rx_class_fgfr","2"
"http://www.nlm.nih.gov/research/umls/rxnorm","2551206","infigratinib 25 mg oral capsule [truseltiq]","rx_class_fgfr","2"
"http://www.nlm.nih.gov/research/umls/rxnorm","2551207","truseltiq 50 mg daily dose carton pack","rx_class_fgfr","4"
"http://www.nlm.nih.gov/research/umls/rxnorm","2551211","infigratinib 75 mg daily dose carton, 2 blister cards, 42 & 21 capsules each","rx_class_fgfr","2"
"http://www.nlm.nih.gov/research/umls/rxnorm","2551212","truseltiq 75 mg daily dose carton pack","rx_class_fgfr","4"
"http://www.nlm.nih.gov/research/umls/rxnorm","2551216","infigratinib 100 mg (21) oral capsule / infigratinib 25 mg oral capsule (21) oral capsule, 125 mg daily dose pack","rx_class_fgfr","2"
"http://www.nlm.nih.gov/research/umls/rxnorm","2551217","truseltiq 125 mg daily dose carton pack","rx_class_fgfr","4"
"http://www.nlm.nih.gov/research/umls/rxnorm","2592146","infigratinib only product","rx_class_fgfr","1"
"http://www.nlm.nih.gov/research/umls/rxnorm","2592147","infigratinib only product in oral dose form","rx_class_fgfr","1"
"http://www.nlm.nih.gov/research/umls/rxnorm","2628190","futibatinib","rx_class_fgfr","2"
"http://www.nlm.nih.gov/research/umls/rxnorm","2628191","futibatinib 4 mg","rx_class_fgfr","2"
"http://www.nlm.nih.gov/research/umls/rxnorm","2628192","futibatinib oral product","rx_class_fgfr","2"
"http://www.nlm.nih.gov/research/umls/rxnorm","2628193","futibatinib pill","rx_class_fgfr","2"
"http://www.nlm.nih.gov/research/umls/rxnorm","2628194","futibatinib oral tablet","rx_class_fgfr","2"
"http://www.nlm.nih.gov/research/umls/rxnorm","2628195","futibatinib 4 mg oral tablet","rx_class_fgfr","4"
"http://www.nlm.nih.gov/research/umls/rxnorm","2628196","lytgobi","rx_class_fgfr","2"
"http://www.nlm.nih.gov/research/umls/rxnorm","2628197","futibatinib 4 mg [lytgobi]","rx_class_fgfr","2"
"http://www.nlm.nih.gov/research/umls/rxnorm","2628198","lytgobi oral product","rx_class_fgfr","2"
"http://www.nlm.nih.gov/research/umls/rxnorm","2628199","lytgobi pill","rx_class_fgfr","2"
"http://www.nlm.nih.gov/research/umls/rxnorm","2628200","futibatinib oral tablet [lytgobi]","rx_class_fgfr","2"
"http://www.nlm.nih.gov/research/umls/rxnorm","2628201","lytgobi 4 mg oral tablet","rx_class_fgfr","4"
"http://www.nlm.nih.gov/research/umls/rxnorm","2628202","futibatinib 4 mg oral tablet [lytgobi]_#1","rx_class_fgfr","1"
"http://www.nlm.nih.gov/research/umls/rxnorm","2628203","futibatinib 4 mg (21) oral tablet, 12 mg daily dose pack","rx_class_fgfr","4"
"http://www.nlm.nih.gov/research/umls/rxnorm","2628204","lytgobi 12 mg daily dose","rx_class_fgfr","4"
"http://www.nlm.nih.gov/research/umls/rxnorm","2628205","futibatinib 4 mg (28) oral tablet, 16 mg daily dose pack","rx_class_fgfr","4"
"http://www.nlm.nih.gov/research/umls/rxnorm","2628206","lytgobi 16 mg daily dose","rx_class_fgfr","4"
"http://www.nlm.nih.gov/research/umls/rxnorm","2628207","futibatinib 4 mg (35) oral tablet, 20 mg daily dose pack","rx_class_fgfr","4"
"http://www.nlm.nih.gov/research/umls/rxnorm","2628208","lytgobi 20 mg daily dose","rx_class_fgfr","4"
"http://www.nlm.nih.gov/research/umls/rxnorm","1940332","enasidenib","rx_class_idh","2"
"http://www.nlm.nih.gov/research/umls/rxnorm","1940334","enasidenib oral product","rx_class_idh","2"
"http://www.nlm.nih.gov/research/umls/rxnorm","1940335","enasidenib pill","rx_class_idh","2"
"http://www.nlm.nih.gov/research/umls/rxnorm","1940336","enasidenib oral tablet","rx_class_idh","2"
"http://www.nlm.nih.gov/research/umls/rxnorm","1940338","idhifa","rx_class_idh","2"
"http://www.nlm.nih.gov/research/umls/rxnorm","1940340","enasidenib oral tablet [idhifa]","rx_class_idh","2"
"http://www.nlm.nih.gov/research/umls/rxnorm","1940341","idhifa oral product","rx_class_idh","2"
"http://www.nlm.nih.gov/research/umls/rxnorm","1940342","idhifa pill","rx_class_idh","2"
"http://www.nlm.nih.gov/research/umls/rxnorm","1940369","enasidenib 100 mg","rx_class_idh","2"
"http://www.nlm.nih.gov/research/umls/rxnorm","1940370","enasidenib 100 mg oral tablet","rx_class_idh","4"
"http://www.nlm.nih.gov/research/umls/rxnorm","1940371","enasidenib 100 mg [idhifa]","rx_class_idh","2"
"http://www.nlm.nih.gov/research/umls/rxnorm","1940372","enasidenib 100 mg oral tablet [idhifa]","rx_class_idh","2"
"http://www.nlm.nih.gov/research/umls/rxnorm","1940373","enasidenib 50 mg","rx_class_idh","2"
"http://www.nlm.nih.gov/research/umls/rxnorm","1940374","enasidenib 50 mg oral tablet","rx_class_idh","4"
"http://www.nlm.nih.gov/research/umls/rxnorm","1940375","enasidenib 50 mg [idhifa]","rx_class_idh","2"
"http://www.nlm.nih.gov/research/umls/rxnorm","1940376","enasidenib 50 mg oral tablet [idhifa]","rx_class_idh","2"
"http://www.nlm.nih.gov/research/umls/rxnorm","2049873","ivosidenib","rx_class_idh","2"
"http://www.nlm.nih.gov/research/umls/rxnorm","2049874","ivosidenib 250 mg","rx_class_idh","2"
"http://www.nlm.nih.gov/research/umls/rxnorm","2049875","ivosidenib oral product","rx_class_idh","2"
"http://www.nlm.nih.gov/research/umls/rxnorm","2049876","ivosidenib pill","rx_class_idh","2"
"http://www.nlm.nih.gov/research/umls/rxnorm","2049877","ivosidenib oral tablet","rx_class_idh","2"
"http://www.nlm.nih.gov/research/umls/rxnorm","2049878","ivosidenib 250 mg oral tablet","rx_class_idh","4"
"http://www.nlm.nih.gov/research/umls/rxnorm","2049879","tibsovo","rx_class_idh","2"
"http://www.nlm.nih.gov/research/umls/rxnorm","2049880","ivosidenib 250 mg [tibsovo]","rx_class_idh","2"
"http://www.nlm.nih.gov/research/umls/rxnorm","2049881","ivosidenib oral tablet [tibsovo]","rx_class_idh","2"
"http://www.nlm.nih.gov/research/umls/rxnorm","2049882","tibsovo oral product","rx_class_idh","2"
"http://www.nlm.nih.gov/research/umls/rxnorm","2049883","tibsovo pill","rx_class_idh","2"
"http://www.nlm.nih.gov/research/umls/rxnorm","2049884","tibsovo 250 mg oral tablet","rx_class_idh","4"
"http://www.nlm.nih.gov/research/umls/rxnorm","2112202","enasidenib only product","rx_class_idh","1"
"http://www.nlm.nih.gov/research/umls/rxnorm","2112203","enasidenib only product in oral dose form","rx_class_idh","1"
"http://www.nlm.nih.gov/research/umls/rxnorm","2115112","ivosidenib only product","rx_class_idh","1"
"http://www.nlm.nih.gov/research/umls/rxnorm","2115113","ivosidenib only product in oral dose form","rx_class_idh","1"
"http://www.nlm.nih.gov/research/umls/rxnorm","1159396","basiliximab injectable product","rx_class_mab","1"
"http://www.nlm.nih.gov/research/umls/rxnorm","1161185","bevacizumab injectable product","rx_class_mab","3"
"http://www.nlm.nih.gov/research/umls/rxnorm","1164265","alemtuzumab injectable product","rx_class_mab","2"
"http://www.nlm.nih.gov/research/umls/rxnorm","117055","alemtuzumab","rx_class_mab","2"
"http://www.nlm.nih.gov/research/umls/rxnorm","1172298","campath injectable product","rx_class_mab","2"
"http://www.nlm.nih.gov/research/umls/rxnorm","1175674","avastin injectable product","rx_class_mab","3"
"http://www.nlm.nih.gov/research/umls/rxnorm","1182652","simulect injectable product","rx_class_mab","1"
"http://www.nlm.nih.gov/research/umls/rxnorm","1547545","pembrolizumab","rx_class_mab","2"
"http://www.nlm.nih.gov/research/umls/rxnorm","1547546","pembrolizumab 25 mg/ml","rx_class_mab","2"
"http://www.nlm.nih.gov/research/umls/rxnorm","1547547","pembrolizumab injectable product","rx_class_mab","2"
"http://www.nlm.nih.gov/research/umls/rxnorm","1547550","keytruda","rx_class_mab","2"
"http://www.nlm.nih.gov/research/umls/rxnorm","1547551","pembrolizumab 25 mg/ml [keytruda]","rx_class_mab","2"
"http://www.nlm.nih.gov/research/umls/rxnorm","1547553","keytruda injectable product","rx_class_mab","2"
"http://www.nlm.nih.gov/research/umls/rxnorm","1594657","alemtuzumab 10 mg/ml","rx_class_mab","1"
"http://www.nlm.nih.gov/research/umls/rxnorm","1594658","1.2 ml alemtuzumab 10 mg/ml injection","rx_class_mab","1"
"http://www.nlm.nih.gov/research/umls/rxnorm","1594659","lemtrada","rx_class_mab","1"
"http://www.nlm.nih.gov/research/umls/rxnorm","1594660","alemtuzumab 10 mg/ml [lemtrada]","rx_class_mab","1"
"http://www.nlm.nih.gov/research/umls/rxnorm","1594662","lemtrada injectable product","rx_class_mab","1"
"http://www.nlm.nih.gov/research/umls/rxnorm","1594663","1.2 ml alemtuzumab 10 mg/ml injection [lemtrada]","rx_class_mab","1"
"http://www.nlm.nih.gov/research/umls/rxnorm","1597876","nivolumab","rx_class_mab","2"
"http://www.nlm.nih.gov/research/umls/rxnorm","1597877","nivolumab 10 mg/ml","rx_class_mab","2"
"http://www.nlm.nih.gov/research/umls/rxnorm","1597878","nivolumab injectable product","rx_class_mab","2"
"http://www.nlm.nih.gov/research/umls/rxnorm","1597881","opdivo","rx_class_mab","2"
"http://www.nlm.nih.gov/research/umls/rxnorm","1597882","nivolumab 10 mg/ml [opdivo]","rx_class_mab","2"
"http://www.nlm.nih.gov/research/umls/rxnorm","1597884","opdivo injectable product","rx_class_mab","2"
"http://www.nlm.nih.gov/research/umls/rxnorm","1656628","alemtuzumab 30 mg/ml","rx_class_mab","2"
"http://www.nlm.nih.gov/research/umls/rxnorm","1656629","alemtuzumab injection","rx_class_mab","2"
"http://www.nlm.nih.gov/research/umls/rxnorm","1656631","alemtuzumab 30 mg/ml [campath]","rx_class_mab","2"
"http://www.nlm.nih.gov/research/umls/rxnorm","1656632","alemtuzumab injection [campath]","rx_class_mab","2"
"http://www.nlm.nih.gov/research/umls/rxnorm","1656634","alemtuzumab 30 mg/ml injection","rx_class_mab","1"
"http://www.nlm.nih.gov/research/umls/rxnorm","1656635","alemtuzumab 30 mg/ml injection [campath]","rx_class_mab","1"
"http://www.nlm.nih.gov/research/umls/rxnorm","1656637","alemtuzumab injection [lemtrada]","rx_class_mab","1"
"http://www.nlm.nih.gov/research/umls/rxnorm","1656639","alemtuzumab 10 mg/ml injection","rx_class_mab","1"
"http://www.nlm.nih.gov/research/umls/rxnorm","1656640","alemtuzumab 10 mg/ml injection [lemtrada]","rx_class_mab","1"
"http://www.nlm.nih.gov/research/umls/rxnorm","1656641","basiliximab 10 mg","rx_class_mab","1"
"http://www.nlm.nih.gov/research/umls/rxnorm","1656642","basiliximab injection","rx_class_mab","1"
"http://www.nlm.nih.gov/research/umls/rxnorm","1656643","basiliximab 10 mg injection","rx_class_mab","2"
"http://www.nlm.nih.gov/research/umls/rxnorm","1656644","basiliximab 10 mg [simulect]","rx_class_mab","1"
"http://www.nlm.nih.gov/research/umls/rxnorm","1656645","basiliximab injection [simulect]","rx_class_mab","1"
"http://www.nlm.nih.gov/research/umls/rxnorm","1656646","simulect 10 mg injection","rx_class_mab","2"
"http://www.nlm.nih.gov/research/umls/rxnorm","1656647","basiliximab 20 mg","rx_class_mab","1"
"http://www.nlm.nih.gov/research/umls/rxnorm","1656648","basiliximab 20 mg injection","rx_class_mab","2"
"http://www.nlm.nih.gov/research/umls/rxnorm","1656649","basiliximab 20 mg [simulect]","rx_class_mab","1"
"http://www.nlm.nih.gov/research/umls/rxnorm","1656650","simulect 20 mg injection","rx_class_mab","2"
"http://www.nlm.nih.gov/research/umls/rxnorm","1657065","bevacizumab injection","rx_class_mab","3"
"http://www.nlm.nih.gov/research/umls/rxnorm","1657066","4 ml bevacizumab 25 mg/ml injection","rx_class_mab","3"
"http://www.nlm.nih.gov/research/umls/rxnorm","1657067","bevacizumab injection [avastin]","rx_class_mab","3"
"http://www.nlm.nih.gov/research/umls/rxnorm","1657068","4 ml bevacizumab 25 mg/ml injection [avastin]","rx_class_mab","3"
"http://www.nlm.nih.gov/research/umls/rxnorm","1657069","bevacizumab 25 mg/ml injection","rx_class_mab","2"
"http://www.nlm.nih.gov/research/umls/rxnorm","1657070","avastin 25 mg/ml injection","rx_class_mab","2"
"http://www.nlm.nih.gov/research/umls/rxnorm","1657073","16 ml bevacizumab 25 mg/ml injection","rx_class_mab","3"
"http://www.nlm.nih.gov/research/umls/rxnorm","1657074","16 ml bevacizumab 25 mg/ml injection [avastin]","rx_class_mab","3"
"http://www.nlm.nih.gov/research/umls/rxnorm","1657189","nivolumab injection","rx_class_mab","2"
"http://www.nlm.nih.gov/research/umls/rxnorm","1657190","4 ml nivolumab 10 mg/ml injection","rx_class_mab","2"
"http://www.nlm.nih.gov/research/umls/rxnorm","1657191","nivolumab injection [opdivo]","rx_class_mab","2"
"http://www.nlm.nih.gov/research/umls/rxnorm","1657192","4 ml nivolumab 10 mg/ml injection [opdivo]","rx_class_mab","2"
"http://www.nlm.nih.gov/research/umls/rxnorm","1657193","nivolumab 10 mg/ml injection","rx_class_mab","2"
"http://www.nlm.nih.gov/research/umls/rxnorm","1657194","opdivo 10 mg/ml injection","rx_class_mab","2"
"http://www.nlm.nih.gov/research/umls/rxnorm","1657195","10 ml nivolumab 10 mg/ml injection","rx_class_mab","2"
"http://www.nlm.nih.gov/research/umls/rxnorm","1657196","10 ml nivolumab 10 mg/ml injection [opdivo]","rx_class_mab","2"
"http://www.nlm.nih.gov/research/umls/rxnorm","1657744","pembrolizumab 50 mg","rx_class_mab","2"
"http://www.nlm.nih.gov/research/umls/rxnorm","1657745","pembrolizumab injection","rx_class_mab","2"
"http://www.nlm.nih.gov/research/umls/rxnorm","1657746","pembrolizumab 50 mg injection","rx_class_mab","4"
"http://www.nlm.nih.gov/research/umls/rxnorm","1657747","pembrolizumab 50 mg [keytruda]","rx_class_mab","1"
"http://www.nlm.nih.gov/research/umls/rxnorm","1657748","pembrolizumab injection [keytruda]","rx_class_mab","2"
"http://www.nlm.nih.gov/research/umls/rxnorm","1657749","keytruda 50 mg injection","rx_class_mab","2"
"http://www.nlm.nih.gov/research/umls/rxnorm","1657750","4 ml pembrolizumab 25 mg/ml injection","rx_class_mab","2"
"http://www.nlm.nih.gov/research/umls/rxnorm","1657751","4 ml pembrolizumab 25 mg/ml injection [keytruda]","rx_class_mab","2"
"http://www.nlm.nih.gov/research/umls/rxnorm","1657752","pembrolizumab 25 mg/ml injection","rx_class_mab","1"
"http://www.nlm.nih.gov/research/umls/rxnorm","1657753","keytruda 25 mg/ml injection","rx_class_mab","1"
"http://www.nlm.nih.gov/research/umls/rxnorm","196102","basiliximab","rx_class_mab","1"
"http://www.nlm.nih.gov/research/umls/rxnorm","1991412","24 ml nivolumab 10 mg/ml injection","rx_class_mab","2"
"http://www.nlm.nih.gov/research/umls/rxnorm","1991413","24 ml nivolumab 10 mg/ml injection [opdivo]","rx_class_mab","2"
"http://www.nlm.nih.gov/research/umls/rxnorm","2046138","bevacizumab-awwb","rx_class_mab","3"
"http://www.nlm.nih.gov/research/umls/rxnorm","2046139","bevacizumab-awwb 25 mg/ml","rx_class_mab","3"
"http://www.nlm.nih.gov/research/umls/rxnorm","2046140","16 ml bevacizumab-awwb 25 mg/ml injection","rx_class_mab","3"
"http://www.nlm.nih.gov/research/umls/rxnorm","2046141","mvasi","rx_class_mab","3"
"http://www.nlm.nih.gov/research/umls/rxnorm","2046142","bevacizumab-awwb 25 mg/ml [mvasi]","rx_class_mab","3"
"http://www.nlm.nih.gov/research/umls/rxnorm","2046143","bevacizumab injection [mvasi]","rx_class_mab","3"
"http://www.nlm.nih.gov/research/umls/rxnorm","2046144","mvasi injectable product","rx_class_mab","3"
"http://www.nlm.nih.gov/research/umls/rxnorm","2046145","16 ml bevacizumab-awwb 25 mg/ml injection [mvasi]","rx_class_mab","3"
"http://www.nlm.nih.gov/research/umls/rxnorm","2046146","bevacizumab-awwb 25 mg/ml injection","rx_class_mab","2"
"http://www.nlm.nih.gov/research/umls/rxnorm","2046147","bevacizumab-awwb 25 mg/ml injection [mvasi]","rx_class_mab","2"
"http://www.nlm.nih.gov/research/umls/rxnorm","2046148","4 ml bevacizumab-awwb 25 mg/ml injection","rx_class_mab","3"
"http://www.nlm.nih.gov/research/umls/rxnorm","2046149","4 ml bevacizumab-awwb 25 mg/ml injection [mvasi]","rx_class_mab","3"
"http://www.nlm.nih.gov/research/umls/rxnorm","2049127","binimetinib 15 mg oral tablet","rx_class_mab","6"
"http://www.nlm.nih.gov/research/umls/rxnorm","2049133","mektovi 15 mg oral tablet","rx_class_mab","6"
"http://www.nlm.nih.gov/research/umls/rxnorm","2111180","alemtuzumab only product","rx_class_mab","1"
"http://www.nlm.nih.gov/research/umls/rxnorm","2112950","bevacizumab only product","rx_class_mab","2"
"http://www.nlm.nih.gov/research/umls/rxnorm","2112951","bevacizumab only product in parenteral dose form","rx_class_mab","2"
"http://www.nlm.nih.gov/research/umls/rxnorm","2113321","basiliximab only product","rx_class_mab","1"
"http://www.nlm.nih.gov/research/umls/rxnorm","2113322","basiliximab only product in parenteral dose form","rx_class_mab","1"
"http://www.nlm.nih.gov/research/umls/rxnorm","2114446","nivolumab only product","rx_class_mab","1"
"http://www.nlm.nih.gov/research/umls/rxnorm","2114447","nivolumab only product in parenteral dose form","rx_class_mab","1"
"http://www.nlm.nih.gov/research/umls/rxnorm","2114697","pembrolizumab only product","rx_class_mab","1"
"http://www.nlm.nih.gov/research/umls/rxnorm","2114698","pembrolizumab only product in parenteral dose form","rx_class_mab","1"
"http://www.nlm.nih.gov/research/umls/rxnorm","219912","simulect","rx_class_mab","1"
"http://www.nlm.nih.gov/research/umls/rxnorm","2268037","bevacizumab-bvzr","rx_class_mab","3"
"http://www.nlm.nih.gov/research/umls/rxnorm","2268038","bevacizumab-bvzr 25 mg/ml","rx_class_mab","3"
"http://www.nlm.nih.gov/research/umls/rxnorm","2268039","4 ml bevacizumab-bvzr 25 mg/ml injection","rx_class_mab","3"
"http://www.nlm.nih.gov/research/umls/rxnorm","2268040","zirabev","rx_class_mab","3"
"http://www.nlm.nih.gov/research/umls/rxnorm","2268041","bevacizumab-bvzr 25 mg/ml [zirabev]","rx_class_mab","3"
"http://www.nlm.nih.gov/research/umls/rxnorm","2268042","bevacizumab injection [zirabev]","rx_class_mab","3"
"http://www.nlm.nih.gov/research/umls/rxnorm","2268043","zirabev injectable product","rx_class_mab","3"
"http://www.nlm.nih.gov/research/umls/rxnorm","2268044","4 ml bevacizumab-bvzr 25 mg/ml injection [zirabev]","rx_class_mab","3"
"http://www.nlm.nih.gov/research/umls/rxnorm","2268045","bevacizumab-bvzr 25 mg/ml injection","rx_class_mab","2"
"http://www.nlm.nih.gov/research/umls/rxnorm","2268046","bevacizumab-bvzr 25 mg/ml injection [zirabev]","rx_class_mab","2"
"http://www.nlm.nih.gov/research/umls/rxnorm","2268047","16 ml bevacizumab-bvzr 25 mg/ml injection","rx_class_mab","3"
"http://www.nlm.nih.gov/research/umls/rxnorm","2268048","16 ml bevacizumab-bvzr 25 mg/ml injection [zirabev]","rx_class_mab","3"
"http://www.nlm.nih.gov/research/umls/rxnorm","2479718","gatralimab","rx_class_mab","1"
"http://www.nlm.nih.gov/research/umls/rxnorm","253337","bevacizumab","rx_class_mab","3"
"http://www.nlm.nih.gov/research/umls/rxnorm","2569080","12 ml nivolumab 10 mg/ml injection","rx_class_mab","2"
"http://www.nlm.nih.gov/research/umls/rxnorm","2569081","12 ml nivolumab 10 mg/ml injection [opdivo]","rx_class_mab","2"
"http://www.nlm.nih.gov/research/umls/rxnorm","2593569","nivolumab 10 mg/ml solution for infusion","rx_class_mab","1"
"http://www.nlm.nih.gov/research/umls/rxnorm","2596770","nivolumab-rmbw","rx_class_mab","2"
"http://www.nlm.nih.gov/research/umls/rxnorm","2596771","nivolumab-rmbw 12 mg/ml","rx_class_mab","2"
"http://www.nlm.nih.gov/research/umls/rxnorm","2596776","nivolumab / relatlimab injectable product","rx_class_mab","2"
"http://www.nlm.nih.gov/research/umls/rxnorm","2596777","nivolumab / relatlimab injection","rx_class_mab","2"
"http://www.nlm.nih.gov/research/umls/rxnorm","2596778","20 ml nivolumab-rmbw 12 mg/ml / relatlimab-rmbw 4 mg/ml injection","rx_class_mab","2"
"http://www.nlm.nih.gov/research/umls/rxnorm","2596779","nivolumab-rmbw 12 mg/ml / relatlimab-rmbw 4 mg/ml injection","rx_class_mab","2"
"http://www.nlm.nih.gov/research/umls/rxnorm","2596780","opdualag","rx_class_mab","2"
"http://www.nlm.nih.gov/research/umls/rxnorm","2596781","nivolumab-rmbw 12 mg/ml / relatlimab-rmbw 4 mg/ml [opdualag]","rx_class_mab","2"
"http://www.nlm.nih.gov/research/umls/rxnorm","2596782","opdualag injectable product","rx_class_mab","2"
"http://www.nlm.nih.gov/research/umls/rxnorm","2596783","nivolumab / relatlimab injection [opdualag]","rx_class_mab","2"
"http://www.nlm.nih.gov/research/umls/rxnorm","2596784","20 ml nivolumab-rmbw 12 mg/ml / relatlimab-rmbw 4 mg/ml injection [opdualag]","rx_class_mab","2"
"http://www.nlm.nih.gov/research/umls/rxnorm","2596785","nivolumab-rmbw 12 mg/ml / relatlimab-rmbw 4 mg/ml injection [opdualag]","rx_class_mab","1"
"http://www.nlm.nih.gov/research/umls/rxnorm","2599041","bevacizumab-maly","rx_class_mab","3"
"http://www.nlm.nih.gov/research/umls/rxnorm","2599042","bevacizumab-maly 25 mg/ml","rx_class_mab","3"
"http://www.nlm.nih.gov/research/umls/rxnorm","2599043","4 ml bevacizumab-maly 25 mg/ml injection","rx_class_mab","3"
"http://www.nlm.nih.gov/research/umls/rxnorm","2599044","bevacizumab-maly 25 mg/ml injection","rx_class_mab","2"
"http://www.nlm.nih.gov/research/umls/rxnorm","2599045","alymsys","rx_class_mab","3"
"http://www.nlm.nih.gov/research/umls/rxnorm","2599046","bevacizumab-maly 25 mg/ml [alymsys]","rx_class_mab","3"
"http://www.nlm.nih.gov/research/umls/rxnorm","2599047","alymsys injectable product","rx_class_mab","3"
"http://www.nlm.nih.gov/research/umls/rxnorm","2599048","bevacizumab injection [alymsys]","rx_class_mab","3"
"http://www.nlm.nih.gov/research/umls/rxnorm","2599049","4 ml bevacizumab-maly 25 mg/ml injection [alymsys]","rx_class_mab","3"
"http://www.nlm.nih.gov/research/umls/rxnorm","2599050","alymsys 25 mg/ml injection","rx_class_mab","2"
"http://www.nlm.nih.gov/research/umls/rxnorm","2599051","16 ml bevacizumab-maly 25 mg/ml injection","rx_class_mab","3"
"http://www.nlm.nih.gov/research/umls/rxnorm","2599052","16 ml bevacizumab-maly 25 mg/ml injection [alymsys]","rx_class_mab","3"
"http://www.nlm.nih.gov/research/umls/rxnorm","2608183","alemtuzumab only product in parenteral dose form","rx_class_mab","1"
"http://www.nlm.nih.gov/research/umls/rxnorm","2627648","bevacizumab-adcd","rx_class_mab","3"
"http://www.nlm.nih.gov/research/umls/rxnorm","2627649","bevacizumab-adcd 25 mg/ml","rx_class_mab","3"
"http://www.nlm.nih.gov/research/umls/rxnorm","2627650","4 ml bevacizumab-adcd 25 mg/ml injection","rx_class_mab","3"
"http://www.nlm.nih.gov/research/umls/rxnorm","2627651","bevacizumab-adcd 25 mg/ml injection","rx_class_mab","6"
"http://www.nlm.nih.gov/research/umls/rxnorm","2627652","vegzelma","rx_class_mab","3"
"http://www.nlm.nih.gov/research/umls/rxnorm","2627653","bevacizumab-adcd 25 mg/ml [vegzelma]","rx_class_mab","3"
"http://www.nlm.nih.gov/research/umls/rxnorm","2627654","vegzelma injectable product","rx_class_mab","3"
"http://www.nlm.nih.gov/research/umls/rxnorm","2627655","bevacizumab injection [vegzelma]","rx_class_mab","3"
"http://www.nlm.nih.gov/research/umls/rxnorm","2627656","4 ml bevacizumab-adcd 25 mg/ml injection [vegzelma]","rx_class_mab","3"
"http://www.nlm.nih.gov/research/umls/rxnorm","2627657","vegzelma 25 mg/ml injection","rx_class_mab","4"
"http://www.nlm.nih.gov/research/umls/rxnorm","2627658","16 ml bevacizumab-adcd 25 mg/ml injection","rx_class_mab","3"
"http://www.nlm.nih.gov/research/umls/rxnorm","2627659","16 ml bevacizumab-adcd 25 mg/ml injection [vegzelma]","rx_class_mab","3"
"http://www.nlm.nih.gov/research/umls/rxnorm","2646080","bevacizumab-maly injection","rx_class_mab","2"
"http://www.nlm.nih.gov/research/umls/rxnorm","2646576","bevacizumab-bvzr injection","rx_class_mab","2"
"http://www.nlm.nih.gov/research/umls/rxnorm","2647183","bevacizumab-awwb injection","rx_class_mab","2"
"http://www.nlm.nih.gov/research/umls/rxnorm","2648078","bevacizumab-adcd injection","rx_class_mab","2"
"http://www.nlm.nih.gov/research/umls/rxnorm","2648875","nivolumab-rmbw / relatlimab-rmbw injection","rx_class_mab","1"
"http://www.nlm.nih.gov/research/umls/rxnorm","2654690","nivolumab-rmbw / relatlimab-rmbw injection [opdualag]","rx_class_mab","1"
"http://www.nlm.nih.gov/research/umls/rxnorm","2656811","bevacizumab-adcd injection [vegzelma]","rx_class_mab","2"
"http://www.nlm.nih.gov/research/umls/rxnorm","2658024","bevacizumab-awwb injection [mvasi]","rx_class_mab","2"
"http://www.nlm.nih.gov/research/umls/rxnorm","2658120","bevacizumab-bvzr injection [zirabev]","rx_class_mab","2"
"http://www.nlm.nih.gov/research/umls/rxnorm","2658765","bevacizumab-maly injection [alymsys]","rx_class_mab","2"
"http://www.nlm.nih.gov/research/umls/rxnorm","2659412","nivolumab-rmbw / relatlimab-rmbw injectable product","rx_class_mab","1"
"http://www.nlm.nih.gov/research/umls/rxnorm","2660232","bevacizumab-adcd injectable product","rx_class_mab","2"
"http://www.nlm.nih.gov/research/umls/rxnorm","2660526","bevacizumab-awwb injectable product","rx_class_mab","2"
"http://www.nlm.nih.gov/research/umls/rxnorm","2660704","bevacizumab-maly injectable product","rx_class_mab","2"
"http://www.nlm.nih.gov/research/umls/rxnorm","2663568","bevacizumab-bvzr injectable product","rx_class_mab","2"
"http://www.nlm.nih.gov/research/umls/rxnorm","284679","campath","rx_class_mab","2"
"http://www.nlm.nih.gov/research/umls/rxnorm","437105","bevacizumab 25 mg/ml","rx_class_mab","3"
"http://www.nlm.nih.gov/research/umls/rxnorm","544556","bevacizumab 25 mg/ml [avastin]","rx_class_mab","3"
"http://www.nlm.nih.gov/research/umls/rxnorm","828265","1 ml alemtuzumab 30 mg/ml injection","rx_class_mab","2"
"http://www.nlm.nih.gov/research/umls/rxnorm","828267","1 ml alemtuzumab 30 mg/ml injection [campath]","rx_class_mab","2"
"http://www.nlm.nih.gov/research/umls/rxnorm","115715","pd-98059","rx_class_mapk","1"
"http://www.nlm.nih.gov/research/umls/rxnorm","1328263","losmapimod","rx_class_mapk","1"
"http://www.nlm.nih.gov/research/umls/rxnorm","1341348","dilmapimod","rx_class_mapk","1"
"http://www.nlm.nih.gov/research/umls/rxnorm","1425098","trametinib dimethyl sulfoxide","rx_class_mapk","3"
"http://www.nlm.nih.gov/research/umls/rxnorm","1425099","trametinib","rx_class_mapk","5"
"http://www.nlm.nih.gov/research/umls/rxnorm","1425101","trametinib oral product","rx_class_mapk","5"
"http://www.nlm.nih.gov/research/umls/rxnorm","1425103","trametinib oral tablet","rx_class_mapk","5"
"http://www.nlm.nih.gov/research/umls/rxnorm","1425104","trametinib 0.5 mg oral tablet","rx_class_mapk","10"
"http://www.nlm.nih.gov/research/umls/rxnorm","1425105","mekinist","rx_class_mapk","5"
"http://www.nlm.nih.gov/research/umls/rxnorm","1425107","trametinib oral tablet [mekinist]","rx_class_mapk","5"
"http://www.nlm.nih.gov/research/umls/rxnorm","1425108","mekinist oral product","rx_class_mapk","5"
"http://www.nlm.nih.gov/research/umls/rxnorm","1425110","mekinist 0.5 mg oral tablet","rx_class_mapk","10"
"http://www.nlm.nih.gov/research/umls/rxnorm","1425112","trametinib 1 mg (as trametinib dimethyl sulfoxide 1.127 mg) oral tablet","rx_class_mapk","4"
"http://www.nlm.nih.gov/research/umls/rxnorm","1425114","mekinist 1 mg (as 1.127 trametinib dimethyl sulfoxide mg) oral tablet","rx_class_mapk","4"
"http://www.nlm.nih.gov/research/umls/rxnorm","1425116","trametinib 2 mg oral tablet","rx_class_mapk","10"
"http://www.nlm.nih.gov/research/umls/rxnorm","1425118","mekinist 2 mg oral tablet","rx_class_mapk","10"
"http://www.nlm.nih.gov/research/umls/rxnorm","1559452","n-[(2s)-2,3-dihydroxypropyl]-3-(2-fluoro-4-iodoanilino)pyridine-4-carboxamide","rx_class_mapk","1"
"http://www.nlm.nih.gov/research/umls/rxnorm","1722365","cobimetinib","rx_class_mapk","3"
"http://www.nlm.nih.gov/research/umls/rxnorm","1722367","cobimetinib oral product","rx_class_mapk","3"
"http://www.nlm.nih.gov/research/umls/rxnorm","1722369","cobimetinib oral tablet","rx_class_mapk","3"
"http://www.nlm.nih.gov/research/umls/rxnorm","1722370","cobimetinib 20 mg oral tablet","rx_class_mapk","6"
"http://www.nlm.nih.gov/research/umls/rxnorm","1722371","cotellic","rx_class_mapk","3"
"http://www.nlm.nih.gov/research/umls/rxnorm","1722373","cobimetinib oral tablet [cotellic]","rx_class_mapk","3"
"http://www.nlm.nih.gov/research/umls/rxnorm","1722374","cotellic oral product","rx_class_mapk","3"
"http://www.nlm.nih.gov/research/umls/rxnorm","1722376","cotellic 20 mg oral tablet","rx_class_mapk","6"
"http://www.nlm.nih.gov/research/umls/rxnorm","1722380","cobimetinib fumarate","rx_class_mapk","3"
"http://www.nlm.nih.gov/research/umls/rxnorm","1834886","bentamapimod","rx_class_mapk","1"
"http://www.nlm.nih.gov/research/umls/rxnorm","1842577","refametinib","rx_class_mapk","1"
"http://www.nlm.nih.gov/research/umls/rxnorm","1862593","rucaparib 200 mg oral tablet","rx_class_mapk","2"
"http://www.nlm.nih.gov/research/umls/rxnorm","1862595","rubraca 200 mg oral tablet","rx_class_mapk","2"
"http://www.nlm.nih.gov/research/umls/rxnorm","1880948","doramapimod","rx_class_mapk","1"
"http://www.nlm.nih.gov/research/umls/rxnorm","1939791","ralimetinib","rx_class_mapk","1"
"http://www.nlm.nih.gov/research/umls/rxnorm","1950831","talmapimod","rx_class_mapk","1"
"http://www.nlm.nih.gov/research/umls/rxnorm","1959823","gdc-0623","rx_class_mapk","1"
"http://www.nlm.nih.gov/research/umls/rxnorm","2046138","bevacizumab-awwb","rx_class_mapk","3"
"http://www.nlm.nih.gov/research/umls/rxnorm","2049122","binimetinib","rx_class_mapk","3"
"http://www.nlm.nih.gov/research/umls/rxnorm","2049124","binimetinib oral product","rx_class_mapk","3"
"http://www.nlm.nih.gov/research/umls/rxnorm","2049126","binimetinib oral tablet","rx_class_mapk","3"
"http://www.nlm.nih.gov/research/umls/rxnorm","2049127","binimetinib 15 mg oral tablet","rx_class_mapk","6"
"http://www.nlm.nih.gov/research/umls/rxnorm","2049128","mektovi","rx_class_mapk","3"
"http://www.nlm.nih.gov/research/umls/rxnorm","2049130","binimetinib oral tablet [mektovi]","rx_class_mapk","3"
"http://www.nlm.nih.gov/research/umls/rxnorm","2049131","mektovi oral product","rx_class_mapk","3"
"http://www.nlm.nih.gov/research/umls/rxnorm","2049133","mektovi 15 mg oral tablet","rx_class_mapk","6"
"http://www.nlm.nih.gov/research/umls/rxnorm","2112827","cobimetinib only product","rx_class_mapk","2"
"http://www.nlm.nih.gov/research/umls/rxnorm","2112828","cobimetinib only product in oral dose form","rx_class_mapk","2"
"http://www.nlm.nih.gov/research/umls/rxnorm","2113142","binimetinib only product","rx_class_mapk","2"
"http://www.nlm.nih.gov/research/umls/rxnorm","2113143","binimetinib only product in oral dose form","rx_class_mapk","2"
"http://www.nlm.nih.gov/research/umls/rxnorm","2116633","product containing only trametinib (medicinal product)","rx_class_mapk","4"
"http://www.nlm.nih.gov/research/umls/rxnorm","2116634","product containing only trametinib in oral dose form (medicinal product form)","rx_class_mapk","4"
"http://www.nlm.nih.gov/research/umls/rxnorm","2169477","acumapimod","rx_class_mapk","1"
"http://www.nlm.nih.gov/research/umls/rxnorm","2169784","brimapitide","rx_class_mapk","1"
"http://www.nlm.nih.gov/research/umls/rxnorm","2169798","avutometinib","rx_class_mapk","1"
"http://www.nlm.nih.gov/research/umls/rxnorm","2289380","selumetinib","rx_class_mapk","2"
"http://www.nlm.nih.gov/research/umls/rxnorm","2289415","selumetinib oral product","rx_class_mapk","2"
"http://www.nlm.nih.gov/research/umls/rxnorm","2289417","selumetinib oral capsule","rx_class_mapk","2"
"http://www.nlm.nih.gov/research/umls/rxnorm","2289418","selumetinib 10 mg oral capsule","rx_class_mapk","4"
"http://www.nlm.nih.gov/research/umls/rxnorm","2289419","koselugo","rx_class_mapk","2"
"http://www.nlm.nih.gov/research/umls/rxnorm","2289421","selumetinib oral capsule [koselugo]","rx_class_mapk","2"
"http://www.nlm.nih.gov/research/umls/rxnorm","2289422","koselugo oral product","rx_class_mapk","2"
"http://www.nlm.nih.gov/research/umls/rxnorm","2289424","koselugo 10 mg oral capsule","rx_class_mapk","4"
"http://www.nlm.nih.gov/research/umls/rxnorm","2289426","selumetinib 25 mg oral capsule","rx_class_mapk","4"
"http://www.nlm.nih.gov/research/umls/rxnorm","2289428","koselugo 25 mg oral capsule","rx_class_mapk","4"
"http://www.nlm.nih.gov/research/umls/rxnorm","229143","u-0126","rx_class_mapk","1"
"http://www.nlm.nih.gov/research/umls/rxnorm","229144","u-0126","rx_class_mapk","1"
"http://www.nlm.nih.gov/research/umls/rxnorm","2361596","selumetinib sulfate","rx_class_mapk","1"
"http://www.nlm.nih.gov/research/umls/rxnorm","2388416","product containing only selumetinib (medicinal product)","rx_class_mapk","2"
"http://www.nlm.nih.gov/research/umls/rxnorm","2388417","product containing only selumetinib in oral dose form (medicinal product form)","rx_class_mapk","2"
"http://www.nlm.nih.gov/research/umls/rxnorm","2613008","benzamide, n-((2r)-2,3-dihydroxypropoxy)-3,4-difluoro-2-((2-fluoro-4-iodophenyl)amino)-","rx_class_mapk","1"
"http://www.nlm.nih.gov/research/umls/rxnorm","2620170","u-0126","rx_class_mapk","1"
"http://www.nlm.nih.gov/research/umls/rxnorm","2629197","avutometinib","rx_class_mapk","1"
"http://www.nlm.nih.gov/research/umls/rxnorm","2632559","trametinib oral solution","rx_class_mapk","5"
"http://www.nlm.nih.gov/research/umls/rxnorm","2632560","trametinib 0.05 mg (equivalent to trametinib dimethyl sulfoxide) per 1 ml oral solution","rx_class_mapk","5"
"http://www.nlm.nih.gov/research/umls/rxnorm","2632563","trametinib oral solution [mekinist]","rx_class_mapk","5"
"http://www.nlm.nih.gov/research/umls/rxnorm","2632564","mekinist 0.05 mg in 1 ml oral solution","rx_class_mapk","5"
"http://www.nlm.nih.gov/research/umls/rxnorm","2636187","emprumapimod","rx_class_mapk","1"
"http://www.nlm.nih.gov/research/umls/rxnorm","2666617","2-((2-fluoro-4-iodophenyl)amino)-n-(2-hydroxyethoxy)-1-methyl-1h-pyrrolo(2,3-b)pyridine-3-carboxamide","rx_class_mapk","1"
"http://www.nlm.nih.gov/research/umls/rxnorm","2666637","benzoic acid, 2-((2-chloro-4-iodophenyl)amino)-3,4-difluoro-","rx_class_mapk","1"
"http://www.nlm.nih.gov/research/umls/rxnorm","2667004","pas-004","rx_class_mapk","1"
"http://www.nlm.nih.gov/research/umls/rxnorm","460129","semapimod","rx_class_mapk","1"
"http://www.nlm.nih.gov/research/umls/rxnorm","619738","antigen of mitogen-activated protein kinase 8","rx_class_mapk","1"
"http://www.nlm.nih.gov/research/umls/rxnorm","619982","benzamide, n-((2r)-2,3-dihydroxypropoxy)-3,4-difluoro-2-((2-fluoro-4-iodophenyl)amino)-","rx_class_mapk","1"
"http://www.nlm.nih.gov/research/umls/rxnorm","622251","antigen of mitogen-activated protein kinase 14","rx_class_mapk","1"
"http://www.nlm.nih.gov/research/umls/rxnorm","659140","cc-401","rx_class_mapk","1"
"http://www.nlm.nih.gov/research/umls/rxnorm","88348","pd-98059","rx_class_mapk","1"
"http://www.nlm.nih.gov/research/umls/rxnorm","1425099","trametinib","rx_class_mek","5"
"http://www.nlm.nih.gov/research/umls/rxnorm","1425100","trametinib 0.5 mg","rx_class_mek","3"
"http://www.nlm.nih.gov/research/umls/rxnorm","1425101","trametinib oral product","rx_class_mek","5"
"http://www.nlm.nih.gov/research/umls/rxnorm","1425102","trametinib pill","rx_class_mek","3"
"http://www.nlm.nih.gov/research/umls/rxnorm","1425103","trametinib oral tablet","rx_class_mek","5"
"http://www.nlm.nih.gov/research/umls/rxnorm","1425104","trametinib 0.5 mg oral tablet","rx_class_mek","10"
"http://www.nlm.nih.gov/research/umls/rxnorm","1425105","mekinist","rx_class_mek","5"
"http://www.nlm.nih.gov/research/umls/rxnorm","1425106","trametinib 0.5 mg [mekinist]","rx_class_mek","3"
"http://www.nlm.nih.gov/research/umls/rxnorm","1425107","trametinib oral tablet [mekinist]","rx_class_mek","5"
"http://www.nlm.nih.gov/research/umls/rxnorm","1425108","mekinist oral product","rx_class_mek","5"
"http://www.nlm.nih.gov/research/umls/rxnorm","1425109","mekinist pill","rx_class_mek","3"
"http://www.nlm.nih.gov/research/umls/rxnorm","1425110","mekinist 0.5 mg oral tablet","rx_class_mek","10"
"http://www.nlm.nih.gov/research/umls/rxnorm","1425111","trametinib 1 mg","rx_class_mek","2"
"http://www.nlm.nih.gov/research/umls/rxnorm","1425112","trametinib 1 mg (as trametinib dimethyl sulfoxide 1.127 mg) oral tablet","rx_class_mek","4"
"http://www.nlm.nih.gov/research/umls/rxnorm","1425113","trametinib 1 mg [mekinist]","rx_class_mek","2"
"http://www.nlm.nih.gov/research/umls/rxnorm","1425114","mekinist 1 mg (as 1.127 trametinib dimethyl sulfoxide mg) oral tablet","rx_class_mek","4"
"http://www.nlm.nih.gov/research/umls/rxnorm","1425115","trametinib 2 mg","rx_class_mek","3"
"http://www.nlm.nih.gov/research/umls/rxnorm","1425116","trametinib 2 mg oral tablet","rx_class_mek","10"
"http://www.nlm.nih.gov/research/umls/rxnorm","1425117","trametinib 2 mg [mekinist]","rx_class_mek","3"
"http://www.nlm.nih.gov/research/umls/rxnorm","1425118","mekinist 2 mg oral tablet","rx_class_mek","10"
"http://www.nlm.nih.gov/research/umls/rxnorm","1722365","cobimetinib","rx_class_mek","3"
"http://www.nlm.nih.gov/research/umls/rxnorm","1722366","cobimetinib 20 mg","rx_class_mek","2"
"http://www.nlm.nih.gov/research/umls/rxnorm","1722367","cobimetinib oral product","rx_class_mek","3"
"http://www.nlm.nih.gov/research/umls/rxnorm","1722368","cobimetinib pill","rx_class_mek","2"
"http://www.nlm.nih.gov/research/umls/rxnorm","1722369","cobimetinib oral tablet","rx_class_mek","3"
"http://www.nlm.nih.gov/research/umls/rxnorm","1722370","cobimetinib 20 mg oral tablet","rx_class_mek","6"
"http://www.nlm.nih.gov/research/umls/rxnorm","1722371","cotellic","rx_class_mek","3"
"http://www.nlm.nih.gov/research/umls/rxnorm","1722372","cobimetinib 20 mg [cotellic]","rx_class_mek","2"
"http://www.nlm.nih.gov/research/umls/rxnorm","1722373","cobimetinib oral tablet [cotellic]","rx_class_mek","3"
"http://www.nlm.nih.gov/research/umls/rxnorm","1722374","cotellic oral product","rx_class_mek","3"
"http://www.nlm.nih.gov/research/umls/rxnorm","1722375","cotellic pill","rx_class_mek","2"
"http://www.nlm.nih.gov/research/umls/rxnorm","1722376","cotellic 20 mg oral tablet","rx_class_mek","6"
"http://www.nlm.nih.gov/research/umls/rxnorm","1722380","cobimetinib fumarate","rx_class_mek","3"
"http://www.nlm.nih.gov/research/umls/rxnorm","1862593","rucaparib 200 mg oral tablet","rx_class_mek","2"
"http://www.nlm.nih.gov/research/umls/rxnorm","1862595","rubraca 200 mg oral tablet","rx_class_mek","2"
"http://www.nlm.nih.gov/research/umls/rxnorm","2046138","bevacizumab-awwb","rx_class_mek","3"
"http://www.nlm.nih.gov/research/umls/rxnorm","2049122","binimetinib","rx_class_mek","3"
"http://www.nlm.nih.gov/research/umls/rxnorm","2049123","binimetinib 15 mg","rx_class_mek","2"
"http://www.nlm.nih.gov/research/umls/rxnorm","2049124","binimetinib oral product","rx_class_mek","3"
"http://www.nlm.nih.gov/research/umls/rxnorm","2049125","binimetinib pill","rx_class_mek","2"
"http://www.nlm.nih.gov/research/umls/rxnorm","2049126","binimetinib oral tablet","rx_class_mek","3"
"http://www.nlm.nih.gov/research/umls/rxnorm","2049127","binimetinib 15 mg oral tablet","rx_class_mek","6"
"http://www.nlm.nih.gov/research/umls/rxnorm","2049128","mektovi","rx_class_mek","3"
"http://www.nlm.nih.gov/research/umls/rxnorm","2049129","binimetinib 15 mg [mektovi]","rx_class_mek","2"
"http://www.nlm.nih.gov/research/umls/rxnorm","2049130","binimetinib oral tablet [mektovi]","rx_class_mek","3"
"http://www.nlm.nih.gov/research/umls/rxnorm","2049131","mektovi oral product","rx_class_mek","3"
"http://www.nlm.nih.gov/research/umls/rxnorm","2049132","mektovi pill","rx_class_mek","2"
"http://www.nlm.nih.gov/research/umls/rxnorm","2049133","mektovi 15 mg oral tablet","rx_class_mek","6"
"http://www.nlm.nih.gov/research/umls/rxnorm","2112827","cobimetinib only product","rx_class_mek","2"
"http://www.nlm.nih.gov/research/umls/rxnorm","2112828","cobimetinib only product in oral dose form","rx_class_mek","2"
"http://www.nlm.nih.gov/research/umls/rxnorm","2113142","binimetinib only product","rx_class_mek","2"
"http://www.nlm.nih.gov/research/umls/rxnorm","2113143","binimetinib only product in oral dose form","rx_class_mek","2"
"http://www.nlm.nih.gov/research/umls/rxnorm","2116633","product containing only trametinib (medicinal product)","rx_class_mek","4"
"http://www.nlm.nih.gov/research/umls/rxnorm","2116634","product containing only trametinib in oral dose form (medicinal product form)","rx_class_mek","4"
"http://www.nlm.nih.gov/research/umls/rxnorm","2289380","selumetinib","rx_class_mek","2"
"http://www.nlm.nih.gov/research/umls/rxnorm","2289414","selumetinib 10 mg","rx_class_mek","1"
"http://www.nlm.nih.gov/research/umls/rxnorm","2289415","selumetinib oral product","rx_class_mek","2"
"http://www.nlm.nih.gov/research/umls/rxnorm","2289416","selumetinib pill","rx_class_mek","1"
"http://www.nlm.nih.gov/research/umls/rxnorm","2289417","selumetinib oral capsule","rx_class_mek","2"
"http://www.nlm.nih.gov/research/umls/rxnorm","2289418","selumetinib 10 mg oral capsule","rx_class_mek","4"
"http://www.nlm.nih.gov/research/umls/rxnorm","2289419","koselugo","rx_class_mek","2"
"http://www.nlm.nih.gov/research/umls/rxnorm","2289420","selumetinib 10 mg [koselugo]","rx_class_mek","1"
"http://www.nlm.nih.gov/research/umls/rxnorm","2289421","selumetinib oral capsule [koselugo]","rx_class_mek","2"
"http://www.nlm.nih.gov/research/umls/rxnorm","2289422","koselugo oral product","rx_class_mek","2"
"http://www.nlm.nih.gov/research/umls/rxnorm","2289423","koselugo pill","rx_class_mek","1"
"http://www.nlm.nih.gov/research/umls/rxnorm","2289424","koselugo 10 mg oral capsule","rx_class_mek","4"
"http://www.nlm.nih.gov/research/umls/rxnorm","2289425","selumetinib 25 mg","rx_class_mek","1"
"http://www.nlm.nih.gov/research/umls/rxnorm","2289426","selumetinib 25 mg oral capsule","rx_class_mek","4"
"http://www.nlm.nih.gov/research/umls/rxnorm","2289427","selumetinib 25 mg [koselugo]","rx_class_mek","1"
"http://www.nlm.nih.gov/research/umls/rxnorm","2289428","koselugo 25 mg oral capsule","rx_class_mek","4"
"http://www.nlm.nih.gov/research/umls/rxnorm","2388416","product containing only selumetinib (medicinal product)","rx_class_mek","2"
"http://www.nlm.nih.gov/research/umls/rxnorm","2388417","product containing only selumetinib in oral dose form (medicinal product form)","rx_class_mek","2"
"http://www.nlm.nih.gov/research/umls/rxnorm","2632557","trametinib 0.05 mg/ml","rx_class_mek","3"
"http://www.nlm.nih.gov/research/umls/rxnorm","2632558","trametinib oral liquid product","rx_class_mek","3"
"http://www.nlm.nih.gov/research/umls/rxnorm","2632559","trametinib oral solution","rx_class_mek","5"
"http://www.nlm.nih.gov/research/umls/rxnorm","2632560","trametinib 0.05 mg (equivalent to trametinib dimethyl sulfoxide) per 1 ml oral solution","rx_class_mek","5"
"http://www.nlm.nih.gov/research/umls/rxnorm","2632561","trametinib 0.05 mg/ml [mekinist]","rx_class_mek","3"
"http://www.nlm.nih.gov/research/umls/rxnorm","2632562","mekinist oral liquid product","rx_class_mek","3"
"http://www.nlm.nih.gov/research/umls/rxnorm","2632563","trametinib oral solution [mekinist]","rx_class_mek","5"
"http://www.nlm.nih.gov/research/umls/rxnorm","2632564","mekinist 0.05 mg in 1 ml oral solution","rx_class_mek","5"
"http://www.nlm.nih.gov/research/umls/rxnorm","108513","prograf 1 mg oral capsule","rx_class_mtor","2"
"http://www.nlm.nih.gov/research/umls/rxnorm","108514","prograf 5 mg oral capsule","rx_class_mtor","2"
"http://www.nlm.nih.gov/research/umls/rxnorm","108515","1 ml tacrolimus 5 mg/ml injection [prograf]","rx_class_mtor","1"
"http://www.nlm.nih.gov/research/umls/rxnorm","1111640","copaxone 20 mg/ml injectable solution","rx_class_mtor","1"
"http://www.nlm.nih.gov/research/umls/rxnorm","1111641","1 ml glatiramer acetate 20 mg/ml prefilled syringe","rx_class_mtor","1"
"http://www.nlm.nih.gov/research/umls/rxnorm","1111642","1 ml copaxone 20 mg/ml prefilled syringe","rx_class_mtor","1"
"http://www.nlm.nih.gov/research/umls/rxnorm","1119400","everolimus 7.5 mg oral tablet","rx_class_mtor","4"
"http://www.nlm.nih.gov/research/umls/rxnorm","1119402","afinitor 7.5 mg oral tablet","rx_class_mtor","4"
"http://www.nlm.nih.gov/research/umls/rxnorm","1158739","pimecrolimus topical product","rx_class_mtor","1"
"http://www.nlm.nih.gov/research/umls/rxnorm","1158758","sirolimus oral product","rx_class_mtor","2"
"http://www.nlm.nih.gov/research/umls/rxnorm","1163655","tacrolimus injectable product","rx_class_mtor","1"
"http://www.nlm.nih.gov/research/umls/rxnorm","1163786","everolimus oral product","rx_class_mtor","2"
"http://www.nlm.nih.gov/research/umls/rxnorm","1164202","tacrolimus oral product","rx_class_mtor","1"
"http://www.nlm.nih.gov/research/umls/rxnorm","1164204","tacrolimus topical product","rx_class_mtor","1"
"http://www.nlm.nih.gov/research/umls/rxnorm","1165202","glatiramer injectable product","rx_class_mtor","1"
"http://www.nlm.nih.gov/research/umls/rxnorm","1168791","copaxone injectable product","rx_class_mtor","1"
"http://www.nlm.nih.gov/research/umls/rxnorm","1172066","afinitor oral product","rx_class_mtor","2"
"http://www.nlm.nih.gov/research/umls/rxnorm","1173873","elidel topical product","rx_class_mtor","1"
"http://www.nlm.nih.gov/research/umls/rxnorm","1177702","rapamune oral product","rx_class_mtor","2"
"http://www.nlm.nih.gov/research/umls/rxnorm","1180662","prograf injectable product","rx_class_mtor","1"
"http://www.nlm.nih.gov/research/umls/rxnorm","1180663","prograf oral product","rx_class_mtor","1"
"http://www.nlm.nih.gov/research/umls/rxnorm","1182458","protopic topical product","rx_class_mtor","1"
"http://www.nlm.nih.gov/research/umls/rxnorm","1186316","zortress oral product","rx_class_mtor","2"
"http://www.nlm.nih.gov/research/umls/rxnorm","1235236","hecoria","rx_class_mtor","1"
"http://www.nlm.nih.gov/research/umls/rxnorm","1235238","tacrolimus oral capsule [hecoria]","rx_class_mtor","1"
"http://www.nlm.nih.gov/research/umls/rxnorm","1235239","hecoria oral product","rx_class_mtor","1"
"http://www.nlm.nih.gov/research/umls/rxnorm","1235241","hecoria 0.5 mg oral capsule","rx_class_mtor","2"
"http://www.nlm.nih.gov/research/umls/rxnorm","1235243","hecoria 1 mg oral capsule","rx_class_mtor","2"
"http://www.nlm.nih.gov/research/umls/rxnorm","1235245","hecoria 5 mg oral capsule","rx_class_mtor","2"
"http://www.nlm.nih.gov/research/umls/rxnorm","1267898","osi-027","rx_class_mtor","1"
"http://www.nlm.nih.gov/research/umls/rxnorm","1308428","everolimus 2 mg tablet for oral suspension","rx_class_mtor","4"
"http://www.nlm.nih.gov/research/umls/rxnorm","1308430","everolimus 3 mg tablet for oral suspension","rx_class_mtor","4"
"http://www.nlm.nih.gov/research/umls/rxnorm","1308432","everolimus 5 mg tablet for oral suspension","rx_class_mtor","4"
"http://www.nlm.nih.gov/research/umls/rxnorm","1310138","afinitor disperz 2 mg tablet for oral suspension","rx_class_mtor","4"
"http://www.nlm.nih.gov/research/umls/rxnorm","1310144","afinitor disperz 3 mg tablet for oral suspension","rx_class_mtor","4"
"http://www.nlm.nih.gov/research/umls/rxnorm","1310147","afinitor disperz 5 mg tablet for oral suspension","rx_class_mtor","4"
"http://www.nlm.nih.gov/research/umls/rxnorm","135779","copaxone","rx_class_mtor","1"
"http://www.nlm.nih.gov/research/umls/rxnorm","1359727","glatiramer acetate 20 mg/ml prefilled syringe [copaxone]","rx_class_mtor","1"
"http://www.nlm.nih.gov/research/umls/rxnorm","1360368","glatiramer acetate 20 mg/ml prefilled syringe","rx_class_mtor","1"
"http://www.nlm.nih.gov/research/umls/rxnorm","141704","everolimus","rx_class_mtor","2"
"http://www.nlm.nih.gov/research/umls/rxnorm","1431970","tacrolimus extended release oral capsule","rx_class_mtor","1"
"http://www.nlm.nih.gov/research/umls/rxnorm","1431971","24 hr tacrolimus 0.5 mg extended release oral capsule","rx_class_mtor","1"
"http://www.nlm.nih.gov/research/umls/rxnorm","1431972","astagraf","rx_class_mtor","1"
"http://www.nlm.nih.gov/research/umls/rxnorm","1431974","tacrolimus extended release oral capsule [astagraf]","rx_class_mtor","1"
"http://www.nlm.nih.gov/research/umls/rxnorm","1431975","astagraf oral product","rx_class_mtor","1"
"http://www.nlm.nih.gov/research/umls/rxnorm","1431977","24 hr astagraf 0.5 mg extended release oral capsule","rx_class_mtor","1"
"http://www.nlm.nih.gov/research/umls/rxnorm","1431978","tacrolimus 0.5 mg extended release oral capsule","rx_class_mtor","1"
"http://www.nlm.nih.gov/research/umls/rxnorm","1431979","astagraf 0.5 mg extended release oral capsule","rx_class_mtor","1"
"http://www.nlm.nih.gov/research/umls/rxnorm","1431980","24 hr tacrolimus 1 mg extended release oral capsule","rx_class_mtor","1"
"http://www.nlm.nih.gov/research/umls/rxnorm","1431982","24 hr astagraf 1 mg extended release oral capsule","rx_class_mtor","1"
"http://www.nlm.nih.gov/research/umls/rxnorm","1431983","tacrolimus 1 mg extended release oral capsule","rx_class_mtor","1"
"http://www.nlm.nih.gov/research/umls/rxnorm","1431984","astagraf 1 mg extended release oral capsule","rx_class_mtor","1"
"http://www.nlm.nih.gov/research/umls/rxnorm","1431985","24 hr tacrolimus 5 mg extended release oral capsule","rx_class_mtor","1"
"http://www.nlm.nih.gov/research/umls/rxnorm","1431987","24 hr astagraf 5 mg extended release oral capsule","rx_class_mtor","1"
"http://www.nlm.nih.gov/research/umls/rxnorm","1431988","tacrolimus 5 mg extended release oral capsule","rx_class_mtor","1"
"http://www.nlm.nih.gov/research/umls/rxnorm","1431989","astagraf 5 mg extended release oral capsule","rx_class_mtor","1"
"http://www.nlm.nih.gov/research/umls/rxnorm","1487361","1 ml glatiramer acetate 40 mg/ml prefilled syringe","rx_class_mtor","1"
"http://www.nlm.nih.gov/research/umls/rxnorm","1487363","1 ml copaxone 40 mg/ml prefilled syringe","rx_class_mtor","1"
"http://www.nlm.nih.gov/research/umls/rxnorm","1487364","glatiramer acetate 40 mg/ml prefilled syringe","rx_class_mtor","1"
"http://www.nlm.nih.gov/research/umls/rxnorm","1487365","copaxone 40 mg/ml prefilled syringe","rx_class_mtor","1"
"http://www.nlm.nih.gov/research/umls/rxnorm","1654626","glatopa","rx_class_mtor","1"
"http://www.nlm.nih.gov/research/umls/rxnorm","1654628","glatiramer prefilled syringe [glatopa]","rx_class_mtor","1"
"http://www.nlm.nih.gov/research/umls/rxnorm","1654629","glatopa injectable product","rx_class_mtor","1"
"http://www.nlm.nih.gov/research/umls/rxnorm","1654630","1 ml glatiramer acetate 20 mg/ml prefilled syringe [glatopa]","rx_class_mtor","1"
"http://www.nlm.nih.gov/research/umls/rxnorm","1654631","glatiramer acetate 20 mg/ml prefilled syringe [glatopa]","rx_class_mtor","1"
"http://www.nlm.nih.gov/research/umls/rxnorm","1664433","tacrolimus extended release oral tablet","rx_class_mtor","1"
"http://www.nlm.nih.gov/research/umls/rxnorm","1664434","24 hr tacrolimus 4 mg extended release oral tablet","rx_class_mtor","1"
"http://www.nlm.nih.gov/research/umls/rxnorm","1664435","envarsus","rx_class_mtor","1"
"http://www.nlm.nih.gov/research/umls/rxnorm","1664437","tacrolimus extended release oral tablet [envarsus]","rx_class_mtor","1"
"http://www.nlm.nih.gov/research/umls/rxnorm","1664438","envarsus oral product","rx_class_mtor","1"
"http://www.nlm.nih.gov/research/umls/rxnorm","1664440","envarsus xr 4 mg 24hr extended release oral tablet","rx_class_mtor","2"
"http://www.nlm.nih.gov/research/umls/rxnorm","1664441","tacrolimus 4 mg extended release oral tablet","rx_class_mtor","1"
"http://www.nlm.nih.gov/research/umls/rxnorm","1664442","envarsus 4 mg extended release oral tablet","rx_class_mtor","1"
"http://www.nlm.nih.gov/research/umls/rxnorm","1664456","24 hr tacrolimus 0.75 mg extended release oral tablet","rx_class_mtor","1"
"http://www.nlm.nih.gov/research/umls/rxnorm","1664458","envarsus xr 0.75 mg 24hr extended release oral tablet","rx_class_mtor","2"
"http://www.nlm.nih.gov/research/umls/rxnorm","1664459","tacrolimus 0.75 mg extended release oral tablet","rx_class_mtor","1"
"http://www.nlm.nih.gov/research/umls/rxnorm","1664460","envarsus 0.75 mg extended release oral tablet","rx_class_mtor","1"
"http://www.nlm.nih.gov/research/umls/rxnorm","1664461","24 hr tacrolimus 1 mg extended release oral tablet","rx_class_mtor","1"
"http://www.nlm.nih.gov/research/umls/rxnorm","1664463","envarsus xr 1 mg 24hr extended release oral tablet","rx_class_mtor","2"
"http://www.nlm.nih.gov/research/umls/rxnorm","1664464","tacrolimus 1 mg extended release oral tablet","rx_class_mtor","1"
"http://www.nlm.nih.gov/research/umls/rxnorm","1664465","envarsus 1 mg extended release oral tablet","rx_class_mtor","1"
"http://www.nlm.nih.gov/research/umls/rxnorm","1689068","me-344","rx_class_mtor","1"
"http://www.nlm.nih.gov/research/umls/rxnorm","1738334","tacrolimus injection","rx_class_mtor","1"
"http://www.nlm.nih.gov/research/umls/rxnorm","1738336","tacrolimus injection [prograf]","rx_class_mtor","1"
"http://www.nlm.nih.gov/research/umls/rxnorm","1738338","tacrolimus 5 mg/ml injection","rx_class_mtor","1"
"http://www.nlm.nih.gov/research/umls/rxnorm","1738339","prograf 5 mg/ml injection","rx_class_mtor","1"
"http://www.nlm.nih.gov/research/umls/rxnorm","1763983","cc-115","rx_class_mtor","1"
"http://www.nlm.nih.gov/research/umls/rxnorm","1823624","voxtalisib","rx_class_mtor","1"
"http://www.nlm.nih.gov/research/umls/rxnorm","1869513","everolimus tablet for oral suspension","rx_class_mtor","2"
"http://www.nlm.nih.gov/research/umls/rxnorm","1869516","everolimus tablet for oral suspension [afinitor]","rx_class_mtor","2"
"http://www.nlm.nih.gov/research/umls/rxnorm","1939544","apitolisib","rx_class_mtor","1"
"http://www.nlm.nih.gov/research/umls/rxnorm","1939873","vistusertib","rx_class_mtor","1"
"http://www.nlm.nih.gov/research/umls/rxnorm","1939959","gdc-0349","rx_class_mtor","1"
"http://www.nlm.nih.gov/research/umls/rxnorm","1942479","umirolimus","rx_class_mtor","1"
"http://www.nlm.nih.gov/research/umls/rxnorm","1953152","samotolisib","rx_class_mtor","1"
"http://www.nlm.nih.gov/research/umls/rxnorm","196463","prograf","rx_class_mtor","1"
"http://www.nlm.nih.gov/research/umls/rxnorm","198377","tacrolimus 1 mg oral capsule","rx_class_mtor","2"
"http://www.nlm.nih.gov/research/umls/rxnorm","198378","tacrolimus 5 mg oral capsule","rx_class_mtor","2"
"http://www.nlm.nih.gov/research/umls/rxnorm","198379","1 ml tacrolimus 5 mg/ml injection","rx_class_mtor","1"
"http://www.nlm.nih.gov/research/umls/rxnorm","2000007","1 ml glatiramer acetate 40 mg/ml prefilled syringe [glatopa]","rx_class_mtor","1"
"http://www.nlm.nih.gov/research/umls/rxnorm","2000008","glatiramer acetate 40 mg/ml prefilled syringe [glatopa]","rx_class_mtor","1"
"http://www.nlm.nih.gov/research/umls/rxnorm","2052604","tacrolimus granules for oral suspension","rx_class_mtor","1"
"http://www.nlm.nih.gov/research/umls/rxnorm","2052605","tacrolimus 0.2 mg granules for oral suspension","rx_class_mtor","2"
"http://www.nlm.nih.gov/research/umls/rxnorm","2052607","tacrolimus granules for oral suspension [prograf]","rx_class_mtor","1"
"http://www.nlm.nih.gov/research/umls/rxnorm","2052609","prograf 0.2 mg granules for oral suspension","rx_class_mtor","2"
"http://www.nlm.nih.gov/research/umls/rxnorm","2052703","tacrolimus 1 mg granules for oral suspension","rx_class_mtor","2"
"http://www.nlm.nih.gov/research/umls/rxnorm","2052704","prograf 1 mg granules for oral suspension","rx_class_mtor","2"
"http://www.nlm.nih.gov/research/umls/rxnorm","2056895","everolimus 1 mg oral tablet","rx_class_mtor","4"
"http://www.nlm.nih.gov/research/umls/rxnorm","2056897","zortress 1 mg oral tablet","rx_class_mtor","4"
"http://www.nlm.nih.gov/research/umls/rxnorm","2059638","pki-179","rx_class_mtor","1"
"http://www.nlm.nih.gov/research/umls/rxnorm","2112211","everolimus only product","rx_class_mtor","1"
"http://www.nlm.nih.gov/research/umls/rxnorm","2112212","everolimus only product in oral dose form","rx_class_mtor","1"
"http://www.nlm.nih.gov/research/umls/rxnorm","2113071","glatiramer only product","rx_class_mtor","1"
"http://www.nlm.nih.gov/research/umls/rxnorm","2113072","glatiramer only product in parenteral dose form","rx_class_mtor","1"
"http://www.nlm.nih.gov/research/umls/rxnorm","2115778","pimecrolimus only product","rx_class_mtor","1"
"http://www.nlm.nih.gov/research/umls/rxnorm","2116593","product containing only sirolimus (medicinal product)","rx_class_mtor","1"
"http://www.nlm.nih.gov/research/umls/rxnorm","2116594","product containing only sirolimus in oral dose form (medicinal product form)","rx_class_mtor","1"
"http://www.nlm.nih.gov/research/umls/rxnorm","2116603","product containing only tacrolimus (medicinal product)","rx_class_mtor","1"
"http://www.nlm.nih.gov/research/umls/rxnorm","2116604","product containing only tacrolimus in cutaneous dose form (medicinal product form)","rx_class_mtor","1"
"http://www.nlm.nih.gov/research/umls/rxnorm","2116605","product containing only tacrolimus in oral dose form (medicinal product form)","rx_class_mtor","1"
"http://www.nlm.nih.gov/research/umls/rxnorm","2116606","product containing only tacrolimus in parenteral dose form (medicinal product form)","rx_class_mtor","1"
"http://www.nlm.nih.gov/research/umls/rxnorm","2116813","product containing only zotarolimus (medicinal product)","rx_class_mtor","1"
"http://www.nlm.nih.gov/research/umls/rxnorm","2116933","product containing only temsirolimus (medicinal product)","rx_class_mtor","1"
"http://www.nlm.nih.gov/research/umls/rxnorm","214582","glatiramer","rx_class_mtor","1"
"http://www.nlm.nih.gov/research/umls/rxnorm","235991","tacrolimus","rx_class_mtor","1"
"http://www.nlm.nih.gov/research/umls/rxnorm","2395271","sapanisertib","rx_class_mtor","1"
"http://www.nlm.nih.gov/research/umls/rxnorm","242276","glatiramer acetate 20 mg/ml injectable solution","rx_class_mtor","1"
"http://www.nlm.nih.gov/research/umls/rxnorm","2567480","glatiramer acetate 40 mg/ml solution for injection","rx_class_mtor","1"
"http://www.nlm.nih.gov/research/umls/rxnorm","2567501","product containing precisely tacrolimus 5 milligram/1 milliliter conventional release solution for injection (clinical drug)","rx_class_mtor","1"
"http://www.nlm.nih.gov/research/umls/rxnorm","258355","rapamune","rx_class_mtor","2"
"http://www.nlm.nih.gov/research/umls/rxnorm","258494","exemestane","rx_class_mtor","1"
"http://www.nlm.nih.gov/research/umls/rxnorm","2586864","fyarro","rx_class_mtor","2"
"http://www.nlm.nih.gov/research/umls/rxnorm","2592273","pimecrolimus only product in cutaneous dose form","rx_class_mtor","1"
"http://www.nlm.nih.gov/research/umls/rxnorm","2593165","product containing precisely tacrolimus 3 milligram/1 each prolonged-release oral capsule (clinical drug)","rx_class_mtor","1"
"http://www.nlm.nih.gov/research/umls/rxnorm","2596865","hyftor","rx_class_mtor","1"
"http://www.nlm.nih.gov/research/umls/rxnorm","261134","prograf 0.5 mg oral capsule","rx_class_mtor","2"
"http://www.nlm.nih.gov/research/umls/rxnorm","2620079","samotolisib","rx_class_mtor","1"
"http://www.nlm.nih.gov/research/umls/rxnorm","2623982","palomid 529","rx_class_mtor","1"
"http://www.nlm.nih.gov/research/umls/rxnorm","2625314","onatasertib","rx_class_mtor","1"
"http://www.nlm.nih.gov/research/umls/rxnorm","2645010","palomid 529","rx_class_mtor","1"
"http://www.nlm.nih.gov/research/umls/rxnorm","2665161","tacrolimus 0.5 mg oral capsule, bx rating","rx_class_mtor","2"
"http://www.nlm.nih.gov/research/umls/rxnorm","2665162","tacrolimus 1 mg oral capsule, bx rating","rx_class_mtor","2"
"http://www.nlm.nih.gov/research/umls/rxnorm","2665163","tacrolimus 5 mg oral capsule, bx rating","rx_class_mtor","2"
"http://www.nlm.nih.gov/research/umls/rxnorm","2665164","tacrolimus 0.5mg cap_#1","rx_class_mtor","1"
"http://www.nlm.nih.gov/research/umls/rxnorm","2665169","tacrolimus 1mg cap_#1","rx_class_mtor","1"
"http://www.nlm.nih.gov/research/umls/rxnorm","2665174","tacrolimus 5mg cap_#1","rx_class_mtor","1"
"http://www.nlm.nih.gov/research/umls/rxnorm","2667760","osi-027","rx_class_mtor","1"
"http://www.nlm.nih.gov/research/umls/rxnorm","2685197","torpenz","rx_class_mtor","1"
"http://www.nlm.nih.gov/research/umls/rxnorm","2685199","torpenz oral product","rx_class_mtor","1"
"http://www.nlm.nih.gov/research/umls/rxnorm","2685201","everolimus oral tablet [torpenz]","rx_class_mtor","1"
"http://www.nlm.nih.gov/research/umls/rxnorm","2685202","torpenz 2.5 mg oral tablet","rx_class_mtor","2"
"http://www.nlm.nih.gov/research/umls/rxnorm","2685204","torpenz 10 mg oral tablet","rx_class_mtor","2"
"http://www.nlm.nih.gov/research/umls/rxnorm","2685206","torpenz 5 mg oral tablet","rx_class_mtor","2"
"http://www.nlm.nih.gov/research/umls/rxnorm","2685208","torpenz 7.5 mg oral tablet","rx_class_mtor","2"
"http://www.nlm.nih.gov/research/umls/rxnorm","284520","protopic 0.1 % topical ointment","rx_class_mtor","2"
"http://www.nlm.nih.gov/research/umls/rxnorm","284521","protopic 0.03 % topical ointment","rx_class_mtor","2"
"http://www.nlm.nih.gov/research/umls/rxnorm","284848","protopic","rx_class_mtor","1"
"http://www.nlm.nih.gov/research/umls/rxnorm","306865","elidel","rx_class_mtor","1"
"http://www.nlm.nih.gov/research/umls/rxnorm","313189","tacrolimus 0.03 % topical ointment","rx_class_mtor","2"
"http://www.nlm.nih.gov/research/umls/rxnorm","313190","tacrolimus 0.5 mg oral capsule","rx_class_mtor","2"
"http://www.nlm.nih.gov/research/umls/rxnorm","314230","sirolimus 1 mg in 1 ml oral solution","rx_class_mtor","2"
"http://www.nlm.nih.gov/research/umls/rxnorm","314266","tacrolimus 0.1 % topical ointment","rx_class_mtor","2"
"http://www.nlm.nih.gov/research/umls/rxnorm","321952","pimecrolimus","rx_class_mtor","1"
"http://www.nlm.nih.gov/research/umls/rxnorm","349208","sirolimus 1 mg oral tablet","rx_class_mtor","4"
"http://www.nlm.nih.gov/research/umls/rxnorm","351901","rapamune 1 mg in 1 ml oral solution","rx_class_mtor","2"
"http://www.nlm.nih.gov/research/umls/rxnorm","351989","rapamune 1 mg oral tablet","rx_class_mtor","4"
"http://www.nlm.nih.gov/research/umls/rxnorm","352085","elidel 1 % topical cream","rx_class_mtor","2"
"http://www.nlm.nih.gov/research/umls/rxnorm","35302","sirolimus","rx_class_mtor","2"
"http://www.nlm.nih.gov/research/umls/rxnorm","360110","sirolimus 2 mg oral tablet","rx_class_mtor","4"
"http://www.nlm.nih.gov/research/umls/rxnorm","362079","pimecrolimus topical cream [elidel]","rx_class_mtor","1"
"http://www.nlm.nih.gov/research/umls/rxnorm","362561","glatiramer injectable solution [copaxone]","rx_class_mtor","1"
"http://www.nlm.nih.gov/research/umls/rxnorm","364904","sirolimus oral solution [rapamune]","rx_class_mtor","2"
"http://www.nlm.nih.gov/research/umls/rxnorm","366273","tacrolimus oral capsule [prograf]","rx_class_mtor","1"
"http://www.nlm.nih.gov/research/umls/rxnorm","367339","tacrolimus topical ointment [protopic]","rx_class_mtor","1"
"http://www.nlm.nih.gov/research/umls/rxnorm","368672","sirolimus oral tablet [rapamune]","rx_class_mtor","2"
"http://www.nlm.nih.gov/research/umls/rxnorm","374015","tacrolimus oral capsule","rx_class_mtor","1"
"http://www.nlm.nih.gov/research/umls/rxnorm","375278","sirolimus oral solution","rx_class_mtor","2"
"http://www.nlm.nih.gov/research/umls/rxnorm","375829","glatiramer injectable solution","rx_class_mtor","1"
"http://www.nlm.nih.gov/research/umls/rxnorm","378277","sirolimus oral tablet","rx_class_mtor","2"
"http://www.nlm.nih.gov/research/umls/rxnorm","379082","tacrolimus topical ointment","rx_class_mtor","1"
"http://www.nlm.nih.gov/research/umls/rxnorm","404432","rapamune 2 mg oral tablet","rx_class_mtor","4"
"http://www.nlm.nih.gov/research/umls/rxnorm","42316","tacrolimus","rx_class_mtor","1"
"http://www.nlm.nih.gov/research/umls/rxnorm","427807","tacrolimus 5 mg oral tablet","rx_class_mtor","1"
"http://www.nlm.nih.gov/research/umls/rxnorm","427808","tacrolimus 1 mg oral tablet","rx_class_mtor","1"
"http://www.nlm.nih.gov/research/umls/rxnorm","451875","tacrolimus oral tablet","rx_class_mtor","1"
"http://www.nlm.nih.gov/research/umls/rxnorm","484288","tacrolimus monohydrate","rx_class_mtor","1"
"http://www.nlm.nih.gov/research/umls/rxnorm","562805","pimecrolimus topical cream","rx_class_mtor","1"
"http://www.nlm.nih.gov/research/umls/rxnorm","562806","pimecrolimus 1 % topical cream","rx_class_mtor","2"
"http://www.nlm.nih.gov/research/umls/rxnorm","640533","zotarolimus","rx_class_mtor","2"
"http://www.nlm.nih.gov/research/umls/rxnorm","657797","temsirolimus","rx_class_mtor","2"
"http://www.nlm.nih.gov/research/umls/rxnorm","722289","1.2 ml temsirolimus 25 mg/ml injection","rx_class_mtor","2"
"http://www.nlm.nih.gov/research/umls/rxnorm","723805","torisel","rx_class_mtor","2"
"http://www.nlm.nih.gov/research/umls/rxnorm","725108","1.2 ml temsirolimus 25 mg/ml injection [torisel]","rx_class_mtor","2"
"http://www.nlm.nih.gov/research/umls/rxnorm","727577","glatiramer prefilled syringe","rx_class_mtor","1"
"http://www.nlm.nih.gov/research/umls/rxnorm","727580","glatiramer prefilled syringe [copaxone]","rx_class_mtor","1"
"http://www.nlm.nih.gov/research/umls/rxnorm","814522","sf 1126","rx_class_mtor","1"
"http://www.nlm.nih.gov/research/umls/rxnorm","841296","palomid 529","rx_class_mtor","1"
"http://www.nlm.nih.gov/research/umls/rxnorm","84375","glatiramer acetate","rx_class_mtor","1"
"http://www.nlm.nih.gov/research/umls/rxnorm","845506","everolimus oral tablet","rx_class_mtor","2"
"http://www.nlm.nih.gov/research/umls/rxnorm","845507","everolimus 10 mg oral tablet","rx_class_mtor","4"
"http://www.nlm.nih.gov/research/umls/rxnorm","845509","afinitor","rx_class_mtor","2"
"http://www.nlm.nih.gov/research/umls/rxnorm","845511","everolimus oral tablet [afinitor]","rx_class_mtor","2"
"http://www.nlm.nih.gov/research/umls/rxnorm","845512","afinitor 10 mg oral tablet","rx_class_mtor","4"
"http://www.nlm.nih.gov/research/umls/rxnorm","845515","everolimus 5 mg oral tablet","rx_class_mtor","4"
"http://www.nlm.nih.gov/research/umls/rxnorm","845518","afinitor 5 mg oral tablet","rx_class_mtor","4"
"http://www.nlm.nih.gov/research/umls/rxnorm","870298","ridaforolimus","rx_class_mtor","2"
"http://www.nlm.nih.gov/research/umls/rxnorm","905158","sirolimus 0.5 mg oral tablet","rx_class_mtor","4"
"http://www.nlm.nih.gov/research/umls/rxnorm","905160","rapamune 0.5 mg oral tablet","rx_class_mtor","4"
"http://www.nlm.nih.gov/research/umls/rxnorm","977427","everolimus 0.25 mg oral tablet","rx_class_mtor","4"
"http://www.nlm.nih.gov/research/umls/rxnorm","977428","zortress","rx_class_mtor","2"
"http://www.nlm.nih.gov/research/umls/rxnorm","977430","everolimus oral tablet [zortress]","rx_class_mtor","2"
"http://www.nlm.nih.gov/research/umls/rxnorm","977431","zortress 0.25 mg oral tablet","rx_class_mtor","4"
"http://www.nlm.nih.gov/research/umls/rxnorm","977434","everolimus 0.5 mg oral tablet","rx_class_mtor","4"
"http://www.nlm.nih.gov/research/umls/rxnorm","977436","zortress 0.5 mg oral tablet","rx_class_mtor","4"
"http://www.nlm.nih.gov/research/umls/rxnorm","977438","everolimus 0.75 mg oral tablet","rx_class_mtor","4"
"http://www.nlm.nih.gov/research/umls/rxnorm","977440","zortress 0.75 mg oral tablet","rx_class_mtor","4"
"http://www.nlm.nih.gov/research/umls/rxnorm","998189","everolimus 2.5 mg oral tablet","rx_class_mtor","4"
"http://www.nlm.nih.gov/research/umls/rxnorm","998191","afinitor 2.5 mg oral tablet","rx_class_mtor","4"
"http://www.nlm.nih.gov/research/umls/rxnorm","2105628","larotrectinib","rx_class_ntrk","2"
"http://www.nlm.nih.gov/research/umls/rxnorm","2105629","larotrectinib 100 mg","rx_class_ntrk","2"
"http://www.nlm.nih.gov/research/umls/rxnorm","2105630","larotrectinib oral product","rx_class_ntrk","2"
"http://www.nlm.nih.gov/research/umls/rxnorm","2105631","larotrectinib pill","rx_class_ntrk","2"
"http://www.nlm.nih.gov/research/umls/rxnorm","2105632","larotrectinib oral capsule","rx_class_ntrk","2"
"http://www.nlm.nih.gov/research/umls/rxnorm","2105633","larotrectinib 100 mg oral capsule","rx_class_ntrk","4"
"http://www.nlm.nih.gov/research/umls/rxnorm","2105640","vitrakvi","rx_class_ntrk","2"
"http://www.nlm.nih.gov/research/umls/rxnorm","2105641","larotrectinib 100 mg [vitrakvi]","rx_class_ntrk","2"
"http://www.nlm.nih.gov/research/umls/rxnorm","2105642","larotrectinib oral capsule [vitrakvi]","rx_class_ntrk","2"
"http://www.nlm.nih.gov/research/umls/rxnorm","2105643","vitrakvi oral product","rx_class_ntrk","2"
"http://www.nlm.nih.gov/research/umls/rxnorm","2105644","vitrakvi pill","rx_class_ntrk","2"
"http://www.nlm.nih.gov/research/umls/rxnorm","2105645","vitrakvi 100 mg oral capsule","rx_class_ntrk","4"
"http://www.nlm.nih.gov/research/umls/rxnorm","2105646","larotrectinib 20 mg/ml","rx_class_ntrk","2"
"http://www.nlm.nih.gov/research/umls/rxnorm","2105647","larotrectinib oral liquid product","rx_class_ntrk","2"
"http://www.nlm.nih.gov/research/umls/rxnorm","2105648","larotrectinib oral solution","rx_class_ntrk","2"
"http://www.nlm.nih.gov/research/umls/rxnorm","2105649","larotrectinib 20 mg (as 24.6 mg larotrectinib sulfate) per 1 ml oral solution","rx_class_ntrk","2"
"http://www.nlm.nih.gov/research/umls/rxnorm","2105650","larotrectinib 20 mg/ml [vitrakvi]","rx_class_ntrk","2"
"http://www.nlm.nih.gov/research/umls/rxnorm","2105651","larotrectinib oral solution [vitrakvi]","rx_class_ntrk","2"
"http://www.nlm.nih.gov/research/umls/rxnorm","2105652","vitrakvi oral liquid product","rx_class_ntrk","2"
"http://www.nlm.nih.gov/research/umls/rxnorm","2105653","larotrectinib 20 mg/ml oral solution [vitrakvi]","rx_class_ntrk","2"
"http://www.nlm.nih.gov/research/umls/rxnorm","2105654","larotrectinib 25 mg","rx_class_ntrk","2"
"http://www.nlm.nih.gov/research/umls/rxnorm","2105655","larotrectinib 25 mg oral capsule","rx_class_ntrk","4"
"http://www.nlm.nih.gov/research/umls/rxnorm","2105656","larotrectinib 25 mg [vitrakvi]","rx_class_ntrk","2"
"http://www.nlm.nih.gov/research/umls/rxnorm","2105657","vitrakvi 25 mg oral capsule","rx_class_ntrk","4"
"http://www.nlm.nih.gov/research/umls/rxnorm","2183286","larotrectinib only product","rx_class_ntrk","1"
"http://www.nlm.nih.gov/research/umls/rxnorm","2183287","larotrectinib only product in oral dose form","rx_class_ntrk","1"
"http://www.nlm.nih.gov/research/umls/rxnorm","2197862","entrectinib","rx_class_ntrk","4"
"http://www.nlm.nih.gov/research/umls/rxnorm","2197863","entrectinib 100 mg","rx_class_ntrk","3"
"http://www.nlm.nih.gov/research/umls/rxnorm","2197864","entrectinib oral product","rx_class_ntrk","4"
"http://www.nlm.nih.gov/research/umls/rxnorm","2197865","entrectinib pill","rx_class_ntrk","3"
"http://www.nlm.nih.gov/research/umls/rxnorm","2197866","entrectinib oral capsule","rx_class_ntrk","4"
"http://www.nlm.nih.gov/research/umls/rxnorm","2197867","entrectinib 100 mg oral capsule","rx_class_ntrk","8"
"http://www.nlm.nih.gov/research/umls/rxnorm","2197868","rozlytrek","rx_class_ntrk","4"
"http://www.nlm.nih.gov/research/umls/rxnorm","2197869","entrectinib 100 mg [rozlytrek]","rx_class_ntrk","3"
"http://www.nlm.nih.gov/research/umls/rxnorm","2197870","entrectinib oral capsule [rozlytrek]","rx_class_ntrk","4"
"http://www.nlm.nih.gov/research/umls/rxnorm","2197871","rozlytrek oral product","rx_class_ntrk","4"
"http://www.nlm.nih.gov/research/umls/rxnorm","2197872","rozlytrek pill","rx_class_ntrk","3"
"http://www.nlm.nih.gov/research/umls/rxnorm","2197873","rozlytrek 100 mg oral capsule","rx_class_ntrk","8"
"http://www.nlm.nih.gov/research/umls/rxnorm","2197874","entrectinib 200 mg","rx_class_ntrk","3"
"http://www.nlm.nih.gov/research/umls/rxnorm","2197875","entrectinib 200 mg oral capsule","rx_class_ntrk","8"
"http://www.nlm.nih.gov/research/umls/rxnorm","2197876","entrectinib 200 mg [rozlytrek]","rx_class_ntrk","3"
"http://www.nlm.nih.gov/research/umls/rxnorm","2197877","rozlytrek 200 mg oral capsule","rx_class_ntrk","8"
"http://www.nlm.nih.gov/research/umls/rxnorm","2276984","entrectinib only product","rx_class_ntrk","3"
"http://www.nlm.nih.gov/research/umls/rxnorm","2276985","entrectinib only product in oral dose form","rx_class_ntrk","3"
"http://www.nlm.nih.gov/research/umls/rxnorm","2668592","entrectinib 50 mg","rx_class_ntrk","2"
"http://www.nlm.nih.gov/research/umls/rxnorm","2668593","entrectinib pellet product","rx_class_ntrk","2"
"http://www.nlm.nih.gov/research/umls/rxnorm","2668594","entrectinib oral pellet","rx_class_ntrk","3"
"http://www.nlm.nih.gov/research/umls/rxnorm","2668595","entrectinib 50 mg oral pellet","rx_class_ntrk","6"
"http://www.nlm.nih.gov/research/umls/rxnorm","2668596","entrectinib 50 mg [rozlytrek]","rx_class_ntrk","2"
"http://www.nlm.nih.gov/research/umls/rxnorm","2668597","rozlytrek pellet product","rx_class_ntrk","2"
"http://www.nlm.nih.gov/research/umls/rxnorm","2668598","entrectinib oral pellet [rozlytrek]","rx_class_ntrk","3"
"http://www.nlm.nih.gov/research/umls/rxnorm","2668599","rozlytrek 50 mg oral pellet","rx_class_ntrk","6"
"http://www.nlm.nih.gov/research/umls/rxnorm","2682434","tovorafenib","rx_class_pan_raf","1"
"http://www.nlm.nih.gov/research/umls/rxnorm","2682436","tovorafenib oral product","rx_class_pan_raf","1"
"http://www.nlm.nih.gov/research/umls/rxnorm","2682437","tovorafenib oral powder product","rx_class_pan_raf","1"
"http://www.nlm.nih.gov/research/umls/rxnorm","2682438","tovorafenib powder for oral suspension","rx_class_pan_raf","1"
"http://www.nlm.nih.gov/research/umls/rxnorm","2682439","tovorafenib 25 mg in 1 ml powder for oral suspension","rx_class_pan_raf","1"
"http://www.nlm.nih.gov/research/umls/rxnorm","2682440","ojemda","rx_class_pan_raf","1"
"http://www.nlm.nih.gov/research/umls/rxnorm","2682442","ojemda oral product","rx_class_pan_raf","1"
"http://www.nlm.nih.gov/research/umls/rxnorm","2682443","ojemda oral powder product","rx_class_pan_raf","1"
"http://www.nlm.nih.gov/research/umls/rxnorm","2682444","tovorafenib powder for oral suspension [ojemda]","rx_class_pan_raf","1"
"http://www.nlm.nih.gov/research/umls/rxnorm","2682445","ojemda 25 mg in 1 ml powder for oral suspension","rx_class_pan_raf","1"
"http://www.nlm.nih.gov/research/umls/rxnorm","2682447","tovorafenib 100 mg","rx_class_pan_raf","1"
"http://www.nlm.nih.gov/research/umls/rxnorm","2682448","tovorafenib pill","rx_class_pan_raf","1"
"http://www.nlm.nih.gov/research/umls/rxnorm","2682449","tovorafenib oral tablet","rx_class_pan_raf","1"
"http://www.nlm.nih.gov/research/umls/rxnorm","2682450","tovorafenib 100 mg oral tablet","rx_class_pan_raf","3"
"http://www.nlm.nih.gov/research/umls/rxnorm","2682451","tovorafenib 100 mg [ojemda]","rx_class_pan_raf","1"
"http://www.nlm.nih.gov/research/umls/rxnorm","2682452","ojemda pill","rx_class_pan_raf","1"
"http://www.nlm.nih.gov/research/umls/rxnorm","2682453","tovorafenib oral tablet [ojemda]","rx_class_pan_raf","1"
"http://www.nlm.nih.gov/research/umls/rxnorm","2682454","ojemda 100 mg oral tablet","rx_class_pan_raf","2"
"http://www.nlm.nih.gov/research/umls/rxnorm","2682874","tovorafenib 300 mg","rx_class_pan_raf","1"
"http://www.nlm.nih.gov/research/umls/rxnorm","2682876","tovorafenib 300 mg [ojemda]","rx_class_pan_raf","1"
"http://www.nlm.nih.gov/research/umls/rxnorm","1152129","cisplatin injectable product","rx_class_platinum","10"
"http://www.nlm.nih.gov/research/umls/rxnorm","1156104","carboplatin injectable product","rx_class_platinum","12"
"http://www.nlm.nih.gov/research/umls/rxnorm","1160121","oxaliplatin injectable product","rx_class_platinum","3"
"http://www.nlm.nih.gov/research/umls/rxnorm","1174626","eloxatin injectable product","rx_class_platinum","1"
"http://www.nlm.nih.gov/research/umls/rxnorm","1181788","platinol injectable product","rx_class_platinum","2"
"http://www.nlm.nih.gov/research/umls/rxnorm","1182364","paraplatin injectable product","rx_class_platinum","6"
"http://www.nlm.nih.gov/research/umls/rxnorm","1431671","platinum compounds","rx_class_platinum","1"
"http://www.nlm.nih.gov/research/umls/rxnorm","152200","paraplatin","rx_class_platinum","5"
"http://www.nlm.nih.gov/research/umls/rxnorm","1733681","satraplatin","rx_class_platinum","1"
"http://www.nlm.nih.gov/research/umls/rxnorm","1736775","oxaliplatin injection","rx_class_platinum","3"
"http://www.nlm.nih.gov/research/umls/rxnorm","1736776","10 ml oxaliplatin 5 mg/ml injection","rx_class_platinum","4"
"http://www.nlm.nih.gov/research/umls/rxnorm","1736777","oxaliplatin injection [eloxatin]","rx_class_platinum","1"
"http://www.nlm.nih.gov/research/umls/rxnorm","1736778","10 ml oxaliplatin 5 mg/ml injection [eloxatin]","rx_class_platinum","1"
"http://www.nlm.nih.gov/research/umls/rxnorm","1736779","oxaliplatin 5 mg/ml injection","rx_class_platinum","1"
"http://www.nlm.nih.gov/research/umls/rxnorm","1736780","eloxatin 5 mg/ml injection","rx_class_platinum","1"
"http://www.nlm.nih.gov/research/umls/rxnorm","1736781","20 ml oxaliplatin 5 mg/ml injection","rx_class_platinum","4"
"http://www.nlm.nih.gov/research/umls/rxnorm","1736782","20 ml oxaliplatin 5 mg/ml injection [eloxatin]","rx_class_platinum","1"
"http://www.nlm.nih.gov/research/umls/rxnorm","1736784","oxaliplatin 50 mg injection","rx_class_platinum","8"
"http://www.nlm.nih.gov/research/umls/rxnorm","1736786","oxaliplatin 100 mg injection","rx_class_platinum","8"
"http://www.nlm.nih.gov/research/umls/rxnorm","1736789","oxaliplatin 200mg/vil (pf) inj","rx_class_platinum","2"
"http://www.nlm.nih.gov/research/umls/rxnorm","1736853","cisplatin injection","rx_class_platinum","10"
"http://www.nlm.nih.gov/research/umls/rxnorm","1736854","cisplatin 50 mg injection","rx_class_platinum","18"
"http://www.nlm.nih.gov/research/umls/rxnorm","1736856","cisplatin injection [platinol]","rx_class_platinum","4"
"http://www.nlm.nih.gov/research/umls/rxnorm","1736857","cisplatin 50 mg injection [platinol]","rx_class_platinum","4"
"http://www.nlm.nih.gov/research/umls/rxnorm","1736870","cisplatin 0.5mg/ml inj","rx_class_platinum","2"
"http://www.nlm.nih.gov/research/umls/rxnorm","1736876","cisplatin 10mg/vil inj","rx_class_platinum","2"
"http://www.nlm.nih.gov/research/umls/rxnorm","1797528","40 ml oxaliplatin 5 mg/ml injection","rx_class_platinum","4"
"http://www.nlm.nih.gov/research/umls/rxnorm","202856","platinol","rx_class_platinum","2"
"http://www.nlm.nih.gov/research/umls/rxnorm","205821","cisplatin 1 mg/ml injectable solution [platinol]","rx_class_platinum","4"
"http://www.nlm.nih.gov/research/umls/rxnorm","2111292","cisplatin liposome only product","rx_class_platinum","2"
"http://www.nlm.nih.gov/research/umls/rxnorm","2111293","cisplatin liposome only product in parenteral dose form","rx_class_platinum","2"
"http://www.nlm.nih.gov/research/umls/rxnorm","2111294","cisplatin only product","rx_class_platinum","2"
"http://www.nlm.nih.gov/research/umls/rxnorm","2111295","cisplatin only product in parenteral dose form","rx_class_platinum","2"
"http://www.nlm.nih.gov/research/umls/rxnorm","2114006","carboplatin only product","rx_class_platinum","3"
"http://www.nlm.nih.gov/research/umls/rxnorm","2114007","carboplatin only product in parenteral dose form","rx_class_platinum","3"
"http://www.nlm.nih.gov/research/umls/rxnorm","2115407","oxaliplatin only product","rx_class_platinum","1"
"http://www.nlm.nih.gov/research/umls/rxnorm","2115408","oxaliplatin only product in parenteral dose form","rx_class_platinum","1"
"http://www.nlm.nih.gov/research/umls/rxnorm","2115772","picoplatin only product","rx_class_platinum","1"
"http://www.nlm.nih.gov/research/umls/rxnorm","2117684","cisplatin liposome","rx_class_platinum","2"
"http://www.nlm.nih.gov/research/umls/rxnorm","2169521","a micelle drug formulation composed of cisplatin and mpeg-poly(l-glu) diblock copolymer with 1,3-propanediyl linkagecisplatin is incorporated in polymeric micelles via polymer-metal complex formation with cis-geometry of pt","rx_class_platinum","1"
"http://www.nlm.nih.gov/research/umls/rxnorm","2257707","cisplatin 50mg/vil (pf) inj_#1","rx_class_platinum","1"
"http://www.nlm.nih.gov/research/umls/rxnorm","225852","leucovorin calcium","rx_class_platinum","1"
"http://www.nlm.nih.gov/research/umls/rxnorm","2622131","(1r,2r)-1,2-cyclohexane-diaminepyrophosphato-platinum(ii)","rx_class_platinum","1"
"http://www.nlm.nih.gov/research/umls/rxnorm","2623987","a micelle drug formulation composed of cisplatin and mpeg-poly(l-glu) diblock copolymer with 1,3-propanediyl linkagecisplatin is incorporated in polymeric micelles via polymer-metal complex formation with cis-geometry of pt","rx_class_platinum","1"
"http://www.nlm.nih.gov/research/umls/rxnorm","2625327","aroplatin","rx_class_platinum","1"
"http://www.nlm.nih.gov/research/umls/rxnorm","2625530","aroplatin","rx_class_platinum","1"
"http://www.nlm.nih.gov/research/umls/rxnorm","309005","carboplatin 5 mg/ml injectable solution","rx_class_platinum","6"
"http://www.nlm.nih.gov/research/umls/rxnorm","309311","cisplatin 1 mg/ml injectable solution","rx_class_platinum","18"
"http://www.nlm.nih.gov/research/umls/rxnorm","32592","oxaliplatin","rx_class_platinum","3"
"http://www.nlm.nih.gov/research/umls/rxnorm","337511","eloxatin","rx_class_platinum","1"
"http://www.nlm.nih.gov/research/umls/rxnorm","376433","cisplatin injectable solution","rx_class_platinum","10"
"http://www.nlm.nih.gov/research/umls/rxnorm","378363","carboplatin injectable solution","rx_class_platinum","12"
"http://www.nlm.nih.gov/research/umls/rxnorm","40048","carboplatin","rx_class_platinum","12"
"http://www.nlm.nih.gov/research/umls/rxnorm","44369","(glycolato-o,o')diammineplatinum(ii)","rx_class_platinum","1"
"http://www.nlm.nih.gov/research/umls/rxnorm","495639","picoplatin","rx_class_platinum","3"
"http://www.nlm.nih.gov/research/umls/rxnorm","51855","aroplatin","rx_class_platinum","1"
"http://www.nlm.nih.gov/research/umls/rxnorm","597195","carboplatin 10 mg/ml injectable solution","rx_class_platinum","21"
"http://www.nlm.nih.gov/research/umls/rxnorm","60251","lobaplatin","rx_class_platinum","1"
"http://www.nlm.nih.gov/research/umls/rxnorm","67972","polyplatillen","rx_class_platinum","1"
"http://www.nlm.nih.gov/research/umls/rxnorm","686161","carboplatin 10 mg/ml injectable solution [paraplatin]","rx_class_platinum","12"
"http://www.nlm.nih.gov/research/umls/rxnorm","93698","carboplatin injectable solution [paraplatin]","rx_class_platinum","12"
"http://www.nlm.nih.gov/research/umls/rxnorm","93789","cisplatin injectable solution [platinol]","rx_class_platinum","4"
"http://www.nlm.nih.gov/research/umls/rxnorm","1363267","cabozantinib s-malate","rx_class_ret","2"
"http://www.nlm.nih.gov/research/umls/rxnorm","1363268","cabozantinib","rx_class_ret","2"
"http://www.nlm.nih.gov/research/umls/rxnorm","1363270","cabozantinib oral product","rx_class_ret","2"
"http://www.nlm.nih.gov/research/umls/rxnorm","1363272","cabozantinib oral capsule","rx_class_ret","2"
"http://www.nlm.nih.gov/research/umls/rxnorm","1363273","cabozantinib 20 mg oral capsule","rx_class_ret","4"
"http://www.nlm.nih.gov/research/umls/rxnorm","1363274","cometriq","rx_class_ret","2"
"http://www.nlm.nih.gov/research/umls/rxnorm","1363276","cabozantinib oral capsule [cometriq]","rx_class_ret","2"
"http://www.nlm.nih.gov/research/umls/rxnorm","1363277","cometriq oral product","rx_class_ret","2"
"http://www.nlm.nih.gov/research/umls/rxnorm","1363279","cometriq 20 mg oral capsule","rx_class_ret","4"
"http://www.nlm.nih.gov/research/umls/rxnorm","1363281","cabozantinib 80 mg oral capsule","rx_class_ret","4"
"http://www.nlm.nih.gov/research/umls/rxnorm","1363284","cometriq 80 mg oral capsule","rx_class_ret","4"
"http://www.nlm.nih.gov/research/umls/rxnorm","1363408","cometriq 140 mg daily dose carton pack","rx_class_ret","2"
"http://www.nlm.nih.gov/research/umls/rxnorm","1363410","cometriq 100 mg daily dose carton pack","rx_class_ret","2"
"http://www.nlm.nih.gov/research/umls/rxnorm","1364347","ponatinib","rx_class_ret","6"
"http://www.nlm.nih.gov/research/umls/rxnorm","1364349","ponatinib oral product","rx_class_ret","6"
"http://www.nlm.nih.gov/research/umls/rxnorm","1364351","ponatinib oral tablet","rx_class_ret","6"
"http://www.nlm.nih.gov/research/umls/rxnorm","1364352","ponatinib 15 mg oral tablet","rx_class_ret","9"
"http://www.nlm.nih.gov/research/umls/rxnorm","1364353","iclusig","rx_class_ret","3"
"http://www.nlm.nih.gov/research/umls/rxnorm","1364355","ponatinib oral tablet [iclusig]","rx_class_ret","6"
"http://www.nlm.nih.gov/research/umls/rxnorm","1364356","iclusig oral product","rx_class_ret","3"
"http://www.nlm.nih.gov/research/umls/rxnorm","1364358","iclusig (as ponatinib hydrochloride) 15 mg oral tablet","rx_class_ret","6"
"http://www.nlm.nih.gov/research/umls/rxnorm","1364360","ponatinib 45 mg oral tablet","rx_class_ret","9"
"http://www.nlm.nih.gov/research/umls/rxnorm","1364362","iclusig (as ponatinib hydrochloride) 45 mg oral tablet","rx_class_ret","6"
"http://www.nlm.nih.gov/research/umls/rxnorm","1364581","4 {21 (cabozantinib 20 mg oral capsule [cometriq]) } pack [cometriq 60 mg daily dose carton]","rx_class_ret","1"
"http://www.nlm.nih.gov/research/umls/rxnorm","1364953","ponatinib hydrochloride","rx_class_ret","4"
"http://www.nlm.nih.gov/research/umls/rxnorm","1726637","ponatinib 30 mg oral tablet","rx_class_ret","9"
"http://www.nlm.nih.gov/research/umls/rxnorm","1726639","iclusig (as ponatinib hydrochloride) 30 mg oral tablet","rx_class_ret","6"
"http://www.nlm.nih.gov/research/umls/rxnorm","1790160","cabozantinib oral tablet","rx_class_ret","2"
"http://www.nlm.nih.gov/research/umls/rxnorm","1790161","cabozantinib 20 mg oral tablet","rx_class_ret","4"
"http://www.nlm.nih.gov/research/umls/rxnorm","1790162","cabometyx","rx_class_ret","2"
"http://www.nlm.nih.gov/research/umls/rxnorm","1790164","cabozantinib oral tablet [cabometyx]","rx_class_ret","2"
"http://www.nlm.nih.gov/research/umls/rxnorm","1790165","cabometyx oral product","rx_class_ret","2"
"http://www.nlm.nih.gov/research/umls/rxnorm","1790167","cabometyx 20 mg oral tablet","rx_class_ret","4"
"http://www.nlm.nih.gov/research/umls/rxnorm","1790169","cabozantinib 40 mg oral tablet","rx_class_ret","4"
"http://www.nlm.nih.gov/research/umls/rxnorm","1790171","cabometyx 40 mg oral tablet","rx_class_ret","4"
"http://www.nlm.nih.gov/research/umls/rxnorm","1790173","cabozantinib 60 mg oral tablet","rx_class_ret","4"
"http://www.nlm.nih.gov/research/umls/rxnorm","1790175","cabometyx 60 mg oral tablet","rx_class_ret","4"
"http://www.nlm.nih.gov/research/umls/rxnorm","2111894","cabozantinib only product","rx_class_ret","1"
"http://www.nlm.nih.gov/research/umls/rxnorm","2111895","cabozantinib only product in oral dose form","rx_class_ret","1"
"http://www.nlm.nih.gov/research/umls/rxnorm","2114718","ponatinib only product","rx_class_ret","2"
"http://www.nlm.nih.gov/research/umls/rxnorm","2114719","ponatinib only product in oral dose form","rx_class_ret","2"
"http://www.nlm.nih.gov/research/umls/rxnorm","2314686","selpercatinib","rx_class_ret","1"
"http://www.nlm.nih.gov/research/umls/rxnorm","2370147","selpercatinib","rx_class_ret","2"
"http://www.nlm.nih.gov/research/umls/rxnorm","2370161","selpercatinib oral product","rx_class_ret","2"
"http://www.nlm.nih.gov/research/umls/rxnorm","2370163","selpercatinib oral capsule","rx_class_ret","2"
"http://www.nlm.nih.gov/research/umls/rxnorm","2370164","selpercatinib 40 mg oral capsule","rx_class_ret","4"
"http://www.nlm.nih.gov/research/umls/rxnorm","2370165","retevmo","rx_class_ret","2"
"http://www.nlm.nih.gov/research/umls/rxnorm","2370167","selpercatinib oral capsule [retevmo]","rx_class_ret","2"
"http://www.nlm.nih.gov/research/umls/rxnorm","2370168","retevmo oral product","rx_class_ret","2"
"http://www.nlm.nih.gov/research/umls/rxnorm","2370170","retevmo 40 mg oral capsule","rx_class_ret","4"
"http://www.nlm.nih.gov/research/umls/rxnorm","2370172","selpercatinib 80 mg oral capsule","rx_class_ret","4"
"http://www.nlm.nih.gov/research/umls/rxnorm","2370174","retevmo 80 mg oral capsule","rx_class_ret","4"
"http://www.nlm.nih.gov/research/umls/rxnorm","2394936","pralsetinib","rx_class_ret","2"
"http://www.nlm.nih.gov/research/umls/rxnorm","2394938","pralsetinib oral product","rx_class_ret","2"
"http://www.nlm.nih.gov/research/umls/rxnorm","2394940","pralsetinib oral capsule","rx_class_ret","2"
"http://www.nlm.nih.gov/research/umls/rxnorm","2394941","pralsetinib 100 mg oral capsule","rx_class_ret","4"
"http://www.nlm.nih.gov/research/umls/rxnorm","2394942","gavreto","rx_class_ret","2"
"http://www.nlm.nih.gov/research/umls/rxnorm","2394944","pralsetinib oral capsule [gavreto]","rx_class_ret","2"
"http://www.nlm.nih.gov/research/umls/rxnorm","2394945","gavreto oral product","rx_class_ret","2"
"http://www.nlm.nih.gov/research/umls/rxnorm","2394947","gavreto 100 mg oral capsule","rx_class_ret","4"
"http://www.nlm.nih.gov/research/umls/rxnorm","2473040","ponatinib 10 mg oral tablet","rx_class_ret","9"
"http://www.nlm.nih.gov/research/umls/rxnorm","2473042","iclusig 10 mg oral tablet","rx_class_ret","6"
"http://www.nlm.nih.gov/research/umls/rxnorm","2477130","product containing only selpercatinib (medicinal product)","rx_class_ret","1"
"http://www.nlm.nih.gov/research/umls/rxnorm","2477131","product containing only selpercatinib in oral dose form (medicinal product form)","rx_class_ret","1"
"http://www.nlm.nih.gov/research/umls/rxnorm","2477225","pralsetinib only product","rx_class_ret","1"
"http://www.nlm.nih.gov/research/umls/rxnorm","2477226","pralsetinib only product in oral dose form","rx_class_ret","1"
"http://www.nlm.nih.gov/research/umls/rxnorm","2594775","ciltacabtagene autoleucel","rx_class_ret","1"
"http://www.nlm.nih.gov/research/umls/rxnorm","2679804","selpercatinib oral tablet","rx_class_ret","1"
"http://www.nlm.nih.gov/research/umls/rxnorm","2679805","selpercatinib 120 mg oral tablet","rx_class_ret","3"
"http://www.nlm.nih.gov/research/umls/rxnorm","2679807","selpercatinib oral tablet [retevmo]","rx_class_ret","1"
"http://www.nlm.nih.gov/research/umls/rxnorm","2679808","retevmo 120 mg oral tablet","rx_class_ret","2"
"http://www.nlm.nih.gov/research/umls/rxnorm","2679810","selpercatinib 160 mg oral tablet","rx_class_ret","3"
"http://www.nlm.nih.gov/research/umls/rxnorm","2679812","retevmo 160 mg oral tablet","rx_class_ret","2"
"http://www.nlm.nih.gov/research/umls/rxnorm","2679813","selpercatinib 40 mg oral tablet","rx_class_ret","3"
"http://www.nlm.nih.gov/research/umls/rxnorm","2679814","retevmo 40 mg oral tablet","rx_class_ret","2"
"http://www.nlm.nih.gov/research/umls/rxnorm","2679815","selpercatinib 80 mg oral tablet","rx_class_ret","3"
"http://www.nlm.nih.gov/research/umls/rxnorm","2679816","retevmo 80 mg oral tablet","rx_class_ret","2"
"http://www.nlm.nih.gov/research/umls/rxnorm","4488","floxuridine","rx_class_ret","2"
"http://www.nlm.nih.gov/research/umls/rxnorm","1148495","crizotinib","rx_class_ros1","3"
"http://www.nlm.nih.gov/research/umls/rxnorm","1148496","crizotinib 200 mg","rx_class_ros1","2"
"http://www.nlm.nih.gov/research/umls/rxnorm","1148497","crizotinib oral capsule","rx_class_ros1","3"
"http://www.nlm.nih.gov/research/umls/rxnorm","1148498","crizotinib 200 mg oral capsule","rx_class_ros1","6"
"http://www.nlm.nih.gov/research/umls/rxnorm","1148499","xalkori","rx_class_ros1","3"
"http://www.nlm.nih.gov/research/umls/rxnorm","1148500","crizotinib 200 mg [xalkori]","rx_class_ros1","2"
"http://www.nlm.nih.gov/research/umls/rxnorm","1148501","crizotinib oral capsule [xalkori]","rx_class_ros1","3"
"http://www.nlm.nih.gov/research/umls/rxnorm","1148502","xalkori 200 mg oral capsule","rx_class_ros1","6"
"http://www.nlm.nih.gov/research/umls/rxnorm","1148503","crizotinib 250 mg","rx_class_ros1","2"
"http://www.nlm.nih.gov/research/umls/rxnorm","1148504","crizotinib 250 mg oral capsule","rx_class_ros1","6"
"http://www.nlm.nih.gov/research/umls/rxnorm","1148505","crizotinib 250 mg [xalkori]","rx_class_ros1","2"
"http://www.nlm.nih.gov/research/umls/rxnorm","1148506","xalkori 250 mg oral capsule","rx_class_ros1","6"
"http://www.nlm.nih.gov/research/umls/rxnorm","1165616","crizotinib oral product","rx_class_ros1","3"
"http://www.nlm.nih.gov/research/umls/rxnorm","1165617","crizotinib pill","rx_class_ros1","2"
"http://www.nlm.nih.gov/research/umls/rxnorm","1186298","xalkori oral product","rx_class_ros1","3"
"http://www.nlm.nih.gov/research/umls/rxnorm","1186299","xalkori pill","rx_class_ros1","2"
"http://www.nlm.nih.gov/research/umls/rxnorm","2103164","lorlatinib","rx_class_ros1","3"
"http://www.nlm.nih.gov/research/umls/rxnorm","2103165","lorlatinib 25 mg","rx_class_ros1","2"
"http://www.nlm.nih.gov/research/umls/rxnorm","2103166","lorlatinib oral product","rx_class_ros1","3"
"http://www.nlm.nih.gov/research/umls/rxnorm","2103167","lorlatinib pill","rx_class_ros1","2"
"http://www.nlm.nih.gov/research/umls/rxnorm","2103168","lorlatinib oral tablet","rx_class_ros1","3"
"http://www.nlm.nih.gov/research/umls/rxnorm","2103169","lorlatinib 25 mg oral tablet","rx_class_ros1","6"
"http://www.nlm.nih.gov/research/umls/rxnorm","2103170","lorbrena","rx_class_ros1","3"
"http://www.nlm.nih.gov/research/umls/rxnorm","2103171","lorlatinib 25 mg [lorbrena]","rx_class_ros1","2"
"http://www.nlm.nih.gov/research/umls/rxnorm","2103172","lorlatinib oral tablet [lorbrena]","rx_class_ros1","3"
"http://www.nlm.nih.gov/research/umls/rxnorm","2103173","lorbrena oral product","rx_class_ros1","3"
"http://www.nlm.nih.gov/research/umls/rxnorm","2103174","lorbrena pill","rx_class_ros1","2"
"http://www.nlm.nih.gov/research/umls/rxnorm","2103175","lorbrena 25 mg oral tablet","rx_class_ros1","6"
"http://www.nlm.nih.gov/research/umls/rxnorm","2103176","lorlatinib 100 mg","rx_class_ros1","2"
"http://www.nlm.nih.gov/research/umls/rxnorm","2103177","lorlatinib 100 mg oral tablet","rx_class_ros1","6"
"http://www.nlm.nih.gov/research/umls/rxnorm","2103178","lorlatinib 100 mg [lorbrena]","rx_class_ros1","2"
"http://www.nlm.nih.gov/research/umls/rxnorm","2103179","lorbrena 100 mg oral tablet","rx_class_ros1","6"
"http://www.nlm.nih.gov/research/umls/rxnorm","2110806","crizotinib only product in oral dose form","rx_class_ros1","2"
"http://www.nlm.nih.gov/research/umls/rxnorm","2114045","crizotinib only product","rx_class_ros1","2"
"http://www.nlm.nih.gov/research/umls/rxnorm","2183381","lorlatinib only product","rx_class_ros1","2"
"http://www.nlm.nih.gov/research/umls/rxnorm","2183382","lorlatinib only product in oral dose form","rx_class_ros1","2"
"http://www.nlm.nih.gov/research/umls/rxnorm","2197862","entrectinib","rx_class_ros1","4"
"http://www.nlm.nih.gov/research/umls/rxnorm","2197863","entrectinib 100 mg","rx_class_ros1","3"
"http://www.nlm.nih.gov/research/umls/rxnorm","2197864","entrectinib oral product","rx_class_ros1","4"
"http://www.nlm.nih.gov/research/umls/rxnorm","2197865","entrectinib pill","rx_class_ros1","3"
"http://www.nlm.nih.gov/research/umls/rxnorm","2197866","entrectinib oral capsule","rx_class_ros1","4"
"http://www.nlm.nih.gov/research/umls/rxnorm","2197867","entrectinib 100 mg oral capsule","rx_class_ros1","8"
"http://www.nlm.nih.gov/research/umls/rxnorm","2197868","rozlytrek","rx_class_ros1","4"
"http://www.nlm.nih.gov/research/umls/rxnorm","2197869","entrectinib 100 mg [rozlytrek]","rx_class_ros1","3"
"http://www.nlm.nih.gov/research/umls/rxnorm","2197870","entrectinib oral capsule [rozlytrek]","rx_class_ros1","4"
"http://www.nlm.nih.gov/research/umls/rxnorm","2197871","rozlytrek oral product","rx_class_ros1","4"
"http://www.nlm.nih.gov/research/umls/rxnorm","2197872","rozlytrek pill","rx_class_ros1","3"
"http://www.nlm.nih.gov/research/umls/rxnorm","2197873","rozlytrek 100 mg oral capsule","rx_class_ros1","8"
"http://www.nlm.nih.gov/research/umls/rxnorm","2197874","entrectinib 200 mg","rx_class_ros1","3"
"http://www.nlm.nih.gov/research/umls/rxnorm","2197875","entrectinib 200 mg oral capsule","rx_class_ros1","8"
"http://www.nlm.nih.gov/research/umls/rxnorm","2197876","entrectinib 200 mg [rozlytrek]","rx_class_ros1","3"
"http://www.nlm.nih.gov/research/umls/rxnorm","2197877","rozlytrek 200 mg oral capsule","rx_class_ros1","8"
"http://www.nlm.nih.gov/research/umls/rxnorm","2276984","entrectinib only product","rx_class_ros1","3"
"http://www.nlm.nih.gov/research/umls/rxnorm","2276985","entrectinib only product in oral dose form","rx_class_ros1","3"
"http://www.nlm.nih.gov/research/umls/rxnorm","2668592","entrectinib 50 mg","rx_class_ros1","2"
"http://www.nlm.nih.gov/research/umls/rxnorm","2668593","entrectinib pellet product","rx_class_ros1","2"
"http://www.nlm.nih.gov/research/umls/rxnorm","2668594","entrectinib oral pellet","rx_class_ros1","3"
"http://www.nlm.nih.gov/research/umls/rxnorm","2668595","entrectinib 50 mg oral pellet","rx_class_ros1","6"
"http://www.nlm.nih.gov/research/umls/rxnorm","2668596","entrectinib 50 mg [rozlytrek]","rx_class_ros1","2"
"http://www.nlm.nih.gov/research/umls/rxnorm","2668597","rozlytrek pellet product","rx_class_ros1","2"
"http://www.nlm.nih.gov/research/umls/rxnorm","2668598","entrectinib oral pellet [rozlytrek]","rx_class_ros1","3"
"http://www.nlm.nih.gov/research/umls/rxnorm","2668599","rozlytrek 50 mg oral pellet","rx_class_ros1","6"
"http://www.nlm.nih.gov/research/umls/rxnorm","2670163","crizotinib 150 mg","rx_class_ros1","1"
"http://www.nlm.nih.gov/research/umls/rxnorm","2670164","crizotinib pellet product","rx_class_ros1","1"
"http://www.nlm.nih.gov/research/umls/rxnorm","2670165","crizotinib oral pellet","rx_class_ros1","2"
"http://www.nlm.nih.gov/research/umls/rxnorm","2670166","crizotinib 150 mg oral pellet","rx_class_ros1","4"
"http://www.nlm.nih.gov/research/umls/rxnorm","2670167","crizotinib 150 mg [xalkori]","rx_class_ros1","1"
"http://www.nlm.nih.gov/research/umls/rxnorm","2670168","xalkori pellet product","rx_class_ros1","1"
"http://www.nlm.nih.gov/research/umls/rxnorm","2670169","crizotinib oral pellet [xalkori]","rx_class_ros1","2"
"http://www.nlm.nih.gov/research/umls/rxnorm","2670170","xalkori 150 mg oral pellet","rx_class_ros1","4"
"http://www.nlm.nih.gov/research/umls/rxnorm","2670171","crizotinib 20 mg","rx_class_ros1","1"
"http://www.nlm.nih.gov/research/umls/rxnorm","2670172","crizotinib 20 mg oral pellet","rx_class_ros1","4"
"http://www.nlm.nih.gov/research/umls/rxnorm","2670173","crizotinib 20 mg [xalkori]","rx_class_ros1","1"
"http://www.nlm.nih.gov/research/umls/rxnorm","2670174","xalkori 20 mg oral pellet","rx_class_ros1","4"
"http://www.nlm.nih.gov/research/umls/rxnorm","2670175","crizotinib 50 mg","rx_class_ros1","1"
"http://www.nlm.nih.gov/research/umls/rxnorm","2670176","crizotinib 50 mg oral pellet","rx_class_ros1","4"
"http://www.nlm.nih.gov/research/umls/rxnorm","2670177","crizotinib 50 mg [xalkori]","rx_class_ros1","1"
"http://www.nlm.nih.gov/research/umls/rxnorm","2670178","xalkori 50 mg oral pellet","rx_class_ros1","4"
"http://www.nlm.nih.gov/research/umls/rxnorm","103528","podofilox 5 mg/ml topical solution [wartec]","rx_class_topoisomerase","1"
"http://www.nlm.nih.gov/research/umls/rxnorm","103529","condyline 5 mg/ml topical solution","rx_class_topoisomerase","1"
"http://www.nlm.nih.gov/research/umls/rxnorm","105592","etoposide 50 mg oral capsule [vepesid]","rx_class_topoisomerase","2"
"http://www.nlm.nih.gov/research/umls/rxnorm","105593","etoposide 100 mg oral capsule [vepesid]","rx_class_topoisomerase","2"
"http://www.nlm.nih.gov/research/umls/rxnorm","1157655","topotecan injectable product","rx_class_topoisomerase","3"
"http://www.nlm.nih.gov/research/umls/rxnorm","1157656","topotecan oral product","rx_class_topoisomerase","3"
"http://www.nlm.nih.gov/research/umls/rxnorm","1157657","topotecan pill","rx_class_topoisomerase","3"
"http://www.nlm.nih.gov/research/umls/rxnorm","1157928","etoposide injectable product","rx_class_topoisomerase","4"
"http://www.nlm.nih.gov/research/umls/rxnorm","1157929","etoposide oral product","rx_class_topoisomerase","4"
"http://www.nlm.nih.gov/research/umls/rxnorm","1157930","etoposide pill","rx_class_topoisomerase","4"
"http://www.nlm.nih.gov/research/umls/rxnorm","1161334","irinotecan injectable product","rx_class_topoisomerase","4"
"http://www.nlm.nih.gov/research/umls/rxnorm","1164231","teniposide injectable product","rx_class_topoisomerase","3"
"http://www.nlm.nih.gov/research/umls/rxnorm","1172305","camptosar injectable product","rx_class_topoisomerase","4"
"http://www.nlm.nih.gov/research/umls/rxnorm","1172714","hycamtin injectable product","rx_class_topoisomerase","3"
"http://www.nlm.nih.gov/research/umls/rxnorm","1172715","hycamtin oral product","rx_class_topoisomerase","3"
"http://www.nlm.nih.gov/research/umls/rxnorm","1172716","hycamtin pill","rx_class_topoisomerase","3"
"http://www.nlm.nih.gov/research/umls/rxnorm","1178005","toposar injectable product","rx_class_topoisomerase","4"
"http://www.nlm.nih.gov/research/umls/rxnorm","1187877","vepesid injectable product","rx_class_topoisomerase","2"
"http://www.nlm.nih.gov/research/umls/rxnorm","1187878","vepesid oral product","rx_class_topoisomerase","2"
"http://www.nlm.nih.gov/research/umls/rxnorm","1187879","vepesid pill","rx_class_topoisomerase","2"
"http://www.nlm.nih.gov/research/umls/rxnorm","1193326","ruxolitinib","rx_class_topoisomerase","1"
"http://www.nlm.nih.gov/research/umls/rxnorm","1516270","irinotecan sucrosofate","rx_class_topoisomerase","2"
"http://www.nlm.nih.gov/research/umls/rxnorm","1719768","irinotecan liposomal","rx_class_topoisomerase","4"
"http://www.nlm.nih.gov/research/umls/rxnorm","1719769","irinotecan hydrochloride liposome 4.3 mg/ml","rx_class_topoisomerase","4"
"http://www.nlm.nih.gov/research/umls/rxnorm","1719772","10 ml irinotecan hydrochloride liposome 4.3 mg/ml injection","rx_class_topoisomerase","4"
"http://www.nlm.nih.gov/research/umls/rxnorm","1719773","onivyde","rx_class_topoisomerase","4"
"http://www.nlm.nih.gov/research/umls/rxnorm","1719774","irinotecan hydrochloride liposome 4.3 mg/ml [onivyde]","rx_class_topoisomerase","4"
"http://www.nlm.nih.gov/research/umls/rxnorm","1719776","onivyde injectable product","rx_class_topoisomerase","4"
"http://www.nlm.nih.gov/research/umls/rxnorm","1719777","10 ml irinotecan hydrochloride liposome 4.3 mg/ml injection [onivyde]","rx_class_topoisomerase","4"
"http://www.nlm.nih.gov/research/umls/rxnorm","1719778","irinotecan hydrochloride liposome 4.3 mg/ml injection","rx_class_topoisomerase","2"
"http://www.nlm.nih.gov/research/umls/rxnorm","1719779","irinotecan hydrochloride liposome 4.3 mg/ml injection [onivyde]","rx_class_topoisomerase","2"
"http://www.nlm.nih.gov/research/umls/rxnorm","1726318","irinotecan injection","rx_class_topoisomerase","4"
"http://www.nlm.nih.gov/research/umls/rxnorm","1726319","2 ml irinotecan hydrochloride 20 mg/ml injection","rx_class_topoisomerase","5"
"http://www.nlm.nih.gov/research/umls/rxnorm","1726320","irinotecan injection [camptosar]","rx_class_topoisomerase","4"
"http://www.nlm.nih.gov/research/umls/rxnorm","1726321","2 ml camptosar 20 mg/ml injection","rx_class_topoisomerase","4"
"http://www.nlm.nih.gov/research/umls/rxnorm","1726322","irinotecan hydrochloride 20 mg/ml injection","rx_class_topoisomerase","2"
"http://www.nlm.nih.gov/research/umls/rxnorm","1726323","camptosar 20 mg/ml injection","rx_class_topoisomerase","2"
"http://www.nlm.nih.gov/research/umls/rxnorm","1726324","5 ml irinotecan hydrochloride 20 mg/ml injection","rx_class_topoisomerase","5"
"http://www.nlm.nih.gov/research/umls/rxnorm","1726325","5 ml camptosar 20 mg/ml injection","rx_class_topoisomerase","4"
"http://www.nlm.nih.gov/research/umls/rxnorm","1726333","15 ml irinotecan hydrochloride 20 mg/ml injection","rx_class_topoisomerase","5"
"http://www.nlm.nih.gov/research/umls/rxnorm","1726335","15 ml camptosar 20 mg/ml injection","rx_class_topoisomerase","4"
"http://www.nlm.nih.gov/research/umls/rxnorm","1726492","25 ml irinotecan hydrochloride 20 mg/ml injection","rx_class_topoisomerase","5"
"http://www.nlm.nih.gov/research/umls/rxnorm","1734339","etoposide injection","rx_class_topoisomerase","4"
"http://www.nlm.nih.gov/research/umls/rxnorm","1734340","etoposide 100 mg injection","rx_class_topoisomerase","10"
"http://www.nlm.nih.gov/research/umls/rxnorm","1734342","etoposide 100 mg [etopophos]","rx_class_topoisomerase","4"
"http://www.nlm.nih.gov/research/umls/rxnorm","1734343","etoposide injection [etopophos]","rx_class_topoisomerase","4"
"http://www.nlm.nih.gov/research/umls/rxnorm","1734344","etopophos injectable product","rx_class_topoisomerase","4"
"http://www.nlm.nih.gov/research/umls/rxnorm","1799414","topotecan 4 mg","rx_class_topoisomerase","3"
"http://www.nlm.nih.gov/research/umls/rxnorm","1799415","topotecan injection","rx_class_topoisomerase","3"
"http://www.nlm.nih.gov/research/umls/rxnorm","1799416","topotecan 4 mg injection","rx_class_topoisomerase","8"
"http://www.nlm.nih.gov/research/umls/rxnorm","1799417","topotecan 4 mg [hycamtin]","rx_class_topoisomerase","3"
"http://www.nlm.nih.gov/research/umls/rxnorm","1799418","topotecan injection [hycamtin]","rx_class_topoisomerase","3"
"http://www.nlm.nih.gov/research/umls/rxnorm","1799420","product containing precisely topotecan (as topotecan hydrochloride) 1 milligram/1 vial powder for conventional release solution for injection","rx_class_topoisomerase","1"
"http://www.nlm.nih.gov/research/umls/rxnorm","1799424","4 ml topotecan 1 mg/ml injection","rx_class_topoisomerase","4"
"http://www.nlm.nih.gov/research/umls/rxnorm","1799425","topotecan 1 mg/ml injection","rx_class_topoisomerase","1"
"http://www.nlm.nih.gov/research/umls/rxnorm","1863308","teniposide injection","rx_class_topoisomerase","3"
"http://www.nlm.nih.gov/research/umls/rxnorm","1863310","teniposide 10 mg/ml injection","rx_class_topoisomerase","1"
"http://www.nlm.nih.gov/research/umls/rxnorm","1940992","irinotecan hydrochloride trihydrate","rx_class_topoisomerase","2"
"http://www.nlm.nih.gov/research/umls/rxnorm","197687","etoposide 50 mg oral capsule","rx_class_topoisomerase","10"
"http://www.nlm.nih.gov/research/umls/rxnorm","199315","etoposide 100 mg oral capsule","rx_class_topoisomerase","10"
"http://www.nlm.nih.gov/research/umls/rxnorm","203058","vepesid","rx_class_topoisomerase","2"
"http://www.nlm.nih.gov/research/umls/rxnorm","203472","hycamtin","rx_class_topoisomerase","3"
"http://www.nlm.nih.gov/research/umls/rxnorm","203652","camptosar","rx_class_topoisomerase","4"
"http://www.nlm.nih.gov/research/umls/rxnorm","206831","toposar 20 mg/ml injectable solution","rx_class_topoisomerase","8"
"http://www.nlm.nih.gov/research/umls/rxnorm","206832","etoposide 20 mg/ml injectable solution [vepesid]","rx_class_topoisomerase","2"
"http://www.nlm.nih.gov/research/umls/rxnorm","2112013","etoposide only product","rx_class_topoisomerase","2"
"http://www.nlm.nih.gov/research/umls/rxnorm","2112014","etoposide only product in oral dose form","rx_class_topoisomerase","2"
"http://www.nlm.nih.gov/research/umls/rxnorm","2112015","etoposide only product in parenteral dose form","rx_class_topoisomerase","2"
"http://www.nlm.nih.gov/research/umls/rxnorm","2114503","irinotecan liposome only product","rx_class_topoisomerase","2"
"http://www.nlm.nih.gov/research/umls/rxnorm","2114504","irinotecan liposome only product in parenteral dose form","rx_class_topoisomerase","2"
"http://www.nlm.nih.gov/research/umls/rxnorm","2114505","irinotecan only product","rx_class_topoisomerase","2"
"http://www.nlm.nih.gov/research/umls/rxnorm","2114506","irinotecan only product in parenteral dose form","rx_class_topoisomerase","2"
"http://www.nlm.nih.gov/research/umls/rxnorm","2116552","product containing only topotecan (medicinal product)","rx_class_topoisomerase","1"
"http://www.nlm.nih.gov/research/umls/rxnorm","2116553","product containing only topotecan in oral dose form (medicinal product form)","rx_class_topoisomerase","1"
"http://www.nlm.nih.gov/research/umls/rxnorm","2116554","product containing only topotecan in parenteral dose form (medicinal product form)","rx_class_topoisomerase","1"
"http://www.nlm.nih.gov/research/umls/rxnorm","2116935","product containing only teniposide (medicinal product)","rx_class_topoisomerase","1"
"http://www.nlm.nih.gov/research/umls/rxnorm","2183650","product containing only teniposide in parenteral dose form (medicinal product form)","rx_class_topoisomerase","1"
"http://www.nlm.nih.gov/research/umls/rxnorm","220347","toposar","rx_class_topoisomerase","4"
"http://www.nlm.nih.gov/research/umls/rxnorm","226719","etopophos 100 mg injection","rx_class_topoisomerase","8"
"http://www.nlm.nih.gov/research/umls/rxnorm","2284502","irinotecan injection [onivyde]","rx_class_topoisomerase","4"
"http://www.nlm.nih.gov/research/umls/rxnorm","2382441","topotecan hcl 1mg/ml inj_#1","rx_class_topoisomerase","1"
"http://www.nlm.nih.gov/research/umls/rxnorm","250638","podofilox 0.15 % topical cream","rx_class_topoisomerase","2"
"http://www.nlm.nih.gov/research/umls/rxnorm","2567484","irinotecan hydrochloride trihydrate 20 mg/ml solution for injection","rx_class_topoisomerase","2"
"http://www.nlm.nih.gov/research/umls/rxnorm","2608737","irinotecan hydrochloride trihydrate 20 mg/ml solution for infusion and/or injection","rx_class_topoisomerase","2"
"http://www.nlm.nih.gov/research/umls/rxnorm","2627923","product containing precisely topotecan (as topotecan hydrochloride) 1 milligram/1 vial powder for conventional release solution for infusion and/or injection (clinical drug)","rx_class_topoisomerase","1"
"http://www.nlm.nih.gov/research/umls/rxnorm","2627925","product containing precisely topotecan (as topotecan hydrochloride) 1 milligram/1 vial powder for conventional release solution for infusion (clinical drug)","rx_class_topoisomerase","1"
"http://www.nlm.nih.gov/research/umls/rxnorm","2647503","irinotecan hydrochloride injection","rx_class_topoisomerase","2"
"http://www.nlm.nih.gov/research/umls/rxnorm","2648688","irinotecan hydrochloride liposome injection","rx_class_topoisomerase","2"
"http://www.nlm.nih.gov/research/umls/rxnorm","2654471","irinotecan hydrochloride liposome injection [onivyde]","rx_class_topoisomerase","2"
"http://www.nlm.nih.gov/research/umls/rxnorm","2656798","irinotecan hydrochloride injection [camptosar]","rx_class_topoisomerase","2"
"http://www.nlm.nih.gov/research/umls/rxnorm","2660189","irinotecan hydrochloride injectable product","rx_class_topoisomerase","2"
"http://www.nlm.nih.gov/research/umls/rxnorm","2660599","irinotecan hydrochloride liposome injectable product","rx_class_topoisomerase","2"
"http://www.nlm.nih.gov/research/umls/rxnorm","274342","etopophos","rx_class_topoisomerase","4"
"http://www.nlm.nih.gov/research/umls/rxnorm","310248","etoposide 20 mg/ml injectable solution","rx_class_topoisomerase","10"
"http://www.nlm.nih.gov/research/umls/rxnorm","313213","5 ml teniposide 10 mg/ml injection","rx_class_topoisomerase","4"
"http://www.nlm.nih.gov/research/umls/rxnorm","315912","etoposide 20 mg/ml","rx_class_topoisomerase","4"
"http://www.nlm.nih.gov/research/umls/rxnorm","315913","etoposide 50 mg","rx_class_topoisomerase","4"
"http://www.nlm.nih.gov/research/umls/rxnorm","329753","etoposide 100 mg","rx_class_topoisomerase","4"
"http://www.nlm.nih.gov/research/umls/rxnorm","362881","etoposide injectable solution [toposar]","rx_class_topoisomerase","4"
"http://www.nlm.nih.gov/research/umls/rxnorm","362972","etoposide injectable solution [vepesid]","rx_class_topoisomerase","2"
"http://www.nlm.nih.gov/research/umls/rxnorm","366233","etoposide oral capsule [vepesid]","rx_class_topoisomerase","2"
"http://www.nlm.nih.gov/research/umls/rxnorm","372132","etoposide oral capsule","rx_class_topoisomerase","4"
"http://www.nlm.nih.gov/research/umls/rxnorm","376889","topotecan injectable solution","rx_class_topoisomerase","3"
"http://www.nlm.nih.gov/research/umls/rxnorm","376890","etoposide injectable solution","rx_class_topoisomerase","4"
"http://www.nlm.nih.gov/research/umls/rxnorm","4179","etoposide","rx_class_topoisomerase","4"
"http://www.nlm.nih.gov/research/umls/rxnorm","436879","etoposide 10 mg/ml injectable solution","rx_class_topoisomerase","2"
"http://www.nlm.nih.gov/research/umls/rxnorm","452837","topotecan 1 mg","rx_class_topoisomerase","3"
"http://www.nlm.nih.gov/research/umls/rxnorm","51499","irinotecan","rx_class_topoisomerase","4"
"http://www.nlm.nih.gov/research/umls/rxnorm","564107","etoposide 50 mg [vepesid]","rx_class_topoisomerase","2"
"http://www.nlm.nih.gov/research/umls/rxnorm","564108","etoposide 100 mg [vepesid]","rx_class_topoisomerase","2"
"http://www.nlm.nih.gov/research/umls/rxnorm","567639","etoposide 20 mg/ml [toposar]","rx_class_topoisomerase","4"
"http://www.nlm.nih.gov/research/umls/rxnorm","567640","etoposide 20 mg/ml [vepesid]","rx_class_topoisomerase","2"
"http://www.nlm.nih.gov/research/umls/rxnorm","57308","topotecan","rx_class_topoisomerase","3"
"http://www.nlm.nih.gov/research/umls/rxnorm","582926","podofilox 0.5 % topical solution","rx_class_topoisomerase","2"
"http://www.nlm.nih.gov/research/umls/rxnorm","582929","condylox 0.5 % topical solution","rx_class_topoisomerase","2"
"http://www.nlm.nih.gov/research/umls/rxnorm","637549","topotecan 1 mg/ml injectable solution","rx_class_topoisomerase","6"
"http://www.nlm.nih.gov/research/umls/rxnorm","637550","hycamtin 4 mg injection","rx_class_topoisomerase","6"
"http://www.nlm.nih.gov/research/umls/rxnorm","747192","topotecan oral capsule","rx_class_topoisomerase","3"
"http://www.nlm.nih.gov/research/umls/rxnorm","747193","topotecan 1 mg oral capsule","rx_class_topoisomerase","4"
"http://www.nlm.nih.gov/research/umls/rxnorm","747194","topotecan 0.25 mg","rx_class_topoisomerase","3"
"http://www.nlm.nih.gov/research/umls/rxnorm","747195","topotecan 0.25 mg oral capsule","rx_class_topoisomerase","4"
"http://www.nlm.nih.gov/research/umls/rxnorm","748736","topotecan 0.25 mg [hycamtin]","rx_class_topoisomerase","3"
"http://www.nlm.nih.gov/research/umls/rxnorm","748737","topotecan oral capsule [hycamtin]","rx_class_topoisomerase","3"
"http://www.nlm.nih.gov/research/umls/rxnorm","748738","hycamtin 0.25 mg oral capsule","rx_class_topoisomerase","6"
"http://www.nlm.nih.gov/research/umls/rxnorm","748739","topotecan 1 mg [hycamtin]","rx_class_topoisomerase","3"
"http://www.nlm.nih.gov/research/umls/rxnorm","748740","hycamtin 1 mg oral capsule","rx_class_topoisomerase","6"
"http://www.nlm.nih.gov/research/umls/rxnorm","904159","irinotecan hydrochloride 20 mg/ml","rx_class_topoisomerase","4"
"http://www.nlm.nih.gov/research/umls/rxnorm","904161","irinotecan hydrochloride 20 mg/ml [camptosar]","rx_class_topoisomerase","4"
"http://www.nlm.nih.gov/research/umls/rxnorm","11198","vinblastine","rx_class_vinca","6"
"http://www.nlm.nih.gov/research/umls/rxnorm","11199","vinblastine sulfate","rx_class_vinca","6"
"http://www.nlm.nih.gov/research/umls/rxnorm","11202","vincristine","rx_class_vinca","8"
"http://www.nlm.nih.gov/research/umls/rxnorm","11203","vincristine sulfate","rx_class_vinca","6"
"http://www.nlm.nih.gov/research/umls/rxnorm","114527","vinorelbine tartrate","rx_class_vinca","3"
"http://www.nlm.nih.gov/research/umls/rxnorm","1160527","vinblastine injectable product","rx_class_vinca","8"
"http://www.nlm.nih.gov/research/umls/rxnorm","1160531","vincristine injectable product","rx_class_vinca","8"
"http://www.nlm.nih.gov/research/umls/rxnorm","1164585","vinorelbine injectable product","rx_class_vinca","3"
"http://www.nlm.nih.gov/research/umls/rxnorm","1180490","navelbine injectable product","rx_class_vinca","3"
"http://www.nlm.nih.gov/research/umls/rxnorm","1186612","vincasar injectable product","rx_class_vinca","4"
"http://www.nlm.nih.gov/research/umls/rxnorm","1304990","vincristine sulfate liposome","rx_class_vinca","6"
"http://www.nlm.nih.gov/research/umls/rxnorm","1304991","vincristine liposome","rx_class_vinca","6"
"http://www.nlm.nih.gov/research/umls/rxnorm","1304995","31 ml vincristine sulfate liposome 0.16 mg/ml injection","rx_class_vinca","8"
"http://www.nlm.nih.gov/research/umls/rxnorm","1304996","marqibo","rx_class_vinca","4"
"http://www.nlm.nih.gov/research/umls/rxnorm","1304999","marqibo injectable product","rx_class_vinca","4"
"http://www.nlm.nih.gov/research/umls/rxnorm","1305000","31 ml vincristine sulfate liposome 0.16 mg/ml injection [marqibo]","rx_class_vinca","8"
"http://www.nlm.nih.gov/research/umls/rxnorm","1360496","vincristine sulfate 1 mg/ml prefilled syringe","rx_class_vinca","4"
"http://www.nlm.nih.gov/research/umls/rxnorm","1727297","vincristine sulfate liposome 0.16 mg/ml injection","rx_class_vinca","4"
"http://www.nlm.nih.gov/research/umls/rxnorm","1727298","vincristine sulfate liposome 0.16 mg/ml injection [marqibo]","rx_class_vinca","4"
"http://www.nlm.nih.gov/research/umls/rxnorm","1729404","vinorelbine injection","rx_class_vinca","3"
"http://www.nlm.nih.gov/research/umls/rxnorm","1729407","vinorelbine injection [navelbine]","rx_class_vinca","3"
"http://www.nlm.nih.gov/research/umls/rxnorm","1729418","1 ml vinorelbine 10 mg/ml injection","rx_class_vinca","3"
"http://www.nlm.nih.gov/research/umls/rxnorm","1729419","1 ml vinorelbine 10 mg/ml injection [navelbine]","rx_class_vinca","3"
"http://www.nlm.nih.gov/research/umls/rxnorm","1729420","vinorelbine (as vinorelbine tartrate) 10 mg/ml injection","rx_class_vinca","1"
"http://www.nlm.nih.gov/research/umls/rxnorm","1729421","vinorelbine 10 mg/ml injection [navelbine]","rx_class_vinca","1"
"http://www.nlm.nih.gov/research/umls/rxnorm","1729422","5 ml vinorelbine 10 mg/ml injection","rx_class_vinca","3"
"http://www.nlm.nih.gov/research/umls/rxnorm","1729423","5 ml vinorelbine 10 mg/ml injection [navelbine]","rx_class_vinca","3"
"http://www.nlm.nih.gov/research/umls/rxnorm","1863342","vincristine injection","rx_class_vinca","8"
"http://www.nlm.nih.gov/research/umls/rxnorm","1863343","1 ml vincristine sulfate 1 mg/ml injection","rx_class_vinca","10"
"http://www.nlm.nih.gov/research/umls/rxnorm","1863346","vincristine injection [vincasar]","rx_class_vinca","8"
"http://www.nlm.nih.gov/research/umls/rxnorm","1863347","1 ml vincristine sulfate 1 mg/ml injection [vincasar]","rx_class_vinca","8"
"http://www.nlm.nih.gov/research/umls/rxnorm","1863349","vincristine sulfate 1 mg/ml injection","rx_class_vinca","4"
"http://www.nlm.nih.gov/research/umls/rxnorm","1863350","vincristine sulfate 1 mg/ml injection [vincasar]","rx_class_vinca","4"
"http://www.nlm.nih.gov/research/umls/rxnorm","1863354","2 ml vincristine sulfate 1 mg/ml injection","rx_class_vinca","10"
"http://www.nlm.nih.gov/research/umls/rxnorm","1863355","2 ml vincristine sulfate 1 mg/ml injection [vincasar]","rx_class_vinca","8"
"http://www.nlm.nih.gov/research/umls/rxnorm","1863364","vincristine so4 1mg/mannitol 100mg/ml (pf) inj","rx_class_vinca","2"
"http://www.nlm.nih.gov/research/umls/rxnorm","2053808","product containing precisely vinblastine sulfate 10 milligram/1 vial powder for conventional release solution for injection","rx_class_vinca","2"
"http://www.nlm.nih.gov/research/umls/rxnorm","2116314","product containing only vinblastine (medicinal product)","rx_class_vinca","2"
"http://www.nlm.nih.gov/research/umls/rxnorm","2116315","product containing only vinblastine in parenteral dose form (medicinal product form)","rx_class_vinca","2"
"http://www.nlm.nih.gov/research/umls/rxnorm","2116316","product containing only vincristine liposome (medicinal product)","rx_class_vinca","2"
"http://www.nlm.nih.gov/research/umls/rxnorm","2116317","product containing only vincristine liposome in parenteral dose form (medicinal product form)","rx_class_vinca","2"
"http://www.nlm.nih.gov/research/umls/rxnorm","2116318","product containing only vincristine (medicinal product)","rx_class_vinca","2"
"http://www.nlm.nih.gov/research/umls/rxnorm","2116319","product containing only vincristine in parenteral dose form (medicinal product form)","rx_class_vinca","2"
"http://www.nlm.nih.gov/research/umls/rxnorm","2116392","product containing only vinorelbine (medicinal product)","rx_class_vinca","1"
"http://www.nlm.nih.gov/research/umls/rxnorm","2116393","product containing only vinorelbine in parenteral dose form (medicinal product form)","rx_class_vinca","1"
"http://www.nlm.nih.gov/research/umls/rxnorm","227575","vincasar","rx_class_vinca","4"
"http://www.nlm.nih.gov/research/umls/rxnorm","2284505","vincristine injection [marqibo]","rx_class_vinca","8"
"http://www.nlm.nih.gov/research/umls/rxnorm","239178","vinblastine sulfate 1 mg/ml injectable solution","rx_class_vinca","12"
"http://www.nlm.nih.gov/research/umls/rxnorm","2567504","product containing precisely vinorelbine (as vinorelbine tartrate) 10 milligram/1 milliliter conventional release solution for injection (clinical drug)","rx_class_vinca","1"
"http://www.nlm.nih.gov/research/umls/rxnorm","2608776","product containing precisely vinorelbine (as vinorelbine tartrate) 10 milligram/1 milliliter conventional release solution for infusion and/or injection (clinical drug)","rx_class_vinca","1"
"http://www.nlm.nih.gov/research/umls/rxnorm","2641930","product containing only vinorelbine in oral dose form (medicinal product form)","rx_class_vinca","1"
"http://www.nlm.nih.gov/research/umls/rxnorm","2642132","product containing precisely vinorelbine (as vinorelbine tartrate) 20 milligram/1 each conventional release oral capsule (clinical drug)","rx_class_vinca","1"
"http://www.nlm.nih.gov/research/umls/rxnorm","2642133","product containing precisely vinorelbine (as vinorelbine tartrate) 30 milligram/1 each conventional release oral capsule (clinical drug)","rx_class_vinca","1"
"http://www.nlm.nih.gov/research/umls/rxnorm","2642834","product containing vinorelbine in oral dose form (medicinal product form)","rx_class_vinca","1"
"http://www.nlm.nih.gov/research/umls/rxnorm","376857","vinblastine injectable solution","rx_class_vinca","8"
"http://www.nlm.nih.gov/research/umls/rxnorm","377037","vincristine injectable solution","rx_class_vinca","4"
"http://www.nlm.nih.gov/research/umls/rxnorm","39541","vinorelbine","rx_class_vinca","3"
"http://www.nlm.nih.gov/research/umls/rxnorm","53557","navelbine","rx_class_vinca","3"
"http://www.nlm.nih.gov/research/umls/rxnorm","792848","vincristine prefilled syringe","rx_class_vinca","4"
"http://www.nlm.nih.gov/research/umls/rxnorm","894899","1 ml vincristine sulfate 1 mg/ml prefilled syringe","rx_class_vinca","4"
"http://www.nlm.nih.gov/research/umls/rxnorm","894900","2 ml vincristine sulfate 1 mg/ml prefilled syringe","rx_class_vinca","4"
"http://www.nlm.nih.gov/research/umls/rxnorm","894902","vincristine sulfate 0.1 mg/ml injectable solution","rx_class_vinca","4"
"http://www.nlm.nih.gov/research/umls/rxnorm","894904","vincristine sulfate 0.2 mg/ml injectable solution","rx_class_vinca","4"
"http://www.nlm.nih.gov/research/umls/rxnorm","1161185","bevacizumab injectable product","rx_in_bevacizumab","3"
"http://www.nlm.nih.gov/research/umls/rxnorm","1175674","avastin injectable product","rx_in_bevacizumab","3"
"http://www.nlm.nih.gov/research/umls/rxnorm","1657065","bevacizumab injection","rx_in_bevacizumab","3"
"http://www.nlm.nih.gov/research/umls/rxnorm","1657066","4 ml bevacizumab 25 mg/ml injection","rx_in_bevacizumab","3"
"http://www.nlm.nih.gov/research/umls/rxnorm","1657067","bevacizumab injection [avastin]","rx_in_bevacizumab","3"
"http://www.nlm.nih.gov/research/umls/rxnorm","1657068","4 ml bevacizumab 25 mg/ml injection [avastin]","rx_in_bevacizumab","3"
"http://www.nlm.nih.gov/research/umls/rxnorm","1657069","bevacizumab 25 mg/ml injection","rx_in_bevacizumab","2"
"http://www.nlm.nih.gov/research/umls/rxnorm","1657070","avastin 25 mg/ml injection","rx_in_bevacizumab","2"
"http://www.nlm.nih.gov/research/umls/rxnorm","1657073","16 ml bevacizumab 25 mg/ml injection","rx_in_bevacizumab","3"
"http://www.nlm.nih.gov/research/umls/rxnorm","1657074","16 ml bevacizumab 25 mg/ml injection [avastin]","rx_in_bevacizumab","3"
"http://www.nlm.nih.gov/research/umls/rxnorm","2046138","bevacizumab-awwb","rx_in_bevacizumab","3"
"http://www.nlm.nih.gov/research/umls/rxnorm","2046139","bevacizumab-awwb 25 mg/ml","rx_in_bevacizumab","3"
"http://www.nlm.nih.gov/research/umls/rxnorm","2046140","16 ml bevacizumab-awwb 25 mg/ml injection","rx_in_bevacizumab","3"
"http://www.nlm.nih.gov/research/umls/rxnorm","2046141","mvasi","rx_in_bevacizumab","3"
"http://www.nlm.nih.gov/research/umls/rxnorm","2046142","bevacizumab-awwb 25 mg/ml [mvasi]","rx_in_bevacizumab","3"
"http://www.nlm.nih.gov/research/umls/rxnorm","2046143","bevacizumab injection [mvasi]","rx_in_bevacizumab","3"
"http://www.nlm.nih.gov/research/umls/rxnorm","2046144","mvasi injectable product","rx_in_bevacizumab","3"
"http://www.nlm.nih.gov/research/umls/rxnorm","2046145","16 ml bevacizumab-awwb 25 mg/ml injection [mvasi]","rx_in_bevacizumab","3"
"http://www.nlm.nih.gov/research/umls/rxnorm","2046146","bevacizumab-awwb 25 mg/ml injection","rx_in_bevacizumab","2"
"http://www.nlm.nih.gov/research/umls/rxnorm","2046147","bevacizumab-awwb 25 mg/ml injection [mvasi]","rx_in_bevacizumab","2"
"http://www.nlm.nih.gov/research/umls/rxnorm","2046148","4 ml bevacizumab-awwb 25 mg/ml injection","rx_in_bevacizumab","3"
"http://www.nlm.nih.gov/research/umls/rxnorm","2046149","4 ml bevacizumab-awwb 25 mg/ml injection [mvasi]","rx_in_bevacizumab","3"
"http://www.nlm.nih.gov/research/umls/rxnorm","2049127","binimetinib 15 mg oral tablet","rx_in_bevacizumab","6"
"http://www.nlm.nih.gov/research/umls/rxnorm","2049133","mektovi 15 mg oral tablet","rx_in_bevacizumab","6"
"http://www.nlm.nih.gov/research/umls/rxnorm","2112950","bevacizumab only product","rx_in_bevacizumab","2"
"http://www.nlm.nih.gov/research/umls/rxnorm","2112951","bevacizumab only product in parenteral dose form","rx_in_bevacizumab","2"
"http://www.nlm.nih.gov/research/umls/rxnorm","2268037","bevacizumab-bvzr","rx_in_bevacizumab","3"
"http://www.nlm.nih.gov/research/umls/rxnorm","2268038","bevacizumab-bvzr 25 mg/ml","rx_in_bevacizumab","3"
"http://www.nlm.nih.gov/research/umls/rxnorm","2268039","4 ml bevacizumab-bvzr 25 mg/ml injection","rx_in_bevacizumab","3"
"http://www.nlm.nih.gov/research/umls/rxnorm","2268040","zirabev","rx_in_bevacizumab","3"
"http://www.nlm.nih.gov/research/umls/rxnorm","2268041","bevacizumab-bvzr 25 mg/ml [zirabev]","rx_in_bevacizumab","3"
"http://www.nlm.nih.gov/research/umls/rxnorm","2268042","bevacizumab injection [zirabev]","rx_in_bevacizumab","3"
"http://www.nlm.nih.gov/research/umls/rxnorm","2268043","zirabev injectable product","rx_in_bevacizumab","3"
"http://www.nlm.nih.gov/research/umls/rxnorm","2268044","4 ml bevacizumab-bvzr 25 mg/ml injection [zirabev]","rx_in_bevacizumab","3"
"http://www.nlm.nih.gov/research/umls/rxnorm","2268045","bevacizumab-bvzr 25 mg/ml injection","rx_in_bevacizumab","2"
"http://www.nlm.nih.gov/research/umls/rxnorm","2268046","bevacizumab-bvzr 25 mg/ml injection [zirabev]","rx_in_bevacizumab","2"
"http://www.nlm.nih.gov/research/umls/rxnorm","2268047","16 ml bevacizumab-bvzr 25 mg/ml injection","rx_in_bevacizumab","3"
"http://www.nlm.nih.gov/research/umls/rxnorm","2268048","16 ml bevacizumab-bvzr 25 mg/ml injection [zirabev]","rx_in_bevacizumab","3"
"http://www.nlm.nih.gov/research/umls/rxnorm","253337","bevacizumab","rx_in_bevacizumab","3"
"http://www.nlm.nih.gov/research/umls/rxnorm","2599041","bevacizumab-maly","rx_in_bevacizumab","3"
"http://www.nlm.nih.gov/research/umls/rxnorm","2599042","bevacizumab-maly 25 mg/ml","rx_in_bevacizumab","3"
"http://www.nlm.nih.gov/research/umls/rxnorm","2599043","4 ml bevacizumab-maly 25 mg/ml injection","rx_in_bevacizumab","3"
"http://www.nlm.nih.gov/research/umls/rxnorm","2599044","bevacizumab-maly 25 mg/ml injection","rx_in_bevacizumab","2"
"http://www.nlm.nih.gov/research/umls/rxnorm","2599045","alymsys","rx_in_bevacizumab","3"
"http://www.nlm.nih.gov/research/umls/rxnorm","2599046","bevacizumab-maly 25 mg/ml [alymsys]","rx_in_bevacizumab","3"
"http://www.nlm.nih.gov/research/umls/rxnorm","2599047","alymsys injectable product","rx_in_bevacizumab","3"
"http://www.nlm.nih.gov/research/umls/rxnorm","2599048","bevacizumab injection [alymsys]","rx_in_bevacizumab","3"
"http://www.nlm.nih.gov/research/umls/rxnorm","2599049","4 ml bevacizumab-maly 25 mg/ml injection [alymsys]","rx_in_bevacizumab","3"
"http://www.nlm.nih.gov/research/umls/rxnorm","2599050","alymsys 25 mg/ml injection","rx_in_bevacizumab","2"
"http://www.nlm.nih.gov/research/umls/rxnorm","2599051","16 ml bevacizumab-maly 25 mg/ml injection","rx_in_bevacizumab","3"
"http://www.nlm.nih.gov/research/umls/rxnorm","2599052","16 ml bevacizumab-maly 25 mg/ml injection [alymsys]","rx_in_bevacizumab","3"
"http://www.nlm.nih.gov/research/umls/rxnorm","2627648","bevacizumab-adcd","rx_in_bevacizumab","3"
"http://www.nlm.nih.gov/research/umls/rxnorm","2627649","bevacizumab-adcd 25 mg/ml","rx_in_bevacizumab","3"
"http://www.nlm.nih.gov/research/umls/rxnorm","2627650","4 ml bevacizumab-adcd 25 mg/ml injection","rx_in_bevacizumab","3"
"http://www.nlm.nih.gov/research/umls/rxnorm","2627651","bevacizumab-adcd 25 mg/ml injection","rx_in_bevacizumab","6"
"http://www.nlm.nih.gov/research/umls/rxnorm","2627652","vegzelma","rx_in_bevacizumab","3"
"http://www.nlm.nih.gov/research/umls/rxnorm","2627653","bevacizumab-adcd 25 mg/ml [vegzelma]","rx_in_bevacizumab","3"
"http://www.nlm.nih.gov/research/umls/rxnorm","2627654","vegzelma injectable product","rx_in_bevacizumab","3"
"http://www.nlm.nih.gov/research/umls/rxnorm","2627655","bevacizumab injection [vegzelma]","rx_in_bevacizumab","3"
"http://www.nlm.nih.gov/research/umls/rxnorm","2627656","4 ml bevacizumab-adcd 25 mg/ml injection [vegzelma]","rx_in_bevacizumab","3"
"http://www.nlm.nih.gov/research/umls/rxnorm","2627657","vegzelma 25 mg/ml injection","rx_in_bevacizumab","4"
"http://www.nlm.nih.gov/research/umls/rxnorm","2627658","16 ml bevacizumab-adcd 25 mg/ml injection","rx_in_bevacizumab","3"
"http://www.nlm.nih.gov/research/umls/rxnorm","2627659","16 ml bevacizumab-adcd 25 mg/ml injection [vegzelma]","rx_in_bevacizumab","3"
"http://www.nlm.nih.gov/research/umls/rxnorm","2646080","bevacizumab-maly injection","rx_in_bevacizumab","2"
"http://www.nlm.nih.gov/research/umls/rxnorm","2646576","bevacizumab-bvzr injection","rx_in_bevacizumab","2"
"http://www.nlm.nih.gov/research/umls/rxnorm","2647183","bevacizumab-awwb injection","rx_in_bevacizumab","2"
"http://www.nlm.nih.gov/research/umls/rxnorm","2648078","bevacizumab-adcd injection","rx_in_bevacizumab","2"
"http://www.nlm.nih.gov/research/umls/rxnorm","2656811","bevacizumab-adcd injection [vegzelma]","rx_in_bevacizumab","2"
"http://www.nlm.nih.gov/research/umls/rxnorm","2658024","bevacizumab-awwb injection [mvasi]","rx_in_bevacizumab","2"
"http://www.nlm.nih.gov/research/umls/rxnorm","2658120","bevacizumab-bvzr injection [zirabev]","rx_in_bevacizumab","2"
"http://www.nlm.nih.gov/research/umls/rxnorm","2658765","bevacizumab-maly injection [alymsys]","rx_in_bevacizumab","2"
"http://www.nlm.nih.gov/research/umls/rxnorm","2660232","bevacizumab-adcd injectable product","rx_in_bevacizumab","2"
"http://www.nlm.nih.gov/research/umls/rxnorm","2660526","bevacizumab-awwb injectable product","rx_in_bevacizumab","2"
"http://www.nlm.nih.gov/research/umls/rxnorm","2660704","bevacizumab-maly injectable product","rx_in_bevacizumab","2"
"http://www.nlm.nih.gov/research/umls/rxnorm","2663568","bevacizumab-bvzr injectable product","rx_in_bevacizumab","2"
"http://www.nlm.nih.gov/research/umls/rxnorm","437105","bevacizumab 25 mg/ml","rx_in_bevacizumab","3"
"http://www.nlm.nih.gov/research/umls/rxnorm","544556","bevacizumab 25 mg/ml [avastin]","rx_in_bevacizumab","3"
"http://www.nlm.nih.gov/research/umls/rxnorm","1156104","carboplatin injectable product","rx_in_carboplatin","12"
"http://www.nlm.nih.gov/research/umls/rxnorm","1182364","paraplatin injectable product","rx_in_carboplatin","6"
"http://www.nlm.nih.gov/research/umls/rxnorm","2114006","carboplatin only product","rx_in_carboplatin","3"
"http://www.nlm.nih.gov/research/umls/rxnorm","2114007","carboplatin only product in parenteral dose form","rx_in_carboplatin","3"
"http://www.nlm.nih.gov/research/umls/rxnorm","225852","leucovorin calcium","rx_in_carboplatin","1"
"http://www.nlm.nih.gov/research/umls/rxnorm","309005","carboplatin 5 mg/ml injectable solution","rx_in_carboplatin","6"
"http://www.nlm.nih.gov/research/umls/rxnorm","346209","carboplatin 10 mg/ml","rx_in_carboplatin","8"
"http://www.nlm.nih.gov/research/umls/rxnorm","378363","carboplatin injectable solution","rx_in_carboplatin","12"
"http://www.nlm.nih.gov/research/umls/rxnorm","40048","carboplatin","rx_in_carboplatin","12"
"http://www.nlm.nih.gov/research/umls/rxnorm","573495","carboplatin 10 mg/ml [paraplatin]","rx_in_carboplatin","8"
"http://www.nlm.nih.gov/research/umls/rxnorm","597195","carboplatin 10 mg/ml injectable solution","rx_in_carboplatin","21"
"http://www.nlm.nih.gov/research/umls/rxnorm","686161","carboplatin 10 mg/ml injectable solution [paraplatin]","rx_in_carboplatin","12"
"http://www.nlm.nih.gov/research/umls/rxnorm","93698","carboplatin injectable solution [paraplatin]","rx_in_carboplatin","12"
"http://www.nlm.nih.gov/research/umls/rxnorm","1152129","cisplatin injectable product","rx_in_cisplatin","10"
"http://www.nlm.nih.gov/research/umls/rxnorm","1156104","carboplatin injectable product","rx_in_cisplatin","12"
"http://www.nlm.nih.gov/research/umls/rxnorm","1181788","platinol injectable product","rx_in_cisplatin","2"
"http://www.nlm.nih.gov/research/umls/rxnorm","1182364","paraplatin injectable product","rx_in_cisplatin","6"
"http://www.nlm.nih.gov/research/umls/rxnorm","152200","paraplatin","rx_in_cisplatin","5"
"http://www.nlm.nih.gov/research/umls/rxnorm","1736852","cisplatin 50 mg","rx_in_cisplatin","8"
"http://www.nlm.nih.gov/research/umls/rxnorm","1736853","cisplatin injection","rx_in_cisplatin","10"
"http://www.nlm.nih.gov/research/umls/rxnorm","1736854","cisplatin 50 mg injection","rx_in_cisplatin","18"
"http://www.nlm.nih.gov/research/umls/rxnorm","1736855","cisplatin 50 mg [platinol]","rx_in_cisplatin","2"
"http://www.nlm.nih.gov/research/umls/rxnorm","1736856","cisplatin injection [platinol]","rx_in_cisplatin","4"
"http://www.nlm.nih.gov/research/umls/rxnorm","1736857","cisplatin 50 mg injection [platinol]","rx_in_cisplatin","4"
"http://www.nlm.nih.gov/research/umls/rxnorm","1736870","cisplatin 0.5mg/ml inj","rx_in_cisplatin","2"
"http://www.nlm.nih.gov/research/umls/rxnorm","1736876","cisplatin 10mg/vil inj","rx_in_cisplatin","2"
"http://www.nlm.nih.gov/research/umls/rxnorm","202856","platinol","rx_in_cisplatin","2"
"http://www.nlm.nih.gov/research/umls/rxnorm","205821","cisplatin 1 mg/ml injectable solution [platinol]","rx_in_cisplatin","4"
"http://www.nlm.nih.gov/research/umls/rxnorm","2111292","cisplatin liposome only product","rx_in_cisplatin","2"
"http://www.nlm.nih.gov/research/umls/rxnorm","2111293","cisplatin liposome only product in parenteral dose form","rx_in_cisplatin","2"
"http://www.nlm.nih.gov/research/umls/rxnorm","2111294","cisplatin only product","rx_in_cisplatin","2"
"http://www.nlm.nih.gov/research/umls/rxnorm","2111295","cisplatin only product in parenteral dose form","rx_in_cisplatin","2"
"http://www.nlm.nih.gov/research/umls/rxnorm","2114006","carboplatin only product","rx_in_cisplatin","3"
"http://www.nlm.nih.gov/research/umls/rxnorm","2114007","carboplatin only product in parenteral dose form","rx_in_cisplatin","3"
"http://www.nlm.nih.gov/research/umls/rxnorm","2117684","cisplatin liposome","rx_in_cisplatin","2"
"http://www.nlm.nih.gov/research/umls/rxnorm","225852","leucovorin calcium","rx_in_cisplatin","1"
"http://www.nlm.nih.gov/research/umls/rxnorm","2555","cisplatin","rx_in_cisplatin","8"
"http://www.nlm.nih.gov/research/umls/rxnorm","309005","carboplatin 5 mg/ml injectable solution","rx_in_cisplatin","6"
"http://www.nlm.nih.gov/research/umls/rxnorm","309311","cisplatin 1 mg/ml injectable solution","rx_in_cisplatin","18"
"http://www.nlm.nih.gov/research/umls/rxnorm","328303","cisplatin 1 mg/ml","rx_in_cisplatin","8"
"http://www.nlm.nih.gov/research/umls/rxnorm","376433","cisplatin injectable solution","rx_in_cisplatin","10"
"http://www.nlm.nih.gov/research/umls/rxnorm","378363","carboplatin injectable solution","rx_in_cisplatin","12"
"http://www.nlm.nih.gov/research/umls/rxnorm","40048","carboplatin","rx_in_cisplatin","12"
"http://www.nlm.nih.gov/research/umls/rxnorm","566711","cisplatin 1 mg/ml [platinol]","rx_in_cisplatin","2"
"http://www.nlm.nih.gov/research/umls/rxnorm","597195","carboplatin 10 mg/ml injectable solution","rx_in_cisplatin","21"
"http://www.nlm.nih.gov/research/umls/rxnorm","686161","carboplatin 10 mg/ml injectable solution [paraplatin]","rx_in_cisplatin","12"
"http://www.nlm.nih.gov/research/umls/rxnorm","93698","carboplatin injectable solution [paraplatin]","rx_in_cisplatin","12"
"http://www.nlm.nih.gov/research/umls/rxnorm","93789","cisplatin injectable solution [platinol]","rx_in_cisplatin","4"
"http://www.nlm.nih.gov/research/umls/rxnorm","105592","etoposide 50 mg oral capsule [vepesid]","rx_in_etoposide","2"
"http://www.nlm.nih.gov/research/umls/rxnorm","105593","etoposide 100 mg oral capsule [vepesid]","rx_in_etoposide","2"
"http://www.nlm.nih.gov/research/umls/rxnorm","1157928","etoposide injectable product","rx_in_etoposide","4"
"http://www.nlm.nih.gov/research/umls/rxnorm","1157929","etoposide oral product","rx_in_etoposide","4"
"http://www.nlm.nih.gov/research/umls/rxnorm","1157930","etoposide pill","rx_in_etoposide","4"
"http://www.nlm.nih.gov/research/umls/rxnorm","1178005","toposar injectable product","rx_in_etoposide","4"
"http://www.nlm.nih.gov/research/umls/rxnorm","1187877","vepesid injectable product","rx_in_etoposide","2"
"http://www.nlm.nih.gov/research/umls/rxnorm","1187878","vepesid oral product","rx_in_etoposide","2"
"http://www.nlm.nih.gov/research/umls/rxnorm","1187879","vepesid pill","rx_in_etoposide","2"
"http://www.nlm.nih.gov/research/umls/rxnorm","1734339","etoposide injection","rx_in_etoposide","4"
"http://www.nlm.nih.gov/research/umls/rxnorm","1734340","etoposide 100 mg injection","rx_in_etoposide","10"
"http://www.nlm.nih.gov/research/umls/rxnorm","1734342","etoposide 100 mg [etopophos]","rx_in_etoposide","4"
"http://www.nlm.nih.gov/research/umls/rxnorm","1734343","etoposide injection [etopophos]","rx_in_etoposide","4"
"http://www.nlm.nih.gov/research/umls/rxnorm","1734344","etopophos injectable product","rx_in_etoposide","4"
"http://www.nlm.nih.gov/research/umls/rxnorm","197687","etoposide 50 mg oral capsule","rx_in_etoposide","10"
"http://www.nlm.nih.gov/research/umls/rxnorm","199315","etoposide 100 mg oral capsule","rx_in_etoposide","10"
"http://www.nlm.nih.gov/research/umls/rxnorm","203058","vepesid","rx_in_etoposide","2"
"http://www.nlm.nih.gov/research/umls/rxnorm","206831","toposar 20 mg/ml injectable solution","rx_in_etoposide","8"
"http://www.nlm.nih.gov/research/umls/rxnorm","206832","etoposide 20 mg/ml injectable solution [vepesid]","rx_in_etoposide","2"
"http://www.nlm.nih.gov/research/umls/rxnorm","2112013","etoposide only product","rx_in_etoposide","2"
"http://www.nlm.nih.gov/research/umls/rxnorm","2112014","etoposide only product in oral dose form","rx_in_etoposide","2"
"http://www.nlm.nih.gov/research/umls/rxnorm","2112015","etoposide only product in parenteral dose form","rx_in_etoposide","2"
"http://www.nlm.nih.gov/research/umls/rxnorm","220347","toposar","rx_in_etoposide","4"
"http://www.nlm.nih.gov/research/umls/rxnorm","226719","etopophos 100 mg injection","rx_in_etoposide","8"
"http://www.nlm.nih.gov/research/umls/rxnorm","274342","etopophos","rx_in_etoposide","4"
"http://www.nlm.nih.gov/research/umls/rxnorm","310248","etoposide 20 mg/ml injectable solution","rx_in_etoposide","10"
"http://www.nlm.nih.gov/research/umls/rxnorm","315912","etoposide 20 mg/ml","rx_in_etoposide","4"
"http://www.nlm.nih.gov/research/umls/rxnorm","315913","etoposide 50 mg","rx_in_etoposide","4"
"http://www.nlm.nih.gov/research/umls/rxnorm","329753","etoposide 100 mg","rx_in_etoposide","4"
"http://www.nlm.nih.gov/research/umls/rxnorm","362881","etoposide injectable solution [toposar]","rx_in_etoposide","4"
"http://www.nlm.nih.gov/research/umls/rxnorm","362972","etoposide injectable solution [vepesid]","rx_in_etoposide","2"
"http://www.nlm.nih.gov/research/umls/rxnorm","366233","etoposide oral capsule [vepesid]","rx_in_etoposide","2"
"http://www.nlm.nih.gov/research/umls/rxnorm","372132","etoposide oral capsule","rx_in_etoposide","4"
"http://www.nlm.nih.gov/research/umls/rxnorm","376890","etoposide injectable solution","rx_in_etoposide","4"
"http://www.nlm.nih.gov/research/umls/rxnorm","4179","etoposide","rx_in_etoposide","4"
"http://www.nlm.nih.gov/research/umls/rxnorm","436879","etoposide 10 mg/ml injectable solution","rx_in_etoposide","2"
"http://www.nlm.nih.gov/research/umls/rxnorm","564107","etoposide 50 mg [vepesid]","rx_in_etoposide","2"
"http://www.nlm.nih.gov/research/umls/rxnorm","564108","etoposide 100 mg [vepesid]","rx_in_etoposide","2"
"http://www.nlm.nih.gov/research/umls/rxnorm","567639","etoposide 20 mg/ml [toposar]","rx_in_etoposide","4"
"http://www.nlm.nih.gov/research/umls/rxnorm","567640","etoposide 20 mg/ml [vepesid]","rx_in_etoposide","2"
"http://www.nlm.nih.gov/research/umls/rxnorm","1161334","irinotecan injectable product","rx_in_irinotecan","4"
"http://www.nlm.nih.gov/research/umls/rxnorm","1172305","camptosar injectable product","rx_in_irinotecan","4"
"http://www.nlm.nih.gov/research/umls/rxnorm","1516270","irinotecan sucrosofate","rx_in_irinotecan","2"
"http://www.nlm.nih.gov/research/umls/rxnorm","1719768","irinotecan liposomal","rx_in_irinotecan","4"
"http://www.nlm.nih.gov/research/umls/rxnorm","1719769","irinotecan hydrochloride liposome 4.3 mg/ml","rx_in_irinotecan","4"
"http://www.nlm.nih.gov/research/umls/rxnorm","1719772","10 ml irinotecan hydrochloride liposome 4.3 mg/ml injection","rx_in_irinotecan","4"
"http://www.nlm.nih.gov/research/umls/rxnorm","1719773","onivyde","rx_in_irinotecan","4"
"http://www.nlm.nih.gov/research/umls/rxnorm","1719774","irinotecan hydrochloride liposome 4.3 mg/ml [onivyde]","rx_in_irinotecan","4"
"http://www.nlm.nih.gov/research/umls/rxnorm","1719776","onivyde injectable product","rx_in_irinotecan","4"
"http://www.nlm.nih.gov/research/umls/rxnorm","1719777","10 ml irinotecan hydrochloride liposome 4.3 mg/ml injection [onivyde]","rx_in_irinotecan","4"
"http://www.nlm.nih.gov/research/umls/rxnorm","1719778","irinotecan hydrochloride liposome 4.3 mg/ml injection","rx_in_irinotecan","2"
"http://www.nlm.nih.gov/research/umls/rxnorm","1719779","irinotecan hydrochloride liposome 4.3 mg/ml injection [onivyde]","rx_in_irinotecan","2"
"http://www.nlm.nih.gov/research/umls/rxnorm","1726318","irinotecan injection","rx_in_irinotecan","4"
"http://www.nlm.nih.gov/research/umls/rxnorm","1726319","2 ml irinotecan hydrochloride 20 mg/ml injection","rx_in_irinotecan","5"
"http://www.nlm.nih.gov/research/umls/rxnorm","1726320","irinotecan injection [camptosar]","rx_in_irinotecan","4"
"http://www.nlm.nih.gov/research/umls/rxnorm","1726321","2 ml camptosar 20 mg/ml injection","rx_in_irinotecan","4"
"http://www.nlm.nih.gov/research/umls/rxnorm","1726322","irinotecan hydrochloride 20 mg/ml injection","rx_in_irinotecan","2"
"http://www.nlm.nih.gov/research/umls/rxnorm","1726323","camptosar 20 mg/ml injection","rx_in_irinotecan","2"
"http://www.nlm.nih.gov/research/umls/rxnorm","1726324","5 ml irinotecan hydrochloride 20 mg/ml injection","rx_in_irinotecan","5"
"http://www.nlm.nih.gov/research/umls/rxnorm","1726325","5 ml camptosar 20 mg/ml injection","rx_in_irinotecan","4"
"http://www.nlm.nih.gov/research/umls/rxnorm","1726333","15 ml irinotecan hydrochloride 20 mg/ml injection","rx_in_irinotecan","5"
"http://www.nlm.nih.gov/research/umls/rxnorm","1726335","15 ml camptosar 20 mg/ml injection","rx_in_irinotecan","4"
"http://www.nlm.nih.gov/research/umls/rxnorm","1726492","25 ml irinotecan hydrochloride 20 mg/ml injection","rx_in_irinotecan","5"
"http://www.nlm.nih.gov/research/umls/rxnorm","1940992","irinotecan hydrochloride trihydrate","rx_in_irinotecan","2"
"http://www.nlm.nih.gov/research/umls/rxnorm","203652","camptosar","rx_in_irinotecan","4"
"http://www.nlm.nih.gov/research/umls/rxnorm","2114503","irinotecan liposome only product","rx_in_irinotecan","2"
"http://www.nlm.nih.gov/research/umls/rxnorm","2114504","irinotecan liposome only product in parenteral dose form","rx_in_irinotecan","2"
"http://www.nlm.nih.gov/research/umls/rxnorm","2114505","irinotecan only product","rx_in_irinotecan","2"
"http://www.nlm.nih.gov/research/umls/rxnorm","2114506","irinotecan only product in parenteral dose form","rx_in_irinotecan","2"
"http://www.nlm.nih.gov/research/umls/rxnorm","2284502","irinotecan injection [onivyde]","rx_in_irinotecan","4"
"http://www.nlm.nih.gov/research/umls/rxnorm","2567484","irinotecan hydrochloride trihydrate 20 mg/ml solution for injection","rx_in_irinotecan","2"
"http://www.nlm.nih.gov/research/umls/rxnorm","2608737","irinotecan hydrochloride trihydrate 20 mg/ml solution for infusion and/or injection","rx_in_irinotecan","2"
"http://www.nlm.nih.gov/research/umls/rxnorm","2647503","irinotecan hydrochloride injection","rx_in_irinotecan","2"
"http://www.nlm.nih.gov/research/umls/rxnorm","2648688","irinotecan hydrochloride liposome injection","rx_in_irinotecan","2"
"http://www.nlm.nih.gov/research/umls/rxnorm","2654471","irinotecan hydrochloride liposome injection [onivyde]","rx_in_irinotecan","2"
"http://www.nlm.nih.gov/research/umls/rxnorm","2656798","irinotecan hydrochloride injection [camptosar]","rx_in_irinotecan","2"
"http://www.nlm.nih.gov/research/umls/rxnorm","2660189","irinotecan hydrochloride injectable product","rx_in_irinotecan","2"
"http://www.nlm.nih.gov/research/umls/rxnorm","2660599","irinotecan hydrochloride liposome injectable product","rx_in_irinotecan","2"
"http://www.nlm.nih.gov/research/umls/rxnorm","51499","irinotecan","rx_in_irinotecan","4"
"http://www.nlm.nih.gov/research/umls/rxnorm","904159","irinotecan hydrochloride 20 mg/ml","rx_in_irinotecan","4"
"http://www.nlm.nih.gov/research/umls/rxnorm","904161","irinotecan hydrochloride 20 mg/ml [camptosar]","rx_in_irinotecan","4"
"http://www.nlm.nih.gov/research/umls/rxnorm","105560","ccnu 10 mg oral capsule","rx_in_lomustine","2"
"http://www.nlm.nih.gov/research/umls/rxnorm","105561","ccnu 40 mg oral capsule","rx_in_lomustine","2"
"http://www.nlm.nih.gov/research/umls/rxnorm","1165319","lomustine oral product","rx_in_lomustine","4"
"http://www.nlm.nih.gov/research/umls/rxnorm","1165320","lomustine pill","rx_in_lomustine","4"
"http://www.nlm.nih.gov/research/umls/rxnorm","1170165","ccnu oral product","rx_in_lomustine","2"
"http://www.nlm.nih.gov/research/umls/rxnorm","1170166","ccnu pill","rx_in_lomustine","2"
"http://www.nlm.nih.gov/research/umls/rxnorm","1176425","ceenu oral product","rx_in_lomustine","2"
"http://www.nlm.nih.gov/research/umls/rxnorm","1176426","ceenu pill","rx_in_lomustine","2"
"http://www.nlm.nih.gov/research/umls/rxnorm","1545772","lomustine 10 mg [gleostine]","rx_in_lomustine","4"
"http://www.nlm.nih.gov/research/umls/rxnorm","1545773","lomustine oral capsule [gleostine]","rx_in_lomustine","4"
"http://www.nlm.nih.gov/research/umls/rxnorm","1545774","gleostine oral product","rx_in_lomustine","4"
"http://www.nlm.nih.gov/research/umls/rxnorm","1545775","gleostine pill","rx_in_lomustine","4"
"http://www.nlm.nih.gov/research/umls/rxnorm","1545776","gleostine 10 mg oral capsule","rx_in_lomustine","8"
"http://www.nlm.nih.gov/research/umls/rxnorm","1545777","lomustine 100 mg [gleostine]","rx_in_lomustine","4"
"http://www.nlm.nih.gov/research/umls/rxnorm","1545778","gleostine 100 mg oral capsule","rx_in_lomustine","8"
"http://www.nlm.nih.gov/research/umls/rxnorm","1545779","lomustine 40 mg [gleostine]","rx_in_lomustine","4"
"http://www.nlm.nih.gov/research/umls/rxnorm","1545780","gleostine 40 mg oral capsule","rx_in_lomustine","8"
"http://www.nlm.nih.gov/research/umls/rxnorm","1720734","lomustine 5 mg","rx_in_lomustine","4"
"http://www.nlm.nih.gov/research/umls/rxnorm","1720735","lomustine 5 mg oral capsule","rx_in_lomustine","10"
"http://www.nlm.nih.gov/research/umls/rxnorm","1720736","lomustine 5 mg [gleostine]","rx_in_lomustine","4"
"http://www.nlm.nih.gov/research/umls/rxnorm","1720737","gleostine 5 mg oral capsule","rx_in_lomustine","8"
"http://www.nlm.nih.gov/research/umls/rxnorm","197894","lomustine 10 mg oral capsule","rx_in_lomustine","10"
"http://www.nlm.nih.gov/research/umls/rxnorm","197895","lomustine 100 mg oral capsule","rx_in_lomustine","10"
"http://www.nlm.nih.gov/research/umls/rxnorm","197896","lomustine 40 mg oral capsule","rx_in_lomustine","10"
"http://www.nlm.nih.gov/research/umls/rxnorm","206794","ceenu 10 mg oral capsule","rx_in_lomustine","4"
"http://www.nlm.nih.gov/research/umls/rxnorm","206795","ceenu 40 mg oral capsule","rx_in_lomustine","4"
"http://www.nlm.nih.gov/research/umls/rxnorm","206796","ceenu 100 mg oral capsule","rx_in_lomustine","4"
"http://www.nlm.nih.gov/research/umls/rxnorm","2114986","lomustine only product in oral dose form","rx_in_lomustine","2"
"http://www.nlm.nih.gov/research/umls/rxnorm","316160","lomustine 10 mg","rx_in_lomustine","4"
"http://www.nlm.nih.gov/research/umls/rxnorm","316161","lomustine 100 mg","rx_in_lomustine","4"
"http://www.nlm.nih.gov/research/umls/rxnorm","316162","lomustine 40 mg","rx_in_lomustine","4"
"http://www.nlm.nih.gov/research/umls/rxnorm","366239","lomustine oral capsule [ceenu]","rx_in_lomustine","2"
"http://www.nlm.nih.gov/research/umls/rxnorm","366515","lomustine oral capsule [ccnu]","rx_in_lomustine","2"
"http://www.nlm.nih.gov/research/umls/rxnorm","372631","lomustine oral capsule","rx_in_lomustine","4"
"http://www.nlm.nih.gov/research/umls/rxnorm","564086","lomustine 10 mg [ccnu]","rx_in_lomustine","2"
"http://www.nlm.nih.gov/research/umls/rxnorm","564087","lomustine 40 mg [ccnu]","rx_in_lomustine","2"
"http://www.nlm.nih.gov/research/umls/rxnorm","567603","lomustine 10 mg [ceenu]","rx_in_lomustine","2"
"http://www.nlm.nih.gov/research/umls/rxnorm","567604","lomustine 40 mg [ceenu]","rx_in_lomustine","2"
"http://www.nlm.nih.gov/research/umls/rxnorm","567605","lomustine 100 mg [ceenu]","rx_in_lomustine","2"
"http://www.nlm.nih.gov/research/umls/rxnorm","759673","{2 (lomustine 10 mg oral capsule) / 2 (lomustine 100 mg oral capsule) / 2 (lomustine 40 mg oral capsule) } pack","rx_in_lomustine","2"
"http://www.nlm.nih.gov/research/umls/rxnorm","759674","ceenu dosepack","rx_in_lomustine","2"
"http://www.nlm.nih.gov/research/umls/rxnorm","105604","natulan 50 mg oral capsule","rx_in_procarbazine","1"
"http://www.nlm.nih.gov/research/umls/rxnorm","1161732","procarbazine oral product","rx_in_procarbazine","3"
"http://www.nlm.nih.gov/research/umls/rxnorm","1161733","procarbazine pill","rx_in_procarbazine","3"
"http://www.nlm.nih.gov/research/umls/rxnorm","1179843","natulan oral product","rx_in_procarbazine","1"
"http://www.nlm.nih.gov/research/umls/rxnorm","1179844","natulan pill","rx_in_procarbazine","1"
"http://www.nlm.nih.gov/research/umls/rxnorm","1181565","matulane oral product","rx_in_procarbazine","3"
"http://www.nlm.nih.gov/research/umls/rxnorm","1181566","matulane pill","rx_in_procarbazine","3"
"http://www.nlm.nih.gov/research/umls/rxnorm","1803932","leucovorin 100 mg injection","rx_in_procarbazine","2"
"http://www.nlm.nih.gov/research/umls/rxnorm","203800","natulan","rx_in_procarbazine","1"
"http://www.nlm.nih.gov/research/umls/rxnorm","203801","matulane","rx_in_procarbazine","3"
"http://www.nlm.nih.gov/research/umls/rxnorm","207588","matulane 50 mg oral capsule","rx_in_procarbazine","6"
"http://www.nlm.nih.gov/research/umls/rxnorm","2115563","procarbazine only product","rx_in_procarbazine","1"
"http://www.nlm.nih.gov/research/umls/rxnorm","2115564","procarbazine only product in oral dose form","rx_in_procarbazine","1"
"http://www.nlm.nih.gov/research/umls/rxnorm","314167","procarbazine 50 mg oral capsule","rx_in_procarbazine","4"
"http://www.nlm.nih.gov/research/umls/rxnorm","328546","procarbazine 50 mg","rx_in_procarbazine","3"
"http://www.nlm.nih.gov/research/umls/rxnorm","366519","procarbazine oral capsule [natulan]","rx_in_procarbazine","1"
"http://www.nlm.nih.gov/research/umls/rxnorm","366728","procarbazine oral capsule [matulane]","rx_in_procarbazine","3"
"http://www.nlm.nih.gov/research/umls/rxnorm","373602","procarbazine oral capsule","rx_in_procarbazine","3"
"http://www.nlm.nih.gov/research/umls/rxnorm","564115","procarbazine 50 mg [natulan]","rx_in_procarbazine","1"
"http://www.nlm.nih.gov/research/umls/rxnorm","568345","procarbazine 50 mg [matulane]","rx_in_procarbazine","3"
"http://www.nlm.nih.gov/research/umls/rxnorm","8702","procarbazine","rx_in_procarbazine","3"
"http://www.nlm.nih.gov/research/umls/rxnorm","1161485","temozolomide injectable product","rx_in_temozolomide","4"
"http://www.nlm.nih.gov/research/umls/rxnorm","1161486","temozolomide oral product","rx_in_temozolomide","4"
"http://www.nlm.nih.gov/research/umls/rxnorm","1161487","temozolomide pill","rx_in_temozolomide","4"
"http://www.nlm.nih.gov/research/umls/rxnorm","1181413","temodar injectable product","rx_in_temozolomide","4"
"http://www.nlm.nih.gov/research/umls/rxnorm","1181414","temodar oral product","rx_in_temozolomide","4"
"http://www.nlm.nih.gov/research/umls/rxnorm","1181415","temodar pill","rx_in_temozolomide","4"
"http://www.nlm.nih.gov/research/umls/rxnorm","1724292","temozolomide injection","rx_in_temozolomide","4"
"http://www.nlm.nih.gov/research/umls/rxnorm","1724294","temozolomide injection [temodar]","rx_in_temozolomide","4"
"http://www.nlm.nih.gov/research/umls/rxnorm","2116931","product containing only temozolomide (medicinal product)","rx_in_temozolomide","2"
"http://www.nlm.nih.gov/research/umls/rxnorm","2116932","product containing only temozolomide in oral dose form (medicinal product form)","rx_in_temozolomide","2"
"http://www.nlm.nih.gov/research/umls/rxnorm","2183648","product containing only temozolomide in parenteral dose form (medicinal product form)","rx_in_temozolomide","2"
"http://www.nlm.nih.gov/research/umls/rxnorm","261288","temodar 5 mg oral capsule","rx_in_temozolomide","8"
"http://www.nlm.nih.gov/research/umls/rxnorm","261289","temodar 20 mg oral capsule","rx_in_temozolomide","8"
"http://www.nlm.nih.gov/research/umls/rxnorm","261290","temodar 100 mg oral capsule","rx_in_temozolomide","8"
"http://www.nlm.nih.gov/research/umls/rxnorm","261291","temodar 250 mg oral capsule","rx_in_temozolomide","8"
"http://www.nlm.nih.gov/research/umls/rxnorm","313209","temozolomide 20 mg oral capsule","rx_in_temozolomide","10"
"http://www.nlm.nih.gov/research/umls/rxnorm","313210","temozolomide 250 mg oral capsule","rx_in_temozolomide","10"
"http://www.nlm.nih.gov/research/umls/rxnorm","313211","temozolomide 5 mg oral capsule","rx_in_temozolomide","10"
"http://www.nlm.nih.gov/research/umls/rxnorm","317160","temozolomide 100 mg oral capsule","rx_in_temozolomide","10"
"http://www.nlm.nih.gov/research/umls/rxnorm","330405","temozolomide 20 mg","rx_in_temozolomide","4"
"http://www.nlm.nih.gov/research/umls/rxnorm","330797","temozolomide 100 mg","rx_in_temozolomide","4"
"http://www.nlm.nih.gov/research/umls/rxnorm","331482","temozolomide 5 mg","rx_in_temozolomide","4"
"http://www.nlm.nih.gov/research/umls/rxnorm","331483","temozolomide 250 mg","rx_in_temozolomide","4"
"http://www.nlm.nih.gov/research/umls/rxnorm","366431","temozolomide oral capsule [temodar]","rx_in_temozolomide","4"
"http://www.nlm.nih.gov/research/umls/rxnorm","374610","temozolomide oral capsule","rx_in_temozolomide","4"
"http://www.nlm.nih.gov/research/umls/rxnorm","37776","temozolomide","rx_in_temozolomide","4"
"http://www.nlm.nih.gov/research/umls/rxnorm","574513","temozolomide 5 mg [temodar]","rx_in_temozolomide","4"
"http://www.nlm.nih.gov/research/umls/rxnorm","574514","temozolomide 20 mg [temodar]","rx_in_temozolomide","4"
"http://www.nlm.nih.gov/research/umls/rxnorm","574515","temozolomide 100 mg [temodar]","rx_in_temozolomide","4"
"http://www.nlm.nih.gov/research/umls/rxnorm","574516","temozolomide 250 mg [temodar]","rx_in_temozolomide","4"
"http://www.nlm.nih.gov/research/umls/rxnorm","700882","temozolomide 140 mg","rx_in_temozolomide","4"
"http://www.nlm.nih.gov/research/umls/rxnorm","700883","temozolomide 140 mg oral capsule","rx_in_temozolomide","10"
"http://www.nlm.nih.gov/research/umls/rxnorm","700884","temozolomide 180 mg","rx_in_temozolomide","4"
"http://www.nlm.nih.gov/research/umls/rxnorm","700885","temozolomide 180 mg oral capsule","rx_in_temozolomide","10"
"http://www.nlm.nih.gov/research/umls/rxnorm","705616","temozolomide 140 mg [temodar]","rx_in_temozolomide","4"
"http://www.nlm.nih.gov/research/umls/rxnorm","705617","temodar 140 mg oral capsule","rx_in_temozolomide","8"
"http://www.nlm.nih.gov/research/umls/rxnorm","705618","temozolomide 180 mg [temodar]","rx_in_temozolomide","4"
"http://www.nlm.nih.gov/research/umls/rxnorm","705619","temodar 180 mg oral capsule","rx_in_temozolomide","8"
"http://www.nlm.nih.gov/research/umls/rxnorm","835945","temozolomide 100 mg injection","rx_in_temozolomide","8"
"http://www.nlm.nih.gov/research/umls/rxnorm","835948","temodar 100 mg injection","rx_in_temozolomide","8"
"http://www.nlm.nih.gov/research/umls/rxnorm","10485","thioguanine","rx_in_thioguanine","4"
"http://www.nlm.nih.gov/research/umls/rxnorm","105590","tabloid 40 mg oral tablet","rx_in_thioguanine","8"
"http://www.nlm.nih.gov/research/umls/rxnorm","1165526","thioguanine oral product","rx_in_thioguanine","4"
"http://www.nlm.nih.gov/research/umls/rxnorm","1165527","thioguanine pill","rx_in_thioguanine","4"
"http://www.nlm.nih.gov/research/umls/rxnorm","1177820","tabloid oral product","rx_in_thioguanine","4"
"http://www.nlm.nih.gov/research/umls/rxnorm","1177821","tabloid pill","rx_in_thioguanine","4"
"http://www.nlm.nih.gov/research/umls/rxnorm","198269","thioguanine 40 mg oral tablet","rx_in_thioguanine","10"
"http://www.nlm.nih.gov/research/umls/rxnorm","2116074","product containing only tioguanine (medicinal product)","rx_in_thioguanine","2"
"http://www.nlm.nih.gov/research/umls/rxnorm","2116075","product containing only tioguanine in oral dose form (medicinal product form)","rx_in_thioguanine","2"
"http://www.nlm.nih.gov/research/umls/rxnorm","316813","thioguanine 40 mg","rx_in_thioguanine","4"
"http://www.nlm.nih.gov/research/umls/rxnorm","368664","thioguanine oral tablet [tabloid]","rx_in_thioguanine","4"
"http://www.nlm.nih.gov/research/umls/rxnorm","374104","thioguanine oral tablet","rx_in_thioguanine","4"
"http://www.nlm.nih.gov/research/umls/rxnorm","564106","thioguanine 40 mg [tabloid]","rx_in_thioguanine","4"
"http://www.nlm.nih.gov/research/umls/rxnorm","1425099","trametinib","rx_in_trametinib","5"
"http://www.nlm.nih.gov/research/umls/rxnorm","1425100","trametinib 0.5 mg","rx_in_trametinib","3"
"http://www.nlm.nih.gov/research/umls/rxnorm","1425101","trametinib oral product","rx_in_trametinib","5"
"http://www.nlm.nih.gov/research/umls/rxnorm","1425102","trametinib pill","rx_in_trametinib","3"
"http://www.nlm.nih.gov/research/umls/rxnorm","1425103","trametinib oral tablet","rx_in_trametinib","5"
"http://www.nlm.nih.gov/research/umls/rxnorm","1425104","trametinib 0.5 mg oral tablet","rx_in_trametinib","10"
"http://www.nlm.nih.gov/research/umls/rxnorm","1425105","mekinist","rx_in_trametinib","5"
"http://www.nlm.nih.gov/research/umls/rxnorm","1425106","trametinib 0.5 mg [mekinist]","rx_in_trametinib","3"
"http://www.nlm.nih.gov/research/umls/rxnorm","1425107","trametinib oral tablet [mekinist]","rx_in_trametinib","5"
"http://www.nlm.nih.gov/research/umls/rxnorm","1425108","mekinist oral product","rx_in_trametinib","5"
"http://www.nlm.nih.gov/research/umls/rxnorm","1425109","mekinist pill","rx_in_trametinib","3"
"http://www.nlm.nih.gov/research/umls/rxnorm","1425110","mekinist 0.5 mg oral tablet","rx_in_trametinib","10"
"http://www.nlm.nih.gov/research/umls/rxnorm","1425111","trametinib 1 mg","rx_in_trametinib","2"
"http://www.nlm.nih.gov/research/umls/rxnorm","1425112","trametinib 1 mg (as trametinib dimethyl sulfoxide 1.127 mg) oral tablet","rx_in_trametinib","4"
"http://www.nlm.nih.gov/research/umls/rxnorm","1425113","trametinib 1 mg [mekinist]","rx_in_trametinib","2"
"http://www.nlm.nih.gov/research/umls/rxnorm","1425114","mekinist 1 mg (as 1.127 trametinib dimethyl sulfoxide mg) oral tablet","rx_in_trametinib","4"
"http://www.nlm.nih.gov/research/umls/rxnorm","1425115","trametinib 2 mg","rx_in_trametinib","3"
"http://www.nlm.nih.gov/research/umls/rxnorm","1425116","trametinib 2 mg oral tablet","rx_in_trametinib","10"
"http://www.nlm.nih.gov/research/umls/rxnorm","1425117","trametinib 2 mg [mekinist]","rx_in_trametinib","3"
"http://www.nlm.nih.gov/research/umls/rxnorm","1425118","mekinist 2 mg oral tablet","rx_in_trametinib","10"
"http://www.nlm.nih.gov/research/umls/rxnorm","2116633","product containing only trametinib (medicinal product)","rx_in_trametinib","4"
"http://www.nlm.nih.gov/research/umls/rxnorm","2116634","product containing only trametinib in oral dose form (medicinal product form)","rx_in_trametinib","4"
"http://www.nlm.nih.gov/research/umls/rxnorm","2632557","trametinib 0.05 mg/ml","rx_in_trametinib","3"
"http://www.nlm.nih.gov/research/umls/rxnorm","2632558","trametinib oral liquid product","rx_in_trametinib","3"
"http://www.nlm.nih.gov/research/umls/rxnorm","2632559","trametinib oral solution","rx_in_trametinib","5"
"http://www.nlm.nih.gov/research/umls/rxnorm","2632560","trametinib 0.05 mg (equivalent to trametinib dimethyl sulfoxide) per 1 ml oral solution","rx_in_trametinib","5"
"http://www.nlm.nih.gov/research/umls/rxnorm","2632561","trametinib 0.05 mg/ml [mekinist]","rx_in_trametinib","3"
"http://www.nlm.nih.gov/research/umls/rxnorm","2632562","mekinist oral liquid product","rx_in_trametinib","3"
"http://www.nlm.nih.gov/research/umls/rxnorm","2632563","trametinib oral solution [mekinist]","rx_in_trametinib","5"
"http://www.nlm.nih.gov/research/umls/rxnorm","2632564","mekinist 0.05 mg in 1 ml oral solution","rx_in_trametinib","5"
"http://www.nlm.nih.gov/research/umls/rxnorm","1160527","vinblastine injectable product","rx_in_vinblastine","8"
"http://www.nlm.nih.gov/research/umls/rxnorm","2053808","product containing precisely vinblastine sulfate 10 milligram/1 vial powder for conventional release solution for injection","rx_in_vinblastine","2"
"http://www.nlm.nih.gov/research/umls/rxnorm","2116314","product containing only vinblastine (medicinal product)","rx_in_vinblastine","2"
"http://www.nlm.nih.gov/research/umls/rxnorm","2116315","product containing only vinblastine in parenteral dose form (medicinal product form)","rx_in_vinblastine","2"
"http://www.nlm.nih.gov/research/umls/rxnorm","2647371","vinblastine sulfate injectable solution","rx_in_vinblastine","2"
"http://www.nlm.nih.gov/research/umls/rxnorm","2659644","vinblastine sulfate injectable product","rx_in_vinblastine","2"
"http://www.nlm.nih.gov/research/umls/rxnorm","376857","vinblastine injectable solution","rx_in_vinblastine","8"
"http://www.nlm.nih.gov/research/umls/rxnorm","11202","vincristine","rx_in_vincristine","8"
"http://www.nlm.nih.gov/research/umls/rxnorm","1160531","vincristine injectable product","rx_in_vincristine","8"
"http://www.nlm.nih.gov/research/umls/rxnorm","1186612","vincasar injectable product","rx_in_vincristine","4"
"http://www.nlm.nih.gov/research/umls/rxnorm","1304992","vincristine sulfate liposome 0.16 mg/ml","rx_in_vincristine","6"
"http://www.nlm.nih.gov/research/umls/rxnorm","1304995","31 ml vincristine sulfate liposome 0.16 mg/ml injection","rx_in_vincristine","8"
"http://www.nlm.nih.gov/research/umls/rxnorm","1304996","marqibo","rx_in_vincristine","4"
"http://www.nlm.nih.gov/research/umls/rxnorm","1304997","vincristine sulfate liposome 0.16 mg/ml [marqibo]","rx_in_vincristine","6"
"http://www.nlm.nih.gov/research/umls/rxnorm","1304999","marqibo injectable product","rx_in_vincristine","4"
"http://www.nlm.nih.gov/research/umls/rxnorm","1305000","31 ml vincristine sulfate liposome 0.16 mg/ml injection [marqibo]","rx_in_vincristine","8"
"http://www.nlm.nih.gov/research/umls/rxnorm","1360496","vincristine sulfate 1 mg/ml prefilled syringe","rx_in_vincristine","4"
"http://www.nlm.nih.gov/research/umls/rxnorm","1727297","vincristine sulfate liposome 0.16 mg/ml injection","rx_in_vincristine","4"
"http://www.nlm.nih.gov/research/umls/rxnorm","1727298","vincristine sulfate liposome 0.16 mg/ml injection [marqibo]","rx_in_vincristine","4"
"http://www.nlm.nih.gov/research/umls/rxnorm","1863342","vincristine injection","rx_in_vincristine","8"
"http://www.nlm.nih.gov/research/umls/rxnorm","1863343","1 ml vincristine sulfate 1 mg/ml injection","rx_in_vincristine","10"
"http://www.nlm.nih.gov/research/umls/rxnorm","1863346","vincristine injection [vincasar]","rx_in_vincristine","8"
"http://www.nlm.nih.gov/research/umls/rxnorm","1863347","1 ml vincristine sulfate 1 mg/ml injection [vincasar]","rx_in_vincristine","8"
"http://www.nlm.nih.gov/research/umls/rxnorm","1863349","vincristine sulfate 1 mg/ml injection","rx_in_vincristine","4"
"http://www.nlm.nih.gov/research/umls/rxnorm","1863350","vincristine sulfate 1 mg/ml injection [vincasar]","rx_in_vincristine","4"
"http://www.nlm.nih.gov/research/umls/rxnorm","1863354","2 ml vincristine sulfate 1 mg/ml injection","rx_in_vincristine","10"
"http://www.nlm.nih.gov/research/umls/rxnorm","1863355","2 ml vincristine sulfate 1 mg/ml injection [vincasar]","rx_in_vincristine","8"
"http://www.nlm.nih.gov/research/umls/rxnorm","1863364","vincristine so4 1mg/mannitol 100mg/ml (pf) inj","rx_in_vincristine","2"
"http://www.nlm.nih.gov/research/umls/rxnorm","2116316","product containing only vincristine liposome (medicinal product)","rx_in_vincristine","2"
"http://www.nlm.nih.gov/research/umls/rxnorm","2116317","product containing only vincristine liposome in parenteral dose form (medicinal product form)","rx_in_vincristine","2"
"http://www.nlm.nih.gov/research/umls/rxnorm","2116318","product containing only vincristine (medicinal product)","rx_in_vincristine","2"
"http://www.nlm.nih.gov/research/umls/rxnorm","2116319","product containing only vincristine in parenteral dose form (medicinal product form)","rx_in_vincristine","2"
"http://www.nlm.nih.gov/research/umls/rxnorm","227575","vincasar","rx_in_vincristine","4"
"http://www.nlm.nih.gov/research/umls/rxnorm","2284505","vincristine injection [marqibo]","rx_in_vincristine","8"
"http://www.nlm.nih.gov/research/umls/rxnorm","2645759","vincristine sulfate injectable solution","rx_in_vincristine","2"
"http://www.nlm.nih.gov/research/umls/rxnorm","2646020","vincristine sulfate prefilled syringe","rx_in_vincristine","2"
"http://www.nlm.nih.gov/research/umls/rxnorm","2647635","vincristine sulfate liposome injection","rx_in_vincristine","2"
"http://www.nlm.nih.gov/research/umls/rxnorm","2648144","vincristine sulfate injection","rx_in_vincristine","2"
"http://www.nlm.nih.gov/research/umls/rxnorm","2654277","vincristine sulfate injection [vincasar]","rx_in_vincristine","2"
"http://www.nlm.nih.gov/research/umls/rxnorm","2657658","vincristine sulfate liposome injection [marqibo]","rx_in_vincristine","2"
"http://www.nlm.nih.gov/research/umls/rxnorm","2661690","vincristine sulfate liposome injectable product","rx_in_vincristine","2"
"http://www.nlm.nih.gov/research/umls/rxnorm","2663552","vincristine sulfate injectable product","rx_in_vincristine","2"
"http://www.nlm.nih.gov/research/umls/rxnorm","377037","vincristine injectable solution","rx_in_vincristine","4"
"http://www.nlm.nih.gov/research/umls/rxnorm","792848","vincristine prefilled syringe","rx_in_vincristine","4"
"http://www.nlm.nih.gov/research/umls/rxnorm","894892","vincristine sulfate 1 mg/ml","rx_in_vincristine","6"
"http://www.nlm.nih.gov/research/umls/rxnorm","894894","vincristine sulfate 1 mg/ml [vincasar]","rx_in_vincristine","6"
"http://www.nlm.nih.gov/research/umls/rxnorm","894899","1 ml vincristine sulfate 1 mg/ml prefilled syringe","rx_in_vincristine","4"
"http://www.nlm.nih.gov/research/umls/rxnorm","894900","2 ml vincristine sulfate 1 mg/ml prefilled syringe","rx_in_vincristine","4"
"http://www.nlm.nih.gov/research/umls/rxnorm","894902","vincristine sulfate 0.1 mg/ml injectable solution","rx_in_vincristine","4"
"http://www.nlm.nih.gov/research/umls/rxnorm","894904","vincristine sulfate 0.2 mg/ml injectable solution","rx_in_vincristine","4"
"http://www.nlm.nih.gov/research/umls/rxnorm","1001404","docetaxel 20 mg/ml","vsac_rx_cancer_directed","4"
"http://www.nlm.nih.gov/research/umls/rxnorm","1001405","docetaxel 20 mg/ml injectable solution","vsac_rx_cancer_directed","9"
"http://www.nlm.nih.gov/research/umls/rxnorm","1001432","cabazitaxel 40 mg/ml","vsac_rx_cancer_directed","2"
"http://www.nlm.nih.gov/research/umls/rxnorm","1001433","1.5 ml cabazitaxel 40 mg/ml injection","vsac_rx_cancer_directed","3"
"http://www.nlm.nih.gov/research/umls/rxnorm","1002299","nilotinib 150 mg [tasigna]","vsac_rx_cancer_directed","1"
"http://www.nlm.nih.gov/research/umls/rxnorm","1002300","tasigna 150 mg oral capsule","vsac_rx_cancer_directed","2"
"http://www.nlm.nih.gov/research/umls/rxnorm","1008398","mechlorethamine / terpin hydrate","vsac_rx_cancer_directed","2"
"http://www.nlm.nih.gov/research/umls/rxnorm","1009105","4-aminobenzoic acid / methoxsalen","vsac_rx_cancer_directed","1"
"http://www.nlm.nih.gov/research/umls/rxnorm","10114","streptozocin","vsac_rx_cancer_directed","2"
"http://www.nlm.nih.gov/research/umls/rxnorm","10122","strontium","vsac_rx_cancer_directed","1"
"http://www.nlm.nih.gov/research/umls/rxnorm","101306","herceptin","vsac_rx_cancer_directed","1"
"http://www.nlm.nih.gov/research/umls/rxnorm","103","mercaptopurine","vsac_rx_cancer_directed","3"
"http://www.nlm.nih.gov/research/umls/rxnorm","10324","tamoxifen","vsac_rx_cancer_directed","1"
"http://www.nlm.nih.gov/research/umls/rxnorm","10362","teniposide","vsac_rx_cancer_directed","2"
"http://www.nlm.nih.gov/research/umls/rxnorm","10432","thalidomide","vsac_rx_cancer_directed","1"
"http://www.nlm.nih.gov/research/umls/rxnorm","1045401","dasatinib 140 mg","vsac_rx_cancer_directed","1"
"http://www.nlm.nih.gov/research/umls/rxnorm","1045402","dasatinib 140 mg oral tablet","vsac_rx_cancer_directed","2"
"http://www.nlm.nih.gov/research/umls/rxnorm","1045403","dasatinib 140 mg [sprycel]","vsac_rx_cancer_directed","1"
"http://www.nlm.nih.gov/research/umls/rxnorm","1045404","sprycel 140 mg oral tablet","vsac_rx_cancer_directed","2"
"http://www.nlm.nih.gov/research/umls/rxnorm","1045405","dasatinib 80 mg","vsac_rx_cancer_directed","1"
"http://www.nlm.nih.gov/research/umls/rxnorm","1045406","dasatinib 80 mg oral tablet","vsac_rx_cancer_directed","2"
"http://www.nlm.nih.gov/research/umls/rxnorm","1045407","dasatinib 80 mg [sprycel]","vsac_rx_cancer_directed","1"
"http://www.nlm.nih.gov/research/umls/rxnorm","1045408","sprycel 80 mg oral tablet","vsac_rx_cancer_directed","2"
"http://www.nlm.nih.gov/research/umls/rxnorm","1045452","eribulin mesylate","vsac_rx_cancer_directed","4"
"http://www.nlm.nih.gov/research/umls/rxnorm","1045453","eribulin","vsac_rx_cancer_directed","4"
"http://www.nlm.nih.gov/research/umls/rxnorm","1045454","eribulin mesylate 0.5 mg/ml","vsac_rx_cancer_directed","4"
"http://www.nlm.nih.gov/research/umls/rxnorm","1045456","2 ml eribulin mesylate 0.5 mg/ml injection","vsac_rx_cancer_directed","6"
"http://www.nlm.nih.gov/research/umls/rxnorm","1045457","halaven","vsac_rx_cancer_directed","2"
"http://www.nlm.nih.gov/research/umls/rxnorm","1045458","eribulin mesylate 0.5 mg/ml [halaven]","vsac_rx_cancer_directed","4"
"http://www.nlm.nih.gov/research/umls/rxnorm","1045460","2 ml eribulin mesylate 0.5 mg/ml injection [halaven]","vsac_rx_cancer_directed","4"
"http://www.nlm.nih.gov/research/umls/rxnorm","10473","thiotepa","vsac_rx_cancer_directed","2"
"http://www.nlm.nih.gov/research/umls/rxnorm","10485","thioguanine","vsac_rx_cancer_directed","4"
"http://www.nlm.nih.gov/research/umls/rxnorm","105551","myleran 2 mg oral tablet","vsac_rx_cancer_directed","4"
"http://www.nlm.nih.gov/research/umls/rxnorm","105552","bicnu 100 mg injection","vsac_rx_cancer_directed","6"
"http://www.nlm.nih.gov/research/umls/rxnorm","105553","leukeran 2 mg oral tablet","vsac_rx_cancer_directed","4"
"http://www.nlm.nih.gov/research/umls/rxnorm","105556","estramustine phosphate","vsac_rx_cancer_directed","2"
"http://www.nlm.nih.gov/research/umls/rxnorm","105562","alkeran 2 mg oral tablet","vsac_rx_cancer_directed","4"
"http://www.nlm.nih.gov/research/umls/rxnorm","105566","mitobronitol 125 mg oral tablet","vsac_rx_cancer_directed","4"
"http://www.nlm.nih.gov/research/umls/rxnorm","105567","treosulfan 250 mg oral capsule","vsac_rx_cancer_directed","4"
"http://www.nlm.nih.gov/research/umls/rxnorm","105569","cosmegen 500 mcg injection","vsac_rx_cancer_directed","4"
"http://www.nlm.nih.gov/research/umls/rxnorm","105578","aclarubicin 2 mg/ml injectable solution","vsac_rx_cancer_directed","2"
"http://www.nlm.nih.gov/research/umls/rxnorm","105584","fluorouracil 250 mg oral capsule","vsac_rx_cancer_directed","4"
"http://www.nlm.nih.gov/research/umls/rxnorm","105585","methotrexate 2.5 mg oral tablet","vsac_rx_cancer_directed","8"
"http://www.nlm.nih.gov/research/umls/rxnorm","105586","methotrexate 10 mg oral tablet","vsac_rx_cancer_directed","8"
"http://www.nlm.nih.gov/research/umls/rxnorm","105590","tabloid 40 mg oral tablet","vsac_rx_cancer_directed","8"
"http://www.nlm.nih.gov/research/umls/rxnorm","105602","hydrea 500 mg oral capsule","vsac_rx_cancer_directed","4"
"http://www.nlm.nih.gov/research/umls/rxnorm","105607","nipent 10 mg injection","vsac_rx_cancer_directed","4"
"http://www.nlm.nih.gov/research/umls/rxnorm","105629","buserelin 100 mcg/actuat nasal spray","vsac_rx_cancer_directed","2"
"http://www.nlm.nih.gov/research/umls/rxnorm","105641","goserelin 3.6 mg drug implant [zoladex]","vsac_rx_cancer_directed","1"
"http://www.nlm.nih.gov/research/umls/rxnorm","105648","aldesleukin 22000000 unt injection [proleukin]","vsac_rx_cancer_directed","1"
"http://www.nlm.nih.gov/research/umls/rxnorm","105691","leucovorin 7.5 mg/ml injectable solution","vsac_rx_cancer_directed","1"
"http://www.nlm.nih.gov/research/umls/rxnorm","10753","tretinoin","vsac_rx_cancer_directed","1"
"http://www.nlm.nih.gov/research/umls/rxnorm","10803","trifluridine","vsac_rx_cancer_directed","2"
"http://www.nlm.nih.gov/research/umls/rxnorm","1088250","erlotinib 100 mg [tarceva]","vsac_rx_cancer_directed","1"
"http://www.nlm.nih.gov/research/umls/rxnorm","1088251","tarceva 100 mg oral tablet","vsac_rx_cancer_directed","2"
"http://www.nlm.nih.gov/research/umls/rxnorm","1088252","erlotinib 150 mg [tarceva]","vsac_rx_cancer_directed","1"
"http://www.nlm.nih.gov/research/umls/rxnorm","1088253","tarceva 150 mg oral tablet","vsac_rx_cancer_directed","2"
"http://www.nlm.nih.gov/research/umls/rxnorm","1088254","erlotinib 25 mg [tarceva]","vsac_rx_cancer_directed","1"
"http://www.nlm.nih.gov/research/umls/rxnorm","1088255","tarceva 25 mg oral tablet","vsac_rx_cancer_directed","2"
"http://www.nlm.nih.gov/research/umls/rxnorm","108828","casodex 50 mg oral tablet","vsac_rx_cancer_directed","2"
"http://www.nlm.nih.gov/research/umls/rxnorm","1093279","docetaxel 10 mg/ml","vsac_rx_cancer_directed","4"
"http://www.nlm.nih.gov/research/umls/rxnorm","1093280","docetaxel 10 mg/ml injectable solution","vsac_rx_cancer_directed","9"
"http://www.nlm.nih.gov/research/umls/rxnorm","1094833","ipilimumab","vsac_rx_cancer_directed","1"
"http://www.nlm.nih.gov/research/umls/rxnorm","1094834","ipilimumab 5 mg/ml","vsac_rx_cancer_directed","1"
"http://www.nlm.nih.gov/research/umls/rxnorm","1094835","ipilimumab injectable solution","vsac_rx_cancer_directed","1"
"http://www.nlm.nih.gov/research/umls/rxnorm","1094836","ipilimumab 5 mg/ml injectable solution","vsac_rx_cancer_directed","1"
"http://www.nlm.nih.gov/research/umls/rxnorm","1094837","yervoy","vsac_rx_cancer_directed","1"
"http://www.nlm.nih.gov/research/umls/rxnorm","1094838","ipilimumab 5 mg/ml [yervoy]","vsac_rx_cancer_directed","1"
"http://www.nlm.nih.gov/research/umls/rxnorm","1098413","vandetanib","vsac_rx_cancer_directed","1"
"http://www.nlm.nih.gov/research/umls/rxnorm","1098414","vandetanib 100 mg","vsac_rx_cancer_directed","1"
"http://www.nlm.nih.gov/research/umls/rxnorm","1098415","vandetanib oral tablet","vsac_rx_cancer_directed","1"
"http://www.nlm.nih.gov/research/umls/rxnorm","1098416","vandetanib 100 mg oral tablet","vsac_rx_cancer_directed","2"
"http://www.nlm.nih.gov/research/umls/rxnorm","1098417","vandetanib 300 mg","vsac_rx_cancer_directed","1"
"http://www.nlm.nih.gov/research/umls/rxnorm","1098418","vandetanib 300 mg oral tablet","vsac_rx_cancer_directed","2"
"http://www.nlm.nih.gov/research/umls/rxnorm","10995","uracil","vsac_rx_cancer_directed","2"
"http://www.nlm.nih.gov/research/umls/rxnorm","10996","uracil mustard","vsac_rx_cancer_directed","2"
"http://www.nlm.nih.gov/research/umls/rxnorm","1100071","abiraterone acetate","vsac_rx_cancer_directed","1"
"http://www.nlm.nih.gov/research/umls/rxnorm","1100072","abiraterone","vsac_rx_cancer_directed","1"
"http://www.nlm.nih.gov/research/umls/rxnorm","1100073","abiraterone acetate 250 mg","vsac_rx_cancer_directed","1"
"http://www.nlm.nih.gov/research/umls/rxnorm","1100074","abiraterone oral tablet","vsac_rx_cancer_directed","1"
"http://www.nlm.nih.gov/research/umls/rxnorm","1100075","abiraterone acetate 250 mg oral tablet","vsac_rx_cancer_directed","2"
"http://www.nlm.nih.gov/research/umls/rxnorm","1100076","zytiga","vsac_rx_cancer_directed","1"
"http://www.nlm.nih.gov/research/umls/rxnorm","1100077","abiraterone acetate 250 mg [zytiga]","vsac_rx_cancer_directed","1"
"http://www.nlm.nih.gov/research/umls/rxnorm","1100078","abiraterone oral tablet [zytiga]","vsac_rx_cancer_directed","1"
"http://www.nlm.nih.gov/research/umls/rxnorm","1100079","zytiga 250 mg oral tablet","vsac_rx_cancer_directed","2"
"http://www.nlm.nih.gov/research/umls/rxnorm","1113383","levoleucovorin 10 mg/ml","vsac_rx_cancer_directed","2"
"http://www.nlm.nih.gov/research/umls/rxnorm","1114071","caprelsa","vsac_rx_cancer_directed","1"
"http://www.nlm.nih.gov/research/umls/rxnorm","1114072","vandetanib 100 mg [caprelsa]","vsac_rx_cancer_directed","1"
"http://www.nlm.nih.gov/research/umls/rxnorm","1114073","vandetanib oral tablet [caprelsa]","vsac_rx_cancer_directed","1"
"http://www.nlm.nih.gov/research/umls/rxnorm","1114074","caprelsa 100 mg oral tablet","vsac_rx_cancer_directed","2"
"http://www.nlm.nih.gov/research/umls/rxnorm","1114095","vandetanib 300 mg [caprelsa]","vsac_rx_cancer_directed","1"
"http://www.nlm.nih.gov/research/umls/rxnorm","1114096","caprelsa 300 mg oral tablet","vsac_rx_cancer_directed","2"
"http://www.nlm.nih.gov/research/umls/rxnorm","1114693","bendamustine hydrochloride","vsac_rx_cancer_directed","2"
"http://www.nlm.nih.gov/research/umls/rxnorm","1115257","1.5 ml leuprolide acetate 30 mg/ml prefilled syringe","vsac_rx_cancer_directed","1"
"http://www.nlm.nih.gov/research/umls/rxnorm","1115258","leuprolide acetate 30 mg/ml [lupron]","vsac_rx_cancer_directed","1"
"http://www.nlm.nih.gov/research/umls/rxnorm","1115259","1.5 ml leuprolide acetate 30 mg/ml prefilled syringe [lupron]","vsac_rx_cancer_directed","1"
"http://www.nlm.nih.gov/research/umls/rxnorm","1115446","leuprolide acetate 11.25 mg/ml","vsac_rx_cancer_directed","1"
"http://www.nlm.nih.gov/research/umls/rxnorm","1115447","1 ml leuprolide acetate 11.25 mg/ml prefilled syringe","vsac_rx_cancer_directed","1"
"http://www.nlm.nih.gov/research/umls/rxnorm","1115448","leuprolide acetate 11.25 mg/ml [lupron]","vsac_rx_cancer_directed","1"
"http://www.nlm.nih.gov/research/umls/rxnorm","1115449","1 ml leuprolide acetate 11.25 mg/ml prefilled syringe [lupron]","vsac_rx_cancer_directed","1"
"http://www.nlm.nih.gov/research/umls/rxnorm","1115454","1 ml leuprolide acetate 15 mg/ml prefilled syringe","vsac_rx_cancer_directed","1"
"http://www.nlm.nih.gov/research/umls/rxnorm","1115455","leuprolide acetate 15 mg/ml [lupron]","vsac_rx_cancer_directed","1"
"http://www.nlm.nih.gov/research/umls/rxnorm","1115456","1 ml leuprolide acetate 15 mg/ml prefilled syringe [lupron]","vsac_rx_cancer_directed","1"
"http://www.nlm.nih.gov/research/umls/rxnorm","1115457","1 ml leuprolide acetate 3.75 mg/ml prefilled syringe","vsac_rx_cancer_directed","1"
"http://www.nlm.nih.gov/research/umls/rxnorm","1115458","leuprolide acetate 3.75 mg/ml [lupron]","vsac_rx_cancer_directed","1"
"http://www.nlm.nih.gov/research/umls/rxnorm","1115459","1 ml leuprolide acetate 3.75 mg/ml prefilled syringe [lupron]","vsac_rx_cancer_directed","1"
"http://www.nlm.nih.gov/research/umls/rxnorm","1115461","leuprolide acetate 7.5 mg/ml","vsac_rx_cancer_directed","1"
"http://www.nlm.nih.gov/research/umls/rxnorm","1115462","1 ml leuprolide acetate 7.5 mg/ml prefilled syringe","vsac_rx_cancer_directed","1"
"http://www.nlm.nih.gov/research/umls/rxnorm","1115463","leuprolide acetate 7.5 mg/ml [lupron]","vsac_rx_cancer_directed","1"
"http://www.nlm.nih.gov/research/umls/rxnorm","1115464","1 ml leuprolide acetate 7.5 mg/ml prefilled syringe [lupron]","vsac_rx_cancer_directed","1"
"http://www.nlm.nih.gov/research/umls/rxnorm","1115467","1.5 ml leuprolide acetate 15 mg/ml prefilled syringe","vsac_rx_cancer_directed","1"
"http://www.nlm.nih.gov/research/umls/rxnorm","1115468","1.5 ml leuprolide acetate 15 mg/ml prefilled syringe [lupron]","vsac_rx_cancer_directed","1"
"http://www.nlm.nih.gov/research/umls/rxnorm","1115470","leuprolide acetate 20 mg/ml [lupron]","vsac_rx_cancer_directed","1"
"http://www.nlm.nih.gov/research/umls/rxnorm","1115472","1.5 ml leuprolide acetate 7.5 mg/ml prefilled syringe","vsac_rx_cancer_directed","1"
"http://www.nlm.nih.gov/research/umls/rxnorm","1115473","1.5 ml leuprolide acetate 7.5 mg/ml prefilled syringe [lupron]","vsac_rx_cancer_directed","1"
"http://www.nlm.nih.gov/research/umls/rxnorm","1116124","leuprolide acetate 7.5 mg/ml injectable suspension","vsac_rx_cancer_directed","1"
"http://www.nlm.nih.gov/research/umls/rxnorm","1119399","everolimus 7.5 mg","vsac_rx_cancer_directed","1"
"http://www.nlm.nih.gov/research/umls/rxnorm","1119400","everolimus 7.5 mg oral tablet","vsac_rx_cancer_directed","4"
"http://www.nlm.nih.gov/research/umls/rxnorm","1119401","everolimus 7.5 mg [afinitor]","vsac_rx_cancer_directed","1"
"http://www.nlm.nih.gov/research/umls/rxnorm","1119402","afinitor 7.5 mg oral tablet","vsac_rx_cancer_directed","4"
"http://www.nlm.nih.gov/research/umls/rxnorm","11198","vinblastine","vsac_rx_cancer_directed","6"
"http://www.nlm.nih.gov/research/umls/rxnorm","11199","vinblastine sulfate","vsac_rx_cancer_directed","6"
"http://www.nlm.nih.gov/research/umls/rxnorm","11202","vincristine","vsac_rx_cancer_directed","8"
"http://www.nlm.nih.gov/research/umls/rxnorm","11203","vincristine sulfate","vsac_rx_cancer_directed","6"
"http://www.nlm.nih.gov/research/umls/rxnorm","11204","vindesine","vsac_rx_cancer_directed","2"
"http://www.nlm.nih.gov/research/umls/rxnorm","11205","vindesine sulfate","vsac_rx_cancer_directed","2"
"http://www.nlm.nih.gov/research/umls/rxnorm","114527","vinorelbine tartrate","vsac_rx_cancer_directed","3"
"http://www.nlm.nih.gov/research/umls/rxnorm","1147220","vemurafenib","vsac_rx_cancer_directed","2"
"http://www.nlm.nih.gov/research/umls/rxnorm","1147221","vemurafenib 240 mg","vsac_rx_cancer_directed","1"
"http://www.nlm.nih.gov/research/umls/rxnorm","1147222","vemurafenib oral tablet","vsac_rx_cancer_directed","2"
"http://www.nlm.nih.gov/research/umls/rxnorm","1147223","vemurafenib 240 mg oral tablet","vsac_rx_cancer_directed","4"
"http://www.nlm.nih.gov/research/umls/rxnorm","1147224","zelboraf","vsac_rx_cancer_directed","2"
"http://www.nlm.nih.gov/research/umls/rxnorm","1147225","vemurafenib 240 mg [zelboraf]","vsac_rx_cancer_directed","1"
"http://www.nlm.nih.gov/research/umls/rxnorm","1147227","vemurafenib oral tablet [zelboraf]","vsac_rx_cancer_directed","2"
"http://www.nlm.nih.gov/research/umls/rxnorm","1147228","zelboraf 240 mg oral tablet","vsac_rx_cancer_directed","4"
"http://www.nlm.nih.gov/research/umls/rxnorm","1147320","brentuximab vedotin","vsac_rx_cancer_directed","1"
"http://www.nlm.nih.gov/research/umls/rxnorm","1147323","brentuximab vedotin 50 mg injection","vsac_rx_cancer_directed","2"
"http://www.nlm.nih.gov/research/umls/rxnorm","1147324","adcetris","vsac_rx_cancer_directed","1"
"http://www.nlm.nih.gov/research/umls/rxnorm","1147327","adcetris 50 mg injection","vsac_rx_cancer_directed","2"
"http://www.nlm.nih.gov/research/umls/rxnorm","1148495","crizotinib","vsac_rx_cancer_directed","3"
"http://www.nlm.nih.gov/research/umls/rxnorm","1148496","crizotinib 200 mg","vsac_rx_cancer_directed","2"
"http://www.nlm.nih.gov/research/umls/rxnorm","1148497","crizotinib oral capsule","vsac_rx_cancer_directed","3"
"http://www.nlm.nih.gov/research/umls/rxnorm","1148498","crizotinib 200 mg oral capsule","vsac_rx_cancer_directed","6"
"http://www.nlm.nih.gov/research/umls/rxnorm","1148499","xalkori","vsac_rx_cancer_directed","3"
"http://www.nlm.nih.gov/research/umls/rxnorm","1148500","crizotinib 200 mg [xalkori]","vsac_rx_cancer_directed","2"
"http://www.nlm.nih.gov/research/umls/rxnorm","1148501","crizotinib oral capsule [xalkori]","vsac_rx_cancer_directed","3"
"http://www.nlm.nih.gov/research/umls/rxnorm","1148502","xalkori 200 mg oral capsule","vsac_rx_cancer_directed","6"
"http://www.nlm.nih.gov/research/umls/rxnorm","1148503","crizotinib 250 mg","vsac_rx_cancer_directed","2"
"http://www.nlm.nih.gov/research/umls/rxnorm","1148504","crizotinib 250 mg oral capsule","vsac_rx_cancer_directed","6"
"http://www.nlm.nih.gov/research/umls/rxnorm","1148505","crizotinib 250 mg [xalkori]","vsac_rx_cancer_directed","2"
"http://www.nlm.nih.gov/research/umls/rxnorm","1148506","xalkori 250 mg oral capsule","vsac_rx_cancer_directed","6"
"http://www.nlm.nih.gov/research/umls/rxnorm","1148918","gemcitabine 38 mg/ml","vsac_rx_cancer_directed","2"
"http://www.nlm.nih.gov/research/umls/rxnorm","1151369","buserelin inhalant product","vsac_rx_cancer_directed","1"
"http://www.nlm.nih.gov/research/umls/rxnorm","1151370","buserelin injectable product","vsac_rx_cancer_directed","1"
"http://www.nlm.nih.gov/research/umls/rxnorm","1151371","buserelin nasal product","vsac_rx_cancer_directed","1"
"http://www.nlm.nih.gov/research/umls/rxnorm","1151374","busulfan injectable product","vsac_rx_cancer_directed","2"
"http://www.nlm.nih.gov/research/umls/rxnorm","1151375","busulfan oral product","vsac_rx_cancer_directed","2"
"http://www.nlm.nih.gov/research/umls/rxnorm","1151376","busulfan pill","vsac_rx_cancer_directed","2"
"http://www.nlm.nih.gov/research/umls/rxnorm","1151413","carmustine drug implant product","vsac_rx_cancer_directed","3"
"http://www.nlm.nih.gov/research/umls/rxnorm","1151483","cytarabine injectable product","vsac_rx_cancer_directed","2"
"http://www.nlm.nih.gov/research/umls/rxnorm","1151727","carmustine injectable product","vsac_rx_cancer_directed","3"
"http://www.nlm.nih.gov/research/umls/rxnorm","1151833","dacarbazine injectable product","vsac_rx_cancer_directed","2"
"http://www.nlm.nih.gov/research/umls/rxnorm","1151835","dactinomycin injectable product","vsac_rx_cancer_directed","4"
"http://www.nlm.nih.gov/research/umls/rxnorm","1152129","cisplatin injectable product","vsac_rx_cancer_directed","10"
"http://www.nlm.nih.gov/research/umls/rxnorm","1152144","daunorubicin injectable product","vsac_rx_cancer_directed","4"
"http://www.nlm.nih.gov/research/umls/rxnorm","1152759","cladribine injectable product","vsac_rx_cancer_directed","1"
"http://www.nlm.nih.gov/research/umls/rxnorm","1153038","chlorambucil oral product","vsac_rx_cancer_directed","2"
"http://www.nlm.nih.gov/research/umls/rxnorm","1153039","chlorambucil pill","vsac_rx_cancer_directed","2"
"http://www.nlm.nih.gov/research/umls/rxnorm","1153164","aclarubicin injectable product","vsac_rx_cancer_directed","2"
"http://www.nlm.nih.gov/research/umls/rxnorm","1153637","asparaginase injectable product","vsac_rx_cancer_directed","2"
"http://www.nlm.nih.gov/research/umls/rxnorm","1154611","aldesleukin injectable product","vsac_rx_cancer_directed","1"
"http://www.nlm.nih.gov/research/umls/rxnorm","1154720","bleomycin injectable product","vsac_rx_cancer_directed","2"
"http://www.nlm.nih.gov/research/umls/rxnorm","1154999","azacitidine injectable product","vsac_rx_cancer_directed","4"
"http://www.nlm.nih.gov/research/umls/rxnorm","1155021","bcg, live, tice strain injectable product","vsac_rx_cancer_directed","1"
"http://www.nlm.nih.gov/research/umls/rxnorm","1155611","altretamine oral product","vsac_rx_cancer_directed","2"
"http://www.nlm.nih.gov/research/umls/rxnorm","1155612","altretamine pill","vsac_rx_cancer_directed","2"
"http://www.nlm.nih.gov/research/umls/rxnorm","1156","asparaginase","vsac_rx_cancer_directed","2"
"http://www.nlm.nih.gov/research/umls/rxnorm","1156104","carboplatin injectable product","vsac_rx_cancer_directed","12"
"http://www.nlm.nih.gov/research/umls/rxnorm","1156181","cyclophosphamide injectable product","vsac_rx_cancer_directed","6"
"http://www.nlm.nih.gov/research/umls/rxnorm","1156182","cyclophosphamide oral product","vsac_rx_cancer_directed","6"
"http://www.nlm.nih.gov/research/umls/rxnorm","1156183","cyclophosphamide pill","vsac_rx_cancer_directed","6"
"http://www.nlm.nih.gov/research/umls/rxnorm","1156281","idarubicin injectable product","vsac_rx_cancer_directed","4"
"http://www.nlm.nih.gov/research/umls/rxnorm","1156282","idarubicin oral product","vsac_rx_cancer_directed","4"
"http://www.nlm.nih.gov/research/umls/rxnorm","1156283","idarubicin pill","vsac_rx_cancer_directed","4"
"http://www.nlm.nih.gov/research/umls/rxnorm","1156288","ifosfamide injectable product","vsac_rx_cancer_directed","3"
"http://www.nlm.nih.gov/research/umls/rxnorm","1156487","thiotepa injectable product","vsac_rx_cancer_directed","2"
"http://www.nlm.nih.gov/research/umls/rxnorm","1156671","fulvestrant injectable product","vsac_rx_cancer_directed","1"
"http://www.nlm.nih.gov/research/umls/rxnorm","1156708","gefitinib oral product","vsac_rx_cancer_directed","1"
"http://www.nlm.nih.gov/research/umls/rxnorm","1156709","gefitinib pill","vsac_rx_cancer_directed","1"
"http://www.nlm.nih.gov/research/umls/rxnorm","1156710","gemcitabine injectable product","vsac_rx_cancer_directed","2"
"http://www.nlm.nih.gov/research/umls/rxnorm","1156883","goserelin drug implant product","vsac_rx_cancer_directed","1"
"http://www.nlm.nih.gov/research/umls/rxnorm","1157186","dasatinib oral product","vsac_rx_cancer_directed","1"
"http://www.nlm.nih.gov/research/umls/rxnorm","1157187","dasatinib pill","vsac_rx_cancer_directed","1"
"http://www.nlm.nih.gov/research/umls/rxnorm","1157195","decitabine injectable product","vsac_rx_cancer_directed","2"
"http://www.nlm.nih.gov/research/umls/rxnorm","1157202","degarelix injectable product","vsac_rx_cancer_directed","1"
"http://www.nlm.nih.gov/research/umls/rxnorm","1157655","topotecan injectable product","vsac_rx_cancer_directed","3"
"http://www.nlm.nih.gov/research/umls/rxnorm","1157656","topotecan oral product","vsac_rx_cancer_directed","3"
"http://www.nlm.nih.gov/research/umls/rxnorm","1157657","topotecan pill","vsac_rx_cancer_directed","3"
"http://www.nlm.nih.gov/research/umls/rxnorm","1157658","toremifene oral product","vsac_rx_cancer_directed","1"
"http://www.nlm.nih.gov/research/umls/rxnorm","1157659","toremifene pill","vsac_rx_cancer_directed","1"
"http://www.nlm.nih.gov/research/umls/rxnorm","1157684","tretinoin oral product","vsac_rx_cancer_directed","1"
"http://www.nlm.nih.gov/research/umls/rxnorm","1157702","anastrozole oral product","vsac_rx_cancer_directed","1"
"http://www.nlm.nih.gov/research/umls/rxnorm","1157703","anastrozole pill","vsac_rx_cancer_directed","1"
"http://www.nlm.nih.gov/research/umls/rxnorm","1157898","raltitrexed injectable product","vsac_rx_cancer_directed","2"
"http://www.nlm.nih.gov/research/umls/rxnorm","1157928","etoposide injectable product","vsac_rx_cancer_directed","4"
"http://www.nlm.nih.gov/research/umls/rxnorm","1157929","etoposide oral product","vsac_rx_cancer_directed","4"
"http://www.nlm.nih.gov/research/umls/rxnorm","1157930","etoposide pill","vsac_rx_cancer_directed","4"
"http://www.nlm.nih.gov/research/umls/rxnorm","1157967","rituximab injectable product","vsac_rx_cancer_directed","2"
"http://www.nlm.nih.gov/research/umls/rxnorm","1157980","romidepsin injectable product","vsac_rx_cancer_directed","4"
"http://www.nlm.nih.gov/research/umls/rxnorm","1158018","interferon alfa-2a injectable product","vsac_rx_cancer_directed","1"
"http://www.nlm.nih.gov/research/umls/rxnorm","1158020","interferon alfa-2b injectable product","vsac_rx_cancer_directed","1"
"http://www.nlm.nih.gov/research/umls/rxnorm","1158025","interferon gamma-1b injectable product","vsac_rx_cancer_directed","1"
"http://www.nlm.nih.gov/research/umls/rxnorm","1158219","tretinoin pill","vsac_rx_cancer_directed","1"
"http://www.nlm.nih.gov/research/umls/rxnorm","1158265","arsenic trioxide injectable product","vsac_rx_cancer_directed","1"
"http://www.nlm.nih.gov/research/umls/rxnorm","1158406","nelarabine injectable product","vsac_rx_cancer_directed","2"
"http://www.nlm.nih.gov/research/umls/rxnorm","1158757","sirolimus oral liquid product","vsac_rx_cancer_directed","1"
"http://www.nlm.nih.gov/research/umls/rxnorm","1158758","sirolimus oral product","vsac_rx_cancer_directed","2"
"http://www.nlm.nih.gov/research/umls/rxnorm","1158759","sirolimus pill","vsac_rx_cancer_directed","1"
"http://www.nlm.nih.gov/research/umls/rxnorm","1158877","capecitabine oral product","vsac_rx_cancer_directed","2"
"http://www.nlm.nih.gov/research/umls/rxnorm","1158878","capecitabine pill","vsac_rx_cancer_directed","2"
"http://www.nlm.nih.gov/research/umls/rxnorm","1158944","nilotinib oral product","vsac_rx_cancer_directed","1"
"http://www.nlm.nih.gov/research/umls/rxnorm","1158945","nilotinib pill","vsac_rx_cancer_directed","1"
"http://www.nlm.nih.gov/research/umls/rxnorm","1158946","nilutamide oral product","vsac_rx_cancer_directed","1"
"http://www.nlm.nih.gov/research/umls/rxnorm","1158947","nilutamide pill","vsac_rx_cancer_directed","1"
"http://www.nlm.nih.gov/research/umls/rxnorm","1159353","triptorelin injectable product","vsac_rx_cancer_directed","1"
"http://www.nlm.nih.gov/research/umls/rxnorm","1159514","histrelin drug implant product","vsac_rx_cancer_directed","1"
"http://www.nlm.nih.gov/research/umls/rxnorm","1159554","ofatumumab injectable product","vsac_rx_cancer_directed","1"
"http://www.nlm.nih.gov/research/umls/rxnorm","1159660","sipuleucel-t injectable product","vsac_rx_cancer_directed","1"
"http://www.nlm.nih.gov/research/umls/rxnorm","1159691","sorafenib oral product","vsac_rx_cancer_directed","2"
"http://www.nlm.nih.gov/research/umls/rxnorm","1159692","sorafenib pill","vsac_rx_cancer_directed","2"
"http://www.nlm.nih.gov/research/umls/rxnorm","1159787","melphalan injectable product","vsac_rx_cancer_directed","2"
"http://www.nlm.nih.gov/research/umls/rxnorm","1159788","melphalan oral product","vsac_rx_cancer_directed","2"
"http://www.nlm.nih.gov/research/umls/rxnorm","1159789","melphalan pill","vsac_rx_cancer_directed","2"
"http://www.nlm.nih.gov/research/umls/rxnorm","1159878","plerixafor injectable product","vsac_rx_cancer_directed","1"
"http://www.nlm.nih.gov/research/umls/rxnorm","1159879","plicamycin injectable product","vsac_rx_cancer_directed","2"
"http://www.nlm.nih.gov/research/umls/rxnorm","1160009","bendamustine injectable product","vsac_rx_cancer_directed","2"
"http://www.nlm.nih.gov/research/umls/rxnorm","1160113","hydroxyurea oral product","vsac_rx_cancer_directed","2"
"http://www.nlm.nih.gov/research/umls/rxnorm","1160114","hydroxyurea pill","vsac_rx_cancer_directed","2"
"http://www.nlm.nih.gov/research/umls/rxnorm","1160121","oxaliplatin injectable product","vsac_rx_cancer_directed","3"
"http://www.nlm.nih.gov/research/umls/rxnorm","1160232","floxuridine injectable product","vsac_rx_cancer_directed","2"
"http://www.nlm.nih.gov/research/umls/rxnorm","1160503","vandetanib oral product","vsac_rx_cancer_directed","1"
"http://www.nlm.nih.gov/research/umls/rxnorm","1160504","vandetanib pill","vsac_rx_cancer_directed","1"
"http://www.nlm.nih.gov/research/umls/rxnorm","1160508","vemurafenib oral product","vsac_rx_cancer_directed","2"
"http://www.nlm.nih.gov/research/umls/rxnorm","1160509","vemurafenib pill","vsac_rx_cancer_directed","1"
"http://www.nlm.nih.gov/research/umls/rxnorm","1160527","vinblastine injectable product","vsac_rx_cancer_directed","8"
"http://www.nlm.nih.gov/research/umls/rxnorm","1160531","vincristine injectable product","vsac_rx_cancer_directed","8"
"http://www.nlm.nih.gov/research/umls/rxnorm","1160532","vindesine injectable product","vsac_rx_cancer_directed","2"
"http://www.nlm.nih.gov/research/umls/rxnorm","1160617","docetaxel injectable product","vsac_rx_cancer_directed","4"
"http://www.nlm.nih.gov/research/umls/rxnorm","1160679","imatinib oral product","vsac_rx_cancer_directed","1"
"http://www.nlm.nih.gov/research/umls/rxnorm","1160680","imatinib pill","vsac_rx_cancer_directed","1"
"http://www.nlm.nih.gov/research/umls/rxnorm","1160730","panitumumab injectable product","vsac_rx_cancer_directed","1"
"http://www.nlm.nih.gov/research/umls/rxnorm","1160774","doxorubicin injectable product","vsac_rx_cancer_directed","4"
"http://www.nlm.nih.gov/research/umls/rxnorm","1160829","fluorouracil injectable product","vsac_rx_cancer_directed","2"
"http://www.nlm.nih.gov/research/umls/rxnorm","1160830","fluorouracil oral product","vsac_rx_cancer_directed","2"
"http://www.nlm.nih.gov/research/umls/rxnorm","1160831","fluorouracil pill","vsac_rx_cancer_directed","2"
"http://www.nlm.nih.gov/research/umls/rxnorm","1160852","sunitinib oral product","vsac_rx_cancer_directed","2"
"http://www.nlm.nih.gov/research/umls/rxnorm","1160853","sunitinib pill","vsac_rx_cancer_directed","2"
"http://www.nlm.nih.gov/research/umls/rxnorm","1161096","pralatrexate injectable product","vsac_rx_cancer_directed","4"
"http://www.nlm.nih.gov/research/umls/rxnorm","1161185","bevacizumab injectable product","vsac_rx_cancer_directed","3"
"http://www.nlm.nih.gov/research/umls/rxnorm","1161186","bexarotene oral product","vsac_rx_cancer_directed","1"
"http://www.nlm.nih.gov/research/umls/rxnorm","1161187","bexarotene pill","vsac_rx_cancer_directed","1"
"http://www.nlm.nih.gov/research/umls/rxnorm","1161189","bicalutamide oral product","vsac_rx_cancer_directed","1"
"http://www.nlm.nih.gov/research/umls/rxnorm","1161190","bicalutamide pill","vsac_rx_cancer_directed","1"
"http://www.nlm.nih.gov/research/umls/rxnorm","1161239","cetuximab injectable product","vsac_rx_cancer_directed","1"
"http://www.nlm.nih.gov/research/umls/rxnorm","1161327","ipilimumab injectable product","vsac_rx_cancer_directed","1"
"http://www.nlm.nih.gov/research/umls/rxnorm","1161334","irinotecan injectable product","vsac_rx_cancer_directed","4"
"http://www.nlm.nih.gov/research/umls/rxnorm","1161365","pazopanib oral product","vsac_rx_cancer_directed","2"
"http://www.nlm.nih.gov/research/umls/rxnorm","1161366","pazopanib pill","vsac_rx_cancer_directed","2"
"http://www.nlm.nih.gov/research/umls/rxnorm","1161379","pegaspargase injectable product","vsac_rx_cancer_directed","2"
"http://www.nlm.nih.gov/research/umls/rxnorm","1161382","peginterferon alfa-2b injectable product","vsac_rx_cancer_directed","1"
"http://www.nlm.nih.gov/research/umls/rxnorm","1161384","pemetrexed injectable product","vsac_rx_cancer_directed","4"
"http://www.nlm.nih.gov/research/umls/rxnorm","1161458","flutamide oral product","vsac_rx_cancer_directed","1"
"http://www.nlm.nih.gov/research/umls/rxnorm","1161459","flutamide pill","vsac_rx_cancer_directed","1"
"http://www.nlm.nih.gov/research/umls/rxnorm","1161485","temozolomide injectable product","vsac_rx_cancer_directed","4"
"http://www.nlm.nih.gov/research/umls/rxnorm","1161486","temozolomide oral product","vsac_rx_cancer_directed","4"
"http://www.nlm.nih.gov/research/umls/rxnorm","1161487","temozolomide pill","vsac_rx_cancer_directed","4"
"http://www.nlm.nih.gov/research/umls/rxnorm","1161488","temsirolimus injectable product","vsac_rx_cancer_directed","1"
"http://www.nlm.nih.gov/research/umls/rxnorm","1161732","procarbazine oral product","vsac_rx_cancer_directed","3"
"http://www.nlm.nih.gov/research/umls/rxnorm","1161733","procarbazine pill","vsac_rx_cancer_directed","3"
"http://www.nlm.nih.gov/research/umls/rxnorm","1161757","streptozocin injectable product","vsac_rx_cancer_directed","2"
"http://www.nlm.nih.gov/research/umls/rxnorm","1161781","vorinostat oral product","vsac_rx_cancer_directed","2"
"http://www.nlm.nih.gov/research/umls/rxnorm","1161782","vorinostat pill","vsac_rx_cancer_directed","2"
"http://www.nlm.nih.gov/research/umls/rxnorm","1161945","ixabepilone injectable product","vsac_rx_cancer_directed","2"
"http://www.nlm.nih.gov/research/umls/rxnorm","1162236","methotrexate oral product","vsac_rx_cancer_directed","3"
"http://www.nlm.nih.gov/research/umls/rxnorm","1162237","methotrexate pill","vsac_rx_cancer_directed","3"
"http://www.nlm.nih.gov/research/umls/rxnorm","1162244","methoxsalen injectable product","vsac_rx_cancer_directed","1"
"http://www.nlm.nih.gov/research/umls/rxnorm","1162502","eribulin injectable product","vsac_rx_cancer_directed","4"
"http://www.nlm.nih.gov/research/umls/rxnorm","1162503","erlotinib oral product","vsac_rx_cancer_directed","1"
"http://www.nlm.nih.gov/research/umls/rxnorm","1162504","erlotinib pill","vsac_rx_cancer_directed","1"
"http://www.nlm.nih.gov/research/umls/rxnorm","1162540","lanreotide injectable product","vsac_rx_cancer_directed","1"
"http://www.nlm.nih.gov/research/umls/rxnorm","1162549","lapatinib oral product","vsac_rx_cancer_directed","1"
"http://www.nlm.nih.gov/research/umls/rxnorm","1162550","lapatinib pill","vsac_rx_cancer_directed","1"
"http://www.nlm.nih.gov/research/umls/rxnorm","1162569","lenalidomide oral product","vsac_rx_cancer_directed","1"
"http://www.nlm.nih.gov/research/umls/rxnorm","1162570","lenalidomide pill","vsac_rx_cancer_directed","1"
"http://www.nlm.nih.gov/research/umls/rxnorm","1162762","trastuzumab injectable product","vsac_rx_cancer_directed","1"
"http://www.nlm.nih.gov/research/umls/rxnorm","1162765","treosulfan injectable product","vsac_rx_cancer_directed","2"
"http://www.nlm.nih.gov/research/umls/rxnorm","1162766","treosulfan oral product","vsac_rx_cancer_directed","2"
"http://www.nlm.nih.gov/research/umls/rxnorm","1162767","treosulfan pill","vsac_rx_cancer_directed","2"
"http://www.nlm.nih.gov/research/umls/rxnorm","1162848","leucovorin injectable product","vsac_rx_cancer_directed","1"
"http://www.nlm.nih.gov/research/umls/rxnorm","1162850","leucovorin oral product","vsac_rx_cancer_directed","1"
"http://www.nlm.nih.gov/research/umls/rxnorm","1162851","methoxsalen oral product","vsac_rx_cancer_directed","1"
"http://www.nlm.nih.gov/research/umls/rxnorm","1162852","methoxsalen pill","vsac_rx_cancer_directed","1"
"http://www.nlm.nih.gov/research/umls/rxnorm","1162853","methoxsalen topical product","vsac_rx_cancer_directed","1"
"http://www.nlm.nih.gov/research/umls/rxnorm","1163075","bortezomib injectable product","vsac_rx_cancer_directed","1"
"http://www.nlm.nih.gov/research/umls/rxnorm","1163087","brentuximab vedotin injectable product","vsac_rx_cancer_directed","1"
"http://www.nlm.nih.gov/research/umls/rxnorm","1163195","letrozole oral product","vsac_rx_cancer_directed","1"
"http://www.nlm.nih.gov/research/umls/rxnorm","1163196","letrozole pill","vsac_rx_cancer_directed","1"
"http://www.nlm.nih.gov/research/umls/rxnorm","1163207","levoleucovorin injectable product","vsac_rx_cancer_directed","2"
"http://www.nlm.nih.gov/research/umls/rxnorm","1163441","leucovorin pill","vsac_rx_cancer_directed","1"
"http://www.nlm.nih.gov/research/umls/rxnorm","1163443","leuprolide injectable product","vsac_rx_cancer_directed","1"
"http://www.nlm.nih.gov/research/umls/rxnorm","1163532","paclitaxel injectable product","vsac_rx_cancer_directed","4"
"http://www.nlm.nih.gov/research/umls/rxnorm","1163656","abiraterone oral product","vsac_rx_cancer_directed","1"
"http://www.nlm.nih.gov/research/umls/rxnorm","1163657","abiraterone pill","vsac_rx_cancer_directed","1"
"http://www.nlm.nih.gov/research/umls/rxnorm","1163761","clofarabine injectable product","vsac_rx_cancer_directed","2"
"http://www.nlm.nih.gov/research/umls/rxnorm","1163786","everolimus oral product","vsac_rx_cancer_directed","2"
"http://www.nlm.nih.gov/research/umls/rxnorm","1163787","everolimus pill","vsac_rx_cancer_directed","1"
"http://www.nlm.nih.gov/research/umls/rxnorm","1163788","exemestane oral product","vsac_rx_cancer_directed","1"
"http://www.nlm.nih.gov/research/umls/rxnorm","1163789","exemestane pill","vsac_rx_cancer_directed","1"
"http://www.nlm.nih.gov/research/umls/rxnorm","1163893","epirubicin injectable product","vsac_rx_cancer_directed","4"
"http://www.nlm.nih.gov/research/umls/rxnorm","1164213","tamoxifen oral liquid product","vsac_rx_cancer_directed","1"
"http://www.nlm.nih.gov/research/umls/rxnorm","1164214","tamoxifen oral product","vsac_rx_cancer_directed","1"
"http://www.nlm.nih.gov/research/umls/rxnorm","1164215","tamoxifen pill","vsac_rx_cancer_directed","1"
"http://www.nlm.nih.gov/research/umls/rxnorm","1164222","tegafur / uracil oral product","vsac_rx_cancer_directed","2"
"http://www.nlm.nih.gov/research/umls/rxnorm","1164223","tegafur / uracil pill","vsac_rx_cancer_directed","2"
"http://www.nlm.nih.gov/research/umls/rxnorm","1164231","teniposide injectable product","vsac_rx_cancer_directed","3"
"http://www.nlm.nih.gov/research/umls/rxnorm","1164265","alemtuzumab injectable product","vsac_rx_cancer_directed","2"
"http://www.nlm.nih.gov/research/umls/rxnorm","1164585","vinorelbine injectable product","vsac_rx_cancer_directed","3"
"http://www.nlm.nih.gov/research/umls/rxnorm","1164873","thalidomide oral product","vsac_rx_cancer_directed","1"
"http://www.nlm.nih.gov/research/umls/rxnorm","1164874","thalidomide pill","vsac_rx_cancer_directed","1"
"http://www.nlm.nih.gov/research/umls/rxnorm","1164944","cabazitaxel injectable product","vsac_rx_cancer_directed","2"
"http://www.nlm.nih.gov/research/umls/rxnorm","1165043","fludarabine injectable product","vsac_rx_cancer_directed","2"
"http://www.nlm.nih.gov/research/umls/rxnorm","1165044","fludarabine oral product","vsac_rx_cancer_directed","2"
"http://www.nlm.nih.gov/research/umls/rxnorm","1165045","fludarabine pill","vsac_rx_cancer_directed","2"
"http://www.nlm.nih.gov/research/umls/rxnorm","1165319","lomustine oral product","vsac_rx_cancer_directed","4"
"http://www.nlm.nih.gov/research/umls/rxnorm","1165320","lomustine pill","vsac_rx_cancer_directed","4"
"http://www.nlm.nih.gov/research/umls/rxnorm","1165370","mitobronitol oral product","vsac_rx_cancer_directed","2"
"http://www.nlm.nih.gov/research/umls/rxnorm","1165371","mitobronitol pill","vsac_rx_cancer_directed","2"
"http://www.nlm.nih.gov/research/umls/rxnorm","1165372","mitomycin injectable product","vsac_rx_cancer_directed","4"
"http://www.nlm.nih.gov/research/umls/rxnorm","1165373","mitotane oral product","vsac_rx_cancer_directed","2"
"http://www.nlm.nih.gov/research/umls/rxnorm","1165374","mitotane pill","vsac_rx_cancer_directed","2"
"http://www.nlm.nih.gov/research/umls/rxnorm","1165375","mitoxantrone injectable product","vsac_rx_cancer_directed","4"
"http://www.nlm.nih.gov/research/umls/rxnorm","1165408","pentostatin injectable product","vsac_rx_cancer_directed","2"
"http://www.nlm.nih.gov/research/umls/rxnorm","1165526","thioguanine oral product","vsac_rx_cancer_directed","4"
"http://www.nlm.nih.gov/research/umls/rxnorm","1165527","thioguanine pill","vsac_rx_cancer_directed","4"
"http://www.nlm.nih.gov/research/umls/rxnorm","1165616","crizotinib oral product","vsac_rx_cancer_directed","3"
"http://www.nlm.nih.gov/research/umls/rxnorm","1165617","crizotinib pill","vsac_rx_cancer_directed","2"
"http://www.nlm.nih.gov/research/umls/rxnorm","1165669","fosfestrol injectable product","vsac_rx_cancer_directed","1"
"http://www.nlm.nih.gov/research/umls/rxnorm","1165671","fosfestrol oral product","vsac_rx_cancer_directed","1"
"http://www.nlm.nih.gov/research/umls/rxnorm","1165674","fosfestrol pill","vsac_rx_cancer_directed","1"
"http://www.nlm.nih.gov/research/umls/rxnorm","1165710","mercaptopurine oral product","vsac_rx_cancer_directed","3"
"http://www.nlm.nih.gov/research/umls/rxnorm","1165711","mercaptopurine pill","vsac_rx_cancer_directed","3"
"http://www.nlm.nih.gov/research/umls/rxnorm","1165764","estramustine oral product","vsac_rx_cancer_directed","2"
"http://www.nlm.nih.gov/research/umls/rxnorm","1165765","estramustine pill","vsac_rx_cancer_directed","2"
"http://www.nlm.nih.gov/research/umls/rxnorm","1165953","abraxane injectable product","vsac_rx_cancer_directed","2"
"http://www.nlm.nih.gov/research/umls/rxnorm","1166066","leukeran oral product","vsac_rx_cancer_directed","2"
"http://www.nlm.nih.gov/research/umls/rxnorm","1166067","leukeran pill","vsac_rx_cancer_directed","2"
"http://www.nlm.nih.gov/research/umls/rxnorm","1166387","droxia oral product","vsac_rx_cancer_directed","2"
"http://www.nlm.nih.gov/research/umls/rxnorm","1166388","droxia pill","vsac_rx_cancer_directed","2"
"http://www.nlm.nih.gov/research/umls/rxnorm","1166568","ixempra injectable product","vsac_rx_cancer_directed","2"
"http://www.nlm.nih.gov/research/umls/rxnorm","1166941","dacogen injectable product","vsac_rx_cancer_directed","2"
"http://www.nlm.nih.gov/research/umls/rxnorm","1167125","idamycin injectable product","vsac_rx_cancer_directed","2"
"http://www.nlm.nih.gov/research/umls/rxnorm","1167136","ifex injectable product","vsac_rx_cancer_directed","3"
"http://www.nlm.nih.gov/research/umls/rxnorm","1167175","istodax injectable product","vsac_rx_cancer_directed","2"
"http://www.nlm.nih.gov/research/umls/rxnorm","1167866","jevtana injectable product","vsac_rx_cancer_directed","2"
"http://www.nlm.nih.gov/research/umls/rxnorm","1168274","erbitux injectable product","vsac_rx_cancer_directed","1"
"http://www.nlm.nih.gov/research/umls/rxnorm","1168702","busulfex injectable product","vsac_rx_cancer_directed","2"
"http://www.nlm.nih.gov/research/umls/rxnorm","1169000","firmagon injectable product","vsac_rx_cancer_directed","1"
"http://www.nlm.nih.gov/research/umls/rxnorm","1169113","herceptin injectable product","vsac_rx_cancer_directed","1"
"http://www.nlm.nih.gov/research/umls/rxnorm","1169907","actimmune injectable product","vsac_rx_cancer_directed","1"
"http://www.nlm.nih.gov/research/umls/rxnorm","117055","alemtuzumab","vsac_rx_cancer_directed","2"
"http://www.nlm.nih.gov/research/umls/rxnorm","1170611","adcetris injectable product","vsac_rx_cancer_directed","1"
"http://www.nlm.nih.gov/research/umls/rxnorm","1170654","adrucil injectable product","vsac_rx_cancer_directed","2"
"http://www.nlm.nih.gov/research/umls/rxnorm","1170752","arimidex oral product","vsac_rx_cancer_directed","1"
"http://www.nlm.nih.gov/research/umls/rxnorm","1170753","arimidex pill","vsac_rx_cancer_directed","1"
"http://www.nlm.nih.gov/research/umls/rxnorm","1170770","aromasin oral product","vsac_rx_cancer_directed","1"
"http://www.nlm.nih.gov/research/umls/rxnorm","1170771","aromasin pill","vsac_rx_cancer_directed","1"
"http://www.nlm.nih.gov/research/umls/rxnorm","1170776","arranon injectable product","vsac_rx_cancer_directed","2"
"http://www.nlm.nih.gov/research/umls/rxnorm","1171109","eulexin pill","vsac_rx_cancer_directed","1"
"http://www.nlm.nih.gov/research/umls/rxnorm","1171155","eulexin oral product","vsac_rx_cancer_directed","1"
"http://www.nlm.nih.gov/research/umls/rxnorm","1171230","gleevec oral product","vsac_rx_cancer_directed","1"
"http://www.nlm.nih.gov/research/umls/rxnorm","1171231","gleevec pill","vsac_rx_cancer_directed","1"
"http://www.nlm.nih.gov/research/umls/rxnorm","1171232","gliadel drug implant product","vsac_rx_cancer_directed","3"
"http://www.nlm.nih.gov/research/umls/rxnorm","1171445","arzerra injectable product","vsac_rx_cancer_directed","1"
"http://www.nlm.nih.gov/research/umls/rxnorm","1171613","cosmegen injectable product","vsac_rx_cancer_directed","2"
"http://www.nlm.nih.gov/research/umls/rxnorm","1172066","afinitor oral product","vsac_rx_cancer_directed","2"
"http://www.nlm.nih.gov/research/umls/rxnorm","1172067","afinitor pill","vsac_rx_cancer_directed","1"
"http://www.nlm.nih.gov/research/umls/rxnorm","1172298","campath injectable product","vsac_rx_cancer_directed","2"
"http://www.nlm.nih.gov/research/umls/rxnorm","1172305","camptosar injectable product","vsac_rx_cancer_directed","4"
"http://www.nlm.nih.gov/research/umls/rxnorm","1172604","folotyn injectable product","vsac_rx_cancer_directed","2"
"http://www.nlm.nih.gov/research/umls/rxnorm","1172714","hycamtin injectable product","vsac_rx_cancer_directed","3"
"http://www.nlm.nih.gov/research/umls/rxnorm","1172715","hycamtin oral product","vsac_rx_cancer_directed","3"
"http://www.nlm.nih.gov/research/umls/rxnorm","1172716","hycamtin pill","vsac_rx_cancer_directed","3"
"http://www.nlm.nih.gov/research/umls/rxnorm","1172982","caprelsa oral product","vsac_rx_cancer_directed","1"
"http://www.nlm.nih.gov/research/umls/rxnorm","1173022","clolar injectable product","vsac_rx_cancer_directed","2"
"http://www.nlm.nih.gov/research/umls/rxnorm","1173621","bicnu injectable product","vsac_rx_cancer_directed","3"
"http://www.nlm.nih.gov/research/umls/rxnorm","1173663","caprelsa pill","vsac_rx_cancer_directed","1"
"http://www.nlm.nih.gov/research/umls/rxnorm","1173874","eligard injectable product","vsac_rx_cancer_directed","1"
"http://www.nlm.nih.gov/research/umls/rxnorm","1174066","hydrea oral product","vsac_rx_cancer_directed","2"
"http://www.nlm.nih.gov/research/umls/rxnorm","1174067","hydrea pill","vsac_rx_cancer_directed","2"
"http://www.nlm.nih.gov/research/umls/rxnorm","1174614","ellence injectable product","vsac_rx_cancer_directed","2"
"http://www.nlm.nih.gov/research/umls/rxnorm","1174686","fareston oral product","vsac_rx_cancer_directed","1"
"http://www.nlm.nih.gov/research/umls/rxnorm","1174687","fareston pill","vsac_rx_cancer_directed","1"
"http://www.nlm.nih.gov/research/umls/rxnorm","1174691","faslodex injectable product","vsac_rx_cancer_directed","1"
"http://www.nlm.nih.gov/research/umls/rxnorm","1174701","fusilev injectable product","vsac_rx_cancer_directed","1"
"http://www.nlm.nih.gov/research/umls/rxnorm","1175302","emcyt oral product","vsac_rx_cancer_directed","2"
"http://www.nlm.nih.gov/research/umls/rxnorm","1175303","emcyt pill","vsac_rx_cancer_directed","2"
"http://www.nlm.nih.gov/research/umls/rxnorm","1175526","alimta injectable product","vsac_rx_cancer_directed","2"
"http://www.nlm.nih.gov/research/umls/rxnorm","1175674","avastin injectable product","vsac_rx_cancer_directed","3"
"http://www.nlm.nih.gov/research/umls/rxnorm","1175807","casodex oral product","vsac_rx_cancer_directed","1"
"http://www.nlm.nih.gov/research/umls/rxnorm","1175808","casodex pill","vsac_rx_cancer_directed","1"
"http://www.nlm.nih.gov/research/umls/rxnorm","1175913","doxil injectable product","vsac_rx_cancer_directed","2"
"http://www.nlm.nih.gov/research/umls/rxnorm","1176093","halaven injectable product","vsac_rx_cancer_directed","2"
"http://www.nlm.nih.gov/research/umls/rxnorm","1176189","alkeran injectable product","vsac_rx_cancer_directed","2"
"http://www.nlm.nih.gov/research/umls/rxnorm","1176190","alkeran oral product","vsac_rx_cancer_directed","2"
"http://www.nlm.nih.gov/research/umls/rxnorm","1176191","alkeran pill","vsac_rx_cancer_directed","2"
"http://www.nlm.nih.gov/research/umls/rxnorm","1176624","femara oral product","vsac_rx_cancer_directed","1"
"http://www.nlm.nih.gov/research/umls/rxnorm","1176625","femara pill","vsac_rx_cancer_directed","1"
"http://www.nlm.nih.gov/research/umls/rxnorm","1176762","iressa oral product","vsac_rx_cancer_directed","1"
"http://www.nlm.nih.gov/research/umls/rxnorm","1176763","iressa pill","vsac_rx_cancer_directed","1"
"http://www.nlm.nih.gov/research/umls/rxnorm","1177701","rapamune oral liquid product","vsac_rx_cancer_directed","1"
"http://www.nlm.nih.gov/research/umls/rxnorm","1177702","rapamune oral product","vsac_rx_cancer_directed","2"
"http://www.nlm.nih.gov/research/umls/rxnorm","1177703","rapamune pill","vsac_rx_cancer_directed","1"
"http://www.nlm.nih.gov/research/umls/rxnorm","1177781","sprycel oral product","vsac_rx_cancer_directed","1"
"http://www.nlm.nih.gov/research/umls/rxnorm","1177782","sprycel pill","vsac_rx_cancer_directed","1"
"http://www.nlm.nih.gov/research/umls/rxnorm","1177820","tabloid oral product","vsac_rx_cancer_directed","4"
"http://www.nlm.nih.gov/research/umls/rxnorm","1177821","tabloid pill","vsac_rx_cancer_directed","4"
"http://www.nlm.nih.gov/research/umls/rxnorm","1178005","toposar injectable product","vsac_rx_cancer_directed","4"
"http://www.nlm.nih.gov/research/umls/rxnorm","1178590","torisel injectable product","vsac_rx_cancer_directed","1"
"http://www.nlm.nih.gov/research/umls/rxnorm","1179040","tarceva oral product","vsac_rx_cancer_directed","1"
"http://www.nlm.nih.gov/research/umls/rxnorm","1179041","tarceva pill","vsac_rx_cancer_directed","1"
"http://www.nlm.nih.gov/research/umls/rxnorm","1179043","targretin oral product","vsac_rx_cancer_directed","1"
"http://www.nlm.nih.gov/research/umls/rxnorm","1179044","targretin pill","vsac_rx_cancer_directed","1"
"http://www.nlm.nih.gov/research/umls/rxnorm","1179057","tasigna oral product","vsac_rx_cancer_directed","1"
"http://www.nlm.nih.gov/research/umls/rxnorm","1179058","tasigna pill","vsac_rx_cancer_directed","1"
"http://www.nlm.nih.gov/research/umls/rxnorm","1179668","treanda injectable product","vsac_rx_cancer_directed","2"
"http://www.nlm.nih.gov/research/umls/rxnorm","1179671","trelstar injectable product","vsac_rx_cancer_directed","1"
"http://www.nlm.nih.gov/research/umls/rxnorm","1179677","trexall oral product","vsac_rx_cancer_directed","3"
"http://www.nlm.nih.gov/research/umls/rxnorm","1179678","trexall pill","vsac_rx_cancer_directed","3"
"http://www.nlm.nih.gov/research/umls/rxnorm","1180490","navelbine injectable product","vsac_rx_cancer_directed","3"
"http://www.nlm.nih.gov/research/umls/rxnorm","1180698","proleukin injectable product","vsac_rx_cancer_directed","1"
"http://www.nlm.nih.gov/research/umls/rxnorm","1181413","temodar injectable product","vsac_rx_cancer_directed","4"
"http://www.nlm.nih.gov/research/umls/rxnorm","1181414","temodar oral product","vsac_rx_cancer_directed","4"
"http://www.nlm.nih.gov/research/umls/rxnorm","1181415","temodar pill","vsac_rx_cancer_directed","4"
"http://www.nlm.nih.gov/research/umls/rxnorm","1181489","lupron injectable product","vsac_rx_cancer_directed","1"
"http://www.nlm.nih.gov/research/umls/rxnorm","1181565","matulane oral product","vsac_rx_cancer_directed","3"
"http://www.nlm.nih.gov/research/umls/rxnorm","1181566","matulane pill","vsac_rx_cancer_directed","3"
"http://www.nlm.nih.gov/research/umls/rxnorm","1181715","oncaspar injectable product","vsac_rx_cancer_directed","2"
"http://www.nlm.nih.gov/research/umls/rxnorm","1182084","lysodren oral product","vsac_rx_cancer_directed","2"
"http://www.nlm.nih.gov/research/umls/rxnorm","1182085","lysodren pill","vsac_rx_cancer_directed","2"
"http://www.nlm.nih.gov/research/umls/rxnorm","1182364","paraplatin injectable product","vsac_rx_cancer_directed","6"
"http://www.nlm.nih.gov/research/umls/rxnorm","1182470","provenge injectable product","vsac_rx_cancer_directed","1"
"http://www.nlm.nih.gov/research/umls/rxnorm","1182522","revlimid oral product","vsac_rx_cancer_directed","1"
"http://www.nlm.nih.gov/research/umls/rxnorm","1182529","revlimid pill","vsac_rx_cancer_directed","1"
"http://www.nlm.nih.gov/research/umls/rxnorm","1182862","nexavar oral product","vsac_rx_cancer_directed","2"
"http://www.nlm.nih.gov/research/umls/rxnorm","1182863","nexavar pill","vsac_rx_cancer_directed","2"
"http://www.nlm.nih.gov/research/umls/rxnorm","1183314","mozobil injectable product","vsac_rx_cancer_directed","1"
"http://www.nlm.nih.gov/research/umls/rxnorm","1183905","nilandron oral product","vsac_rx_cancer_directed","1"
"http://www.nlm.nih.gov/research/umls/rxnorm","1183906","nilandron pill","vsac_rx_cancer_directed","1"
"http://www.nlm.nih.gov/research/umls/rxnorm","1183920","nipent injectable product","vsac_rx_cancer_directed","2"
"http://www.nlm.nih.gov/research/umls/rxnorm","1184837","soltamox oral liquid product","vsac_rx_cancer_directed","1"
"http://www.nlm.nih.gov/research/umls/rxnorm","1184838","soltamox oral product","vsac_rx_cancer_directed","1"
"http://www.nlm.nih.gov/research/umls/rxnorm","1184859","supprelin drug implant product","vsac_rx_cancer_directed","1"
"http://www.nlm.nih.gov/research/umls/rxnorm","1184929","thalomid oral product","vsac_rx_cancer_directed","1"
"http://www.nlm.nih.gov/research/umls/rxnorm","1184930","thalomid pill","vsac_rx_cancer_directed","1"
"http://www.nlm.nih.gov/research/umls/rxnorm","1185002","trisenox injectable product","vsac_rx_cancer_directed","1"
"http://www.nlm.nih.gov/research/umls/rxnorm","1185294","quadramet injectable product","vsac_rx_cancer_directed","1"
"http://www.nlm.nih.gov/research/umls/rxnorm","1185345","rituxan injectable product","vsac_rx_cancer_directed","1"
"http://www.nlm.nih.gov/research/umls/rxnorm","1185415","somatuline injectable product","vsac_rx_cancer_directed","1"
"http://www.nlm.nih.gov/research/umls/rxnorm","1185474","sutent oral product","vsac_rx_cancer_directed","1"
"http://www.nlm.nih.gov/research/umls/rxnorm","1185475","sutent pill","vsac_rx_cancer_directed","1"
"http://www.nlm.nih.gov/research/umls/rxnorm","1185666","myleran oral product","vsac_rx_cancer_directed","2"
"http://www.nlm.nih.gov/research/umls/rxnorm","1185667","myleran pill","vsac_rx_cancer_directed","2"
"http://www.nlm.nih.gov/research/umls/rxnorm","1185673","mylotarg injectable product","vsac_rx_cancer_directed","1"
"http://www.nlm.nih.gov/research/umls/rxnorm","1186298","xalkori oral product","vsac_rx_cancer_directed","3"
"http://www.nlm.nih.gov/research/umls/rxnorm","1186299","xalkori pill","vsac_rx_cancer_directed","2"
"http://www.nlm.nih.gov/research/umls/rxnorm","1186316","zortress oral product","vsac_rx_cancer_directed","2"
"http://www.nlm.nih.gov/research/umls/rxnorm","1186317","zortress pill","vsac_rx_cancer_directed","1"
"http://www.nlm.nih.gov/research/umls/rxnorm","1186410","xeloda oral product","vsac_rx_cancer_directed","2"
"http://www.nlm.nih.gov/research/umls/rxnorm","1186411","xeloda pill","vsac_rx_cancer_directed","2"
"http://www.nlm.nih.gov/research/umls/rxnorm","1186581","vidaza injectable product","vsac_rx_cancer_directed","2"
"http://www.nlm.nih.gov/research/umls/rxnorm","1186612","vincasar injectable product","vsac_rx_cancer_directed","4"
"http://www.nlm.nih.gov/research/umls/rxnorm","1186646","yervoy injectable product","vsac_rx_cancer_directed","1"
"http://www.nlm.nih.gov/research/umls/rxnorm","1186683","zytiga oral product","vsac_rx_cancer_directed","1"
"http://www.nlm.nih.gov/research/umls/rxnorm","1186684","zytiga pill","vsac_rx_cancer_directed","1"
"http://www.nlm.nih.gov/research/umls/rxnorm","1186914","tykerb oral product","vsac_rx_cancer_directed","1"
"http://www.nlm.nih.gov/research/umls/rxnorm","1186915","tykerb pill","vsac_rx_cancer_directed","1"
"http://www.nlm.nih.gov/research/umls/rxnorm","1186957","uvadex injectable product","vsac_rx_cancer_directed","1"
"http://www.nlm.nih.gov/research/umls/rxnorm","1187029","zanosar injectable product","vsac_rx_cancer_directed","2"
"http://www.nlm.nih.gov/research/umls/rxnorm","1187234","zelboraf oral product","vsac_rx_cancer_directed","2"
"http://www.nlm.nih.gov/research/umls/rxnorm","1187235","zelboraf pill","vsac_rx_cancer_directed","1"
"http://www.nlm.nih.gov/research/umls/rxnorm","1187595","votrient oral product","vsac_rx_cancer_directed","1"
"http://www.nlm.nih.gov/research/umls/rxnorm","1187596","votrient pill","vsac_rx_cancer_directed","1"
"http://www.nlm.nih.gov/research/umls/rxnorm","1187748","vectibix injectable product","vsac_rx_cancer_directed","1"
"http://www.nlm.nih.gov/research/umls/rxnorm","1187756","velcade injectable product","vsac_rx_cancer_directed","1"
"http://www.nlm.nih.gov/research/umls/rxnorm","1188163","zoladex drug implant product","vsac_rx_cancer_directed","1"
"http://www.nlm.nih.gov/research/umls/rxnorm","1188165","zolinza oral product","vsac_rx_cancer_directed","2"
"http://www.nlm.nih.gov/research/umls/rxnorm","1188166","zolinza pill","vsac_rx_cancer_directed","2"
"http://www.nlm.nih.gov/research/umls/rxnorm","1191137","doxorubicin hydrochloride 2 mg/ml","vsac_rx_cancer_directed","4"
"http://www.nlm.nih.gov/research/umls/rxnorm","1191138","doxorubicin hydrochloride 2 mg/ml injectable solution","vsac_rx_cancer_directed","6"
"http://www.nlm.nih.gov/research/umls/rxnorm","1191495","doxorubicin hydrochloride liposome 2 mg/ml","vsac_rx_cancer_directed","4"
"http://www.nlm.nih.gov/research/umls/rxnorm","1191499","doxorubicin hydrochloride liposome 2 mg/ml [doxil]","vsac_rx_cancer_directed","4"
"http://www.nlm.nih.gov/research/umls/rxnorm","1193325","ruxolitinib phosphate","vsac_rx_cancer_directed","1"
"http://www.nlm.nih.gov/research/umls/rxnorm","1193326","ruxolitinib","vsac_rx_cancer_directed","1"
"http://www.nlm.nih.gov/research/umls/rxnorm","1193327","ruxolitinib 10 mg","vsac_rx_cancer_directed","1"
"http://www.nlm.nih.gov/research/umls/rxnorm","1193328","ruxolitinib oral product","vsac_rx_cancer_directed","1"
"http://www.nlm.nih.gov/research/umls/rxnorm","1193329","ruxolitinib pill","vsac_rx_cancer_directed","1"
"http://www.nlm.nih.gov/research/umls/rxnorm","1193330","ruxolitinib oral tablet","vsac_rx_cancer_directed","1"
"http://www.nlm.nih.gov/research/umls/rxnorm","1193331","ruxolitinib 10 mg oral tablet","vsac_rx_cancer_directed","4"
"http://www.nlm.nih.gov/research/umls/rxnorm","1193332","jakafi","vsac_rx_cancer_directed","1"
"http://www.nlm.nih.gov/research/umls/rxnorm","1193333","ruxolitinib 10 mg [jakafi]","vsac_rx_cancer_directed","1"
"http://www.nlm.nih.gov/research/umls/rxnorm","1193334","ruxolitinib oral tablet [jakafi]","vsac_rx_cancer_directed","1"
"http://www.nlm.nih.gov/research/umls/rxnorm","1193335","jakafi oral product","vsac_rx_cancer_directed","1"
"http://www.nlm.nih.gov/research/umls/rxnorm","1193336","jakafi pill","vsac_rx_cancer_directed","1"
"http://www.nlm.nih.gov/research/umls/rxnorm","1193337","jakafi 10 mg oral tablet","vsac_rx_cancer_directed","2"
"http://www.nlm.nih.gov/research/umls/rxnorm","1193338","ruxolitinib 5 mg","vsac_rx_cancer_directed","1"
"http://www.nlm.nih.gov/research/umls/rxnorm","1193339","ruxolitinib 5 mg oral tablet","vsac_rx_cancer_directed","4"
"http://www.nlm.nih.gov/research/umls/rxnorm","1193340","ruxolitinib 5 mg [jakafi]","vsac_rx_cancer_directed","1"
"http://www.nlm.nih.gov/research/umls/rxnorm","1193341","jakafi 5 mg oral tablet","vsac_rx_cancer_directed","2"
"http://www.nlm.nih.gov/research/umls/rxnorm","1193342","ruxolitinib 15 mg","vsac_rx_cancer_directed","1"
"http://www.nlm.nih.gov/research/umls/rxnorm","1193343","ruxolitinib 15 mg oral tablet","vsac_rx_cancer_directed","4"
"http://www.nlm.nih.gov/research/umls/rxnorm","1193344","ruxolitinib 15 mg [jakafi]","vsac_rx_cancer_directed","1"
"http://www.nlm.nih.gov/research/umls/rxnorm","1193345","jakafi 15 mg oral tablet","vsac_rx_cancer_directed","2"
"http://www.nlm.nih.gov/research/umls/rxnorm","1193346","ruxolitinib 20 mg","vsac_rx_cancer_directed","1"
"http://www.nlm.nih.gov/research/umls/rxnorm","1193347","ruxolitinib 20 mg oral tablet","vsac_rx_cancer_directed","4"
"http://www.nlm.nih.gov/research/umls/rxnorm","1193348","ruxolitinib 20 mg [jakafi]","vsac_rx_cancer_directed","1"
"http://www.nlm.nih.gov/research/umls/rxnorm","1193349","jakafi 20 mg oral tablet","vsac_rx_cancer_directed","2"
"http://www.nlm.nih.gov/research/umls/rxnorm","1193350","ruxolitinib 25 mg","vsac_rx_cancer_directed","1"
"http://www.nlm.nih.gov/research/umls/rxnorm","1193351","ruxolitinib 25 mg oral tablet","vsac_rx_cancer_directed","4"
"http://www.nlm.nih.gov/research/umls/rxnorm","1193352","ruxolitinib 25 mg [jakafi]","vsac_rx_cancer_directed","1"
"http://www.nlm.nih.gov/research/umls/rxnorm","1193353","jakafi 25 mg oral tablet","vsac_rx_cancer_directed","2"
"http://www.nlm.nih.gov/research/umls/rxnorm","121191","rituximab","vsac_rx_cancer_directed","2"
"http://www.nlm.nih.gov/research/umls/rxnorm","1232150","aflibercept","vsac_rx_cancer_directed","1"
"http://www.nlm.nih.gov/research/umls/rxnorm","1232152","aflibercept injectable product","vsac_rx_cancer_directed","1"
"http://www.nlm.nih.gov/research/umls/rxnorm","1232186","erwinaze","vsac_rx_cancer_directed","2"
"http://www.nlm.nih.gov/research/umls/rxnorm","1232189","erwinaze injectable product","vsac_rx_cancer_directed","2"
"http://www.nlm.nih.gov/research/umls/rxnorm","1232190","erwinaze 10,000 unt injection","vsac_rx_cancer_directed","4"
"http://www.nlm.nih.gov/research/umls/rxnorm","1242230","lenalidomide 2.5 mg","vsac_rx_cancer_directed","1"
"http://www.nlm.nih.gov/research/umls/rxnorm","1242231","lenalidomide 2.5 mg oral capsule","vsac_rx_cancer_directed","2"
"http://www.nlm.nih.gov/research/umls/rxnorm","1242232","lenalidomide 2.5 mg [revlimid]","vsac_rx_cancer_directed","1"
"http://www.nlm.nih.gov/research/umls/rxnorm","1242233","revlimid 2.5 mg oral capsule","vsac_rx_cancer_directed","2"
"http://www.nlm.nih.gov/research/umls/rxnorm","1242987","vismodegib","vsac_rx_cancer_directed","1"
"http://www.nlm.nih.gov/research/umls/rxnorm","1242988","vismodegib 150 mg","vsac_rx_cancer_directed","1"
"http://www.nlm.nih.gov/research/umls/rxnorm","1242989","vismodegib oral product","vsac_rx_cancer_directed","1"
"http://www.nlm.nih.gov/research/umls/rxnorm","1242990","vismodegib pill","vsac_rx_cancer_directed","1"
"http://www.nlm.nih.gov/research/umls/rxnorm","1242991","vismodegib oral capsule","vsac_rx_cancer_directed","1"
"http://www.nlm.nih.gov/research/umls/rxnorm","1242992","vismodegib 150 mg oral capsule","vsac_rx_cancer_directed","2"
"http://www.nlm.nih.gov/research/umls/rxnorm","1242993","erivedge","vsac_rx_cancer_directed","1"
"http://www.nlm.nih.gov/research/umls/rxnorm","1242994","vismodegib 150 mg [erivedge]","vsac_rx_cancer_directed","1"
"http://www.nlm.nih.gov/research/umls/rxnorm","1242995","vismodegib oral capsule [erivedge]","vsac_rx_cancer_directed","1"
"http://www.nlm.nih.gov/research/umls/rxnorm","1242996","erivedge oral product","vsac_rx_cancer_directed","1"
"http://www.nlm.nih.gov/research/umls/rxnorm","1242997","erivedge pill","vsac_rx_cancer_directed","1"
"http://www.nlm.nih.gov/research/umls/rxnorm","1242998","erivedge 150 mg oral capsule","vsac_rx_cancer_directed","2"
"http://www.nlm.nih.gov/research/umls/rxnorm","1242999","axitinib","vsac_rx_cancer_directed","1"
"http://www.nlm.nih.gov/research/umls/rxnorm","1243000","axitinib 1 mg","vsac_rx_cancer_directed","1"
"http://www.nlm.nih.gov/research/umls/rxnorm","1243001","axitinib oral product","vsac_rx_cancer_directed","1"
"http://www.nlm.nih.gov/research/umls/rxnorm","1243002","axitinib pill","vsac_rx_cancer_directed","1"
"http://www.nlm.nih.gov/research/umls/rxnorm","1243003","axitinib oral tablet","vsac_rx_cancer_directed","1"
"http://www.nlm.nih.gov/research/umls/rxnorm","1243004","axitinib 1 mg oral tablet","vsac_rx_cancer_directed","2"
"http://www.nlm.nih.gov/research/umls/rxnorm","1243005","inlyta","vsac_rx_cancer_directed","1"
"http://www.nlm.nih.gov/research/umls/rxnorm","1243006","axitinib 1 mg [inlyta]","vsac_rx_cancer_directed","1"
"http://www.nlm.nih.gov/research/umls/rxnorm","1243007","axitinib oral tablet [inlyta]","vsac_rx_cancer_directed","1"
"http://www.nlm.nih.gov/research/umls/rxnorm","1243008","inlyta oral product","vsac_rx_cancer_directed","1"
"http://www.nlm.nih.gov/research/umls/rxnorm","1243009","inlyta pill","vsac_rx_cancer_directed","1"
"http://www.nlm.nih.gov/research/umls/rxnorm","1243010","inlyta 1 mg oral tablet","vsac_rx_cancer_directed","2"
"http://www.nlm.nih.gov/research/umls/rxnorm","1243011","axitinib 5 mg","vsac_rx_cancer_directed","1"
"http://www.nlm.nih.gov/research/umls/rxnorm","1243012","axitinib 5 mg oral tablet","vsac_rx_cancer_directed","2"
"http://www.nlm.nih.gov/research/umls/rxnorm","1243013","axitinib 5 mg [inlyta]","vsac_rx_cancer_directed","1"
"http://www.nlm.nih.gov/research/umls/rxnorm","1243014","inlyta 5 mg oral tablet","vsac_rx_cancer_directed","2"
"http://www.nlm.nih.gov/research/umls/rxnorm","1251","azacitidine","vsac_rx_cancer_directed","4"
"http://www.nlm.nih.gov/research/umls/rxnorm","12574","gemcitabine","vsac_rx_cancer_directed","2"
"http://www.nlm.nih.gov/research/umls/rxnorm","1294580","gemtuzumab ozogamicin","vsac_rx_cancer_directed","1"
"http://www.nlm.nih.gov/research/umls/rxnorm","1294581","gemtuzumab ozogamicin 1 mg/ml","vsac_rx_cancer_directed","1"
"http://www.nlm.nih.gov/research/umls/rxnorm","1294582","gemtuzumab ozogamicin injectable product","vsac_rx_cancer_directed","1"
"http://www.nlm.nih.gov/research/umls/rxnorm","1294583","gemtuzumab ozogamicin injectable solution","vsac_rx_cancer_directed","1"
"http://www.nlm.nih.gov/research/umls/rxnorm","1294584","gemtuzumab ozogamicin 1 mg/ml injectable solution","vsac_rx_cancer_directed","1"
"http://www.nlm.nih.gov/research/umls/rxnorm","1294622","histrelin acetate","vsac_rx_cancer_directed","1"
"http://www.nlm.nih.gov/research/umls/rxnorm","1294641","histrelin acetate 0.00271 mg/hr drug implant [supprelin]","vsac_rx_cancer_directed","1"
"http://www.nlm.nih.gov/research/umls/rxnorm","1298944","pertuzumab","vsac_rx_cancer_directed","1"
"http://www.nlm.nih.gov/research/umls/rxnorm","1298945","pertuzumab 30 mg/ml","vsac_rx_cancer_directed","1"
"http://www.nlm.nih.gov/research/umls/rxnorm","1298946","pertuzumab injectable product","vsac_rx_cancer_directed","1"
"http://www.nlm.nih.gov/research/umls/rxnorm","1298948","14 ml pertuzumab 30 mg/ml injection","vsac_rx_cancer_directed","1"
"http://www.nlm.nih.gov/research/umls/rxnorm","1298949","perjeta","vsac_rx_cancer_directed","1"
"http://www.nlm.nih.gov/research/umls/rxnorm","1298950","pertuzumab 30 mg/ml [perjeta]","vsac_rx_cancer_directed","1"
"http://www.nlm.nih.gov/research/umls/rxnorm","1298952","perjeta injectable product","vsac_rx_cancer_directed","1"
"http://www.nlm.nih.gov/research/umls/rxnorm","1298953","14 ml pertuzumab 30 mg/ml injection [perjeta]","vsac_rx_cancer_directed","1"
"http://www.nlm.nih.gov/research/umls/rxnorm","1299922","docetaxel anhydrous","vsac_rx_cancer_directed","4"
"http://www.nlm.nih.gov/research/umls/rxnorm","1300478","hyaluronidase, human recombinant","vsac_rx_cancer_directed","1"
"http://www.nlm.nih.gov/research/umls/rxnorm","1302966","carfilzomib","vsac_rx_cancer_directed","1"
"http://www.nlm.nih.gov/research/umls/rxnorm","1302968","carfilzomib injectable product","vsac_rx_cancer_directed","1"
"http://www.nlm.nih.gov/research/umls/rxnorm","1302971","kyprolis","vsac_rx_cancer_directed","1"
"http://www.nlm.nih.gov/research/umls/rxnorm","1302974","kyprolis injectable product","vsac_rx_cancer_directed","1"
"http://www.nlm.nih.gov/research/umls/rxnorm","1304475","ziv-aflibercept","vsac_rx_cancer_directed","1"
"http://www.nlm.nih.gov/research/umls/rxnorm","1304476","ziv-aflibercept 25 mg/ml","vsac_rx_cancer_directed","1"
"http://www.nlm.nih.gov/research/umls/rxnorm","1304480","zaltrap","vsac_rx_cancer_directed","1"
"http://www.nlm.nih.gov/research/umls/rxnorm","1304481","ziv-aflibercept 25 mg/ml [zaltrap]","vsac_rx_cancer_directed","1"
"http://www.nlm.nih.gov/research/umls/rxnorm","1304483","zaltrap injectable product","vsac_rx_cancer_directed","1"
"http://www.nlm.nih.gov/research/umls/rxnorm","1304990","vincristine sulfate liposome","vsac_rx_cancer_directed","6"
"http://www.nlm.nih.gov/research/umls/rxnorm","1304991","vincristine liposome","vsac_rx_cancer_directed","6"
"http://www.nlm.nih.gov/research/umls/rxnorm","1304992","vincristine sulfate liposome 0.16 mg/ml","vsac_rx_cancer_directed","6"
"http://www.nlm.nih.gov/research/umls/rxnorm","1304995","31 ml vincristine sulfate liposome 0.16 mg/ml injection","vsac_rx_cancer_directed","8"
"http://www.nlm.nih.gov/research/umls/rxnorm","1304996","marqibo","vsac_rx_cancer_directed","4"
"http://www.nlm.nih.gov/research/umls/rxnorm","1304997","vincristine sulfate liposome 0.16 mg/ml [marqibo]","vsac_rx_cancer_directed","6"
"http://www.nlm.nih.gov/research/umls/rxnorm","1304999","marqibo injectable product","vsac_rx_cancer_directed","4"
"http://www.nlm.nih.gov/research/umls/rxnorm","1305000","31 ml vincristine sulfate liposome 0.16 mg/ml injection [marqibo]","vsac_rx_cancer_directed","8"
"http://www.nlm.nih.gov/research/umls/rxnorm","1307298","enzalutamide","vsac_rx_cancer_directed","1"
"http://www.nlm.nih.gov/research/umls/rxnorm","1307299","enzalutamide 40 mg","vsac_rx_cancer_directed","1"
"http://www.nlm.nih.gov/research/umls/rxnorm","1307300","enzalutamide oral product","vsac_rx_cancer_directed","1"
"http://www.nlm.nih.gov/research/umls/rxnorm","1307301","enzalutamide pill","vsac_rx_cancer_directed","1"
"http://www.nlm.nih.gov/research/umls/rxnorm","1307302","enzalutamide oral capsule","vsac_rx_cancer_directed","1"
"http://www.nlm.nih.gov/research/umls/rxnorm","1307303","enzalutamide 40 mg oral capsule","vsac_rx_cancer_directed","2"
"http://www.nlm.nih.gov/research/umls/rxnorm","1307304","xtandi","vsac_rx_cancer_directed","1"
"http://www.nlm.nih.gov/research/umls/rxnorm","1307305","enzalutamide 40 mg [xtandi]","vsac_rx_cancer_directed","1"
"http://www.nlm.nih.gov/research/umls/rxnorm","1307306","enzalutamide oral capsule [xtandi]","vsac_rx_cancer_directed","1"
"http://www.nlm.nih.gov/research/umls/rxnorm","1307307","xtandi oral product","vsac_rx_cancer_directed","1"
"http://www.nlm.nih.gov/research/umls/rxnorm","1307308","xtandi pill","vsac_rx_cancer_directed","1"
"http://www.nlm.nih.gov/research/umls/rxnorm","1307309","xtandi 40 mg oral capsule","vsac_rx_cancer_directed","2"
"http://www.nlm.nih.gov/research/umls/rxnorm","1307619","bosutinib","vsac_rx_cancer_directed","1"
"http://www.nlm.nih.gov/research/umls/rxnorm","1307620","bosutinib 100 mg","vsac_rx_cancer_directed","1"
"http://www.nlm.nih.gov/research/umls/rxnorm","1307621","bosutinib oral product","vsac_rx_cancer_directed","1"
"http://www.nlm.nih.gov/research/umls/rxnorm","1307622","bosutinib pill","vsac_rx_cancer_directed","1"
"http://www.nlm.nih.gov/research/umls/rxnorm","1307623","bosutinib oral tablet","vsac_rx_cancer_directed","1"
"http://www.nlm.nih.gov/research/umls/rxnorm","1307624","bosutinib 100 mg oral tablet","vsac_rx_cancer_directed","2"
"http://www.nlm.nih.gov/research/umls/rxnorm","1307625","bosulif","vsac_rx_cancer_directed","1"
"http://www.nlm.nih.gov/research/umls/rxnorm","1307626","bosutinib 100 mg [bosulif]","vsac_rx_cancer_directed","1"
"http://www.nlm.nih.gov/research/umls/rxnorm","1307627","bosutinib oral tablet [bosulif]","vsac_rx_cancer_directed","1"
"http://www.nlm.nih.gov/research/umls/rxnorm","1307628","bosulif oral product","vsac_rx_cancer_directed","1"
"http://www.nlm.nih.gov/research/umls/rxnorm","1307629","bosulif pill","vsac_rx_cancer_directed","1"
"http://www.nlm.nih.gov/research/umls/rxnorm","1307630","bosulif 100 mg oral tablet","vsac_rx_cancer_directed","2"
"http://www.nlm.nih.gov/research/umls/rxnorm","1307632","bosutinib 500 mg","vsac_rx_cancer_directed","1"
"http://www.nlm.nih.gov/research/umls/rxnorm","1307633","bosutinib 500 mg oral tablet","vsac_rx_cancer_directed","2"
"http://www.nlm.nih.gov/research/umls/rxnorm","1307634","bosutinib 500 mg [bosulif]","vsac_rx_cancer_directed","1"
"http://www.nlm.nih.gov/research/umls/rxnorm","1307635","bosulif 500 mg oral tablet","vsac_rx_cancer_directed","2"
"http://www.nlm.nih.gov/research/umls/rxnorm","1308426","everolimus oral liquid product","vsac_rx_cancer_directed","1"
"http://www.nlm.nih.gov/research/umls/rxnorm","1308428","everolimus 2 mg tablet for oral suspension","vsac_rx_cancer_directed","4"
"http://www.nlm.nih.gov/research/umls/rxnorm","1308430","everolimus 3 mg tablet for oral suspension","vsac_rx_cancer_directed","4"
"http://www.nlm.nih.gov/research/umls/rxnorm","1308432","everolimus 5 mg tablet for oral suspension","vsac_rx_cancer_directed","4"
"http://www.nlm.nih.gov/research/umls/rxnorm","1310137","afinitor oral liquid product","vsac_rx_cancer_directed","1"
"http://www.nlm.nih.gov/research/umls/rxnorm","1310138","afinitor disperz 2 mg tablet for oral suspension","vsac_rx_cancer_directed","4"
"http://www.nlm.nih.gov/research/umls/rxnorm","1310144","afinitor disperz 3 mg tablet for oral suspension","vsac_rx_cancer_directed","4"
"http://www.nlm.nih.gov/research/umls/rxnorm","1310147","afinitor disperz 5 mg tablet for oral suspension","vsac_rx_cancer_directed","4"
"http://www.nlm.nih.gov/research/umls/rxnorm","1312397","regorafenib","vsac_rx_cancer_directed","1"
"http://www.nlm.nih.gov/research/umls/rxnorm","1312398","regorafenib 40 mg","vsac_rx_cancer_directed","1"
"http://www.nlm.nih.gov/research/umls/rxnorm","1312399","regorafenib oral product","vsac_rx_cancer_directed","1"
"http://www.nlm.nih.gov/research/umls/rxnorm","1312400","regorafenib pill","vsac_rx_cancer_directed","1"
"http://www.nlm.nih.gov/research/umls/rxnorm","1312401","regorafenib oral tablet","vsac_rx_cancer_directed","1"
"http://www.nlm.nih.gov/research/umls/rxnorm","1312402","regorafenib 40 mg oral tablet","vsac_rx_cancer_directed","2"
"http://www.nlm.nih.gov/research/umls/rxnorm","1312403","stivarga","vsac_rx_cancer_directed","1"
"http://www.nlm.nih.gov/research/umls/rxnorm","1312404","regorafenib 40 mg [stivarga]","vsac_rx_cancer_directed","1"
"http://www.nlm.nih.gov/research/umls/rxnorm","1312405","regorafenib oral tablet [stivarga]","vsac_rx_cancer_directed","1"
"http://www.nlm.nih.gov/research/umls/rxnorm","1312406","stivarga oral product","vsac_rx_cancer_directed","1"
"http://www.nlm.nih.gov/research/umls/rxnorm","1312407","stivarga pill","vsac_rx_cancer_directed","1"
"http://www.nlm.nih.gov/research/umls/rxnorm","1312408","stivarga 40 mg oral tablet","vsac_rx_cancer_directed","2"
"http://www.nlm.nih.gov/research/umls/rxnorm","1314319","bosutinib monohydrate","vsac_rx_cancer_directed","1"
"http://www.nlm.nih.gov/research/umls/rxnorm","1316105","herpesvirus 1, human","vsac_rx_cancer_directed","1"
"http://www.nlm.nih.gov/research/umls/rxnorm","134547","bendamustine","vsac_rx_cancer_directed","2"
"http://www.nlm.nih.gov/research/umls/rxnorm","1356688","omacetaxine mepesuccinate 3.5 mg injection","vsac_rx_cancer_directed","4"
"http://www.nlm.nih.gov/research/umls/rxnorm","1356689","synribo","vsac_rx_cancer_directed","2"
"http://www.nlm.nih.gov/research/umls/rxnorm","1356692","synribo injectable product","vsac_rx_cancer_directed","2"
"http://www.nlm.nih.gov/research/umls/rxnorm","1356693","synribo 3.5 mg injection","vsac_rx_cancer_directed","4"
"http://www.nlm.nih.gov/research/umls/rxnorm","1363267","cabozantinib s-malate","vsac_rx_cancer_directed","2"
"http://www.nlm.nih.gov/research/umls/rxnorm","1363268","cabozantinib","vsac_rx_cancer_directed","2"
"http://www.nlm.nih.gov/research/umls/rxnorm","1363269","cabozantinib 20 mg","vsac_rx_cancer_directed","1"
"http://www.nlm.nih.gov/research/umls/rxnorm","1363270","cabozantinib oral product","vsac_rx_cancer_directed","2"
"http://www.nlm.nih.gov/research/umls/rxnorm","1363271","cabozantinib pill","vsac_rx_cancer_directed","1"
"http://www.nlm.nih.gov/research/umls/rxnorm","1363272","cabozantinib oral capsule","vsac_rx_cancer_directed","2"
"http://www.nlm.nih.gov/research/umls/rxnorm","1363273","cabozantinib 20 mg oral capsule","vsac_rx_cancer_directed","4"
"http://www.nlm.nih.gov/research/umls/rxnorm","1363274","cometriq","vsac_rx_cancer_directed","2"
"http://www.nlm.nih.gov/research/umls/rxnorm","1363275","cabozantinib 20 mg [cometriq]","vsac_rx_cancer_directed","1"
"http://www.nlm.nih.gov/research/umls/rxnorm","1363276","cabozantinib oral capsule [cometriq]","vsac_rx_cancer_directed","2"
"http://www.nlm.nih.gov/research/umls/rxnorm","1363277","cometriq oral product","vsac_rx_cancer_directed","2"
"http://www.nlm.nih.gov/research/umls/rxnorm","1363278","cometriq pill","vsac_rx_cancer_directed","1"
"http://www.nlm.nih.gov/research/umls/rxnorm","1363279","cometriq 20 mg oral capsule","vsac_rx_cancer_directed","4"
"http://www.nlm.nih.gov/research/umls/rxnorm","1363280","cabozantinib 80 mg","vsac_rx_cancer_directed","1"
"http://www.nlm.nih.gov/research/umls/rxnorm","1363281","cabozantinib 80 mg oral capsule","vsac_rx_cancer_directed","4"
"http://www.nlm.nih.gov/research/umls/rxnorm","1363283","cabozantinib 80 mg [cometriq]","vsac_rx_cancer_directed","1"
"http://www.nlm.nih.gov/research/umls/rxnorm","1363284","cometriq 80 mg oral capsule","vsac_rx_cancer_directed","4"
"http://www.nlm.nih.gov/research/umls/rxnorm","1363312","cabozantinib 140 mg daily dose carton","vsac_rx_cancer_directed","1"
"http://www.nlm.nih.gov/research/umls/rxnorm","1363408","cometriq 140 mg daily dose carton pack","vsac_rx_cancer_directed","2"
"http://www.nlm.nih.gov/research/umls/rxnorm","1363409","cabozantinib 100 mg daily dose carton","vsac_rx_cancer_directed","1"
"http://www.nlm.nih.gov/research/umls/rxnorm","1363410","cometriq 100 mg daily dose carton pack","vsac_rx_cancer_directed","2"
"http://www.nlm.nih.gov/research/umls/rxnorm","1364321","daunorubicin citrate","vsac_rx_cancer_directed","4"
"http://www.nlm.nih.gov/research/umls/rxnorm","1364347","ponatinib","vsac_rx_cancer_directed","6"
"http://www.nlm.nih.gov/research/umls/rxnorm","1364348","ponatinib 15 mg","vsac_rx_cancer_directed","4"
"http://www.nlm.nih.gov/research/umls/rxnorm","1364349","ponatinib oral product","vsac_rx_cancer_directed","6"
"http://www.nlm.nih.gov/research/umls/rxnorm","1364350","ponatinib pill","vsac_rx_cancer_directed","4"
"http://www.nlm.nih.gov/research/umls/rxnorm","1364351","ponatinib oral tablet","vsac_rx_cancer_directed","6"
"http://www.nlm.nih.gov/research/umls/rxnorm","1364352","ponatinib 15 mg oral tablet","vsac_rx_cancer_directed","9"
"http://www.nlm.nih.gov/research/umls/rxnorm","1364353","iclusig","vsac_rx_cancer_directed","3"
"http://www.nlm.nih.gov/research/umls/rxnorm","1364354","ponatinib 15 mg [iclusig]","vsac_rx_cancer_directed","4"
"http://www.nlm.nih.gov/research/umls/rxnorm","1364355","ponatinib oral tablet [iclusig]","vsac_rx_cancer_directed","6"
"http://www.nlm.nih.gov/research/umls/rxnorm","1364356","iclusig oral product","vsac_rx_cancer_directed","3"
"http://www.nlm.nih.gov/research/umls/rxnorm","1364357","iclusig pill","vsac_rx_cancer_directed","2"
"http://www.nlm.nih.gov/research/umls/rxnorm","1364358","iclusig (as ponatinib hydrochloride) 15 mg oral tablet","vsac_rx_cancer_directed","6"
"http://www.nlm.nih.gov/research/umls/rxnorm","1364359","ponatinib 45 mg","vsac_rx_cancer_directed","4"
"http://www.nlm.nih.gov/research/umls/rxnorm","1364360","ponatinib 45 mg oral tablet","vsac_rx_cancer_directed","9"
"http://www.nlm.nih.gov/research/umls/rxnorm","1364361","ponatinib 45 mg [iclusig]","vsac_rx_cancer_directed","4"
"http://www.nlm.nih.gov/research/umls/rxnorm","1364362","iclusig (as ponatinib hydrochloride) 45 mg oral tablet","vsac_rx_cancer_directed","6"
"http://www.nlm.nih.gov/research/umls/rxnorm","1364580","cabozantinib 60 mg daily dose carton","vsac_rx_cancer_directed","1"
"http://www.nlm.nih.gov/research/umls/rxnorm","1364581","4 {21 (cabozantinib 20 mg oral capsule [cometriq]) } pack [cometriq 60 mg daily dose carton]","vsac_rx_cancer_directed","1"
"http://www.nlm.nih.gov/research/umls/rxnorm","1364953","ponatinib hydrochloride","vsac_rx_cancer_directed","4"
"http://www.nlm.nih.gov/research/umls/rxnorm","1366537","tepadina","vsac_rx_cancer_directed","2"
"http://www.nlm.nih.gov/research/umls/rxnorm","1369713","pomalidomide","vsac_rx_cancer_directed","1"
"http://www.nlm.nih.gov/research/umls/rxnorm","1369714","pomalidomide 1 mg","vsac_rx_cancer_directed","1"
"http://www.nlm.nih.gov/research/umls/rxnorm","1369715","pomalidomide oral product","vsac_rx_cancer_directed","1"
"http://www.nlm.nih.gov/research/umls/rxnorm","1369716","pomalidomide pill","vsac_rx_cancer_directed","1"
"http://www.nlm.nih.gov/research/umls/rxnorm","1369717","pomalidomide oral capsule","vsac_rx_cancer_directed","1"
"http://www.nlm.nih.gov/research/umls/rxnorm","1369718","pomalidomide 1 mg oral capsule","vsac_rx_cancer_directed","2"
"http://www.nlm.nih.gov/research/umls/rxnorm","1369719","pomalyst","vsac_rx_cancer_directed","1"
"http://www.nlm.nih.gov/research/umls/rxnorm","1369720","pomalidomide 1 mg [pomalyst]","vsac_rx_cancer_directed","1"
"http://www.nlm.nih.gov/research/umls/rxnorm","1369721","pomalidomide oral capsule [pomalyst]","vsac_rx_cancer_directed","1"
"http://www.nlm.nih.gov/research/umls/rxnorm","1369722","pomalyst oral product","vsac_rx_cancer_directed","1"
"http://www.nlm.nih.gov/research/umls/rxnorm","1369723","pomalyst pill","vsac_rx_cancer_directed","1"
"http://www.nlm.nih.gov/research/umls/rxnorm","1369724","pomalyst 1 mg oral capsule","vsac_rx_cancer_directed","2"
"http://www.nlm.nih.gov/research/umls/rxnorm","1369725","pomalidomide 2 mg","vsac_rx_cancer_directed","1"
"http://www.nlm.nih.gov/research/umls/rxnorm","1369726","pomalidomide 2 mg oral capsule","vsac_rx_cancer_directed","2"
"http://www.nlm.nih.gov/research/umls/rxnorm","1369727","pomalidomide 2 mg [pomalyst]","vsac_rx_cancer_directed","1"
"http://www.nlm.nih.gov/research/umls/rxnorm","1369728","pomalyst 2 mg oral capsule","vsac_rx_cancer_directed","2"
"http://www.nlm.nih.gov/research/umls/rxnorm","1369729","pomalidomide 3 mg","vsac_rx_cancer_directed","1"
"http://www.nlm.nih.gov/research/umls/rxnorm","1369730","pomalidomide 3 mg oral capsule","vsac_rx_cancer_directed","2"
"http://www.nlm.nih.gov/research/umls/rxnorm","1369731","pomalidomide 3 mg [pomalyst]","vsac_rx_cancer_directed","1"
"http://www.nlm.nih.gov/research/umls/rxnorm","1369732","pomalyst 3 mg oral capsule","vsac_rx_cancer_directed","2"
"http://www.nlm.nih.gov/research/umls/rxnorm","1369733","pomalidomide 4 mg","vsac_rx_cancer_directed","1"
"http://www.nlm.nih.gov/research/umls/rxnorm","1369734","pomalidomide 4 mg oral capsule","vsac_rx_cancer_directed","2"
"http://www.nlm.nih.gov/research/umls/rxnorm","1369735","pomalidomide 4 mg [pomalyst]","vsac_rx_cancer_directed","1"
"http://www.nlm.nih.gov/research/umls/rxnorm","1369736","pomalyst 4 mg oral capsule","vsac_rx_cancer_directed","2"
"http://www.nlm.nih.gov/research/umls/rxnorm","1371041","ado-trastuzumab emtansine","vsac_rx_cancer_directed","1"
"http://www.nlm.nih.gov/research/umls/rxnorm","1371046","kadcyla","vsac_rx_cancer_directed","1"
"http://www.nlm.nih.gov/research/umls/rxnorm","1371049","kadcyla injectable product","vsac_rx_cancer_directed","1"
"http://www.nlm.nih.gov/research/umls/rxnorm","1371319","regorafenib monohydrate","vsac_rx_cancer_directed","1"
"http://www.nlm.nih.gov/research/umls/rxnorm","1376083","cabazitaxel 40 mg/ml [jevtana]","vsac_rx_cancer_directed","2"
"http://www.nlm.nih.gov/research/umls/rxnorm","1376084","1.5 ml cabazitaxel 40 mg/ml injection [jevtana]","vsac_rx_cancer_directed","2"
"http://www.nlm.nih.gov/research/umls/rxnorm","141704","everolimus","vsac_rx_cancer_directed","2"
"http://www.nlm.nih.gov/research/umls/rxnorm","1421191","omacetaxine mepesuccinate injectable product","vsac_rx_cancer_directed","2"
"http://www.nlm.nih.gov/research/umls/rxnorm","1421647","interferon gamma, porcine recombinant","vsac_rx_cancer_directed","1"
"http://www.nlm.nih.gov/research/umls/rxnorm","1421648","gamma-interferon","vsac_rx_cancer_directed","1"
"http://www.nlm.nih.gov/research/umls/rxnorm","1424174","radium chloride ra-223","vsac_rx_cancer_directed","1"
"http://www.nlm.nih.gov/research/umls/rxnorm","1424214","6 ml radium chloride ra-223 30 mci/ml injection","vsac_rx_cancer_directed","1"
"http://www.nlm.nih.gov/research/umls/rxnorm","1424215","xofigo","vsac_rx_cancer_directed","1"
"http://www.nlm.nih.gov/research/umls/rxnorm","1424218","xofigo injectable product","vsac_rx_cancer_directed","1"
"http://www.nlm.nih.gov/research/umls/rxnorm","1424219","6 ml radium chloride ra-223 30 mci/ml injection [xofigo]","vsac_rx_cancer_directed","1"
"http://www.nlm.nih.gov/research/umls/rxnorm","142433","doxorubicin hydrochloride","vsac_rx_cancer_directed","4"
"http://www.nlm.nih.gov/research/umls/rxnorm","1424911","dabrafenib","vsac_rx_cancer_directed","2"
"http://www.nlm.nih.gov/research/umls/rxnorm","1424912","dabrafenib 50 mg","vsac_rx_cancer_directed","1"
"http://www.nlm.nih.gov/research/umls/rxnorm","1424913","dabrafenib oral product","vsac_rx_cancer_directed","2"
"http://www.nlm.nih.gov/research/umls/rxnorm","1424914","dabrafenib pill","vsac_rx_cancer_directed","1"
"http://www.nlm.nih.gov/research/umls/rxnorm","1424915","dabrafenib oral capsule","vsac_rx_cancer_directed","2"
"http://www.nlm.nih.gov/research/umls/rxnorm","1424916","dabrafenib 50 mg oral capsule","vsac_rx_cancer_directed","4"
"http://www.nlm.nih.gov/research/umls/rxnorm","1424917","dabrafenib 75 mg","vsac_rx_cancer_directed","1"
"http://www.nlm.nih.gov/research/umls/rxnorm","1424918","dabrafenib 75 mg oral capsule","vsac_rx_cancer_directed","4"
"http://www.nlm.nih.gov/research/umls/rxnorm","1425098","trametinib dimethyl sulfoxide","vsac_rx_cancer_directed","3"
"http://www.nlm.nih.gov/research/umls/rxnorm","1425099","trametinib","vsac_rx_cancer_directed","5"
"http://www.nlm.nih.gov/research/umls/rxnorm","1425100","trametinib 0.5 mg","vsac_rx_cancer_directed","3"
"http://www.nlm.nih.gov/research/umls/rxnorm","1425101","trametinib oral product","vsac_rx_cancer_directed","5"
"http://www.nlm.nih.gov/research/umls/rxnorm","1425102","trametinib pill","vsac_rx_cancer_directed","3"
"http://www.nlm.nih.gov/research/umls/rxnorm","1425103","trametinib oral tablet","vsac_rx_cancer_directed","5"
"http://www.nlm.nih.gov/research/umls/rxnorm","1425104","trametinib 0.5 mg oral tablet","vsac_rx_cancer_directed","10"
"http://www.nlm.nih.gov/research/umls/rxnorm","1425105","mekinist","vsac_rx_cancer_directed","5"
"http://www.nlm.nih.gov/research/umls/rxnorm","1425106","trametinib 0.5 mg [mekinist]","vsac_rx_cancer_directed","3"
"http://www.nlm.nih.gov/research/umls/rxnorm","1425107","trametinib oral tablet [mekinist]","vsac_rx_cancer_directed","5"
"http://www.nlm.nih.gov/research/umls/rxnorm","1425108","mekinist oral product","vsac_rx_cancer_directed","5"
"http://www.nlm.nih.gov/research/umls/rxnorm","1425109","mekinist pill","vsac_rx_cancer_directed","3"
"http://www.nlm.nih.gov/research/umls/rxnorm","1425110","mekinist 0.5 mg oral tablet","vsac_rx_cancer_directed","10"
"http://www.nlm.nih.gov/research/umls/rxnorm","1425115","trametinib 2 mg","vsac_rx_cancer_directed","3"
"http://www.nlm.nih.gov/research/umls/rxnorm","1425116","trametinib 2 mg oral tablet","vsac_rx_cancer_directed","10"
"http://www.nlm.nih.gov/research/umls/rxnorm","1425117","trametinib 2 mg [mekinist]","vsac_rx_cancer_directed","3"
"http://www.nlm.nih.gov/research/umls/rxnorm","1425118","mekinist 2 mg oral tablet","vsac_rx_cancer_directed","10"
"http://www.nlm.nih.gov/research/umls/rxnorm","1425222","dabrafenib mesylate","vsac_rx_cancer_directed","2"
"http://www.nlm.nih.gov/research/umls/rxnorm","1425223","tafinlar","vsac_rx_cancer_directed","2"
"http://www.nlm.nih.gov/research/umls/rxnorm","1425224","dabrafenib 50 mg [tafinlar]","vsac_rx_cancer_directed","1"
"http://www.nlm.nih.gov/research/umls/rxnorm","1425225","dabrafenib oral capsule [tafinlar]","vsac_rx_cancer_directed","2"
"http://www.nlm.nih.gov/research/umls/rxnorm","1425226","tafinlar oral product","vsac_rx_cancer_directed","2"
"http://www.nlm.nih.gov/research/umls/rxnorm","1425227","tafinlar pill","vsac_rx_cancer_directed","1"
"http://www.nlm.nih.gov/research/umls/rxnorm","1425228","tafinlar 50 mg oral capsule","vsac_rx_cancer_directed","4"
"http://www.nlm.nih.gov/research/umls/rxnorm","1425229","dabrafenib 75 mg [tafinlar]","vsac_rx_cancer_directed","1"
"http://www.nlm.nih.gov/research/umls/rxnorm","1425230","tafinlar 75 mg oral capsule","vsac_rx_cancer_directed","4"
"http://www.nlm.nih.gov/research/umls/rxnorm","1428946","lenalidomide 20 mg","vsac_rx_cancer_directed","1"
"http://www.nlm.nih.gov/research/umls/rxnorm","1428947","lenalidomide 20 mg oral capsule","vsac_rx_cancer_directed","2"
"http://www.nlm.nih.gov/research/umls/rxnorm","1429366","lenalidomide 20 mg [revlimid]","vsac_rx_cancer_directed","1"
"http://www.nlm.nih.gov/research/umls/rxnorm","1429367","revlimid 20 mg oral capsule","vsac_rx_cancer_directed","2"
"http://www.nlm.nih.gov/research/umls/rxnorm","1430268","gilotrif","vsac_rx_cancer_directed","1"
"http://www.nlm.nih.gov/research/umls/rxnorm","1430271","gilotrif oral product","vsac_rx_cancer_directed","1"
"http://www.nlm.nih.gov/research/umls/rxnorm","1430272","gilotrif pill","vsac_rx_cancer_directed","1"
"http://www.nlm.nih.gov/research/umls/rxnorm","1430438","afatinib","vsac_rx_cancer_directed","1"
"http://www.nlm.nih.gov/research/umls/rxnorm","1430441","afatinib dimaleate","vsac_rx_cancer_directed","1"
"http://www.nlm.nih.gov/research/umls/rxnorm","1430442","afatinib 20 mg","vsac_rx_cancer_directed","1"
"http://www.nlm.nih.gov/research/umls/rxnorm","1430443","afatinib oral product","vsac_rx_cancer_directed","1"
"http://www.nlm.nih.gov/research/umls/rxnorm","1430444","afatinib pill","vsac_rx_cancer_directed","1"
"http://www.nlm.nih.gov/research/umls/rxnorm","1430445","afatinib oral tablet","vsac_rx_cancer_directed","1"
"http://www.nlm.nih.gov/research/umls/rxnorm","1430446","afatinib 20 mg oral tablet","vsac_rx_cancer_directed","2"
"http://www.nlm.nih.gov/research/umls/rxnorm","1430447","afatinib 20 mg [gilotrif]","vsac_rx_cancer_directed","1"
"http://www.nlm.nih.gov/research/umls/rxnorm","1430448","afatinib oral tablet [gilotrif]","vsac_rx_cancer_directed","1"
"http://www.nlm.nih.gov/research/umls/rxnorm","1430449","gilotrif 20 mg oral tablet","vsac_rx_cancer_directed","2"
"http://www.nlm.nih.gov/research/umls/rxnorm","1430450","afatinib 30 mg","vsac_rx_cancer_directed","1"
"http://www.nlm.nih.gov/research/umls/rxnorm","1430451","afatinib 30 mg oral tablet","vsac_rx_cancer_directed","2"
"http://www.nlm.nih.gov/research/umls/rxnorm","1430452","afatinib 30 mg [gilotrif]","vsac_rx_cancer_directed","1"
"http://www.nlm.nih.gov/research/umls/rxnorm","1430453","gilotrif 30 mg oral tablet","vsac_rx_cancer_directed","2"
"http://www.nlm.nih.gov/research/umls/rxnorm","1430454","afatinib 40 mg","vsac_rx_cancer_directed","1"
"http://www.nlm.nih.gov/research/umls/rxnorm","1430455","afatinib 40 mg oral tablet","vsac_rx_cancer_directed","2"
"http://www.nlm.nih.gov/research/umls/rxnorm","1430456","afatinib 40 mg [gilotrif]","vsac_rx_cancer_directed","1"
"http://www.nlm.nih.gov/research/umls/rxnorm","1430457","gilotrif 40 mg oral tablet","vsac_rx_cancer_directed","2"
"http://www.nlm.nih.gov/research/umls/rxnorm","1431738","asparaginase erwinia chrysanthemi","vsac_rx_cancer_directed","2"
"http://www.nlm.nih.gov/research/umls/rxnorm","1437967","cyclophosphamide oral capsule","vsac_rx_cancer_directed","6"
"http://www.nlm.nih.gov/research/umls/rxnorm","1437968","cyclophosphamide 25 mg oral capsule","vsac_rx_cancer_directed","12"
"http://www.nlm.nih.gov/research/umls/rxnorm","1437969","cyclophosphamide 50 mg oral capsule","vsac_rx_cancer_directed","12"
"http://www.nlm.nih.gov/research/umls/rxnorm","1442981","ibrutinib","vsac_rx_cancer_directed","1"
"http://www.nlm.nih.gov/research/umls/rxnorm","1442982","ibrutinib 140 mg","vsac_rx_cancer_directed","1"
"http://www.nlm.nih.gov/research/umls/rxnorm","1442983","ibrutinib oral product","vsac_rx_cancer_directed","1"
"http://www.nlm.nih.gov/research/umls/rxnorm","1442984","ibrutinib pill","vsac_rx_cancer_directed","1"
"http://www.nlm.nih.gov/research/umls/rxnorm","1442985","ibrutinib oral capsule","vsac_rx_cancer_directed","1"
"http://www.nlm.nih.gov/research/umls/rxnorm","1442986","ibrutinib 140 mg oral capsule","vsac_rx_cancer_directed","2"
"http://www.nlm.nih.gov/research/umls/rxnorm","1442987","imbruvica","vsac_rx_cancer_directed","1"
"http://www.nlm.nih.gov/research/umls/rxnorm","1442988","ibrutinib 140 mg [imbruvica]","vsac_rx_cancer_directed","1"
"http://www.nlm.nih.gov/research/umls/rxnorm","1442989","ibrutinib oral capsule [imbruvica]","vsac_rx_cancer_directed","1"
"http://www.nlm.nih.gov/research/umls/rxnorm","1442990","imbruvica oral product","vsac_rx_cancer_directed","1"
"http://www.nlm.nih.gov/research/umls/rxnorm","1442991","imbruvica pill","vsac_rx_cancer_directed","1"
"http://www.nlm.nih.gov/research/umls/rxnorm","1442992","imbruvica 140 mg oral capsule","vsac_rx_cancer_directed","2"
"http://www.nlm.nih.gov/research/umls/rxnorm","14448","3-iodobenzylguanidine","vsac_rx_cancer_directed","1"
"http://www.nlm.nih.gov/research/umls/rxnorm","15070","formestane","vsac_rx_cancer_directed","1"
"http://www.nlm.nih.gov/research/umls/rxnorm","150889","asparaginase erwinia chrysanthemi (as crisantaspase) 10000 unt injection","vsac_rx_cancer_directed","2"
"http://www.nlm.nih.gov/research/umls/rxnorm","151124","arimidex 1 mg oral tablet","vsac_rx_cancer_directed","2"
"http://www.nlm.nih.gov/research/umls/rxnorm","151245","fosfestrol 60 mg/ml injectable solution","vsac_rx_cancer_directed","1"
"http://www.nlm.nih.gov/research/umls/rxnorm","151325","alkeran","vsac_rx_cancer_directed","2"
"http://www.nlm.nih.gov/research/umls/rxnorm","151495","casodex","vsac_rx_cancer_directed","1"
"http://www.nlm.nih.gov/research/umls/rxnorm","151668","eulexin","vsac_rx_cancer_directed","1"
"http://www.nlm.nih.gov/research/umls/rxnorm","151871","hydrea","vsac_rx_cancer_directed","2"
"http://www.nlm.nih.gov/research/umls/rxnorm","151956","tabloid","vsac_rx_cancer_directed","3"
"http://www.nlm.nih.gov/research/umls/rxnorm","152115","nipent","vsac_rx_cancer_directed","2"
"http://www.nlm.nih.gov/research/umls/rxnorm","152200","paraplatin","vsac_rx_cancer_directed","5"
"http://www.nlm.nih.gov/research/umls/rxnorm","152880","fareston 60 mg oral tablet","vsac_rx_cancer_directed","1"
"http://www.nlm.nih.gov/research/umls/rxnorm","152929","fosfestrol 120 mg oral tablet","vsac_rx_cancer_directed","2"
"http://www.nlm.nih.gov/research/umls/rxnorm","153124","femara 2.5 mg oral tablet","vsac_rx_cancer_directed","2"
"http://www.nlm.nih.gov/research/umls/rxnorm","153329","irinotecan hydrochloride","vsac_rx_cancer_directed","2"
"http://www.nlm.nih.gov/research/umls/rxnorm","1535457","ceritinib","vsac_rx_cancer_directed","2"
"http://www.nlm.nih.gov/research/umls/rxnorm","1535458","ceritinib 150 mg","vsac_rx_cancer_directed","1"
"http://www.nlm.nih.gov/research/umls/rxnorm","1535459","ceritinib oral product","vsac_rx_cancer_directed","2"
"http://www.nlm.nih.gov/research/umls/rxnorm","1535460","ceritinib pill","vsac_rx_cancer_directed","1"
"http://www.nlm.nih.gov/research/umls/rxnorm","1535461","ceritinib oral capsule","vsac_rx_cancer_directed","2"
"http://www.nlm.nih.gov/research/umls/rxnorm","1535462","ceritinib 150 mg oral capsule","vsac_rx_cancer_directed","4"
"http://www.nlm.nih.gov/research/umls/rxnorm","1535463","zykadia","vsac_rx_cancer_directed","2"
"http://www.nlm.nih.gov/research/umls/rxnorm","1535464","ceritinib 150 mg [zykadia]","vsac_rx_cancer_directed","1"
"http://www.nlm.nih.gov/research/umls/rxnorm","1535466","zykadia oral product","vsac_rx_cancer_directed","2"
"http://www.nlm.nih.gov/research/umls/rxnorm","1535467","zykadia pill","vsac_rx_cancer_directed","1"
"http://www.nlm.nih.gov/research/umls/rxnorm","1535922","ramucirumab","vsac_rx_cancer_directed","1"
"http://www.nlm.nih.gov/research/umls/rxnorm","1535989","ramucirumab 10 mg/ml","vsac_rx_cancer_directed","1"
"http://www.nlm.nih.gov/research/umls/rxnorm","1535990","ramucirumab injectable product","vsac_rx_cancer_directed","1"
"http://www.nlm.nih.gov/research/umls/rxnorm","1535993","cyramza","vsac_rx_cancer_directed","1"
"http://www.nlm.nih.gov/research/umls/rxnorm","1535994","ramucirumab 10 mg/ml [cyramza]","vsac_rx_cancer_directed","1"
"http://www.nlm.nih.gov/research/umls/rxnorm","1535996","cyramza injectable product","vsac_rx_cancer_directed","1"
"http://www.nlm.nih.gov/research/umls/rxnorm","1536481","mercaptopurine 20 mg/ml","vsac_rx_cancer_directed","3"
"http://www.nlm.nih.gov/research/umls/rxnorm","1536482","mercaptopurine oral liquid product","vsac_rx_cancer_directed","3"
"http://www.nlm.nih.gov/research/umls/rxnorm","1536483","mercaptopurine oral suspension","vsac_rx_cancer_directed","3"
"http://www.nlm.nih.gov/research/umls/rxnorm","1536484","mercaptopurine 100 mg per 5 ml oral suspension","vsac_rx_cancer_directed","4"
"http://www.nlm.nih.gov/research/umls/rxnorm","1536485","purixan","vsac_rx_cancer_directed","3"
"http://www.nlm.nih.gov/research/umls/rxnorm","1536486","mercaptopurine 20 mg/ml [purixan]","vsac_rx_cancer_directed","3"
"http://www.nlm.nih.gov/research/umls/rxnorm","1536487","mercaptopurine oral suspension [purixan]","vsac_rx_cancer_directed","3"
"http://www.nlm.nih.gov/research/umls/rxnorm","1536488","purixan oral liquid product","vsac_rx_cancer_directed","3"
"http://www.nlm.nih.gov/research/umls/rxnorm","1536489","purixan oral product","vsac_rx_cancer_directed","3"
"http://www.nlm.nih.gov/research/umls/rxnorm","1536490","mercaptopurine 20 mg/ml oral suspension [purixan]","vsac_rx_cancer_directed","3"
"http://www.nlm.nih.gov/research/umls/rxnorm","1541889","sunitinib 37.5 mg","vsac_rx_cancer_directed","2"
"http://www.nlm.nih.gov/research/umls/rxnorm","1541890","sunitinib (as sunitinib malate) 37.5 mg oral capsule","vsac_rx_cancer_directed","2"
"http://www.nlm.nih.gov/research/umls/rxnorm","1541927","sunitinib 37.5 mg [sutent]","vsac_rx_cancer_directed","2"
"http://www.nlm.nih.gov/research/umls/rxnorm","1541928","sunitinib 37.5 mg oral capsule [sutent]","vsac_rx_cancer_directed","2"
"http://www.nlm.nih.gov/research/umls/rxnorm","1543543","belinostat","vsac_rx_cancer_directed","2"
"http://www.nlm.nih.gov/research/umls/rxnorm","1543545","belinostat injectable product","vsac_rx_cancer_directed","2"
"http://www.nlm.nih.gov/research/umls/rxnorm","1543547","belinostat 500 mg injection","vsac_rx_cancer_directed","6"
"http://www.nlm.nih.gov/research/umls/rxnorm","1543548","beleodaq","vsac_rx_cancer_directed","2"
"http://www.nlm.nih.gov/research/umls/rxnorm","1543551","beleodaq injectable product","vsac_rx_cancer_directed","2"
"http://www.nlm.nih.gov/research/umls/rxnorm","1543552","beleodaq 500 mg injection","vsac_rx_cancer_directed","4"
"http://www.nlm.nih.gov/research/umls/rxnorm","1544460","idelalisib","vsac_rx_cancer_directed","1"
"http://www.nlm.nih.gov/research/umls/rxnorm","1544461","idelalisib 100 mg","vsac_rx_cancer_directed","1"
"http://www.nlm.nih.gov/research/umls/rxnorm","1544462","idelalisib oral product","vsac_rx_cancer_directed","1"
"http://www.nlm.nih.gov/research/umls/rxnorm","1544463","idelalisib pill","vsac_rx_cancer_directed","1"
"http://www.nlm.nih.gov/research/umls/rxnorm","1544464","idelalisib oral tablet","vsac_rx_cancer_directed","1"
"http://www.nlm.nih.gov/research/umls/rxnorm","1544465","idelalisib 100 mg oral tablet","vsac_rx_cancer_directed","2"
"http://www.nlm.nih.gov/research/umls/rxnorm","1544466","zydelig","vsac_rx_cancer_directed","1"
"http://www.nlm.nih.gov/research/umls/rxnorm","1544467","idelalisib 100 mg [zydelig]","vsac_rx_cancer_directed","1"
"http://www.nlm.nih.gov/research/umls/rxnorm","1544468","idelalisib oral tablet [zydelig]","vsac_rx_cancer_directed","1"
"http://www.nlm.nih.gov/research/umls/rxnorm","1544469","zydelig oral product","vsac_rx_cancer_directed","1"
"http://www.nlm.nih.gov/research/umls/rxnorm","1544470","zydelig pill","vsac_rx_cancer_directed","1"
"http://www.nlm.nih.gov/research/umls/rxnorm","1544471","zydelig 100 mg oral tablet","vsac_rx_cancer_directed","2"
"http://www.nlm.nih.gov/research/umls/rxnorm","1544472","idelalisib 150 mg","vsac_rx_cancer_directed","1"
"http://www.nlm.nih.gov/research/umls/rxnorm","1544473","idelalisib 150 mg oral tablet","vsac_rx_cancer_directed","2"
"http://www.nlm.nih.gov/research/umls/rxnorm","1544474","idelalisib 150 mg [zydelig]","vsac_rx_cancer_directed","1"
"http://www.nlm.nih.gov/research/umls/rxnorm","1544475","zydelig 150 mg oral tablet","vsac_rx_cancer_directed","2"
"http://www.nlm.nih.gov/research/umls/rxnorm","1545771","gleostine","vsac_rx_cancer_directed","2"
"http://www.nlm.nih.gov/research/umls/rxnorm","1545772","lomustine 10 mg [gleostine]","vsac_rx_cancer_directed","4"
"http://www.nlm.nih.gov/research/umls/rxnorm","1545773","lomustine oral capsule [gleostine]","vsac_rx_cancer_directed","4"
"http://www.nlm.nih.gov/research/umls/rxnorm","1545774","gleostine oral product","vsac_rx_cancer_directed","4"
"http://www.nlm.nih.gov/research/umls/rxnorm","1545775","gleostine pill","vsac_rx_cancer_directed","4"
"http://www.nlm.nih.gov/research/umls/rxnorm","1545776","gleostine 10 mg oral capsule","vsac_rx_cancer_directed","8"
"http://www.nlm.nih.gov/research/umls/rxnorm","1545777","lomustine 100 mg [gleostine]","vsac_rx_cancer_directed","4"
"http://www.nlm.nih.gov/research/umls/rxnorm","1545778","gleostine 100 mg oral capsule","vsac_rx_cancer_directed","8"
"http://www.nlm.nih.gov/research/umls/rxnorm","1545779","lomustine 40 mg [gleostine]","vsac_rx_cancer_directed","4"
"http://www.nlm.nih.gov/research/umls/rxnorm","1545780","gleostine 40 mg oral capsule","vsac_rx_cancer_directed","8"
"http://www.nlm.nih.gov/research/umls/rxnorm","1545988","cyclophosphamide anhydrous","vsac_rx_cancer_directed","4"
"http://www.nlm.nih.gov/research/umls/rxnorm","1546005","thioguanine anhydrous","vsac_rx_cancer_directed","2"
"http://www.nlm.nih.gov/research/umls/rxnorm","1546019","dasatinib anhydrous","vsac_rx_cancer_directed","1"
"http://www.nlm.nih.gov/research/umls/rxnorm","1546028","mercaptopurine anhydrous","vsac_rx_cancer_directed","2"
"http://www.nlm.nih.gov/research/umls/rxnorm","1546394","iodine i-131","vsac_rx_cancer_directed","1"
"http://www.nlm.nih.gov/research/umls/rxnorm","1546446","omacetaxine","vsac_rx_cancer_directed","1"
"http://www.nlm.nih.gov/research/umls/rxnorm","1547545","pembrolizumab","vsac_rx_cancer_directed","2"
"http://www.nlm.nih.gov/research/umls/rxnorm","1547546","pembrolizumab 25 mg/ml","vsac_rx_cancer_directed","2"
"http://www.nlm.nih.gov/research/umls/rxnorm","1547547","pembrolizumab injectable product","vsac_rx_cancer_directed","2"
"http://www.nlm.nih.gov/research/umls/rxnorm","1547550","keytruda","vsac_rx_cancer_directed","2"
"http://www.nlm.nih.gov/research/umls/rxnorm","1547551","pembrolizumab 25 mg/ml [keytruda]","vsac_rx_cancer_directed","2"
"http://www.nlm.nih.gov/research/umls/rxnorm","1547553","keytruda injectable product","vsac_rx_cancer_directed","2"
"http://www.nlm.nih.gov/research/umls/rxnorm","155082","fareston","vsac_rx_cancer_directed","1"
"http://www.nlm.nih.gov/research/umls/rxnorm","15657","decitabine","vsac_rx_cancer_directed","2"
"http://www.nlm.nih.gov/research/umls/rxnorm","1597258","blinatumomab","vsac_rx_cancer_directed","1"
"http://www.nlm.nih.gov/research/umls/rxnorm","1597260","blinatumomab injectable product","vsac_rx_cancer_directed","1"
"http://www.nlm.nih.gov/research/umls/rxnorm","1597262","blinatumomab 35 mcg injection","vsac_rx_cancer_directed","2"
"http://www.nlm.nih.gov/research/umls/rxnorm","1597263","blincyto","vsac_rx_cancer_directed","1"
"http://www.nlm.nih.gov/research/umls/rxnorm","1597266","blincyto injectable product","vsac_rx_cancer_directed","1"
"http://www.nlm.nih.gov/research/umls/rxnorm","1597267","blincyto 35 mcg injection","vsac_rx_cancer_directed","2"
"http://www.nlm.nih.gov/research/umls/rxnorm","1597582","olaparib","vsac_rx_cancer_directed","1"
"http://www.nlm.nih.gov/research/umls/rxnorm","1597583","olaparib 50 mg","vsac_rx_cancer_directed","1"
"http://www.nlm.nih.gov/research/umls/rxnorm","1597584","olaparib oral product","vsac_rx_cancer_directed","1"
"http://www.nlm.nih.gov/research/umls/rxnorm","1597585","olaparib pill","vsac_rx_cancer_directed","1"
"http://www.nlm.nih.gov/research/umls/rxnorm","1597586","olaparib oral capsule","vsac_rx_cancer_directed","1"
"http://www.nlm.nih.gov/research/umls/rxnorm","1597587","olaparib 50 mg oral capsule","vsac_rx_cancer_directed","2"
"http://www.nlm.nih.gov/research/umls/rxnorm","1597588","lynparza","vsac_rx_cancer_directed","1"
"http://www.nlm.nih.gov/research/umls/rxnorm","1597591","lynparza oral product","vsac_rx_cancer_directed","1"
"http://www.nlm.nih.gov/research/umls/rxnorm","1597592","lynparza pill","vsac_rx_cancer_directed","1"
"http://www.nlm.nih.gov/research/umls/rxnorm","1597876","nivolumab","vsac_rx_cancer_directed","2"
"http://www.nlm.nih.gov/research/umls/rxnorm","1597877","nivolumab 10 mg/ml","vsac_rx_cancer_directed","2"
"http://www.nlm.nih.gov/research/umls/rxnorm","1597878","nivolumab injectable product","vsac_rx_cancer_directed","2"
"http://www.nlm.nih.gov/research/umls/rxnorm","1597881","opdivo","vsac_rx_cancer_directed","2"
"http://www.nlm.nih.gov/research/umls/rxnorm","1597882","nivolumab 10 mg/ml [opdivo]","vsac_rx_cancer_directed","2"
"http://www.nlm.nih.gov/research/umls/rxnorm","1597884","opdivo injectable product","vsac_rx_cancer_directed","2"
"http://www.nlm.nih.gov/research/umls/rxnorm","1601374","palbociclib","vsac_rx_cancer_directed","1"
"http://www.nlm.nih.gov/research/umls/rxnorm","1601376","palbociclib 100 mg","vsac_rx_cancer_directed","1"
"http://www.nlm.nih.gov/research/umls/rxnorm","1601377","palbociclib oral product","vsac_rx_cancer_directed","1"
"http://www.nlm.nih.gov/research/umls/rxnorm","1601378","palbociclib pill","vsac_rx_cancer_directed","1"
"http://www.nlm.nih.gov/research/umls/rxnorm","1601379","palbociclib oral capsule","vsac_rx_cancer_directed","1"
"http://www.nlm.nih.gov/research/umls/rxnorm","1601380","palbociclib 100 mg oral capsule","vsac_rx_cancer_directed","2"
"http://www.nlm.nih.gov/research/umls/rxnorm","1601381","ibrance","vsac_rx_cancer_directed","1"
"http://www.nlm.nih.gov/research/umls/rxnorm","1601382","palbociclib 100 mg [ibrance]","vsac_rx_cancer_directed","1"
"http://www.nlm.nih.gov/research/umls/rxnorm","1601383","palbociclib oral capsule [ibrance]","vsac_rx_cancer_directed","1"
"http://www.nlm.nih.gov/research/umls/rxnorm","1601384","ibrance oral product","vsac_rx_cancer_directed","1"
"http://www.nlm.nih.gov/research/umls/rxnorm","1601385","ibrance pill","vsac_rx_cancer_directed","1"
"http://www.nlm.nih.gov/research/umls/rxnorm","1601386","ibrance 100 mg oral capsule","vsac_rx_cancer_directed","2"
"http://www.nlm.nih.gov/research/umls/rxnorm","1601387","palbociclib 125 mg","vsac_rx_cancer_directed","1"
"http://www.nlm.nih.gov/research/umls/rxnorm","1601388","palbociclib 125 mg oral capsule","vsac_rx_cancer_directed","2"
"http://www.nlm.nih.gov/research/umls/rxnorm","1601389","palbociclib 125 mg [ibrance]","vsac_rx_cancer_directed","1"
"http://www.nlm.nih.gov/research/umls/rxnorm","1601390","ibrance 125 mg oral capsule","vsac_rx_cancer_directed","2"
"http://www.nlm.nih.gov/research/umls/rxnorm","1601391","palbociclib 75 mg","vsac_rx_cancer_directed","1"
"http://www.nlm.nih.gov/research/umls/rxnorm","1601392","palbociclib 75 mg oral capsule","vsac_rx_cancer_directed","2"
"http://www.nlm.nih.gov/research/umls/rxnorm","1601393","palbociclib 75 mg [ibrance]","vsac_rx_cancer_directed","1"
"http://www.nlm.nih.gov/research/umls/rxnorm","1601394","ibrance 75 mg oral capsule","vsac_rx_cancer_directed","2"
"http://www.nlm.nih.gov/research/umls/rxnorm","1603296","lenvatinib","vsac_rx_cancer_directed","1"
"http://www.nlm.nih.gov/research/umls/rxnorm","1603349","panobinostat lactate","vsac_rx_cancer_directed","2"
"http://www.nlm.nih.gov/research/umls/rxnorm","1603350","panobinostat","vsac_rx_cancer_directed","2"
"http://www.nlm.nih.gov/research/umls/rxnorm","1603351","panobinostat 10 mg","vsac_rx_cancer_directed","2"
"http://www.nlm.nih.gov/research/umls/rxnorm","1603352","panobinostat oral product","vsac_rx_cancer_directed","2"
"http://www.nlm.nih.gov/research/umls/rxnorm","1603353","panobinostat pill","vsac_rx_cancer_directed","2"
"http://www.nlm.nih.gov/research/umls/rxnorm","1603354","panobinostat oral capsule","vsac_rx_cancer_directed","2"
"http://www.nlm.nih.gov/research/umls/rxnorm","1603355","panobinostat 10 mg oral capsule","vsac_rx_cancer_directed","4"
"http://www.nlm.nih.gov/research/umls/rxnorm","1603356","farydak","vsac_rx_cancer_directed","2"
"http://www.nlm.nih.gov/research/umls/rxnorm","1603357","panobinostat 10 mg [farydak]","vsac_rx_cancer_directed","2"
"http://www.nlm.nih.gov/research/umls/rxnorm","1603358","panobinostat oral capsule [farydak]","vsac_rx_cancer_directed","2"
"http://www.nlm.nih.gov/research/umls/rxnorm","1603359","farydak oral product","vsac_rx_cancer_directed","2"
"http://www.nlm.nih.gov/research/umls/rxnorm","1603360","farydak pill","vsac_rx_cancer_directed","2"
"http://www.nlm.nih.gov/research/umls/rxnorm","1603361","farydak 10 mg oral capsule","vsac_rx_cancer_directed","4"
"http://www.nlm.nih.gov/research/umls/rxnorm","1603362","panobinostat 15 mg","vsac_rx_cancer_directed","2"
"http://www.nlm.nih.gov/research/umls/rxnorm","1603363","panobinostat 15 mg oral capsule","vsac_rx_cancer_directed","4"
"http://www.nlm.nih.gov/research/umls/rxnorm","1603364","panobinostat 15 mg [farydak]","vsac_rx_cancer_directed","2"
"http://www.nlm.nih.gov/research/umls/rxnorm","1603365","farydak 15 mg oral capsule","vsac_rx_cancer_directed","4"
"http://www.nlm.nih.gov/research/umls/rxnorm","1603366","panobinostat 20 mg","vsac_rx_cancer_directed","2"
"http://www.nlm.nih.gov/research/umls/rxnorm","1603367","panobinostat 20 mg oral capsule","vsac_rx_cancer_directed","4"
"http://www.nlm.nih.gov/research/umls/rxnorm","1603368","panobinostat 20 mg [farydak]","vsac_rx_cancer_directed","2"
"http://www.nlm.nih.gov/research/umls/rxnorm","1603369","farydak 20 mg oral capsule","vsac_rx_cancer_directed","4"
"http://www.nlm.nih.gov/research/umls/rxnorm","1604341","lenvatinib 10 mg","vsac_rx_cancer_directed","1"
"http://www.nlm.nih.gov/research/umls/rxnorm","1604342","lenvatinib oral product","vsac_rx_cancer_directed","1"
"http://www.nlm.nih.gov/research/umls/rxnorm","1604343","lenvatinib pill","vsac_rx_cancer_directed","1"
"http://www.nlm.nih.gov/research/umls/rxnorm","1604344","lenvatinib oral capsule","vsac_rx_cancer_directed","1"
"http://www.nlm.nih.gov/research/umls/rxnorm","1604345","lenvatinib 10 mg oral capsule","vsac_rx_cancer_directed","2"
"http://www.nlm.nih.gov/research/umls/rxnorm","1604346","lenvatinib mesylate","vsac_rx_cancer_directed","1"
"http://www.nlm.nih.gov/research/umls/rxnorm","1604347","lenvatinib 4 mg","vsac_rx_cancer_directed","1"
"http://www.nlm.nih.gov/research/umls/rxnorm","1604348","lenvatinib 4 mg oral capsule","vsac_rx_cancer_directed","2"
"http://www.nlm.nih.gov/research/umls/rxnorm","1604349","lenvatinib 14 mg daily dose 30 day supply pack","vsac_rx_cancer_directed","2"
"http://www.nlm.nih.gov/research/umls/rxnorm","1604350","lenvima 14 mg daily dose 30 day supply pack","vsac_rx_cancer_directed","2"
"http://www.nlm.nih.gov/research/umls/rxnorm","1604351","lenvatinib 24 mg daily dose 30 day supply pack","vsac_rx_cancer_directed","2"
"http://www.nlm.nih.gov/research/umls/rxnorm","1604352","lenvima 24 mg daily dose 30 day supply pack","vsac_rx_cancer_directed","2"
"http://www.nlm.nih.gov/research/umls/rxnorm","1604383","lenvatinib 10 mg daily dose 30 day supply pack","vsac_rx_cancer_directed","2"
"http://www.nlm.nih.gov/research/umls/rxnorm","1604384","lenvima 10 mg daily dose 30 day supply pack","vsac_rx_cancer_directed","2"
"http://www.nlm.nih.gov/research/umls/rxnorm","1604394","lenvatinib 20 mg daily dose 30 day supply pack","vsac_rx_cancer_directed","2"
"http://www.nlm.nih.gov/research/umls/rxnorm","1604395","lenvima 20 mg daily dose 30 day supply pack","vsac_rx_cancer_directed","2"
"http://www.nlm.nih.gov/research/umls/rxnorm","1606274","dinutuximab","vsac_rx_cancer_directed","1"
"http://www.nlm.nih.gov/research/umls/rxnorm","1606275","dinutuximab 3.5 mg/ml","vsac_rx_cancer_directed","1"
"http://www.nlm.nih.gov/research/umls/rxnorm","1606276","dinutuximab injectable product","vsac_rx_cancer_directed","1"
"http://www.nlm.nih.gov/research/umls/rxnorm","1606278","5 ml dinutuximab 3.5 mg/ml injection","vsac_rx_cancer_directed","1"
"http://www.nlm.nih.gov/research/umls/rxnorm","1606279","unituxin","vsac_rx_cancer_directed","1"
"http://www.nlm.nih.gov/research/umls/rxnorm","1606280","dinutuximab 3.5 mg/ml [unituxin]","vsac_rx_cancer_directed","1"
"http://www.nlm.nih.gov/research/umls/rxnorm","1606282","unituxin injectable product","vsac_rx_cancer_directed","1"
"http://www.nlm.nih.gov/research/umls/rxnorm","1606283","5 ml dinutuximab 3.5 mg/ml injection [unituxin]","vsac_rx_cancer_directed","1"
"http://www.nlm.nih.gov/research/umls/rxnorm","1621","bleomycin sulfate","vsac_rx_cancer_directed","2"
"http://www.nlm.nih.gov/research/umls/rxnorm","1622","bleomycin","vsac_rx_cancer_directed","2"
"http://www.nlm.nih.gov/research/umls/rxnorm","1648126","levoleucovorin calcium pentahydrate","vsac_rx_cancer_directed","2"
"http://www.nlm.nih.gov/research/umls/rxnorm","1651249","blinatumomab 0.035 mg","vsac_rx_cancer_directed","1"
"http://www.nlm.nih.gov/research/umls/rxnorm","1651250","blinatumomab injection","vsac_rx_cancer_directed","1"
"http://www.nlm.nih.gov/research/umls/rxnorm","1651252","blinatumomab 0.035 mg [blincyto]","vsac_rx_cancer_directed","1"
"http://www.nlm.nih.gov/research/umls/rxnorm","1651253","blinatumomab injection [blincyto]","vsac_rx_cancer_directed","1"
"http://www.nlm.nih.gov/research/umls/rxnorm","1653484","bcg, live, tice strain 50 mg/ml topical suspension","vsac_rx_cancer_directed","1"
"http://www.nlm.nih.gov/research/umls/rxnorm","1653577","bcg, live, tice strain 50 mg","vsac_rx_cancer_directed","1"
"http://www.nlm.nih.gov/research/umls/rxnorm","1653578","bcg, live, tice strain injection","vsac_rx_cancer_directed","1"
"http://www.nlm.nih.gov/research/umls/rxnorm","1653579","bcg vaccine 50 mg injection","vsac_rx_cancer_directed","1"
"http://www.nlm.nih.gov/research/umls/rxnorm","1655961","brentuximab vedotin 50 mg","vsac_rx_cancer_directed","1"
"http://www.nlm.nih.gov/research/umls/rxnorm","1655962","brentuximab vedotin injection","vsac_rx_cancer_directed","1"
"http://www.nlm.nih.gov/research/umls/rxnorm","1655964","brentuximab vedotin 50 mg [adcetris]","vsac_rx_cancer_directed","1"
"http://www.nlm.nih.gov/research/umls/rxnorm","1655965","brentuximab vedotin injection [adcetris]","vsac_rx_cancer_directed","1"
"http://www.nlm.nih.gov/research/umls/rxnorm","1656628","alemtuzumab 30 mg/ml","vsac_rx_cancer_directed","2"
"http://www.nlm.nih.gov/research/umls/rxnorm","1656629","alemtuzumab injection","vsac_rx_cancer_directed","2"
"http://www.nlm.nih.gov/research/umls/rxnorm","1656631","alemtuzumab 30 mg/ml [campath]","vsac_rx_cancer_directed","2"
"http://www.nlm.nih.gov/research/umls/rxnorm","1656632","alemtuzumab injection [campath]","vsac_rx_cancer_directed","2"
"http://www.nlm.nih.gov/research/umls/rxnorm","1656681","methotrexate 1000 mg","vsac_rx_cancer_directed","2"
"http://www.nlm.nih.gov/research/umls/rxnorm","1657004","ipilimumab injection","vsac_rx_cancer_directed","1"
"http://www.nlm.nih.gov/research/umls/rxnorm","1657005","40 ml ipilimumab 5 mg/ml injection","vsac_rx_cancer_directed","1"
"http://www.nlm.nih.gov/research/umls/rxnorm","1657006","ipilimumab injection [yervoy]","vsac_rx_cancer_directed","1"
"http://www.nlm.nih.gov/research/umls/rxnorm","1657007","40 ml ipilimumab 5 mg/ml injection [yervoy]","vsac_rx_cancer_directed","1"
"http://www.nlm.nih.gov/research/umls/rxnorm","1657012","10 ml ipilimumab 5 mg/ml injection","vsac_rx_cancer_directed","1"
"http://www.nlm.nih.gov/research/umls/rxnorm","1657013","10 ml ipilimumab 5 mg/ml injection [yervoy]","vsac_rx_cancer_directed","1"
"http://www.nlm.nih.gov/research/umls/rxnorm","1657065","bevacizumab injection","vsac_rx_cancer_directed","3"
"http://www.nlm.nih.gov/research/umls/rxnorm","1657066","4 ml bevacizumab 25 mg/ml injection","vsac_rx_cancer_directed","3"
"http://www.nlm.nih.gov/research/umls/rxnorm","1657067","bevacizumab injection [avastin]","vsac_rx_cancer_directed","3"
"http://www.nlm.nih.gov/research/umls/rxnorm","1657068","4 ml bevacizumab 25 mg/ml injection [avastin]","vsac_rx_cancer_directed","3"
"http://www.nlm.nih.gov/research/umls/rxnorm","1657073","16 ml bevacizumab 25 mg/ml injection","vsac_rx_cancer_directed","3"
"http://www.nlm.nih.gov/research/umls/rxnorm","1657074","16 ml bevacizumab 25 mg/ml injection [avastin]","vsac_rx_cancer_directed","3"
"http://www.nlm.nih.gov/research/umls/rxnorm","1657189","nivolumab injection","vsac_rx_cancer_directed","2"
"http://www.nlm.nih.gov/research/umls/rxnorm","1657190","4 ml nivolumab 10 mg/ml injection","vsac_rx_cancer_directed","2"
"http://www.nlm.nih.gov/research/umls/rxnorm","1657191","nivolumab injection [opdivo]","vsac_rx_cancer_directed","2"
"http://www.nlm.nih.gov/research/umls/rxnorm","1657192","4 ml nivolumab 10 mg/ml injection [opdivo]","vsac_rx_cancer_directed","2"
"http://www.nlm.nih.gov/research/umls/rxnorm","1657195","10 ml nivolumab 10 mg/ml injection","vsac_rx_cancer_directed","2"
"http://www.nlm.nih.gov/research/umls/rxnorm","1657196","10 ml nivolumab 10 mg/ml injection [opdivo]","vsac_rx_cancer_directed","2"
"http://www.nlm.nih.gov/research/umls/rxnorm","1657572","pertuzumab injection","vsac_rx_cancer_directed","1"
"http://www.nlm.nih.gov/research/umls/rxnorm","1657574","pertuzumab injection [perjeta]","vsac_rx_cancer_directed","1"
"http://www.nlm.nih.gov/research/umls/rxnorm","1657657","cetuximab injection","vsac_rx_cancer_directed","1"
"http://www.nlm.nih.gov/research/umls/rxnorm","1657658","50 ml cetuximab 2 mg/ml injection","vsac_rx_cancer_directed","1"
"http://www.nlm.nih.gov/research/umls/rxnorm","1657659","cetuximab injection [erbitux]","vsac_rx_cancer_directed","1"
"http://www.nlm.nih.gov/research/umls/rxnorm","1657660","50 ml cetuximab 2 mg/ml injection [erbitux]","vsac_rx_cancer_directed","1"
"http://www.nlm.nih.gov/research/umls/rxnorm","1657663","100 ml cetuximab 2 mg/ml injection","vsac_rx_cancer_directed","1"
"http://www.nlm.nih.gov/research/umls/rxnorm","1657664","100 ml cetuximab 2 mg/ml injection [erbitux]","vsac_rx_cancer_directed","1"
"http://www.nlm.nih.gov/research/umls/rxnorm","1657702","panitumumab injection","vsac_rx_cancer_directed","1"
"http://www.nlm.nih.gov/research/umls/rxnorm","1657703","5 ml panitumumab 20 mg/ml injection","vsac_rx_cancer_directed","1"
"http://www.nlm.nih.gov/research/umls/rxnorm","1657704","panitumumab injection [vectibix]","vsac_rx_cancer_directed","1"
"http://www.nlm.nih.gov/research/umls/rxnorm","1657705","5 ml panitumumab 20 mg/ml injection [vectibix]","vsac_rx_cancer_directed","1"
"http://www.nlm.nih.gov/research/umls/rxnorm","1657722","20 ml panitumumab 20 mg/ml injection","vsac_rx_cancer_directed","1"
"http://www.nlm.nih.gov/research/umls/rxnorm","1657723","20 ml panitumumab 20 mg/ml injection [vectibix]","vsac_rx_cancer_directed","1"
"http://www.nlm.nih.gov/research/umls/rxnorm","1657744","pembrolizumab 50 mg","vsac_rx_cancer_directed","2"
"http://www.nlm.nih.gov/research/umls/rxnorm","1657745","pembrolizumab injection","vsac_rx_cancer_directed","2"
"http://www.nlm.nih.gov/research/umls/rxnorm","1657746","pembrolizumab 50 mg injection","vsac_rx_cancer_directed","4"
"http://www.nlm.nih.gov/research/umls/rxnorm","1657748","pembrolizumab injection [keytruda]","vsac_rx_cancer_directed","2"
"http://www.nlm.nih.gov/research/umls/rxnorm","1657750","4 ml pembrolizumab 25 mg/ml injection","vsac_rx_cancer_directed","2"
"http://www.nlm.nih.gov/research/umls/rxnorm","1657751","4 ml pembrolizumab 25 mg/ml injection [keytruda]","vsac_rx_cancer_directed","2"
"http://www.nlm.nih.gov/research/umls/rxnorm","1657774","ramucirumab injection","vsac_rx_cancer_directed","1"
"http://www.nlm.nih.gov/research/umls/rxnorm","1657775","10 ml ramucirumab 10 mg/ml injection","vsac_rx_cancer_directed","1"
"http://www.nlm.nih.gov/research/umls/rxnorm","1657776","ramucirumab injection [cyramza]","vsac_rx_cancer_directed","1"
"http://www.nlm.nih.gov/research/umls/rxnorm","1657777","10 ml ramucirumab 10 mg/ml injection [cyramza]","vsac_rx_cancer_directed","1"
"http://www.nlm.nih.gov/research/umls/rxnorm","1657780","50 ml ramucirumab 10 mg/ml injection","vsac_rx_cancer_directed","1"
"http://www.nlm.nih.gov/research/umls/rxnorm","1657781","50 ml ramucirumab 10 mg/ml injection [cyramza]","vsac_rx_cancer_directed","1"
"http://www.nlm.nih.gov/research/umls/rxnorm","1657861","rituximab injection","vsac_rx_cancer_directed","2"
"http://www.nlm.nih.gov/research/umls/rxnorm","1657862","10 ml rituximab 10 mg/ml injection","vsac_rx_cancer_directed","2"
"http://www.nlm.nih.gov/research/umls/rxnorm","1657863","rituximab injection [rituxan]","vsac_rx_cancer_directed","2"
"http://www.nlm.nih.gov/research/umls/rxnorm","1657864","10 ml rituximab 10 mg/ml injection [rituxan]","vsac_rx_cancer_directed","2"
"http://www.nlm.nih.gov/research/umls/rxnorm","1657867","50 ml rituximab 10 mg/ml injection","vsac_rx_cancer_directed","2"
"http://www.nlm.nih.gov/research/umls/rxnorm","1657868","50 ml rituximab 10 mg/ml injection [rituxan]","vsac_rx_cancer_directed","2"
"http://www.nlm.nih.gov/research/umls/rxnorm","1657967","dinutuximab injection","vsac_rx_cancer_directed","1"
"http://www.nlm.nih.gov/research/umls/rxnorm","1657969","dinutuximab injection [unituxin]","vsac_rx_cancer_directed","1"
"http://www.nlm.nih.gov/research/umls/rxnorm","1658042","50 ml ofatumumab 20 mg/ml injection","vsac_rx_cancer_directed","1"
"http://www.nlm.nih.gov/research/umls/rxnorm","1658043","ofatumumab injection [arzerra]","vsac_rx_cancer_directed","1"
"http://www.nlm.nih.gov/research/umls/rxnorm","1658044","50 ml ofatumumab 20 mg/ml injection [arzerra]","vsac_rx_cancer_directed","1"
"http://www.nlm.nih.gov/research/umls/rxnorm","1658047","5 ml ofatumumab 20 mg/ml injection","vsac_rx_cancer_directed","1"
"http://www.nlm.nih.gov/research/umls/rxnorm","1658048","5 ml ofatumumab 20 mg/ml injection [arzerra]","vsac_rx_cancer_directed","1"
"http://www.nlm.nih.gov/research/umls/rxnorm","1658082","ado-trastuzumab emtansine 100 mg","vsac_rx_cancer_directed","1"
"http://www.nlm.nih.gov/research/umls/rxnorm","1658084","ado-trastuzumab emtansine 100 mg injection","vsac_rx_cancer_directed","2"
"http://www.nlm.nih.gov/research/umls/rxnorm","1658085","ado-trastuzumab emtansine 100 mg [kadcyla]","vsac_rx_cancer_directed","1"
"http://www.nlm.nih.gov/research/umls/rxnorm","1658086","trastuzumab injection [kadcyla]","vsac_rx_cancer_directed","1"
"http://www.nlm.nih.gov/research/umls/rxnorm","1658087","kadcyla 100 mg injection","vsac_rx_cancer_directed","2"
"http://www.nlm.nih.gov/research/umls/rxnorm","1658088","ado-trastuzumab emtansine 160 mg","vsac_rx_cancer_directed","1"
"http://www.nlm.nih.gov/research/umls/rxnorm","1658089","ado-trastuzumab emtansine 160 mg injection","vsac_rx_cancer_directed","2"
"http://www.nlm.nih.gov/research/umls/rxnorm","1658090","ado-trastuzumab emtansine 160 mg [kadcyla]","vsac_rx_cancer_directed","1"
"http://www.nlm.nih.gov/research/umls/rxnorm","1658091","kadcyla 160 mg injection","vsac_rx_cancer_directed","2"
"http://www.nlm.nih.gov/research/umls/rxnorm","1659191","sonidegib","vsac_rx_cancer_directed","1"
"http://www.nlm.nih.gov/research/umls/rxnorm","1659192","sonidegib phosphate","vsac_rx_cancer_directed","1"
"http://www.nlm.nih.gov/research/umls/rxnorm","1659917","sonidegib 200 mg","vsac_rx_cancer_directed","1"
"http://www.nlm.nih.gov/research/umls/rxnorm","1659918","sonidegib oral product","vsac_rx_cancer_directed","1"
"http://www.nlm.nih.gov/research/umls/rxnorm","1659919","sonidegib pill","vsac_rx_cancer_directed","1"
"http://www.nlm.nih.gov/research/umls/rxnorm","1659920","sonidegib oral capsule","vsac_rx_cancer_directed","1"
"http://www.nlm.nih.gov/research/umls/rxnorm","1659921","sonidegib 200 mg oral capsule","vsac_rx_cancer_directed","2"
"http://www.nlm.nih.gov/research/umls/rxnorm","1659922","odomzo","vsac_rx_cancer_directed","1"
"http://www.nlm.nih.gov/research/umls/rxnorm","1659923","sonidegib 200 mg [odomzo]","vsac_rx_cancer_directed","1"
"http://www.nlm.nih.gov/research/umls/rxnorm","1659924","sonidegib oral capsule [odomzo]","vsac_rx_cancer_directed","1"
"http://www.nlm.nih.gov/research/umls/rxnorm","1659925","odomzo oral product","vsac_rx_cancer_directed","1"
"http://www.nlm.nih.gov/research/umls/rxnorm","1659926","odomzo pill","vsac_rx_cancer_directed","1"
"http://www.nlm.nih.gov/research/umls/rxnorm","1659927","odomzo 200 mg (as sonidegib phosphate) oral capsule","vsac_rx_cancer_directed","1"
"http://www.nlm.nih.gov/research/umls/rxnorm","1660002","thiotepa 100 mg","vsac_rx_cancer_directed","2"
"http://www.nlm.nih.gov/research/umls/rxnorm","1660003","thiotepa injection","vsac_rx_cancer_directed","2"
"http://www.nlm.nih.gov/research/umls/rxnorm","1660004","thiotepa 100 mg injection","vsac_rx_cancer_directed","6"
"http://www.nlm.nih.gov/research/umls/rxnorm","1660008","thiotepa 15 mg","vsac_rx_cancer_directed","2"
"http://www.nlm.nih.gov/research/umls/rxnorm","1660009","thiotepa 15 mg injection","vsac_rx_cancer_directed","6"
"http://www.nlm.nih.gov/research/umls/rxnorm","1663180","paclitaxel 100 mg","vsac_rx_cancer_directed","4"
"http://www.nlm.nih.gov/research/umls/rxnorm","1663181","paclitaxel injection","vsac_rx_cancer_directed","4"
"http://www.nlm.nih.gov/research/umls/rxnorm","1663183","paclitaxel 100 mg [abraxane]","vsac_rx_cancer_directed","4"
"http://www.nlm.nih.gov/research/umls/rxnorm","1663184","paclitaxel injection [abraxane]","vsac_rx_cancer_directed","4"
"http://www.nlm.nih.gov/research/umls/rxnorm","1666923","pemetrexed disodium heptahydrate","vsac_rx_cancer_directed","4"
"http://www.nlm.nih.gov/research/umls/rxnorm","1670304","tipiracil","vsac_rx_cancer_directed","2"
"http://www.nlm.nih.gov/research/umls/rxnorm","1670305","tipiracil 6.14 mg","vsac_rx_cancer_directed","2"
"http://www.nlm.nih.gov/research/umls/rxnorm","1670306","trifluridine 15 mg","vsac_rx_cancer_directed","2"
"http://www.nlm.nih.gov/research/umls/rxnorm","1670307","tipiracil / trifluridine oral product","vsac_rx_cancer_directed","2"
"http://www.nlm.nih.gov/research/umls/rxnorm","1670308","tipiracil / trifluridine pill","vsac_rx_cancer_directed","2"
"http://www.nlm.nih.gov/research/umls/rxnorm","1670309","tipiracil / trifluridine oral tablet","vsac_rx_cancer_directed","2"
"http://www.nlm.nih.gov/research/umls/rxnorm","1670310","tipiracil / trifluridine","vsac_rx_cancer_directed","2"
"http://www.nlm.nih.gov/research/umls/rxnorm","1670311","tipiracil 6.14 mg / trifluridine 15 mg oral tablet","vsac_rx_cancer_directed","4"
"http://www.nlm.nih.gov/research/umls/rxnorm","1670314","tipiracil 8.19 mg","vsac_rx_cancer_directed","2"
"http://www.nlm.nih.gov/research/umls/rxnorm","1670315","trifluridine 20 mg","vsac_rx_cancer_directed","2"
"http://www.nlm.nih.gov/research/umls/rxnorm","1670316","tipiracil 8.19 mg / trifluridine 20 mg oral tablet","vsac_rx_cancer_directed","4"
"http://www.nlm.nih.gov/research/umls/rxnorm","1670317","lonsurf","vsac_rx_cancer_directed","2"
"http://www.nlm.nih.gov/research/umls/rxnorm","1670318","tipiracil 6.14 mg / trifluridine 15 mg [lonsurf]","vsac_rx_cancer_directed","2"
"http://www.nlm.nih.gov/research/umls/rxnorm","1670319","tipiracil / trifluridine oral tablet [lonsurf]","vsac_rx_cancer_directed","2"
"http://www.nlm.nih.gov/research/umls/rxnorm","1670320","lonsurf oral product","vsac_rx_cancer_directed","2"
"http://www.nlm.nih.gov/research/umls/rxnorm","1670321","lonsurf pill","vsac_rx_cancer_directed","2"
"http://www.nlm.nih.gov/research/umls/rxnorm","1670322","lonsurf (trifluridine 15 mg / tipiracil 6.14 mg) oral tablet","vsac_rx_cancer_directed","2"
"http://www.nlm.nih.gov/research/umls/rxnorm","1670323","tipiracil 8.19 mg / trifluridine 20 mg [lonsurf]","vsac_rx_cancer_directed","2"
"http://www.nlm.nih.gov/research/umls/rxnorm","1670324","lonsurf (trifluridine 20 mg / tipiracil 8.19 mg) oral tablet","vsac_rx_cancer_directed","2"
"http://www.nlm.nih.gov/research/umls/rxnorm","1716278","trabectedin","vsac_rx_cancer_directed","2"
"http://www.nlm.nih.gov/research/umls/rxnorm","1718586","trabectedin 1 mg","vsac_rx_cancer_directed","2"
"http://www.nlm.nih.gov/research/umls/rxnorm","1718587","trabectedin injectable product","vsac_rx_cancer_directed","2"
"http://www.nlm.nih.gov/research/umls/rxnorm","1718588","trabectedin injection","vsac_rx_cancer_directed","2"
"http://www.nlm.nih.gov/research/umls/rxnorm","1718589","trabectedin 1 mg injection","vsac_rx_cancer_directed","6"
"http://www.nlm.nih.gov/research/umls/rxnorm","1718590","yondelis","vsac_rx_cancer_directed","2"
"http://www.nlm.nih.gov/research/umls/rxnorm","1718591","trabectedin 1 mg [yondelis]","vsac_rx_cancer_directed","2"
"http://www.nlm.nih.gov/research/umls/rxnorm","1718592","trabectedin injection [yondelis]","vsac_rx_cancer_directed","2"
"http://www.nlm.nih.gov/research/umls/rxnorm","1718593","yondelis injectable product","vsac_rx_cancer_directed","2"
"http://www.nlm.nih.gov/research/umls/rxnorm","1718594","yondelis 1 mg injection","vsac_rx_cancer_directed","4"
"http://www.nlm.nih.gov/research/umls/rxnorm","1718998","gemcitabine 200 mg","vsac_rx_cancer_directed","2"
"http://www.nlm.nih.gov/research/umls/rxnorm","1718999","gemcitabine injection","vsac_rx_cancer_directed","2"
"http://www.nlm.nih.gov/research/umls/rxnorm","1719000","gemcitabine 200 mg injection","vsac_rx_cancer_directed","6"
"http://www.nlm.nih.gov/research/umls/rxnorm","1719002","gemcitabine 1000 mg","vsac_rx_cancer_directed","2"
"http://www.nlm.nih.gov/research/umls/rxnorm","1719003","gemcitabine 1 gm injection","vsac_rx_cancer_directed","6"
"http://www.nlm.nih.gov/research/umls/rxnorm","1719004","gemcitabine 2000 mg","vsac_rx_cancer_directed","2"
"http://www.nlm.nih.gov/research/umls/rxnorm","1719005","gemcitabine 2 gm injection","vsac_rx_cancer_directed","6"
"http://www.nlm.nih.gov/research/umls/rxnorm","1719767","irinotecan hydrochloride liposome","vsac_rx_cancer_directed","2"
"http://www.nlm.nih.gov/research/umls/rxnorm","1719768","irinotecan liposomal","vsac_rx_cancer_directed","4"
"http://www.nlm.nih.gov/research/umls/rxnorm","1719769","irinotecan hydrochloride liposome 4.3 mg/ml","vsac_rx_cancer_directed","4"
"http://www.nlm.nih.gov/research/umls/rxnorm","1719772","10 ml irinotecan hydrochloride liposome 4.3 mg/ml injection","vsac_rx_cancer_directed","4"
"http://www.nlm.nih.gov/research/umls/rxnorm","1719773","onivyde","vsac_rx_cancer_directed","4"
"http://www.nlm.nih.gov/research/umls/rxnorm","1719774","irinotecan hydrochloride liposome 4.3 mg/ml [onivyde]","vsac_rx_cancer_directed","4"
"http://www.nlm.nih.gov/research/umls/rxnorm","1719776","onivyde injectable product","vsac_rx_cancer_directed","4"
"http://www.nlm.nih.gov/research/umls/rxnorm","1719777","10 ml irinotecan hydrochloride liposome 4.3 mg/ml injection [onivyde]","vsac_rx_cancer_directed","4"
"http://www.nlm.nih.gov/research/umls/rxnorm","1719780","aldesleukin 22000000 unt","vsac_rx_cancer_directed","1"
"http://www.nlm.nih.gov/research/umls/rxnorm","1719781","aldesleukin injection","vsac_rx_cancer_directed","1"
"http://www.nlm.nih.gov/research/umls/rxnorm","1719783","aldesleukin 22000000 unt [proleukin]","vsac_rx_cancer_directed","1"
"http://www.nlm.nih.gov/research/umls/rxnorm","1719784","aldesleukin injection [proleukin]","vsac_rx_cancer_directed","1"
"http://www.nlm.nih.gov/research/umls/rxnorm","1720734","lomustine 5 mg","vsac_rx_cancer_directed","4"
"http://www.nlm.nih.gov/research/umls/rxnorm","1720735","lomustine 5 mg oral capsule","vsac_rx_cancer_directed","10"
"http://www.nlm.nih.gov/research/umls/rxnorm","1720736","lomustine 5 mg [gleostine]","vsac_rx_cancer_directed","4"
"http://www.nlm.nih.gov/research/umls/rxnorm","1720737","gleostine 5 mg oral capsule","vsac_rx_cancer_directed","8"
"http://www.nlm.nih.gov/research/umls/rxnorm","1720758","levoleucovorin 50 mg","vsac_rx_cancer_directed","2"
"http://www.nlm.nih.gov/research/umls/rxnorm","1720759","levoleucovorin injection","vsac_rx_cancer_directed","2"
"http://www.nlm.nih.gov/research/umls/rxnorm","1720760","levoleucovorin 50 mg injection","vsac_rx_cancer_directed","3"
"http://www.nlm.nih.gov/research/umls/rxnorm","1720761","levoleucovorin 50 mg [fusilev]","vsac_rx_cancer_directed","2"
"http://www.nlm.nih.gov/research/umls/rxnorm","1720762","levoleucovorin injection [fusilev]","vsac_rx_cancer_directed","2"
"http://www.nlm.nih.gov/research/umls/rxnorm","1720763","fusilev (as levoleucovorin calcium) 50 mg injection","vsac_rx_cancer_directed","2"
"http://www.nlm.nih.gov/research/umls/rxnorm","1720765","17.5 ml levoleucovorin 10 mg/ml injection","vsac_rx_cancer_directed","2"
"http://www.nlm.nih.gov/research/umls/rxnorm","1720773","25 ml levoleucovorin 10 mg/ml injection","vsac_rx_cancer_directed","2"
"http://www.nlm.nih.gov/research/umls/rxnorm","1720775","peginterferon alfa-2b 0.05 mg","vsac_rx_cancer_directed","1"
"http://www.nlm.nih.gov/research/umls/rxnorm","1720776","peginterferon alfa-2b injection","vsac_rx_cancer_directed","1"
"http://www.nlm.nih.gov/research/umls/rxnorm","1720785","peginterferon alfa-2b 0.08 mg","vsac_rx_cancer_directed","1"
"http://www.nlm.nih.gov/research/umls/rxnorm","1720795","peginterferon alfa-2b 0.12 mg","vsac_rx_cancer_directed","1"
"http://www.nlm.nih.gov/research/umls/rxnorm","1720799","peginterferon alfa-2b 0.15 mg","vsac_rx_cancer_directed","1"
"http://www.nlm.nih.gov/research/umls/rxnorm","1720877","interferon alfa-2b injection","vsac_rx_cancer_directed","1"
"http://www.nlm.nih.gov/research/umls/rxnorm","1720885","interferon alfa-2b 50000000 unt","vsac_rx_cancer_directed","1"
"http://www.nlm.nih.gov/research/umls/rxnorm","1720955","interferon gamma-1b injection","vsac_rx_cancer_directed","1"
"http://www.nlm.nih.gov/research/umls/rxnorm","1720958","interferon gamma-1b injection [actimmune]","vsac_rx_cancer_directed","1"
"http://www.nlm.nih.gov/research/umls/rxnorm","1720960","26.3 ml gemcitabine 38 mg/ml injection","vsac_rx_cancer_directed","3"
"http://www.nlm.nih.gov/research/umls/rxnorm","1720975","52.6 ml gemcitabine 38 mg/ml injection","vsac_rx_cancer_directed","3"
"http://www.nlm.nih.gov/research/umls/rxnorm","1720977","5.26 ml gemcitabine 38 mg/ml injection","vsac_rx_cancer_directed","3"
"http://www.nlm.nih.gov/research/umls/rxnorm","1721264","talimogene laherparepvec","vsac_rx_cancer_directed","1"
"http://www.nlm.nih.gov/research/umls/rxnorm","1721276","herpesvirus 1, human injectable product","vsac_rx_cancer_directed","1"
"http://www.nlm.nih.gov/research/umls/rxnorm","1721277","herpesvirus 1, human injection","vsac_rx_cancer_directed","1"
"http://www.nlm.nih.gov/research/umls/rxnorm","1721278","1 ml talimogene laherparepvec 1000000 unt/ml injection","vsac_rx_cancer_directed","1"
"http://www.nlm.nih.gov/research/umls/rxnorm","1721279","imlygic","vsac_rx_cancer_directed","1"
"http://www.nlm.nih.gov/research/umls/rxnorm","1721281","herpesvirus 1, human injection [imlygic]","vsac_rx_cancer_directed","1"
"http://www.nlm.nih.gov/research/umls/rxnorm","1721282","imlygic injectable product","vsac_rx_cancer_directed","1"
"http://www.nlm.nih.gov/research/umls/rxnorm","1721283","1 ml imlygic 1000000 unt/ml injection","vsac_rx_cancer_directed","1"
"http://www.nlm.nih.gov/research/umls/rxnorm","1721287","1 ml talimogene laherparepvec 100000000 unt/ml injection","vsac_rx_cancer_directed","1"
"http://www.nlm.nih.gov/research/umls/rxnorm","1721289","1 ml imlygic 100000000 unt/ml injection","vsac_rx_cancer_directed","1"
"http://www.nlm.nih.gov/research/umls/rxnorm","1721559","osimertinib mesylate","vsac_rx_cancer_directed","1"
"http://www.nlm.nih.gov/research/umls/rxnorm","1721560","osimertinib","vsac_rx_cancer_directed","1"
"http://www.nlm.nih.gov/research/umls/rxnorm","1721561","osimertinib 40 mg","vsac_rx_cancer_directed","1"
"http://www.nlm.nih.gov/research/umls/rxnorm","1721562","osimertinib oral product","vsac_rx_cancer_directed","1"
"http://www.nlm.nih.gov/research/umls/rxnorm","1721563","osimertinib pill","vsac_rx_cancer_directed","1"
"http://www.nlm.nih.gov/research/umls/rxnorm","1721564","osimertinib oral tablet","vsac_rx_cancer_directed","1"
"http://www.nlm.nih.gov/research/umls/rxnorm","1721565","osimertinib 40 mg oral tablet","vsac_rx_cancer_directed","2"
"http://www.nlm.nih.gov/research/umls/rxnorm","1721566","tagrisso","vsac_rx_cancer_directed","1"
"http://www.nlm.nih.gov/research/umls/rxnorm","1721567","osimertinib 40 mg [tagrisso]","vsac_rx_cancer_directed","1"
"http://www.nlm.nih.gov/research/umls/rxnorm","1721568","osimertinib oral tablet [tagrisso]","vsac_rx_cancer_directed","1"
"http://www.nlm.nih.gov/research/umls/rxnorm","1721569","tagrisso oral product","vsac_rx_cancer_directed","1"
"http://www.nlm.nih.gov/research/umls/rxnorm","1721570","tagrisso pill","vsac_rx_cancer_directed","1"
"http://www.nlm.nih.gov/research/umls/rxnorm","1721571","osimertinib 40 mg oral tablet [tagrisso]","vsac_rx_cancer_directed","1"
"http://www.nlm.nih.gov/research/umls/rxnorm","1721580","osimertinib 80 mg","vsac_rx_cancer_directed","1"
"http://www.nlm.nih.gov/research/umls/rxnorm","1721581","osimertinib 80 mg oral tablet","vsac_rx_cancer_directed","2"
"http://www.nlm.nih.gov/research/umls/rxnorm","1721582","osimertinib 80 mg [tagrisso]","vsac_rx_cancer_directed","1"
"http://www.nlm.nih.gov/research/umls/rxnorm","1721583","osimertinib 80 mg oral tablet [tagrisso]","vsac_rx_cancer_directed","1"
"http://www.nlm.nih.gov/research/umls/rxnorm","1721947","daratumumab","vsac_rx_cancer_directed","1"
"http://www.nlm.nih.gov/research/umls/rxnorm","1721948","daratumumab 20 mg/ml","vsac_rx_cancer_directed","1"
"http://www.nlm.nih.gov/research/umls/rxnorm","1721949","daratumumab injectable product","vsac_rx_cancer_directed","1"
"http://www.nlm.nih.gov/research/umls/rxnorm","1721950","daratumumab injection","vsac_rx_cancer_directed","1"
"http://www.nlm.nih.gov/research/umls/rxnorm","1721951","5 ml daratumumab 20 mg/ml injection","vsac_rx_cancer_directed","1"
"http://www.nlm.nih.gov/research/umls/rxnorm","1721952","darzalex","vsac_rx_cancer_directed","1"
"http://www.nlm.nih.gov/research/umls/rxnorm","1721953","daratumumab 20 mg/ml [darzalex]","vsac_rx_cancer_directed","1"
"http://www.nlm.nih.gov/research/umls/rxnorm","1721954","daratumumab injection [darzalex]","vsac_rx_cancer_directed","1"
"http://www.nlm.nih.gov/research/umls/rxnorm","1721955","darzalex injectable product","vsac_rx_cancer_directed","1"
"http://www.nlm.nih.gov/research/umls/rxnorm","1721956","5 ml daratumumab 20 mg/ml injection [darzalex]","vsac_rx_cancer_directed","1"
"http://www.nlm.nih.gov/research/umls/rxnorm","1722365","cobimetinib","vsac_rx_cancer_directed","3"
"http://www.nlm.nih.gov/research/umls/rxnorm","1722366","cobimetinib 20 mg","vsac_rx_cancer_directed","2"
"http://www.nlm.nih.gov/research/umls/rxnorm","1722367","cobimetinib oral product","vsac_rx_cancer_directed","3"
"http://www.nlm.nih.gov/research/umls/rxnorm","1722368","cobimetinib pill","vsac_rx_cancer_directed","2"
"http://www.nlm.nih.gov/research/umls/rxnorm","1722369","cobimetinib oral tablet","vsac_rx_cancer_directed","3"
"http://www.nlm.nih.gov/research/umls/rxnorm","1722370","cobimetinib 20 mg oral tablet","vsac_rx_cancer_directed","6"
"http://www.nlm.nih.gov/research/umls/rxnorm","1722371","cotellic","vsac_rx_cancer_directed","3"
"http://www.nlm.nih.gov/research/umls/rxnorm","1722372","cobimetinib 20 mg [cotellic]","vsac_rx_cancer_directed","2"
"http://www.nlm.nih.gov/research/umls/rxnorm","1722373","cobimetinib oral tablet [cotellic]","vsac_rx_cancer_directed","3"
"http://www.nlm.nih.gov/research/umls/rxnorm","1722374","cotellic oral product","vsac_rx_cancer_directed","3"
"http://www.nlm.nih.gov/research/umls/rxnorm","1722375","cotellic pill","vsac_rx_cancer_directed","2"
"http://www.nlm.nih.gov/research/umls/rxnorm","1722376","cotellic 20 mg oral tablet","vsac_rx_cancer_directed","6"
"http://www.nlm.nih.gov/research/umls/rxnorm","1722380","cobimetinib fumarate","vsac_rx_cancer_directed","3"
"http://www.nlm.nih.gov/research/umls/rxnorm","1723187","8 ml ziv-aflibercept 25 mg/ml injection","vsac_rx_cancer_directed","1"
"http://www.nlm.nih.gov/research/umls/rxnorm","1723188","aflibercept injection [zaltrap]","vsac_rx_cancer_directed","1"
"http://www.nlm.nih.gov/research/umls/rxnorm","1723189","8 ml zaltrap 25 mg/ml injection","vsac_rx_cancer_directed","1"
"http://www.nlm.nih.gov/research/umls/rxnorm","1723193","4 ml ziv-aflibercept 25 mg/ml injection","vsac_rx_cancer_directed","1"
"http://www.nlm.nih.gov/research/umls/rxnorm","1723194","4 ml zaltrap 25 mg/ml injection","vsac_rx_cancer_directed","1"
"http://www.nlm.nih.gov/research/umls/rxnorm","1723734","ixazomib citrate","vsac_rx_cancer_directed","1"
"http://www.nlm.nih.gov/research/umls/rxnorm","1723735","ixazomib","vsac_rx_cancer_directed","1"
"http://www.nlm.nih.gov/research/umls/rxnorm","1723738","necitumumab","vsac_rx_cancer_directed","1"
"http://www.nlm.nih.gov/research/umls/rxnorm","1723741","necitumumab 16 mg/ml","vsac_rx_cancer_directed","1"
"http://www.nlm.nih.gov/research/umls/rxnorm","1723742","necitumumab injectable product","vsac_rx_cancer_directed","1"
"http://www.nlm.nih.gov/research/umls/rxnorm","1723744","necitumumab injection","vsac_rx_cancer_directed","1"
"http://www.nlm.nih.gov/research/umls/rxnorm","1723745","50 ml necitumumab 16 mg/ml injection","vsac_rx_cancer_directed","1"
"http://www.nlm.nih.gov/research/umls/rxnorm","1723746","portrazza","vsac_rx_cancer_directed","1"
"http://www.nlm.nih.gov/research/umls/rxnorm","1723747","necitumumab 16 mg/ml [portrazza]","vsac_rx_cancer_directed","1"
"http://www.nlm.nih.gov/research/umls/rxnorm","1723748","necitumumab injection [portrazza]","vsac_rx_cancer_directed","1"
"http://www.nlm.nih.gov/research/umls/rxnorm","1723749","portrazza injectable product","vsac_rx_cancer_directed","1"
"http://www.nlm.nih.gov/research/umls/rxnorm","1723750","50 ml necitumumab 16 mg/ml injection [portrazza]","vsac_rx_cancer_directed","1"
"http://www.nlm.nih.gov/research/umls/rxnorm","1723753","ixazomib 2.3 mg","vsac_rx_cancer_directed","1"
"http://www.nlm.nih.gov/research/umls/rxnorm","1723754","ixazomib oral product","vsac_rx_cancer_directed","1"
"http://www.nlm.nih.gov/research/umls/rxnorm","1723755","ixazomib pill","vsac_rx_cancer_directed","1"
"http://www.nlm.nih.gov/research/umls/rxnorm","1723756","ixazomib oral capsule","vsac_rx_cancer_directed","1"
"http://www.nlm.nih.gov/research/umls/rxnorm","1723757","ixazomib 2.3 mg oral capsule","vsac_rx_cancer_directed","2"
"http://www.nlm.nih.gov/research/umls/rxnorm","1723758","ninlaro","vsac_rx_cancer_directed","1"
"http://www.nlm.nih.gov/research/umls/rxnorm","1723759","ixazomib 2.3 mg [ninlaro]","vsac_rx_cancer_directed","1"
"http://www.nlm.nih.gov/research/umls/rxnorm","1723760","ixazomib oral capsule [ninlaro]","vsac_rx_cancer_directed","1"
"http://www.nlm.nih.gov/research/umls/rxnorm","1723761","ninlaro oral product","vsac_rx_cancer_directed","1"
"http://www.nlm.nih.gov/research/umls/rxnorm","1723762","ninlaro pill","vsac_rx_cancer_directed","1"
"http://www.nlm.nih.gov/research/umls/rxnorm","1723763","ninlaro 2.3 mg oral capsule","vsac_rx_cancer_directed","2"
"http://www.nlm.nih.gov/research/umls/rxnorm","1723764","ixazomib 3 mg","vsac_rx_cancer_directed","1"
"http://www.nlm.nih.gov/research/umls/rxnorm","1723765","ixazomib 3 mg oral capsule","vsac_rx_cancer_directed","2"
"http://www.nlm.nih.gov/research/umls/rxnorm","1723766","ixazomib 3 mg [ninlaro]","vsac_rx_cancer_directed","1"
"http://www.nlm.nih.gov/research/umls/rxnorm","1723767","ninlaro 3 mg oral capsule","vsac_rx_cancer_directed","2"
"http://www.nlm.nih.gov/research/umls/rxnorm","1723769","ixazomib 4 mg","vsac_rx_cancer_directed","1"
"http://www.nlm.nih.gov/research/umls/rxnorm","1723770","ixazomib 4 mg oral capsule","vsac_rx_cancer_directed","2"
"http://www.nlm.nih.gov/research/umls/rxnorm","1723771","ixazomib 4 mg [ninlaro]","vsac_rx_cancer_directed","1"
"http://www.nlm.nih.gov/research/umls/rxnorm","1723772","ninlaro 4 mg oral capsule","vsac_rx_cancer_directed","2"
"http://www.nlm.nih.gov/research/umls/rxnorm","1724135","nelarabine injection","vsac_rx_cancer_directed","2"
"http://www.nlm.nih.gov/research/umls/rxnorm","1724137","nelarabine injection [arranon]","vsac_rx_cancer_directed","2"
"http://www.nlm.nih.gov/research/umls/rxnorm","1724153","omacetaxine mepesuccinate 3.5 mg","vsac_rx_cancer_directed","2"
"http://www.nlm.nih.gov/research/umls/rxnorm","1724154","omacetaxine mepesuccinate injection","vsac_rx_cancer_directed","2"
"http://www.nlm.nih.gov/research/umls/rxnorm","1724156","omacetaxine mepesuccinate 3.5 mg [synribo]","vsac_rx_cancer_directed","2"
"http://www.nlm.nih.gov/research/umls/rxnorm","1724157","omacetaxine mepesuccinate injection [synribo]","vsac_rx_cancer_directed","2"
"http://www.nlm.nih.gov/research/umls/rxnorm","1724266","romidepsin 10 mg","vsac_rx_cancer_directed","4"
"http://www.nlm.nih.gov/research/umls/rxnorm","1724267","romidepsin injection","vsac_rx_cancer_directed","4"
"http://www.nlm.nih.gov/research/umls/rxnorm","1724269","romidepsin 10 mg [istodax]","vsac_rx_cancer_directed","4"
"http://www.nlm.nih.gov/research/umls/rxnorm","1724270","romidepsin injection [istodax]","vsac_rx_cancer_directed","4"
"http://www.nlm.nih.gov/research/umls/rxnorm","1724292","temozolomide injection","vsac_rx_cancer_directed","4"
"http://www.nlm.nih.gov/research/umls/rxnorm","1724294","temozolomide injection [temodar]","vsac_rx_cancer_directed","4"
"http://www.nlm.nih.gov/research/umls/rxnorm","1724304","temsirolimus injection","vsac_rx_cancer_directed","1"
"http://www.nlm.nih.gov/research/umls/rxnorm","1724306","temsirolimus injection [torisel]","vsac_rx_cancer_directed","1"
"http://www.nlm.nih.gov/research/umls/rxnorm","1726096","bendamustine hydrochloride 25 mg/ml","vsac_rx_cancer_directed","2"
"http://www.nlm.nih.gov/research/umls/rxnorm","1726097","bendamustine hcl 25 mg/ml injectable solution","vsac_rx_cancer_directed","3"
"http://www.nlm.nih.gov/research/umls/rxnorm","1726098","bendeka","vsac_rx_cancer_directed","2"
"http://www.nlm.nih.gov/research/umls/rxnorm","1726099","bendamustine hydrochloride 25 mg/ml [bendeka]","vsac_rx_cancer_directed","2"
"http://www.nlm.nih.gov/research/umls/rxnorm","1726100","bendamustine injectable solution [bendeka]","vsac_rx_cancer_directed","2"
"http://www.nlm.nih.gov/research/umls/rxnorm","1726101","bendeka injectable product","vsac_rx_cancer_directed","2"
"http://www.nlm.nih.gov/research/umls/rxnorm","1726102","bendeka 25 mg/ml injectable solution","vsac_rx_cancer_directed","4"
"http://www.nlm.nih.gov/research/umls/rxnorm","1726104","elotuzumab","vsac_rx_cancer_directed","1"
"http://www.nlm.nih.gov/research/umls/rxnorm","1726107","elotuzumab 300 mg","vsac_rx_cancer_directed","1"
"http://www.nlm.nih.gov/research/umls/rxnorm","1726108","elotuzumab injectable product","vsac_rx_cancer_directed","1"
"http://www.nlm.nih.gov/research/umls/rxnorm","1726109","elotuzumab injection","vsac_rx_cancer_directed","1"
"http://www.nlm.nih.gov/research/umls/rxnorm","1726110","elotuzumab 300 mg injection","vsac_rx_cancer_directed","2"
"http://www.nlm.nih.gov/research/umls/rxnorm","1726111","empliciti","vsac_rx_cancer_directed","1"
"http://www.nlm.nih.gov/research/umls/rxnorm","1726112","elotuzumab 300 mg [empliciti]","vsac_rx_cancer_directed","1"
"http://www.nlm.nih.gov/research/umls/rxnorm","1726113","elotuzumab injection [empliciti]","vsac_rx_cancer_directed","1"
"http://www.nlm.nih.gov/research/umls/rxnorm","1726114","empliciti injectable product","vsac_rx_cancer_directed","1"
"http://www.nlm.nih.gov/research/umls/rxnorm","1726115","empliciti 300 mg injection","vsac_rx_cancer_directed","2"
"http://www.nlm.nih.gov/research/umls/rxnorm","1726116","elotuzumab 400 mg","vsac_rx_cancer_directed","1"
"http://www.nlm.nih.gov/research/umls/rxnorm","1726117","elotuzumab 400 mg injection","vsac_rx_cancer_directed","2"
"http://www.nlm.nih.gov/research/umls/rxnorm","1726118","elotuzumab 400 mg [empliciti]","vsac_rx_cancer_directed","1"
"http://www.nlm.nih.gov/research/umls/rxnorm","1726119","empliciti 400 mg injection","vsac_rx_cancer_directed","2"
"http://www.nlm.nih.gov/research/umls/rxnorm","1726181","sipuleucel-t injection","vsac_rx_cancer_directed","1"
"http://www.nlm.nih.gov/research/umls/rxnorm","1726183","sipuleucel-t injection [provenge]","vsac_rx_cancer_directed","1"
"http://www.nlm.nih.gov/research/umls/rxnorm","1726269","ixabepilone 45 mg","vsac_rx_cancer_directed","2"
"http://www.nlm.nih.gov/research/umls/rxnorm","1726270","ixabepilone injection","vsac_rx_cancer_directed","2"
"http://www.nlm.nih.gov/research/umls/rxnorm","1726271","ixabepilone 45 mg injection","vsac_rx_cancer_directed","6"
"http://www.nlm.nih.gov/research/umls/rxnorm","1726272","ixabepilone 45 mg [ixempra]","vsac_rx_cancer_directed","2"
"http://www.nlm.nih.gov/research/umls/rxnorm","1726273","ixabepilone injection [ixempra]","vsac_rx_cancer_directed","2"
"http://www.nlm.nih.gov/research/umls/rxnorm","1726274","ixempra 45 mg injection","vsac_rx_cancer_directed","4"
"http://www.nlm.nih.gov/research/umls/rxnorm","1726275","ixabepilone 15 mg","vsac_rx_cancer_directed","2"
"http://www.nlm.nih.gov/research/umls/rxnorm","1726276","ixabepilone 15 mg injection","vsac_rx_cancer_directed","6"
"http://www.nlm.nih.gov/research/umls/rxnorm","1726277","ixabepilone 15 mg [ixempra]","vsac_rx_cancer_directed","2"
"http://www.nlm.nih.gov/research/umls/rxnorm","1726278","ixempra 15 mg injection","vsac_rx_cancer_directed","4"
"http://www.nlm.nih.gov/research/umls/rxnorm","1726318","irinotecan injection","vsac_rx_cancer_directed","4"
"http://www.nlm.nih.gov/research/umls/rxnorm","1726319","2 ml irinotecan hydrochloride 20 mg/ml injection","vsac_rx_cancer_directed","5"
"http://www.nlm.nih.gov/research/umls/rxnorm","1726320","irinotecan injection [camptosar]","vsac_rx_cancer_directed","4"
"http://www.nlm.nih.gov/research/umls/rxnorm","1726321","2 ml camptosar 20 mg/ml injection","vsac_rx_cancer_directed","4"
"http://www.nlm.nih.gov/research/umls/rxnorm","1726324","5 ml irinotecan hydrochloride 20 mg/ml injection","vsac_rx_cancer_directed","5"
"http://www.nlm.nih.gov/research/umls/rxnorm","1726325","5 ml camptosar 20 mg/ml injection","vsac_rx_cancer_directed","4"
"http://www.nlm.nih.gov/research/umls/rxnorm","1726333","15 ml irinotecan hydrochloride 20 mg/ml injection","vsac_rx_cancer_directed","5"
"http://www.nlm.nih.gov/research/umls/rxnorm","1726335","15 ml camptosar 20 mg/ml injection","vsac_rx_cancer_directed","4"
"http://www.nlm.nih.gov/research/umls/rxnorm","1726439","20 ml daratumumab 20 mg/ml injection","vsac_rx_cancer_directed","1"
"http://www.nlm.nih.gov/research/umls/rxnorm","1726440","20 ml daratumumab 20 mg/ml injection [darzalex]","vsac_rx_cancer_directed","1"
"http://www.nlm.nih.gov/research/umls/rxnorm","1726492","25 ml irinotecan hydrochloride 20 mg/ml injection","vsac_rx_cancer_directed","5"
"http://www.nlm.nih.gov/research/umls/rxnorm","1726496","azacitidine 100 mg","vsac_rx_cancer_directed","4"
"http://www.nlm.nih.gov/research/umls/rxnorm","1726497","azacitidine injection","vsac_rx_cancer_directed","4"
"http://www.nlm.nih.gov/research/umls/rxnorm","1726499","azacitidine 100 mg [vidaza]","vsac_rx_cancer_directed","4"
"http://www.nlm.nih.gov/research/umls/rxnorm","1726500","azacitidine injection [vidaza]","vsac_rx_cancer_directed","4"
"http://www.nlm.nih.gov/research/umls/rxnorm","1726636","ponatinib 30 mg","vsac_rx_cancer_directed","4"
"http://www.nlm.nih.gov/research/umls/rxnorm","1726637","ponatinib 30 mg oral tablet","vsac_rx_cancer_directed","9"
"http://www.nlm.nih.gov/research/umls/rxnorm","1726638","ponatinib 30 mg [iclusig]","vsac_rx_cancer_directed","4"
"http://www.nlm.nih.gov/research/umls/rxnorm","1726639","iclusig (as ponatinib hydrochloride) 30 mg oral tablet","vsac_rx_cancer_directed","6"
"http://www.nlm.nih.gov/research/umls/rxnorm","1726671","bleomycin 15 unt","vsac_rx_cancer_directed","2"
"http://www.nlm.nih.gov/research/umls/rxnorm","1726672","bleomycin injection","vsac_rx_cancer_directed","2"
"http://www.nlm.nih.gov/research/umls/rxnorm","1726673","bleomycin 15 unt injection","vsac_rx_cancer_directed","6"
"http://www.nlm.nih.gov/research/umls/rxnorm","1726675","bleomycin 30 unt","vsac_rx_cancer_directed","2"
"http://www.nlm.nih.gov/research/umls/rxnorm","1726676","bleomycin 30 unt injection","vsac_rx_cancer_directed","6"
"http://www.nlm.nih.gov/research/umls/rxnorm","1727454","alectinib hydrochloride","vsac_rx_cancer_directed","2"
"http://www.nlm.nih.gov/research/umls/rxnorm","1727455","alectinib","vsac_rx_cancer_directed","2"
"http://www.nlm.nih.gov/research/umls/rxnorm","1727475","alectinib 150 mg","vsac_rx_cancer_directed","1"
"http://www.nlm.nih.gov/research/umls/rxnorm","1727476","alectinib oral product","vsac_rx_cancer_directed","2"
"http://www.nlm.nih.gov/research/umls/rxnorm","1727477","alectinib pill","vsac_rx_cancer_directed","1"
"http://www.nlm.nih.gov/research/umls/rxnorm","1727478","alectinib oral capsule","vsac_rx_cancer_directed","2"
"http://www.nlm.nih.gov/research/umls/rxnorm","1727479","alectinib 150 mg oral capsule","vsac_rx_cancer_directed","4"
"http://www.nlm.nih.gov/research/umls/rxnorm","1727480","alecensa","vsac_rx_cancer_directed","2"
"http://www.nlm.nih.gov/research/umls/rxnorm","1727481","alectinib 150 mg [alecensa]","vsac_rx_cancer_directed","1"
"http://www.nlm.nih.gov/research/umls/rxnorm","1727482","alectinib oral capsule [alecensa]","vsac_rx_cancer_directed","2"
"http://www.nlm.nih.gov/research/umls/rxnorm","1727483","alecensa oral product","vsac_rx_cancer_directed","2"
"http://www.nlm.nih.gov/research/umls/rxnorm","1727484","alecensa pill","vsac_rx_cancer_directed","1"
"http://www.nlm.nih.gov/research/umls/rxnorm","1727485","alecensa 150 mg oral capsule","vsac_rx_cancer_directed","4"
"http://www.nlm.nih.gov/research/umls/rxnorm","1728058","pegaspargase injection","vsac_rx_cancer_directed","2"
"http://www.nlm.nih.gov/research/umls/rxnorm","1728060","pegaspargase injection [oncaspar]","vsac_rx_cancer_directed","2"
"http://www.nlm.nih.gov/research/umls/rxnorm","1728070","pemetrexed 500 mg","vsac_rx_cancer_directed","4"
"http://www.nlm.nih.gov/research/umls/rxnorm","1728071","pemetrexed injection","vsac_rx_cancer_directed","4"
"http://www.nlm.nih.gov/research/umls/rxnorm","1728072","pemetrexed 500 mg injection","vsac_rx_cancer_directed","9"
"http://www.nlm.nih.gov/research/umls/rxnorm","1728073","pemetrexed 500 mg [alimta]","vsac_rx_cancer_directed","4"
"http://www.nlm.nih.gov/research/umls/rxnorm","1728074","pemetrexed injection [alimta]","vsac_rx_cancer_directed","4"
"http://www.nlm.nih.gov/research/umls/rxnorm","1728075","alimta 500 mg injection","vsac_rx_cancer_directed","4"
"http://www.nlm.nih.gov/research/umls/rxnorm","1728076","pemetrexed 100 mg","vsac_rx_cancer_directed","4"
"http://www.nlm.nih.gov/research/umls/rxnorm","1728077","pemetrexed 100 mg injection","vsac_rx_cancer_directed","9"
"http://www.nlm.nih.gov/research/umls/rxnorm","1728078","pemetrexed 100 mg [alimta]","vsac_rx_cancer_directed","4"
"http://www.nlm.nih.gov/research/umls/rxnorm","1728079","alimta 100 mg injection","vsac_rx_cancer_directed","4"
"http://www.nlm.nih.gov/research/umls/rxnorm","1729193","floxuridine 500 mg","vsac_rx_cancer_directed","2"
"http://www.nlm.nih.gov/research/umls/rxnorm","1729194","floxuridine injection","vsac_rx_cancer_directed","2"
"http://www.nlm.nih.gov/research/umls/rxnorm","1729351","busulfan injection","vsac_rx_cancer_directed","2"
"http://www.nlm.nih.gov/research/umls/rxnorm","1729353","busulfan injection [busulfex]","vsac_rx_cancer_directed","2"
"http://www.nlm.nih.gov/research/umls/rxnorm","1729367","carmustine 100 mg","vsac_rx_cancer_directed","3"
"http://www.nlm.nih.gov/research/umls/rxnorm","1729368","carmustine injection","vsac_rx_cancer_directed","3"
"http://www.nlm.nih.gov/research/umls/rxnorm","1729370","carmustine 100 mg [bicnu]","vsac_rx_cancer_directed","3"
"http://www.nlm.nih.gov/research/umls/rxnorm","1729371","carmustine injection [bicnu]","vsac_rx_cancer_directed","3"
"http://www.nlm.nih.gov/research/umls/rxnorm","1729404","vinorelbine injection","vsac_rx_cancer_directed","3"
"http://www.nlm.nih.gov/research/umls/rxnorm","1729407","vinorelbine injection [navelbine]","vsac_rx_cancer_directed","3"
"http://www.nlm.nih.gov/research/umls/rxnorm","1729418","1 ml vinorelbine 10 mg/ml injection","vsac_rx_cancer_directed","3"
"http://www.nlm.nih.gov/research/umls/rxnorm","1729419","1 ml vinorelbine 10 mg/ml injection [navelbine]","vsac_rx_cancer_directed","3"
"http://www.nlm.nih.gov/research/umls/rxnorm","1729422","5 ml vinorelbine 10 mg/ml injection","vsac_rx_cancer_directed","3"
"http://www.nlm.nih.gov/research/umls/rxnorm","1729423","5 ml vinorelbine 10 mg/ml injection [navelbine]","vsac_rx_cancer_directed","3"
"http://www.nlm.nih.gov/research/umls/rxnorm","1731084","cladribine injection","vsac_rx_cancer_directed","1"
"http://www.nlm.nih.gov/research/umls/rxnorm","1731087","dactinomycin 0.5 mg","vsac_rx_cancer_directed","4"
"http://www.nlm.nih.gov/research/umls/rxnorm","1731088","dactinomycin injection","vsac_rx_cancer_directed","4"
"http://www.nlm.nih.gov/research/umls/rxnorm","1731090","dactinomycin 0.5 mg [cosmegen]","vsac_rx_cancer_directed","4"
"http://www.nlm.nih.gov/research/umls/rxnorm","1731091","dactinomycin injection [cosmegen]","vsac_rx_cancer_directed","4"
"http://www.nlm.nih.gov/research/umls/rxnorm","1731336","dacarbazine 200 mg","vsac_rx_cancer_directed","2"
"http://www.nlm.nih.gov/research/umls/rxnorm","1731337","dacarbazine injection","vsac_rx_cancer_directed","2"
"http://www.nlm.nih.gov/research/umls/rxnorm","1731338","dacarbazine 200 mg injection","vsac_rx_cancer_directed","6"
"http://www.nlm.nih.gov/research/umls/rxnorm","1731339","dacarbazine 100 mg","vsac_rx_cancer_directed","2"
"http://www.nlm.nih.gov/research/umls/rxnorm","1731340","dacarbazine 100 mg injection","vsac_rx_cancer_directed","6"
"http://www.nlm.nih.gov/research/umls/rxnorm","1731354","cytarabine injection","vsac_rx_cancer_directed","2"
"http://www.nlm.nih.gov/research/umls/rxnorm","1731355","5 ml ara-c 20 mg/ml injection","vsac_rx_cancer_directed","3"
"http://www.nlm.nih.gov/research/umls/rxnorm","1732171","epirubicin injection","vsac_rx_cancer_directed","4"
"http://www.nlm.nih.gov/research/umls/rxnorm","1732174","epirubicin injection [ellence]","vsac_rx_cancer_directed","4"
"http://www.nlm.nih.gov/research/umls/rxnorm","1732182","25 ml epirubicin hydrochloride 2 mg/ml injection","vsac_rx_cancer_directed","6"
"http://www.nlm.nih.gov/research/umls/rxnorm","1732183","25 ml epirubicin hydrochloride 2 mg/ml injection [ellence]","vsac_rx_cancer_directed","4"
"http://www.nlm.nih.gov/research/umls/rxnorm","1732186","100 ml epirubicin hydrochloride 2 mg/ml injection","vsac_rx_cancer_directed","6"
"http://www.nlm.nih.gov/research/umls/rxnorm","1732187","100 ml epirubicin hydrochloride 2 mg/ml injection [ellence]","vsac_rx_cancer_directed","4"
"http://www.nlm.nih.gov/research/umls/rxnorm","1734339","etoposide injection","vsac_rx_cancer_directed","4"
"http://www.nlm.nih.gov/research/umls/rxnorm","1734340","etoposide 100 mg injection","vsac_rx_cancer_directed","10"
"http://www.nlm.nih.gov/research/umls/rxnorm","1734342","etoposide 100 mg [etopophos]","vsac_rx_cancer_directed","4"
"http://www.nlm.nih.gov/research/umls/rxnorm","1734343","etoposide injection [etopophos]","vsac_rx_cancer_directed","4"
"http://www.nlm.nih.gov/research/umls/rxnorm","1734344","etopophos injectable product","vsac_rx_cancer_directed","4"
"http://www.nlm.nih.gov/research/umls/rxnorm","1734915","cyclophosphamide 500 mg","vsac_rx_cancer_directed","4"
"http://www.nlm.nih.gov/research/umls/rxnorm","1734916","cyclophosphamide injection","vsac_rx_cancer_directed","6"
"http://www.nlm.nih.gov/research/umls/rxnorm","1734917","cyclophosphamide 500 mg injection","vsac_rx_cancer_directed","9"
"http://www.nlm.nih.gov/research/umls/rxnorm","1734918","cyclophosphamide 1000 mg","vsac_rx_cancer_directed","4"
"http://www.nlm.nih.gov/research/umls/rxnorm","1734919","cyclophosphamide 1 gm injection","vsac_rx_cancer_directed","9"
"http://www.nlm.nih.gov/research/umls/rxnorm","1734920","cyclophosphamide 2000 mg","vsac_rx_cancer_directed","4"
"http://www.nlm.nih.gov/research/umls/rxnorm","1734921","cyclophosphamide 2 gm injection","vsac_rx_cancer_directed","12"
"http://www.nlm.nih.gov/research/umls/rxnorm","1736560","eribulin injection","vsac_rx_cancer_directed","4"
"http://www.nlm.nih.gov/research/umls/rxnorm","1736562","eribulin injection [halaven]","vsac_rx_cancer_directed","4"
"http://www.nlm.nih.gov/research/umls/rxnorm","1736580","daunorubicin injection","vsac_rx_cancer_directed","4"
"http://www.nlm.nih.gov/research/umls/rxnorm","1736775","oxaliplatin injection","vsac_rx_cancer_directed","3"
"http://www.nlm.nih.gov/research/umls/rxnorm","1736776","10 ml oxaliplatin 5 mg/ml injection","vsac_rx_cancer_directed","4"
"http://www.nlm.nih.gov/research/umls/rxnorm","1736781","20 ml oxaliplatin 5 mg/ml injection","vsac_rx_cancer_directed","4"
"http://www.nlm.nih.gov/research/umls/rxnorm","1736783","oxaliplatin 50 mg","vsac_rx_cancer_directed","2"
"http://www.nlm.nih.gov/research/umls/rxnorm","1736784","oxaliplatin 50 mg injection","vsac_rx_cancer_directed","8"
"http://www.nlm.nih.gov/research/umls/rxnorm","1736785","oxaliplatin 100 mg","vsac_rx_cancer_directed","2"
"http://www.nlm.nih.gov/research/umls/rxnorm","1736786","oxaliplatin 100 mg injection","vsac_rx_cancer_directed","8"
"http://www.nlm.nih.gov/research/umls/rxnorm","1736852","cisplatin 50 mg","vsac_rx_cancer_directed","8"
"http://www.nlm.nih.gov/research/umls/rxnorm","1736853","cisplatin injection","vsac_rx_cancer_directed","10"
"http://www.nlm.nih.gov/research/umls/rxnorm","1736854","cisplatin 50 mg injection","vsac_rx_cancer_directed","18"
"http://www.nlm.nih.gov/research/umls/rxnorm","1740436","histrelin acetate 0.00271 mg/hr","vsac_rx_cancer_directed","1"
"http://www.nlm.nih.gov/research/umls/rxnorm","1740437","histrelin acetate 0.00271 mg/hr drug implant","vsac_rx_cancer_directed","1"
"http://www.nlm.nih.gov/research/umls/rxnorm","1740438","histrelin acetate 0.00271 mg/hr [supprelin]","vsac_rx_cancer_directed","1"
"http://www.nlm.nih.gov/research/umls/rxnorm","1740862","fludarabine phosphate 50 mg","vsac_rx_cancer_directed","2"
"http://www.nlm.nih.gov/research/umls/rxnorm","1740863","fludarabine injection","vsac_rx_cancer_directed","2"
"http://www.nlm.nih.gov/research/umls/rxnorm","1740864","fludarabine phosphate 50 mg injection","vsac_rx_cancer_directed","6"
"http://www.nlm.nih.gov/research/umls/rxnorm","1740865","2 ml fludarabine phosphate 25 mg/ml injection","vsac_rx_cancer_directed","3"
"http://www.nlm.nih.gov/research/umls/rxnorm","1740892","mitomycin 5 mg","vsac_rx_cancer_directed","4"
"http://www.nlm.nih.gov/research/umls/rxnorm","1740893","mitomycin injection","vsac_rx_cancer_directed","4"
"http://www.nlm.nih.gov/research/umls/rxnorm","1740894","mitomycin 5 mg injection","vsac_rx_cancer_directed","9"
"http://www.nlm.nih.gov/research/umls/rxnorm","1740897","mitomycin 40 mg","vsac_rx_cancer_directed","4"
"http://www.nlm.nih.gov/research/umls/rxnorm","1740898","mitomycin 40 mg injection","vsac_rx_cancer_directed","9"
"http://www.nlm.nih.gov/research/umls/rxnorm","1740899","mitomycin 20 mg","vsac_rx_cancer_directed","4"
"http://www.nlm.nih.gov/research/umls/rxnorm","1740900","mitomycin 20 mg injection","vsac_rx_cancer_directed","9"
"http://www.nlm.nih.gov/research/umls/rxnorm","1740948","melphalan 50 mg","vsac_rx_cancer_directed","2"
"http://www.nlm.nih.gov/research/umls/rxnorm","1740949","melphalan injection","vsac_rx_cancer_directed","2"
"http://www.nlm.nih.gov/research/umls/rxnorm","1740951","melphalan 50 mg [alkeran]","vsac_rx_cancer_directed","2"
"http://www.nlm.nih.gov/research/umls/rxnorm","1740952","melphalan injection [alkeran]","vsac_rx_cancer_directed","2"
"http://www.nlm.nih.gov/research/umls/rxnorm","1745086","evomela","vsac_rx_cancer_directed","2"
"http://www.nlm.nih.gov/research/umls/rxnorm","1745087","melphalan 50 mg [evomela]","vsac_rx_cancer_directed","2"
"http://www.nlm.nih.gov/research/umls/rxnorm","1745088","melphalan injection [evomela]","vsac_rx_cancer_directed","2"
"http://www.nlm.nih.gov/research/umls/rxnorm","1745089","evomela injectable product","vsac_rx_cancer_directed","2"
"http://www.nlm.nih.gov/research/umls/rxnorm","1745090","evomela 50 mg injection","vsac_rx_cancer_directed","4"
"http://www.nlm.nih.gov/research/umls/rxnorm","1745391","radium chloride ra-223 30 mci/ml","vsac_rx_cancer_directed","1"
"http://www.nlm.nih.gov/research/umls/rxnorm","1745393","radium chloride ra-223 30 mci/ml [xofigo]","vsac_rx_cancer_directed","1"
"http://www.nlm.nih.gov/research/umls/rxnorm","1747556","venetoclax","vsac_rx_cancer_directed","1"
"http://www.nlm.nih.gov/research/umls/rxnorm","1747557","venetoclax 100 mg","vsac_rx_cancer_directed","1"
"http://www.nlm.nih.gov/research/umls/rxnorm","1747558","venetoclax oral product","vsac_rx_cancer_directed","1"
"http://www.nlm.nih.gov/research/umls/rxnorm","1747559","venetoclax pill","vsac_rx_cancer_directed","1"
"http://www.nlm.nih.gov/research/umls/rxnorm","1747560","venetoclax oral tablet","vsac_rx_cancer_directed","1"
"http://www.nlm.nih.gov/research/umls/rxnorm","1747561","venetoclax 100 mg oral tablet","vsac_rx_cancer_directed","2"
"http://www.nlm.nih.gov/research/umls/rxnorm","1747562","venclexta","vsac_rx_cancer_directed","1"
"http://www.nlm.nih.gov/research/umls/rxnorm","1747563","venetoclax 100 mg [venclexta]","vsac_rx_cancer_directed","1"
"http://www.nlm.nih.gov/research/umls/rxnorm","1747564","venetoclax oral tablet [venclexta]","vsac_rx_cancer_directed","1"
"http://www.nlm.nih.gov/research/umls/rxnorm","1747565","venclexta oral product","vsac_rx_cancer_directed","1"
"http://www.nlm.nih.gov/research/umls/rxnorm","1747566","venclexta pill","vsac_rx_cancer_directed","1"
"http://www.nlm.nih.gov/research/umls/rxnorm","1747567","venclexta 100 mg oral tablet","vsac_rx_cancer_directed","2"
"http://www.nlm.nih.gov/research/umls/rxnorm","1747571","venetoclax 10 mg","vsac_rx_cancer_directed","1"
"http://www.nlm.nih.gov/research/umls/rxnorm","1747572","venetoclax 10 mg oral tablet","vsac_rx_cancer_directed","2"
"http://www.nlm.nih.gov/research/umls/rxnorm","1747573","venetoclax 50 mg","vsac_rx_cancer_directed","1"
"http://www.nlm.nih.gov/research/umls/rxnorm","1747574","venetoclax 50 mg oral tablet","vsac_rx_cancer_directed","2"
"http://www.nlm.nih.gov/research/umls/rxnorm","1747575","venetoclax starter pack 10 mg (14), 50 mg (7), 100 mg (21) oral tablet 42 count","vsac_rx_cancer_directed","1"
"http://www.nlm.nih.gov/research/umls/rxnorm","1747576","venetoclax 10 mg [venclexta]","vsac_rx_cancer_directed","1"
"http://www.nlm.nih.gov/research/umls/rxnorm","1747577","venclexta 10 mg oral tablet","vsac_rx_cancer_directed","2"
"http://www.nlm.nih.gov/research/umls/rxnorm","1747578","venetoclax 50 mg [venclexta]","vsac_rx_cancer_directed","1"
"http://www.nlm.nih.gov/research/umls/rxnorm","1747579","venclexta 50 mg oral tablet","vsac_rx_cancer_directed","2"
"http://www.nlm.nih.gov/research/umls/rxnorm","1747580","venclexta starting pack","vsac_rx_cancer_directed","2"
"http://www.nlm.nih.gov/research/umls/rxnorm","1790093","doxorubicin hydrochloride 50 mg","vsac_rx_cancer_directed","4"
"http://www.nlm.nih.gov/research/umls/rxnorm","1790094","doxorubicin injection","vsac_rx_cancer_directed","4"
"http://www.nlm.nih.gov/research/umls/rxnorm","1790095","doxorubicin hydrochloride 50 mg injection","vsac_rx_cancer_directed","6"
"http://www.nlm.nih.gov/research/umls/rxnorm","1790097","5 ml doxorubicin hydrochloride 2 mg/ml injection","vsac_rx_cancer_directed","6"
"http://www.nlm.nih.gov/research/umls/rxnorm","1790099","10 ml doxorubicin hydrochloride 2 mg/ml injection","vsac_rx_cancer_directed","6"
"http://www.nlm.nih.gov/research/umls/rxnorm","1790100","25 ml doxorubicin hydrochloride 2 mg/ml injection","vsac_rx_cancer_directed","6"
"http://www.nlm.nih.gov/research/umls/rxnorm","1790102","doxorubicin hydrochloride 10 mg","vsac_rx_cancer_directed","4"
"http://www.nlm.nih.gov/research/umls/rxnorm","1790103","doxorubicin hydrochloride 10 mg injection","vsac_rx_cancer_directed","6"
"http://www.nlm.nih.gov/research/umls/rxnorm","1790115","10 ml doxorubicin hydrochloride liposome 2 mg/ml injection","vsac_rx_cancer_directed","4"
"http://www.nlm.nih.gov/research/umls/rxnorm","1790127","25 ml doxorubicin hydrochloride liposome 2 mg/ml injection","vsac_rx_cancer_directed","4"
"http://www.nlm.nih.gov/research/umls/rxnorm","1790128","25 ml doxorubicin hydrochloride liposome 2 mg/ml injection [doxil]","vsac_rx_cancer_directed","4"
"http://www.nlm.nih.gov/research/umls/rxnorm","1790131","10 ml doxorubicin hydrochloride liposome 2 mg/ml injection [doxil]","vsac_rx_cancer_directed","4"
"http://www.nlm.nih.gov/research/umls/rxnorm","1790160","cabozantinib oral tablet","vsac_rx_cancer_directed","2"
"http://www.nlm.nih.gov/research/umls/rxnorm","1790161","cabozantinib 20 mg oral tablet","vsac_rx_cancer_directed","4"
"http://www.nlm.nih.gov/research/umls/rxnorm","1790162","cabometyx","vsac_rx_cancer_directed","2"
"http://www.nlm.nih.gov/research/umls/rxnorm","1790163","cabozantinib 20 mg [cabometyx]","vsac_rx_cancer_directed","1"
"http://www.nlm.nih.gov/research/umls/rxnorm","1790164","cabozantinib oral tablet [cabometyx]","vsac_rx_cancer_directed","2"
"http://www.nlm.nih.gov/research/umls/rxnorm","1790165","cabometyx oral product","vsac_rx_cancer_directed","2"
"http://www.nlm.nih.gov/research/umls/rxnorm","1790166","cabometyx pill","vsac_rx_cancer_directed","1"
"http://www.nlm.nih.gov/research/umls/rxnorm","1790167","cabometyx 20 mg oral tablet","vsac_rx_cancer_directed","4"
"http://www.nlm.nih.gov/research/umls/rxnorm","1790168","cabozantinib 40 mg","vsac_rx_cancer_directed","1"
"http://www.nlm.nih.gov/research/umls/rxnorm","1790169","cabozantinib 40 mg oral tablet","vsac_rx_cancer_directed","4"
"http://www.nlm.nih.gov/research/umls/rxnorm","1790170","cabozantinib 40 mg [cabometyx]","vsac_rx_cancer_directed","1"
"http://www.nlm.nih.gov/research/umls/rxnorm","1790171","cabometyx 40 mg oral tablet","vsac_rx_cancer_directed","4"
"http://www.nlm.nih.gov/research/umls/rxnorm","1790172","cabozantinib 60 mg","vsac_rx_cancer_directed","1"
"http://www.nlm.nih.gov/research/umls/rxnorm","1790173","cabozantinib 60 mg oral tablet","vsac_rx_cancer_directed","4"
"http://www.nlm.nih.gov/research/umls/rxnorm","1790174","cabozantinib 60 mg [cabometyx]","vsac_rx_cancer_directed","1"
"http://www.nlm.nih.gov/research/umls/rxnorm","1790175","cabometyx 60 mg oral tablet","vsac_rx_cancer_directed","4"
"http://www.nlm.nih.gov/research/umls/rxnorm","1791492","idarubicin injection","vsac_rx_cancer_directed","4"
"http://www.nlm.nih.gov/research/umls/rxnorm","1791493","20 ml idarubicin hydrochloride 1 mg/ml injection","vsac_rx_cancer_directed","6"
"http://www.nlm.nih.gov/research/umls/rxnorm","1791494","idarubicin injection [idamycin]","vsac_rx_cancer_directed","4"
"http://www.nlm.nih.gov/research/umls/rxnorm","1791495","20 ml idarubicin hydrochloride 1 mg/ml injection [idamycin]","vsac_rx_cancer_directed","4"
"http://www.nlm.nih.gov/research/umls/rxnorm","1791498","10 ml idarubicin hydrochloride 1 mg/ml injection","vsac_rx_cancer_directed","6"
"http://www.nlm.nih.gov/research/umls/rxnorm","1791499","10 ml idarubicin hydrochloride 1 mg/ml injection [idamycin]","vsac_rx_cancer_directed","4"
"http://www.nlm.nih.gov/research/umls/rxnorm","1791500","5 ml idarubicin hydrochloride 1 mg/ml injection","vsac_rx_cancer_directed","6"
"http://www.nlm.nih.gov/research/umls/rxnorm","1791501","5 ml idarubicin hydrochloride 1 mg/ml injection [idamycin]","vsac_rx_cancer_directed","4"
"http://www.nlm.nih.gov/research/umls/rxnorm","1791586","ifosfamide 3000 mg","vsac_rx_cancer_directed","3"
"http://www.nlm.nih.gov/research/umls/rxnorm","1791587","ifosfamide injection","vsac_rx_cancer_directed","3"
"http://www.nlm.nih.gov/research/umls/rxnorm","1791588","ifosfamide 3 gm injection","vsac_rx_cancer_directed","8"
"http://www.nlm.nih.gov/research/umls/rxnorm","1791589","ifosfamide 3000 mg [ifex]","vsac_rx_cancer_directed","3"
"http://www.nlm.nih.gov/research/umls/rxnorm","1791590","ifosfamide injection [ifex]","vsac_rx_cancer_directed","3"
"http://www.nlm.nih.gov/research/umls/rxnorm","1791591","ifex 3 gm injection","vsac_rx_cancer_directed","6"
"http://www.nlm.nih.gov/research/umls/rxnorm","1791592","ifosfamide 1000 mg","vsac_rx_cancer_directed","3"
"http://www.nlm.nih.gov/research/umls/rxnorm","1791593","ifosfamide 1 gm injection","vsac_rx_cancer_directed","8"
"http://www.nlm.nih.gov/research/umls/rxnorm","1791594","ifosfamide 1000 mg [ifex]","vsac_rx_cancer_directed","3"
"http://www.nlm.nih.gov/research/umls/rxnorm","1791595","ifex 1 gm injection","vsac_rx_cancer_directed","6"
"http://www.nlm.nih.gov/research/umls/rxnorm","1791597","60 ml ifosfamide 50 mg/ml injection","vsac_rx_cancer_directed","4"
"http://www.nlm.nih.gov/research/umls/rxnorm","1791599","20 ml ifosfamide 50 mg/ml injection","vsac_rx_cancer_directed","4"
"http://www.nlm.nih.gov/research/umls/rxnorm","1791700","fluorouracil injection","vsac_rx_cancer_directed","2"
"http://www.nlm.nih.gov/research/umls/rxnorm","1791701","10 ml 5-5-fluorouracil 50 mg/ml injection","vsac_rx_cancer_directed","3"
"http://www.nlm.nih.gov/research/umls/rxnorm","1791736","20 ml 5-5-fluorouracil 50 mg/ml injection","vsac_rx_cancer_directed","3"
"http://www.nlm.nih.gov/research/umls/rxnorm","1792372","lenvima","vsac_rx_cancer_directed","1"
"http://www.nlm.nih.gov/research/umls/rxnorm","1792373","lenvatinib 4 mg [lenvima]","vsac_rx_cancer_directed","1"
"http://www.nlm.nih.gov/research/umls/rxnorm","1792374","lenvatinib oral capsule [lenvima]","vsac_rx_cancer_directed","1"
"http://www.nlm.nih.gov/research/umls/rxnorm","1792375","lenvima oral product","vsac_rx_cancer_directed","1"
"http://www.nlm.nih.gov/research/umls/rxnorm","1792376","lenvima pill","vsac_rx_cancer_directed","1"
"http://www.nlm.nih.gov/research/umls/rxnorm","1792377","lenvima 4 mg oral capsule","vsac_rx_cancer_directed","2"
"http://www.nlm.nih.gov/research/umls/rxnorm","1792392","lenvatinib 14 mg (as lenvatinib mesylate) daily dose 30 day supply pack","vsac_rx_cancer_directed","1"
"http://www.nlm.nih.gov/research/umls/rxnorm","1792393","lenvima 18 mg (as lenvatinib mesylate) daily dose 30 day supply pack","vsac_rx_cancer_directed","1"
"http://www.nlm.nih.gov/research/umls/rxnorm","1792776","atezolizumab","vsac_rx_cancer_directed","1"
"http://www.nlm.nih.gov/research/umls/rxnorm","1792777","atezolizumab 60 mg/ml","vsac_rx_cancer_directed","1"
"http://www.nlm.nih.gov/research/umls/rxnorm","1792778","atezolizumab injectable product","vsac_rx_cancer_directed","1"
"http://www.nlm.nih.gov/research/umls/rxnorm","1792779","atezolizumab injection","vsac_rx_cancer_directed","1"
"http://www.nlm.nih.gov/research/umls/rxnorm","1792780","20 ml atezolizumab 60 mg/ml injection","vsac_rx_cancer_directed","1"
"http://www.nlm.nih.gov/research/umls/rxnorm","1792781","tecentriq","vsac_rx_cancer_directed","1"
"http://www.nlm.nih.gov/research/umls/rxnorm","1792782","atezolizumab 60 mg/ml [tecentriq]","vsac_rx_cancer_directed","1"
"http://www.nlm.nih.gov/research/umls/rxnorm","1792783","atezolizumab injection [tecentriq]","vsac_rx_cancer_directed","1"
"http://www.nlm.nih.gov/research/umls/rxnorm","1792784","tecentriq injectable product","vsac_rx_cancer_directed","1"
"http://www.nlm.nih.gov/research/umls/rxnorm","1792785","20 ml atezolizumab 60 mg/ml injection [tecentriq]","vsac_rx_cancer_directed","1"
"http://www.nlm.nih.gov/research/umls/rxnorm","1794537","plerixafor injection","vsac_rx_cancer_directed","1"
"http://www.nlm.nih.gov/research/umls/rxnorm","1794539","plerixafor injection [mozobil]","vsac_rx_cancer_directed","1"
"http://www.nlm.nih.gov/research/umls/rxnorm","1794543","pentostatin 10 mg","vsac_rx_cancer_directed","2"
"http://www.nlm.nih.gov/research/umls/rxnorm","1794544","pentostatin injection","vsac_rx_cancer_directed","2"
"http://www.nlm.nih.gov/research/umls/rxnorm","1794546","pentostatin 10 mg [nipent]","vsac_rx_cancer_directed","2"
"http://www.nlm.nih.gov/research/umls/rxnorm","1794547","pentostatin injection [nipent]","vsac_rx_cancer_directed","2"
"http://www.nlm.nih.gov/research/umls/rxnorm","1796418","pralatrexate injection","vsac_rx_cancer_directed","4"
"http://www.nlm.nih.gov/research/umls/rxnorm","1796419","1 ml pralatrexate 20 mg/ml injection","vsac_rx_cancer_directed","6"
"http://www.nlm.nih.gov/research/umls/rxnorm","1796420","pralatrexate injection [folotyn]","vsac_rx_cancer_directed","4"
"http://www.nlm.nih.gov/research/umls/rxnorm","1796421","1 ml pralatrexate 20 mg/ml injection [folotyn]","vsac_rx_cancer_directed","4"
"http://www.nlm.nih.gov/research/umls/rxnorm","1796424","2 ml pralatrexate 20 mg/ml injection","vsac_rx_cancer_directed","6"
"http://www.nlm.nih.gov/research/umls/rxnorm","1796425","2 ml pralatrexate 20 mg/ml injection [folotyn]","vsac_rx_cancer_directed","4"
"http://www.nlm.nih.gov/research/umls/rxnorm","1796537","lenvatinib 10 mg [lenvima]","vsac_rx_cancer_directed","1"
"http://www.nlm.nih.gov/research/umls/rxnorm","1796538","lenvima 10 mg oral capsule","vsac_rx_cancer_directed","2"
"http://www.nlm.nih.gov/research/umls/rxnorm","1796664","lenvatinib 8 mg daily dose 30 day supply pack","vsac_rx_cancer_directed","2"
"http://www.nlm.nih.gov/research/umls/rxnorm","1796665","lenvima 8 mg daily dose 30 day supply pack","vsac_rx_cancer_directed","2"
"http://www.nlm.nih.gov/research/umls/rxnorm","1797118","dotatate","vsac_rx_cancer_directed","1"
"http://www.nlm.nih.gov/research/umls/rxnorm","1797528","40 ml oxaliplatin 5 mg/ml injection","vsac_rx_cancer_directed","4"
"http://www.nlm.nih.gov/research/umls/rxnorm","1799302","doxorubicin hydrochloride 2 mg/ml [adriamycin]","vsac_rx_cancer_directed","4"
"http://www.nlm.nih.gov/research/umls/rxnorm","1799303","doxorubicin injection [adriamycin]","vsac_rx_cancer_directed","4"
"http://www.nlm.nih.gov/research/umls/rxnorm","1799304","adriamycin injectable product","vsac_rx_cancer_directed","2"
"http://www.nlm.nih.gov/research/umls/rxnorm","1799305","5 ml doxorubicin hydrochloride 2 mg/ml injection [adriamycin]","vsac_rx_cancer_directed","4"
"http://www.nlm.nih.gov/research/umls/rxnorm","1799307","25 ml doxorubicin hydrochloride 2 mg/ml injection [adriamycin]","vsac_rx_cancer_directed","4"
"http://www.nlm.nih.gov/research/umls/rxnorm","1799308","10 ml doxorubicin hydrochloride 2 mg/ml injection [adriamycin]","vsac_rx_cancer_directed","4"
"http://www.nlm.nih.gov/research/umls/rxnorm","1799309","doxorubicin injectable solution [adriamycin]","vsac_rx_cancer_directed","4"
"http://www.nlm.nih.gov/research/umls/rxnorm","1799310","adriamycin 2 mg/ml injectable solution","vsac_rx_cancer_directed","4"
"http://www.nlm.nih.gov/research/umls/rxnorm","1799414","topotecan 4 mg","vsac_rx_cancer_directed","3"
"http://www.nlm.nih.gov/research/umls/rxnorm","1799415","topotecan injection","vsac_rx_cancer_directed","3"
"http://www.nlm.nih.gov/research/umls/rxnorm","1799416","topotecan 4 mg injection","vsac_rx_cancer_directed","8"
"http://www.nlm.nih.gov/research/umls/rxnorm","1799417","topotecan 4 mg [hycamtin]","vsac_rx_cancer_directed","3"
"http://www.nlm.nih.gov/research/umls/rxnorm","1799418","topotecan injection [hycamtin]","vsac_rx_cancer_directed","3"
"http://www.nlm.nih.gov/research/umls/rxnorm","1799424","4 ml topotecan 1 mg/ml injection","vsac_rx_cancer_directed","4"
"http://www.nlm.nih.gov/research/umls/rxnorm","1803920","leucovorin 350 mg","vsac_rx_cancer_directed","1"
"http://www.nlm.nih.gov/research/umls/rxnorm","1803921","leucovorin injection","vsac_rx_cancer_directed","1"
"http://www.nlm.nih.gov/research/umls/rxnorm","1803929","leucovorin 50 mg","vsac_rx_cancer_directed","1"
"http://www.nlm.nih.gov/research/umls/rxnorm","1803930","leucovorin 50 mg injection","vsac_rx_cancer_directed","2"
"http://www.nlm.nih.gov/research/umls/rxnorm","1803931","leucovorin 100 mg","vsac_rx_cancer_directed","1"
"http://www.nlm.nih.gov/research/umls/rxnorm","1803932","leucovorin 100 mg injection","vsac_rx_cancer_directed","2"
"http://www.nlm.nih.gov/research/umls/rxnorm","1803936","leucovorin 200 mg","vsac_rx_cancer_directed","1"
"http://www.nlm.nih.gov/research/umls/rxnorm","1803937","leucovorin 200 mg injection","vsac_rx_cancer_directed","2"
"http://www.nlm.nih.gov/research/umls/rxnorm","1804015","nilotinib hydrochloride","vsac_rx_cancer_directed","1"
"http://www.nlm.nih.gov/research/umls/rxnorm","1804032","arsenic trioxide 1 mg/ml","vsac_rx_cancer_directed","1"
"http://www.nlm.nih.gov/research/umls/rxnorm","1804033","arsenic trioxide injection","vsac_rx_cancer_directed","1"
"http://www.nlm.nih.gov/research/umls/rxnorm","1804036","arsenic trioxide injection [trisenox]","vsac_rx_cancer_directed","1"
"http://www.nlm.nih.gov/research/umls/rxnorm","1804772","vinblastine sulfate 1 mg/ml","vsac_rx_cancer_directed","4"
"http://www.nlm.nih.gov/research/umls/rxnorm","1804979","belinostat 500 mg","vsac_rx_cancer_directed","2"
"http://www.nlm.nih.gov/research/umls/rxnorm","1804980","belinostat injection","vsac_rx_cancer_directed","2"
"http://www.nlm.nih.gov/research/umls/rxnorm","1804982","belinostat 500 mg [beleodaq]","vsac_rx_cancer_directed","2"
"http://www.nlm.nih.gov/research/umls/rxnorm","1804983","belinostat injection [beleodaq]","vsac_rx_cancer_directed","2"
"http://www.nlm.nih.gov/research/umls/rxnorm","1804993","bortezomib 3.5 mg","vsac_rx_cancer_directed","1"
"http://www.nlm.nih.gov/research/umls/rxnorm","1804994","bortezomib injection","vsac_rx_cancer_directed","1"
"http://www.nlm.nih.gov/research/umls/rxnorm","1804996","bortezomib 3.5 mg [velcade]","vsac_rx_cancer_directed","1"
"http://www.nlm.nih.gov/research/umls/rxnorm","1804997","bortezomib injection [velcade]","vsac_rx_cancer_directed","1"
"http://www.nlm.nih.gov/research/umls/rxnorm","1804999","bendamustine hydrochloride 100 mg","vsac_rx_cancer_directed","2"
"http://www.nlm.nih.gov/research/umls/rxnorm","1805000","bendamustine injection","vsac_rx_cancer_directed","2"
"http://www.nlm.nih.gov/research/umls/rxnorm","1805001","bendamustine hcl 100 mg injection","vsac_rx_cancer_directed","3"
"http://www.nlm.nih.gov/research/umls/rxnorm","1805002","bendamustine hydrochloride 100 mg [treanda]","vsac_rx_cancer_directed","2"
"http://www.nlm.nih.gov/research/umls/rxnorm","1805003","bendamustine injection [treanda]","vsac_rx_cancer_directed","2"
"http://www.nlm.nih.gov/research/umls/rxnorm","1805004","treanda 100 mg injection","vsac_rx_cancer_directed","4"
"http://www.nlm.nih.gov/research/umls/rxnorm","1805006","bendamustine hydrochloride 25 mg","vsac_rx_cancer_directed","2"
"http://www.nlm.nih.gov/research/umls/rxnorm","1805007","bendamustine hcl 25 mg injection","vsac_rx_cancer_directed","3"
"http://www.nlm.nih.gov/research/umls/rxnorm","1805008","bendamustine hydrochloride 25 mg [treanda]","vsac_rx_cancer_directed","2"
"http://www.nlm.nih.gov/research/umls/rxnorm","1805009","treanda 25 mg injection","vsac_rx_cancer_directed","4"
"http://www.nlm.nih.gov/research/umls/rxnorm","1806666","clofarabine injection","vsac_rx_cancer_directed","2"
"http://www.nlm.nih.gov/research/umls/rxnorm","1806668","clofarabine injection [clolar]","vsac_rx_cancer_directed","2"
"http://www.nlm.nih.gov/research/umls/rxnorm","1806906","decitabine 50 mg","vsac_rx_cancer_directed","2"
"http://www.nlm.nih.gov/research/umls/rxnorm","1806907","decitabine injection","vsac_rx_cancer_directed","2"
"http://www.nlm.nih.gov/research/umls/rxnorm","1806909","decitabine 50 mg [dacogen]","vsac_rx_cancer_directed","2"
"http://www.nlm.nih.gov/research/umls/rxnorm","1806910","decitabine injection [dacogen]","vsac_rx_cancer_directed","2"
"http://www.nlm.nih.gov/research/umls/rxnorm","1806932","carfilzomib 30 mg","vsac_rx_cancer_directed","1"
"http://www.nlm.nih.gov/research/umls/rxnorm","1806933","carfilzomib injection","vsac_rx_cancer_directed","1"
"http://www.nlm.nih.gov/research/umls/rxnorm","1806934","carfilzomib 30 mg injection","vsac_rx_cancer_directed","2"
"http://www.nlm.nih.gov/research/umls/rxnorm","1806935","carfilzomib 30 mg [kyprolis]","vsac_rx_cancer_directed","1"
"http://www.nlm.nih.gov/research/umls/rxnorm","1806936","carfilzomib injection [kyprolis]","vsac_rx_cancer_directed","1"
"http://www.nlm.nih.gov/research/umls/rxnorm","1806937","kyprolis 30 mg injection","vsac_rx_cancer_directed","2"
"http://www.nlm.nih.gov/research/umls/rxnorm","1806939","carfilzomib 60 mg","vsac_rx_cancer_directed","1"
"http://www.nlm.nih.gov/research/umls/rxnorm","1806940","carfilzomib 60 mg injection","vsac_rx_cancer_directed","2"
"http://www.nlm.nih.gov/research/umls/rxnorm","1806941","carfilzomib 60 mg [kyprolis]","vsac_rx_cancer_directed","1"
"http://www.nlm.nih.gov/research/umls/rxnorm","1806942","kyprolis 60 mg injection","vsac_rx_cancer_directed","2"
"http://www.nlm.nih.gov/research/umls/rxnorm","1809088","streptozocin 1000 mg","vsac_rx_cancer_directed","2"
"http://www.nlm.nih.gov/research/umls/rxnorm","1809089","streptozocin injection","vsac_rx_cancer_directed","2"
"http://www.nlm.nih.gov/research/umls/rxnorm","1809091","streptozocin 1000 mg [zanosar]","vsac_rx_cancer_directed","2"
"http://www.nlm.nih.gov/research/umls/rxnorm","1809092","streptozocin injection [zanosar]","vsac_rx_cancer_directed","2"
"http://www.nlm.nih.gov/research/umls/rxnorm","1812332","cabazitaxel injection","vsac_rx_cancer_directed","2"
"http://www.nlm.nih.gov/research/umls/rxnorm","1812334","cabazitaxel injection [jevtana]","vsac_rx_cancer_directed","2"
"http://www.nlm.nih.gov/research/umls/rxnorm","1812344","degarelix 120 mg","vsac_rx_cancer_directed","1"
"http://www.nlm.nih.gov/research/umls/rxnorm","1812345","degarelix injection","vsac_rx_cancer_directed","1"
"http://www.nlm.nih.gov/research/umls/rxnorm","1812347","degarelix 120 mg [firmagon]","vsac_rx_cancer_directed","1"
"http://www.nlm.nih.gov/research/umls/rxnorm","1812348","degarelix injection [firmagon]","vsac_rx_cancer_directed","1"
"http://www.nlm.nih.gov/research/umls/rxnorm","1812350","degarelix 80 mg","vsac_rx_cancer_directed","1"
"http://www.nlm.nih.gov/research/umls/rxnorm","1812352","degarelix 80 mg [firmagon]","vsac_rx_cancer_directed","1"
"http://www.nlm.nih.gov/research/umls/rxnorm","1812434","methoxsalen 10 mg soft gelatin oral capsule","vsac_rx_cancer_directed","2"
"http://www.nlm.nih.gov/research/umls/rxnorm","1812477","mitomycin 20 mg [mutamycin]","vsac_rx_cancer_directed","4"
"http://www.nlm.nih.gov/research/umls/rxnorm","1812478","mitomycin injection [mutamycin]","vsac_rx_cancer_directed","4"
"http://www.nlm.nih.gov/research/umls/rxnorm","1812479","mutamycin injectable product","vsac_rx_cancer_directed","2"
"http://www.nlm.nih.gov/research/umls/rxnorm","1812480","mitomycin 20 mg injection [mutamycin]","vsac_rx_cancer_directed","4"
"http://www.nlm.nih.gov/research/umls/rxnorm","1812481","mitomycin 40 mg [mutamycin]","vsac_rx_cancer_directed","4"
"http://www.nlm.nih.gov/research/umls/rxnorm","1812482","mitomycin 40 mg injection [mutamycin]","vsac_rx_cancer_directed","4"
"http://www.nlm.nih.gov/research/umls/rxnorm","1812483","mitomycin 5 mg [mutamycin]","vsac_rx_cancer_directed","4"
"http://www.nlm.nih.gov/research/umls/rxnorm","1812484","mitomycin 5 mg injection [mutamycin]","vsac_rx_cancer_directed","4"
"http://www.nlm.nih.gov/research/umls/rxnorm","1825","buserelin","vsac_rx_cancer_directed","1"
"http://www.nlm.nih.gov/research/umls/rxnorm","1828","busulfan","vsac_rx_cancer_directed","2"
"http://www.nlm.nih.gov/research/umls/rxnorm","18330","arsenic trioxide","vsac_rx_cancer_directed","1"
"http://www.nlm.nih.gov/research/umls/rxnorm","1855735","olaratumab","vsac_rx_cancer_directed","1"
"http://www.nlm.nih.gov/research/umls/rxnorm","1855737","olaratumab injectable product","vsac_rx_cancer_directed","1"
"http://www.nlm.nih.gov/research/umls/rxnorm","1858560","levoleucovorin 175 mg","vsac_rx_cancer_directed","2"
"http://www.nlm.nih.gov/research/umls/rxnorm","1858561","levoleucovorin 175 mg injection","vsac_rx_cancer_directed","3"
"http://www.nlm.nih.gov/research/umls/rxnorm","1860479","docetaxel injection","vsac_rx_cancer_directed","4"
"http://www.nlm.nih.gov/research/umls/rxnorm","1860480","1 ml docetaxel 20 mg/ml injection","vsac_rx_cancer_directed","6"
"http://www.nlm.nih.gov/research/umls/rxnorm","1860485","4 ml docetaxel 20 mg/ml injection","vsac_rx_cancer_directed","6"
"http://www.nlm.nih.gov/research/umls/rxnorm","1860619","2 ml docetaxel 10 mg/ml injection","vsac_rx_cancer_directed","6"
"http://www.nlm.nih.gov/research/umls/rxnorm","1861411","8 ml docetaxel 20 mg/ml injection","vsac_rx_cancer_directed","6"
"http://www.nlm.nih.gov/research/umls/rxnorm","1862578","rucaparib camsylate","vsac_rx_cancer_directed","1"
"http://www.nlm.nih.gov/research/umls/rxnorm","1862579","rucaparib","vsac_rx_cancer_directed","1"
"http://www.nlm.nih.gov/research/umls/rxnorm","1862580","rucaparib 300 mg","vsac_rx_cancer_directed","1"
"http://www.nlm.nih.gov/research/umls/rxnorm","1862581","rucaparib oral product","vsac_rx_cancer_directed","1"
"http://www.nlm.nih.gov/research/umls/rxnorm","1862582","rucaparib pill","vsac_rx_cancer_directed","1"
"http://www.nlm.nih.gov/research/umls/rxnorm","1862583","rucaparib oral tablet","vsac_rx_cancer_directed","1"
"http://www.nlm.nih.gov/research/umls/rxnorm","1862584","rucaparib 300 mg oral tablet","vsac_rx_cancer_directed","2"
"http://www.nlm.nih.gov/research/umls/rxnorm","1862585","rubraca","vsac_rx_cancer_directed","1"
"http://www.nlm.nih.gov/research/umls/rxnorm","1862586","rucaparib 300 mg [rubraca]","vsac_rx_cancer_directed","1"
"http://www.nlm.nih.gov/research/umls/rxnorm","1862587","rucaparib oral tablet [rubraca]","vsac_rx_cancer_directed","1"
"http://www.nlm.nih.gov/research/umls/rxnorm","1862588","rubraca oral product","vsac_rx_cancer_directed","1"
"http://www.nlm.nih.gov/research/umls/rxnorm","1862589","rubraca pill","vsac_rx_cancer_directed","1"
"http://www.nlm.nih.gov/research/umls/rxnorm","1862590","rubraca 300 mg oral tablet","vsac_rx_cancer_directed","2"
"http://www.nlm.nih.gov/research/umls/rxnorm","1862592","rucaparib 200 mg","vsac_rx_cancer_directed","1"
"http://www.nlm.nih.gov/research/umls/rxnorm","1862593","rucaparib 200 mg oral tablet","vsac_rx_cancer_directed","2"
"http://www.nlm.nih.gov/research/umls/rxnorm","1862594","rucaparib 200 mg [rubraca]","vsac_rx_cancer_directed","1"
"http://www.nlm.nih.gov/research/umls/rxnorm","1862595","rubraca 200 mg oral tablet","vsac_rx_cancer_directed","2"
"http://www.nlm.nih.gov/research/umls/rxnorm","1863308","teniposide injection","vsac_rx_cancer_directed","3"
"http://www.nlm.nih.gov/research/umls/rxnorm","1863342","vincristine injection","vsac_rx_cancer_directed","8"
"http://www.nlm.nih.gov/research/umls/rxnorm","1863343","1 ml vincristine sulfate 1 mg/ml injection","vsac_rx_cancer_directed","10"
"http://www.nlm.nih.gov/research/umls/rxnorm","1863346","vincristine injection [vincasar]","vsac_rx_cancer_directed","8"
"http://www.nlm.nih.gov/research/umls/rxnorm","1863347","1 ml vincristine sulfate 1 mg/ml injection [vincasar]","vsac_rx_cancer_directed","8"
"http://www.nlm.nih.gov/research/umls/rxnorm","1863354","2 ml vincristine sulfate 1 mg/ml injection","vsac_rx_cancer_directed","10"
"http://www.nlm.nih.gov/research/umls/rxnorm","1863355","2 ml vincristine sulfate 1 mg/ml injection [vincasar]","vsac_rx_cancer_directed","8"
"http://www.nlm.nih.gov/research/umls/rxnorm","1863370","triptorelin 3.75 mg","vsac_rx_cancer_directed","1"
"http://www.nlm.nih.gov/research/umls/rxnorm","1863371","triptorelin injection","vsac_rx_cancer_directed","1"
"http://www.nlm.nih.gov/research/umls/rxnorm","1863373","triptorelin 3.75 mg [trelstar]","vsac_rx_cancer_directed","1"
"http://www.nlm.nih.gov/research/umls/rxnorm","1863374","triptorelin injection [trelstar]","vsac_rx_cancer_directed","1"
"http://www.nlm.nih.gov/research/umls/rxnorm","1863376","triptorelin 22.5 mg","vsac_rx_cancer_directed","1"
"http://www.nlm.nih.gov/research/umls/rxnorm","1863378","triptorelin 22.5 mg [trelstar]","vsac_rx_cancer_directed","1"
"http://www.nlm.nih.gov/research/umls/rxnorm","1863380","triptorelin 11.25 mg","vsac_rx_cancer_directed","1"
"http://www.nlm.nih.gov/research/umls/rxnorm","1863382","triptorelin 11.25 mg [trelstar]","vsac_rx_cancer_directed","1"
"http://www.nlm.nih.gov/research/umls/rxnorm","1869512","everolimus 2 mg","vsac_rx_cancer_directed","1"
"http://www.nlm.nih.gov/research/umls/rxnorm","1869513","everolimus tablet for oral suspension","vsac_rx_cancer_directed","2"
"http://www.nlm.nih.gov/research/umls/rxnorm","1869515","everolimus 2 mg [afinitor]","vsac_rx_cancer_directed","1"
"http://www.nlm.nih.gov/research/umls/rxnorm","1869516","everolimus tablet for oral suspension [afinitor]","vsac_rx_cancer_directed","2"
"http://www.nlm.nih.gov/research/umls/rxnorm","1869518","everolimus 3 mg","vsac_rx_cancer_directed","1"
"http://www.nlm.nih.gov/research/umls/rxnorm","1869520","everolimus 3 mg [afinitor]","vsac_rx_cancer_directed","1"
"http://www.nlm.nih.gov/research/umls/rxnorm","1872061","doxorubicin hydrochloride 20 mg","vsac_rx_cancer_directed","4"
"http://www.nlm.nih.gov/research/umls/rxnorm","1872062","doxorubicin hydrochloride 20 mg injection","vsac_rx_cancer_directed","6"
"http://www.nlm.nih.gov/research/umls/rxnorm","1873916","ribociclib","vsac_rx_cancer_directed","1"
"http://www.nlm.nih.gov/research/umls/rxnorm","1873978","ribociclib succinate","vsac_rx_cancer_directed","1"
"http://www.nlm.nih.gov/research/umls/rxnorm","1873979","ribociclib 200 mg","vsac_rx_cancer_directed","1"
"http://www.nlm.nih.gov/research/umls/rxnorm","1873980","ribociclib oral product","vsac_rx_cancer_directed","1"
"http://www.nlm.nih.gov/research/umls/rxnorm","1873981","ribociclib pill","vsac_rx_cancer_directed","1"
"http://www.nlm.nih.gov/research/umls/rxnorm","1873982","ribociclib oral tablet","vsac_rx_cancer_directed","1"
"http://www.nlm.nih.gov/research/umls/rxnorm","1873983","ribociclib 200 mg oral tablet","vsac_rx_cancer_directed","2"
"http://www.nlm.nih.gov/research/umls/rxnorm","1873984","kisqali","vsac_rx_cancer_directed","1"
"http://www.nlm.nih.gov/research/umls/rxnorm","1873985","ribociclib 200 mg [kisqali]","vsac_rx_cancer_directed","1"
"http://www.nlm.nih.gov/research/umls/rxnorm","1873986","ribociclib oral tablet [kisqali]","vsac_rx_cancer_directed","1"
"http://www.nlm.nih.gov/research/umls/rxnorm","1873987","kisqali oral product","vsac_rx_cancer_directed","1"
"http://www.nlm.nih.gov/research/umls/rxnorm","1873988","kisqali pill","vsac_rx_cancer_directed","1"
"http://www.nlm.nih.gov/research/umls/rxnorm","1873989","kisqali 200 mg oral tablet","vsac_rx_cancer_directed","2"
"http://www.nlm.nih.gov/research/umls/rxnorm","1873990","ribociclib 200 mg daily dose carton pack, 1 blister card, 21 tablets each","vsac_rx_cancer_directed","1"
"http://www.nlm.nih.gov/research/umls/rxnorm","1873991","kisqali 200 mg daily dose carton pack","vsac_rx_cancer_directed","2"
"http://www.nlm.nih.gov/research/umls/rxnorm","1873992","ribociclib 400 mg daily dose carton pack, 3 blister cards, 14 tablets each","vsac_rx_cancer_directed","1"
"http://www.nlm.nih.gov/research/umls/rxnorm","1873993","kisqali 400 mg daily dose carton pack","vsac_rx_cancer_directed","2"
"http://www.nlm.nih.gov/research/umls/rxnorm","1873994","ribociclib 600 mg daily dose carton pack, 3 blister cards, 21 tablets each","vsac_rx_cancer_directed","1"
"http://www.nlm.nih.gov/research/umls/rxnorm","1873995","kisqali 600 mg daily dose carton pack","vsac_rx_cancer_directed","2"
"http://www.nlm.nih.gov/research/umls/rxnorm","1875534","avelumab","vsac_rx_cancer_directed","1"
"http://www.nlm.nih.gov/research/umls/rxnorm","1875539","avelumab 20 mg/ml","vsac_rx_cancer_directed","1"
"http://www.nlm.nih.gov/research/umls/rxnorm","1875540","avelumab injectable product","vsac_rx_cancer_directed","1"
"http://www.nlm.nih.gov/research/umls/rxnorm","1875541","avelumab injection","vsac_rx_cancer_directed","1"
"http://www.nlm.nih.gov/research/umls/rxnorm","1875542","10 ml avelumab 20 mg/ml injection","vsac_rx_cancer_directed","1"
"http://www.nlm.nih.gov/research/umls/rxnorm","1875543","bavencio","vsac_rx_cancer_directed","1"
"http://www.nlm.nih.gov/research/umls/rxnorm","1875544","avelumab 20 mg/ml [bavencio]","vsac_rx_cancer_directed","1"
"http://www.nlm.nih.gov/research/umls/rxnorm","1875545","avelumab injection [bavencio]","vsac_rx_cancer_directed","1"
"http://www.nlm.nih.gov/research/umls/rxnorm","1875546","bavencio injectable product","vsac_rx_cancer_directed","1"
"http://www.nlm.nih.gov/research/umls/rxnorm","1875547","10 ml avelumab 20 mg/ml injection [bavencio]","vsac_rx_cancer_directed","1"
"http://www.nlm.nih.gov/research/umls/rxnorm","1918041","abiraterone acetate 500 mg","vsac_rx_cancer_directed","1"
"http://www.nlm.nih.gov/research/umls/rxnorm","1918042","abiraterone acetate 500 mg oral tablet","vsac_rx_cancer_directed","2"
"http://www.nlm.nih.gov/research/umls/rxnorm","1918043","abiraterone acetate 500 mg [zytiga]","vsac_rx_cancer_directed","1"
"http://www.nlm.nih.gov/research/umls/rxnorm","1918044","zytiga 500 mg oral tablet","vsac_rx_cancer_directed","2"
"http://www.nlm.nih.gov/research/umls/rxnorm","1918231","niraparib","vsac_rx_cancer_directed","1"
"http://www.nlm.nih.gov/research/umls/rxnorm","1918232","niraparib 100 mg","vsac_rx_cancer_directed","1"
"http://www.nlm.nih.gov/research/umls/rxnorm","1918233","niraparib oral product","vsac_rx_cancer_directed","1"
"http://www.nlm.nih.gov/research/umls/rxnorm","1918234","niraparib pill","vsac_rx_cancer_directed","1"
"http://www.nlm.nih.gov/research/umls/rxnorm","1918235","niraparib oral capsule","vsac_rx_cancer_directed","1"
"http://www.nlm.nih.gov/research/umls/rxnorm","1918236","niraparib 100 mg oral capsule","vsac_rx_cancer_directed","2"
"http://www.nlm.nih.gov/research/umls/rxnorm","1918237","zejula","vsac_rx_cancer_directed","1"
"http://www.nlm.nih.gov/research/umls/rxnorm","1918238","niraparib 100 mg [zejula]","vsac_rx_cancer_directed","1"
"http://www.nlm.nih.gov/research/umls/rxnorm","1918239","niraparib oral capsule [zejula]","vsac_rx_cancer_directed","1"
"http://www.nlm.nih.gov/research/umls/rxnorm","1918240","zejula oral product","vsac_rx_cancer_directed","1"
"http://www.nlm.nih.gov/research/umls/rxnorm","1918241","zejula pill","vsac_rx_cancer_directed","1"
"http://www.nlm.nih.gov/research/umls/rxnorm","1918242","zejula 100 mg oral capsule","vsac_rx_cancer_directed","2"
"http://www.nlm.nih.gov/research/umls/rxnorm","1919083","midostaurin","vsac_rx_cancer_directed","1"
"http://www.nlm.nih.gov/research/umls/rxnorm","1919084","midostaurin 25 mg","vsac_rx_cancer_directed","1"
"http://www.nlm.nih.gov/research/umls/rxnorm","1919085","midostaurin oral product","vsac_rx_cancer_directed","1"
"http://www.nlm.nih.gov/research/umls/rxnorm","1919086","midostaurin pill","vsac_rx_cancer_directed","1"
"http://www.nlm.nih.gov/research/umls/rxnorm","1919087","midostaurin oral capsule","vsac_rx_cancer_directed","1"
"http://www.nlm.nih.gov/research/umls/rxnorm","1919088","midostaurin 25 mg oral capsule","vsac_rx_cancer_directed","2"
"http://www.nlm.nih.gov/research/umls/rxnorm","1919089","rydapt","vsac_rx_cancer_directed","1"
"http://www.nlm.nih.gov/research/umls/rxnorm","1919090","midostaurin 25 mg [rydapt]","vsac_rx_cancer_directed","1"
"http://www.nlm.nih.gov/research/umls/rxnorm","1919091","midostaurin oral capsule [rydapt]","vsac_rx_cancer_directed","1"
"http://www.nlm.nih.gov/research/umls/rxnorm","1919092","rydapt oral product","vsac_rx_cancer_directed","1"
"http://www.nlm.nih.gov/research/umls/rxnorm","1919093","rydapt pill","vsac_rx_cancer_directed","1"
"http://www.nlm.nih.gov/research/umls/rxnorm","1919094","rydapt 25 mg oral capsule","vsac_rx_cancer_directed","2"
"http://www.nlm.nih.gov/research/umls/rxnorm","1919206","thiotepa 100 mg [tepadina]","vsac_rx_cancer_directed","2"
"http://www.nlm.nih.gov/research/umls/rxnorm","1919207","thiotepa injection [tepadina]","vsac_rx_cancer_directed","2"
"http://www.nlm.nih.gov/research/umls/rxnorm","1919208","tepadina injectable product","vsac_rx_cancer_directed","2"
"http://www.nlm.nih.gov/research/umls/rxnorm","1919209","tepadina 100 mg injection","vsac_rx_cancer_directed","4"
"http://www.nlm.nih.gov/research/umls/rxnorm","1919210","thiotepa 15 mg [tepadina]","vsac_rx_cancer_directed","2"
"http://www.nlm.nih.gov/research/umls/rxnorm","1919211","tepadina 15 mg injection","vsac_rx_cancer_directed","4"
"http://www.nlm.nih.gov/research/umls/rxnorm","1919503","durvalumab","vsac_rx_cancer_directed","1"
"http://www.nlm.nih.gov/research/umls/rxnorm","1919504","durvalumab 50 mg/ml","vsac_rx_cancer_directed","1"
"http://www.nlm.nih.gov/research/umls/rxnorm","1919505","durvalumab injectable product","vsac_rx_cancer_directed","1"
"http://www.nlm.nih.gov/research/umls/rxnorm","1919506","durvalumab injection","vsac_rx_cancer_directed","1"
"http://www.nlm.nih.gov/research/umls/rxnorm","1919507","2.4 ml durvalumab 50 mg/ml injection","vsac_rx_cancer_directed","1"
"http://www.nlm.nih.gov/research/umls/rxnorm","1919508","imfinzi","vsac_rx_cancer_directed","1"
"http://www.nlm.nih.gov/research/umls/rxnorm","1919509","durvalumab 50 mg/ml [imfinzi]","vsac_rx_cancer_directed","1"
"http://www.nlm.nih.gov/research/umls/rxnorm","1919510","durvalumab injection [imfinzi]","vsac_rx_cancer_directed","1"
"http://www.nlm.nih.gov/research/umls/rxnorm","1919511","imfinzi injectable product","vsac_rx_cancer_directed","1"
"http://www.nlm.nih.gov/research/umls/rxnorm","1919512","2.4 ml durvalumab 50 mg/ml injection [imfinzi]","vsac_rx_cancer_directed","1"
"http://www.nlm.nih.gov/research/umls/rxnorm","1919515","10 ml durvalumab 50 mg/ml injection","vsac_rx_cancer_directed","1"
"http://www.nlm.nih.gov/research/umls/rxnorm","1919516","10 ml durvalumab 50 mg/ml injection [imfinzi]","vsac_rx_cancer_directed","1"
"http://www.nlm.nih.gov/research/umls/rxnorm","1921217","brigatinib","vsac_rx_cancer_directed","2"
"http://www.nlm.nih.gov/research/umls/rxnorm","1921218","brigatinib 30 mg","vsac_rx_cancer_directed","1"
"http://www.nlm.nih.gov/research/umls/rxnorm","1921219","brigatinib oral product","vsac_rx_cancer_directed","2"
"http://www.nlm.nih.gov/research/umls/rxnorm","1921220","brigatinib pill","vsac_rx_cancer_directed","1"
"http://www.nlm.nih.gov/research/umls/rxnorm","1921221","brigatinib oral tablet","vsac_rx_cancer_directed","2"
"http://www.nlm.nih.gov/research/umls/rxnorm","1921222","brigatinib 30 mg oral tablet","vsac_rx_cancer_directed","4"
"http://www.nlm.nih.gov/research/umls/rxnorm","1921223","alunbrig","vsac_rx_cancer_directed","2"
"http://www.nlm.nih.gov/research/umls/rxnorm","1921224","brigatinib 30 mg [alunbrig]","vsac_rx_cancer_directed","1"
"http://www.nlm.nih.gov/research/umls/rxnorm","1921225","brigatinib oral tablet [alunbrig]","vsac_rx_cancer_directed","2"
"http://www.nlm.nih.gov/research/umls/rxnorm","1921226","alunbrig oral product","vsac_rx_cancer_directed","2"
"http://www.nlm.nih.gov/research/umls/rxnorm","1921227","alunbrig pill","vsac_rx_cancer_directed","1"
"http://www.nlm.nih.gov/research/umls/rxnorm","1921228","alunbrig 30 mg oral tablet","vsac_rx_cancer_directed","4"
"http://www.nlm.nih.gov/research/umls/rxnorm","1921586","rucaparib 250 mg","vsac_rx_cancer_directed","1"
"http://www.nlm.nih.gov/research/umls/rxnorm","1921587","rucaparib 250 mg oral tablet","vsac_rx_cancer_directed","2"
"http://www.nlm.nih.gov/research/umls/rxnorm","1921588","rucaparib 250 mg [rubraca]","vsac_rx_cancer_directed","1"
"http://www.nlm.nih.gov/research/umls/rxnorm","1921589","rubraca 250 mg oral tablet","vsac_rx_cancer_directed","2"
"http://www.nlm.nih.gov/research/umls/rxnorm","1921590","methotrexate oral liquid product","vsac_rx_cancer_directed","3"
"http://www.nlm.nih.gov/research/umls/rxnorm","1921591","methotrexate oral solution","vsac_rx_cancer_directed","3"
"http://www.nlm.nih.gov/research/umls/rxnorm","1921592","methotrexate 2.5 mg/ml oral solution","vsac_rx_cancer_directed","8"
"http://www.nlm.nih.gov/research/umls/rxnorm","1921593","xatmep","vsac_rx_cancer_directed","3"
"http://www.nlm.nih.gov/research/umls/rxnorm","1921594","methotrexate 2.5 mg/ml [xatmep]","vsac_rx_cancer_directed","3"
"http://www.nlm.nih.gov/research/umls/rxnorm","1921595","methotrexate oral solution [xatmep]","vsac_rx_cancer_directed","3"
"http://www.nlm.nih.gov/research/umls/rxnorm","1921596","xatmep oral liquid product","vsac_rx_cancer_directed","3"
"http://www.nlm.nih.gov/research/umls/rxnorm","1921597","xatmep oral product","vsac_rx_cancer_directed","3"
"http://www.nlm.nih.gov/research/umls/rxnorm","1921598","xatmep 2.5 mg/ml oral solution","vsac_rx_cancer_directed","6"
"http://www.nlm.nih.gov/research/umls/rxnorm","1922507","trastuzumab 150 mg","vsac_rx_cancer_directed","1"
"http://www.nlm.nih.gov/research/umls/rxnorm","1922508","trastuzumab injection","vsac_rx_cancer_directed","1"
"http://www.nlm.nih.gov/research/umls/rxnorm","1922509","trastuzumab 150 mg injection","vsac_rx_cancer_directed","2"
"http://www.nlm.nih.gov/research/umls/rxnorm","1922510","trastuzumab 150 mg [herceptin]","vsac_rx_cancer_directed","1"
"http://www.nlm.nih.gov/research/umls/rxnorm","1922511","trastuzumab injection [herceptin]","vsac_rx_cancer_directed","1"
"http://www.nlm.nih.gov/research/umls/rxnorm","1922512","herceptin 150 mg injection","vsac_rx_cancer_directed","2"
"http://www.nlm.nih.gov/research/umls/rxnorm","1923053","letrozole 2.5 mg (28) / ribociclib 200 mg (21) pack","vsac_rx_cancer_directed","1"
"http://www.nlm.nih.gov/research/umls/rxnorm","1923054","kisqali 200 mg - femara 2.5 mg daily dose carton","vsac_rx_cancer_directed","2"
"http://www.nlm.nih.gov/research/umls/rxnorm","1923055","letrozole 2.5 mg (28) / ribociclib 200 mg (42) pack","vsac_rx_cancer_directed","1"
"http://www.nlm.nih.gov/research/umls/rxnorm","1923056","kisqali 400 mg - femara 2.5 mg daily dose carton","vsac_rx_cancer_directed","2"
"http://www.nlm.nih.gov/research/umls/rxnorm","1923057","letrozole 2.5 mg (28) / ribociclib 200 mg (63) pack","vsac_rx_cancer_directed","1"
"http://www.nlm.nih.gov/research/umls/rxnorm","1923058","kisqali 600 mg - femara 2.5 mg daily dose carton","vsac_rx_cancer_directed","2"
"http://www.nlm.nih.gov/research/umls/rxnorm","1925493","brigatinib 90 mg","vsac_rx_cancer_directed","1"
"http://www.nlm.nih.gov/research/umls/rxnorm","1925494","brigatinib 90 mg oral tablet","vsac_rx_cancer_directed","4"
"http://www.nlm.nih.gov/research/umls/rxnorm","1927880","hyaluronidase, human recombinant 2000 unt/ml","vsac_rx_cancer_directed","1"
"http://www.nlm.nih.gov/research/umls/rxnorm","1927881","rituximab 120 mg/ml","vsac_rx_cancer_directed","2"
"http://www.nlm.nih.gov/research/umls/rxnorm","1927882","hyaluronidase / rituximab injectable product","vsac_rx_cancer_directed","2"
"http://www.nlm.nih.gov/research/umls/rxnorm","1927883","hyaluronidase / rituximab injection","vsac_rx_cancer_directed","2"
"http://www.nlm.nih.gov/research/umls/rxnorm","1927884","hyaluronidase / rituximab","vsac_rx_cancer_directed","2"
"http://www.nlm.nih.gov/research/umls/rxnorm","1927885","11.7 ml hyaluronidase, human recombinant 2000 unt/ml / rituximab 120 mg/ml injection","vsac_rx_cancer_directed","2"
"http://www.nlm.nih.gov/research/umls/rxnorm","1927886","rituxan hycela","vsac_rx_cancer_directed","1"
"http://www.nlm.nih.gov/research/umls/rxnorm","1927887","hyaluronidase, human recombinant 2000 unt/ml / rituximab 120 mg/ml [rituxan hycela]","vsac_rx_cancer_directed","2"
"http://www.nlm.nih.gov/research/umls/rxnorm","1927888","hyaluronidase / rituximab injection [rituxan hycela]","vsac_rx_cancer_directed","2"
"http://www.nlm.nih.gov/research/umls/rxnorm","1927889","rituxan hycela injectable product","vsac_rx_cancer_directed","1"
"http://www.nlm.nih.gov/research/umls/rxnorm","1927890","11.7 ml hyaluronidase, human recombinant 2000 unt/ml / rituximab 120 mg/ml injection [rituxan hycela]","vsac_rx_cancer_directed","2"
"http://www.nlm.nih.gov/research/umls/rxnorm","1927893","13.4 ml hyaluronidase, human recombinant 2000 unt/ml / rituximab 120 mg/ml injection","vsac_rx_cancer_directed","2"
"http://www.nlm.nih.gov/research/umls/rxnorm","1927894","13.4 ml hyaluronidase, human recombinant 2000 unt/ml / rituximab 120 mg/ml injection [rituxan hycela]","vsac_rx_cancer_directed","2"
"http://www.nlm.nih.gov/research/umls/rxnorm","194000","capecitabine","vsac_rx_cancer_directed","2"
"http://www.nlm.nih.gov/research/umls/rxnorm","1940331","enasidenib mesylate","vsac_rx_cancer_directed","1"
"http://www.nlm.nih.gov/research/umls/rxnorm","1940332","enasidenib","vsac_rx_cancer_directed","2"
"http://www.nlm.nih.gov/research/umls/rxnorm","1940334","enasidenib oral product","vsac_rx_cancer_directed","2"
"http://www.nlm.nih.gov/research/umls/rxnorm","1940335","enasidenib pill","vsac_rx_cancer_directed","2"
"http://www.nlm.nih.gov/research/umls/rxnorm","1940336","enasidenib oral tablet","vsac_rx_cancer_directed","2"
"http://www.nlm.nih.gov/research/umls/rxnorm","1940338","idhifa","vsac_rx_cancer_directed","2"
"http://www.nlm.nih.gov/research/umls/rxnorm","1940340","enasidenib oral tablet [idhifa]","vsac_rx_cancer_directed","2"
"http://www.nlm.nih.gov/research/umls/rxnorm","1940341","idhifa oral product","vsac_rx_cancer_directed","2"
"http://www.nlm.nih.gov/research/umls/rxnorm","1940342","idhifa pill","vsac_rx_cancer_directed","2"
"http://www.nlm.nih.gov/research/umls/rxnorm","1940369","enasidenib 100 mg","vsac_rx_cancer_directed","2"
"http://www.nlm.nih.gov/research/umls/rxnorm","1940370","enasidenib 100 mg oral tablet","vsac_rx_cancer_directed","4"
"http://www.nlm.nih.gov/research/umls/rxnorm","1940371","enasidenib 100 mg [idhifa]","vsac_rx_cancer_directed","2"
"http://www.nlm.nih.gov/research/umls/rxnorm","1940372","enasidenib 100 mg oral tablet [idhifa]","vsac_rx_cancer_directed","2"
"http://www.nlm.nih.gov/research/umls/rxnorm","1940373","enasidenib 50 mg","vsac_rx_cancer_directed","2"
"http://www.nlm.nih.gov/research/umls/rxnorm","1940374","enasidenib 50 mg oral tablet","vsac_rx_cancer_directed","4"
"http://www.nlm.nih.gov/research/umls/rxnorm","1940375","enasidenib 50 mg [idhifa]","vsac_rx_cancer_directed","2"
"http://www.nlm.nih.gov/research/umls/rxnorm","1940376","enasidenib 50 mg oral tablet [idhifa]","vsac_rx_cancer_directed","2"
"http://www.nlm.nih.gov/research/umls/rxnorm","1940642","neratinib maleate","vsac_rx_cancer_directed","1"
"http://www.nlm.nih.gov/research/umls/rxnorm","1940643","neratinib","vsac_rx_cancer_directed","1"
"http://www.nlm.nih.gov/research/umls/rxnorm","1940644","neratinib 40 mg","vsac_rx_cancer_directed","1"
"http://www.nlm.nih.gov/research/umls/rxnorm","1940645","neratinib oral product","vsac_rx_cancer_directed","1"
"http://www.nlm.nih.gov/research/umls/rxnorm","1940646","neratinib pill","vsac_rx_cancer_directed","1"
"http://www.nlm.nih.gov/research/umls/rxnorm","1940647","neratinib oral tablet","vsac_rx_cancer_directed","1"
"http://www.nlm.nih.gov/research/umls/rxnorm","1940648","neratinib 40 mg oral tablet","vsac_rx_cancer_directed","2"
"http://www.nlm.nih.gov/research/umls/rxnorm","1940649","nerlynx","vsac_rx_cancer_directed","1"
"http://www.nlm.nih.gov/research/umls/rxnorm","1940650","neratinib 40 mg [nerlynx]","vsac_rx_cancer_directed","1"
"http://www.nlm.nih.gov/research/umls/rxnorm","1940651","neratinib oral tablet [nerlynx]","vsac_rx_cancer_directed","1"
"http://www.nlm.nih.gov/research/umls/rxnorm","1940652","nerlynx oral product","vsac_rx_cancer_directed","1"
"http://www.nlm.nih.gov/research/umls/rxnorm","1940653","nerlynx pill","vsac_rx_cancer_directed","1"
"http://www.nlm.nih.gov/research/umls/rxnorm","1940654","neratinib 40 mg oral tablet [nerlynx]","vsac_rx_cancer_directed","1"
"http://www.nlm.nih.gov/research/umls/rxnorm","1942480","olaparib 100 mg","vsac_rx_cancer_directed","1"
"http://www.nlm.nih.gov/research/umls/rxnorm","1942481","olaparib oral tablet","vsac_rx_cancer_directed","1"
"http://www.nlm.nih.gov/research/umls/rxnorm","1942482","olaparib 100 mg oral tablet","vsac_rx_cancer_directed","2"
"http://www.nlm.nih.gov/research/umls/rxnorm","1942483","olaparib 100 mg [lynparza]","vsac_rx_cancer_directed","1"
"http://www.nlm.nih.gov/research/umls/rxnorm","1942484","olaparib oral tablet [lynparza]","vsac_rx_cancer_directed","1"
"http://www.nlm.nih.gov/research/umls/rxnorm","1942485","lynparza 100 mg oral tablet","vsac_rx_cancer_directed","2"
"http://www.nlm.nih.gov/research/umls/rxnorm","1942486","olaparib 150 mg","vsac_rx_cancer_directed","1"
"http://www.nlm.nih.gov/research/umls/rxnorm","1942487","olaparib 150 mg oral tablet","vsac_rx_cancer_directed","2"
"http://www.nlm.nih.gov/research/umls/rxnorm","1942488","olaparib 150 mg [lynparza]","vsac_rx_cancer_directed","1"
"http://www.nlm.nih.gov/research/umls/rxnorm","1942489","lynparza 150 mg oral tablet","vsac_rx_cancer_directed","2"
"http://www.nlm.nih.gov/research/umls/rxnorm","1942738","cytarabine liposome 100 mg","vsac_rx_cancer_directed","2"
"http://www.nlm.nih.gov/research/umls/rxnorm","1942739","daunorubicin liposomal 44 mg","vsac_rx_cancer_directed","4"
"http://www.nlm.nih.gov/research/umls/rxnorm","1942743","cytarabine 100 mg / daunorubicin 44 mg liposome injection","vsac_rx_cancer_directed","9"
"http://www.nlm.nih.gov/research/umls/rxnorm","1942744","vyxeos","vsac_rx_cancer_directed","2"
"http://www.nlm.nih.gov/research/umls/rxnorm","1942745","cytarabine liposome 100 mg / daunorubicin liposomal 44 mg [vyxeos]","vsac_rx_cancer_directed","4"
"http://www.nlm.nih.gov/research/umls/rxnorm","1942747","vyxeos injectable product","vsac_rx_cancer_directed","2"
"http://www.nlm.nih.gov/research/umls/rxnorm","1942748","ara-c liposome 100 mg / daunorubicin liposomal 44 mg injection [vyxeos]","vsac_rx_cancer_directed","4"
"http://www.nlm.nih.gov/research/umls/rxnorm","1942950","inotuzumab ozogamicin","vsac_rx_cancer_directed","1"
"http://www.nlm.nih.gov/research/umls/rxnorm","1942951","inotuzumab ozogamicin 0.9 mg","vsac_rx_cancer_directed","1"
"http://www.nlm.nih.gov/research/umls/rxnorm","1942952","inotuzumab ozogamicin injectable product","vsac_rx_cancer_directed","1"
"http://www.nlm.nih.gov/research/umls/rxnorm","1942953","inotuzumab ozogamicin injection","vsac_rx_cancer_directed","1"
"http://www.nlm.nih.gov/research/umls/rxnorm","1942954","inotuzumab ozogamicin 0.9 mg injection","vsac_rx_cancer_directed","2"
"http://www.nlm.nih.gov/research/umls/rxnorm","1942955","besponsa","vsac_rx_cancer_directed","1"
"http://www.nlm.nih.gov/research/umls/rxnorm","1942956","inotuzumab ozogamicin 0.9 mg [besponsa]","vsac_rx_cancer_directed","1"
"http://www.nlm.nih.gov/research/umls/rxnorm","1942957","inotuzumab ozogamicin injection [besponsa]","vsac_rx_cancer_directed","1"
"http://www.nlm.nih.gov/research/umls/rxnorm","1942958","besponsa injectable product","vsac_rx_cancer_directed","1"
"http://www.nlm.nih.gov/research/umls/rxnorm","1942959","besponsa 0.9 mg injection","vsac_rx_cancer_directed","2"
"http://www.nlm.nih.gov/research/umls/rxnorm","194337","vorinostat","vsac_rx_cancer_directed","2"
"http://www.nlm.nih.gov/research/umls/rxnorm","1944385","triptodur","vsac_rx_cancer_directed","1"
"http://www.nlm.nih.gov/research/umls/rxnorm","1944386","triptorelin 22.5 mg [triptodur]","vsac_rx_cancer_directed","1"
"http://www.nlm.nih.gov/research/umls/rxnorm","1944387","triptorelin injection [triptodur]","vsac_rx_cancer_directed","1"
"http://www.nlm.nih.gov/research/umls/rxnorm","1944388","triptodur injectable product","vsac_rx_cancer_directed","1"
"http://www.nlm.nih.gov/research/umls/rxnorm","1944389","triptodur 22.5 mg injection","vsac_rx_cancer_directed","2"
"http://www.nlm.nih.gov/research/umls/rxnorm","1944699","gemtuzumab ozogamicin 4.5 mg","vsac_rx_cancer_directed","1"
"http://www.nlm.nih.gov/research/umls/rxnorm","1944700","gemtuzumab ozogamicin injection","vsac_rx_cancer_directed","1"
"http://www.nlm.nih.gov/research/umls/rxnorm","1944701","gemtuzumab ozogamicin 4.5 mg injection","vsac_rx_cancer_directed","2"
"http://www.nlm.nih.gov/research/umls/rxnorm","1944702","gemtuzumab ozogamicin 4.5 mg [mylotarg]","vsac_rx_cancer_directed","1"
"http://www.nlm.nih.gov/research/umls/rxnorm","1944703","gemtuzumab ozogamicin injection [mylotarg]","vsac_rx_cancer_directed","1"
"http://www.nlm.nih.gov/research/umls/rxnorm","1944704","mylotarg 4.5 mg injection","vsac_rx_cancer_directed","2"
"http://www.nlm.nih.gov/research/umls/rxnorm","1945077","copanlisib","vsac_rx_cancer_directed","1"
"http://www.nlm.nih.gov/research/umls/rxnorm","1945078","copanlisib 60 mg","vsac_rx_cancer_directed","1"
"http://www.nlm.nih.gov/research/umls/rxnorm","1945079","copanlisib injectable product","vsac_rx_cancer_directed","1"
"http://www.nlm.nih.gov/research/umls/rxnorm","1945080","copanlisib injection","vsac_rx_cancer_directed","1"
"http://www.nlm.nih.gov/research/umls/rxnorm","1945081","copanlisib 60 mg injection","vsac_rx_cancer_directed","2"
"http://www.nlm.nih.gov/research/umls/rxnorm","1945082","aliqopa","vsac_rx_cancer_directed","1"
"http://www.nlm.nih.gov/research/umls/rxnorm","1945083","copanlisib 60 mg [aliqopa]","vsac_rx_cancer_directed","1"
"http://www.nlm.nih.gov/research/umls/rxnorm","1945084","copanlisib injection [aliqopa]","vsac_rx_cancer_directed","1"
"http://www.nlm.nih.gov/research/umls/rxnorm","1945085","aliqopa injectable product","vsac_rx_cancer_directed","1"
"http://www.nlm.nih.gov/research/umls/rxnorm","1945086","aliqopa 60 mg injection","vsac_rx_cancer_directed","2"
"http://www.nlm.nih.gov/research/umls/rxnorm","1946519","1.5 ml leuprolide acetate 20 mg/ml (3 month) prefilled syringe","vsac_rx_cancer_directed","1"
"http://www.nlm.nih.gov/research/umls/rxnorm","1946520","1.5 ml lupron depot-ped 20 mg/ml (3 month) prefilled syringe","vsac_rx_cancer_directed","1"
"http://www.nlm.nih.gov/research/umls/rxnorm","1946521","1.5 ml leuprolide acetate 20 mg/ml (4 month) prefilled syringe","vsac_rx_cancer_directed","1"
"http://www.nlm.nih.gov/research/umls/rxnorm","1946522","1.5 ml lupron depot 20 mg/ml (4 month) prefilled syringe","vsac_rx_cancer_directed","1"
"http://www.nlm.nih.gov/research/umls/rxnorm","1946825","abemaciclib","vsac_rx_cancer_directed","1"
"http://www.nlm.nih.gov/research/umls/rxnorm","1946826","abemaciclib 50 mg","vsac_rx_cancer_directed","1"
"http://www.nlm.nih.gov/research/umls/rxnorm","1946827","abemaciclib oral product","vsac_rx_cancer_directed","1"
"http://www.nlm.nih.gov/research/umls/rxnorm","1946828","abemaciclib pill","vsac_rx_cancer_directed","1"
"http://www.nlm.nih.gov/research/umls/rxnorm","1946829","abemaciclib oral tablet","vsac_rx_cancer_directed","1"
"http://www.nlm.nih.gov/research/umls/rxnorm","1946830","abemaciclib 50 mg oral tablet","vsac_rx_cancer_directed","2"
"http://www.nlm.nih.gov/research/umls/rxnorm","1946831","verzenio","vsac_rx_cancer_directed","1"
"http://www.nlm.nih.gov/research/umls/rxnorm","1946832","abemaciclib 50 mg [verzenio]","vsac_rx_cancer_directed","1"
"http://www.nlm.nih.gov/research/umls/rxnorm","1946833","abemaciclib oral tablet [verzenio]","vsac_rx_cancer_directed","1"
"http://www.nlm.nih.gov/research/umls/rxnorm","1946834","verzenio oral product","vsac_rx_cancer_directed","1"
"http://www.nlm.nih.gov/research/umls/rxnorm","1946835","verzenio pill","vsac_rx_cancer_directed","1"
"http://www.nlm.nih.gov/research/umls/rxnorm","1946836","verzenio 50 mg oral tablet","vsac_rx_cancer_directed","2"
"http://www.nlm.nih.gov/research/umls/rxnorm","1946837","abemaciclib 100 mg","vsac_rx_cancer_directed","1"
"http://www.nlm.nih.gov/research/umls/rxnorm","1946838","abemaciclib 100 mg oral tablet","vsac_rx_cancer_directed","2"
"http://www.nlm.nih.gov/research/umls/rxnorm","1946839","abemaciclib 100 mg [verzenio]","vsac_rx_cancer_directed","1"
"http://www.nlm.nih.gov/research/umls/rxnorm","1946840","verzenio 100 mg oral tablet","vsac_rx_cancer_directed","2"
"http://www.nlm.nih.gov/research/umls/rxnorm","1946841","abemaciclib 150 mg","vsac_rx_cancer_directed","1"
"http://www.nlm.nih.gov/research/umls/rxnorm","1946842","abemaciclib 150 mg oral tablet","vsac_rx_cancer_directed","2"
"http://www.nlm.nih.gov/research/umls/rxnorm","1946843","abemaciclib 150 mg [verzenio]","vsac_rx_cancer_directed","1"
"http://www.nlm.nih.gov/research/umls/rxnorm","1946844","verzenio 150 mg oral tablet","vsac_rx_cancer_directed","2"
"http://www.nlm.nih.gov/research/umls/rxnorm","1946845","abemaciclib 200 mg","vsac_rx_cancer_directed","1"
"http://www.nlm.nih.gov/research/umls/rxnorm","1946846","abemaciclib 200 mg oral tablet","vsac_rx_cancer_directed","2"
"http://www.nlm.nih.gov/research/umls/rxnorm","1946847","abemaciclib 200 mg [verzenio]","vsac_rx_cancer_directed","1"
"http://www.nlm.nih.gov/research/umls/rxnorm","1946848","verzenio 200 mg oral tablet","vsac_rx_cancer_directed","2"
"http://www.nlm.nih.gov/research/umls/rxnorm","196239","raltitrexed","vsac_rx_cancer_directed","2"
"http://www.nlm.nih.gov/research/umls/rxnorm","196342","samarium sm153","vsac_rx_cancer_directed","1"
"http://www.nlm.nih.gov/research/umls/rxnorm","197323","altretamine 50 mg oral capsule","vsac_rx_cancer_directed","6"
"http://www.nlm.nih.gov/research/umls/rxnorm","197422","busulfan 2 mg oral tablet","vsac_rx_cancer_directed","6"
"http://www.nlm.nih.gov/research/umls/rxnorm","197462","chlorambucil 2 mg oral tablet","vsac_rx_cancer_directed","6"
"http://www.nlm.nih.gov/research/umls/rxnorm","197549","cyclophosphamide 25 mg oral tablet","vsac_rx_cancer_directed","9"
"http://www.nlm.nih.gov/research/umls/rxnorm","197550","cyclophosphamide 50 mg oral tablet","vsac_rx_cancer_directed","9"
"http://www.nlm.nih.gov/research/umls/rxnorm","197687","etoposide 50 mg oral capsule","vsac_rx_cancer_directed","10"
"http://www.nlm.nih.gov/research/umls/rxnorm","197726","flutamide 125 mg oral capsule","vsac_rx_cancer_directed","2"
"http://www.nlm.nih.gov/research/umls/rxnorm","197797","hydroxyurea 500 mg oral capsule","vsac_rx_cancer_directed","6"
"http://www.nlm.nih.gov/research/umls/rxnorm","197860","leucovorin 10 mg (as leucovorin calcium 10.8 mg) oral tablet","vsac_rx_cancer_directed","1"
"http://www.nlm.nih.gov/research/umls/rxnorm","197861","folinic acid 15 mg oral tablet","vsac_rx_cancer_directed","1"
"http://www.nlm.nih.gov/research/umls/rxnorm","197862","leucovorin 25 mg (as leucovorin calcium 27.01 mg) oral tablet","vsac_rx_cancer_directed","1"
"http://www.nlm.nih.gov/research/umls/rxnorm","197863","leucovorin 5 mg (as leucovorin calcium 5.4 mg) oral tablet","vsac_rx_cancer_directed","1"
"http://www.nlm.nih.gov/research/umls/rxnorm","197894","lomustine 10 mg oral capsule","vsac_rx_cancer_directed","10"
"http://www.nlm.nih.gov/research/umls/rxnorm","197895","lomustine 100 mg oral capsule","vsac_rx_cancer_directed","10"
"http://www.nlm.nih.gov/research/umls/rxnorm","197896","lomustine 40 mg oral capsule","vsac_rx_cancer_directed","10"
"http://www.nlm.nih.gov/research/umls/rxnorm","197919","melphalan 2 mg oral tablet","vsac_rx_cancer_directed","6"
"http://www.nlm.nih.gov/research/umls/rxnorm","197931","mercaptopurine 50 mg oral tablet","vsac_rx_cancer_directed","8"
"http://www.nlm.nih.gov/research/umls/rxnorm","197947","methoxsalen 10 mg oral capsule","vsac_rx_cancer_directed","2"
"http://www.nlm.nih.gov/research/umls/rxnorm","197948","methoxsalen 1 % topical lotion","vsac_rx_cancer_directed","2"
"http://www.nlm.nih.gov/research/umls/rxnorm","197988","mitotane 500 mg oral tablet","vsac_rx_cancer_directed","6"
"http://www.nlm.nih.gov/research/umls/rxnorm","197989","mitoxantrone 2 mg/ml injectable solution","vsac_rx_cancer_directed","9"
"http://www.nlm.nih.gov/research/umls/rxnorm","198240","tamoxifen 10 mg (as tamoxifen citrate 15.2 mg) oral tablet","vsac_rx_cancer_directed","1"
"http://www.nlm.nih.gov/research/umls/rxnorm","198269","thioguanine 40 mg oral tablet","vsac_rx_cancer_directed","10"
"http://www.nlm.nih.gov/research/umls/rxnorm","1986438","tisagenlecleucel","vsac_rx_cancer_directed","1"
"http://www.nlm.nih.gov/research/umls/rxnorm","1986439","tisagenlecleucel 250000000 cells","vsac_rx_cancer_directed","1"
"http://www.nlm.nih.gov/research/umls/rxnorm","1986440","tisagenlecleucel injectable product","vsac_rx_cancer_directed","1"
"http://www.nlm.nih.gov/research/umls/rxnorm","1986441","tisagenlecleucel injection","vsac_rx_cancer_directed","1"
"http://www.nlm.nih.gov/research/umls/rxnorm","1986442","tisagenlecleucel 250000000 cells injection","vsac_rx_cancer_directed","2"
"http://www.nlm.nih.gov/research/umls/rxnorm","1986443","kymriah","vsac_rx_cancer_directed","1"
"http://www.nlm.nih.gov/research/umls/rxnorm","1986444","tisagenlecleucel 250000000 cells [kymriah]","vsac_rx_cancer_directed","1"
"http://www.nlm.nih.gov/research/umls/rxnorm","1986445","tisagenlecleucel injection [kymriah]","vsac_rx_cancer_directed","1"
"http://www.nlm.nih.gov/research/umls/rxnorm","1986446","kymriah injectable product","vsac_rx_cancer_directed","1"
"http://www.nlm.nih.gov/research/umls/rxnorm","1986447","kymriah 250,000,000 cells injection","vsac_rx_cancer_directed","1"
"http://www.nlm.nih.gov/research/umls/rxnorm","1986808","acalabrutinib","vsac_rx_cancer_directed","1"
"http://www.nlm.nih.gov/research/umls/rxnorm","1986809","acalabrutinib 100 mg","vsac_rx_cancer_directed","1"
"http://www.nlm.nih.gov/research/umls/rxnorm","1986810","acalabrutinib oral product","vsac_rx_cancer_directed","1"
"http://www.nlm.nih.gov/research/umls/rxnorm","1986811","acalabrutinib pill","vsac_rx_cancer_directed","1"
"http://www.nlm.nih.gov/research/umls/rxnorm","1986812","acalabrutinib oral capsule","vsac_rx_cancer_directed","1"
"http://www.nlm.nih.gov/research/umls/rxnorm","1986813","acalabrutinib 100 mg oral capsule","vsac_rx_cancer_directed","2"
"http://www.nlm.nih.gov/research/umls/rxnorm","1986814","calquence","vsac_rx_cancer_directed","1"
"http://www.nlm.nih.gov/research/umls/rxnorm","1986815","acalabrutinib 100 mg [calquence]","vsac_rx_cancer_directed","1"
"http://www.nlm.nih.gov/research/umls/rxnorm","1986816","acalabrutinib oral capsule [calquence]","vsac_rx_cancer_directed","1"
"http://www.nlm.nih.gov/research/umls/rxnorm","1986817","calquence oral product","vsac_rx_cancer_directed","1"
"http://www.nlm.nih.gov/research/umls/rxnorm","1986818","calquence pill","vsac_rx_cancer_directed","1"
"http://www.nlm.nih.gov/research/umls/rxnorm","1986819","calquence 100 mg oral capsule","vsac_rx_cancer_directed","2"
"http://www.nlm.nih.gov/research/umls/rxnorm","1987398","axicabtagene ciloleucel","vsac_rx_cancer_directed","1"
"http://www.nlm.nih.gov/research/umls/rxnorm","1987400","axicabtagene ciloleucel injectable product","vsac_rx_cancer_directed","1"
"http://www.nlm.nih.gov/research/umls/rxnorm","1987401","axicabtagene ciloleucel injection","vsac_rx_cancer_directed","1"
"http://www.nlm.nih.gov/research/umls/rxnorm","1987402","68 ml axicabtagene ciloleucel 2940000 cells/ml injection","vsac_rx_cancer_directed","1"
"http://www.nlm.nih.gov/research/umls/rxnorm","1987403","yescarta","vsac_rx_cancer_directed","1"
"http://www.nlm.nih.gov/research/umls/rxnorm","1987405","axicabtagene ciloleucel injection [yescarta]","vsac_rx_cancer_directed","1"
"http://www.nlm.nih.gov/research/umls/rxnorm","1987406","yescarta injectable product","vsac_rx_cancer_directed","1"
"http://www.nlm.nih.gov/research/umls/rxnorm","1987407","68 ml axicabtagene ciloleucel 2940000 cells/ml injection [yescarta]","vsac_rx_cancer_directed","1"
"http://www.nlm.nih.gov/research/umls/rxnorm","1987732","bosutinib 400 mg oral tablet","vsac_rx_cancer_directed","2"
"http://www.nlm.nih.gov/research/umls/rxnorm","1987734","bosulif 400 mg oral tablet","vsac_rx_cancer_directed","2"
"http://www.nlm.nih.gov/research/umls/rxnorm","1988767","brigatinib 90 mg [alunbrig]","vsac_rx_cancer_directed","1"
"http://www.nlm.nih.gov/research/umls/rxnorm","1988768","alunbrig 90 mg oral tablet","vsac_rx_cancer_directed","4"
"http://www.nlm.nih.gov/research/umls/rxnorm","1988769","brigatinib 180 mg","vsac_rx_cancer_directed","1"
"http://www.nlm.nih.gov/research/umls/rxnorm","1988770","brigatinib 180 mg oral tablet","vsac_rx_cancer_directed","4"
"http://www.nlm.nih.gov/research/umls/rxnorm","1988771","brigatinib 180 mg [alunbrig]","vsac_rx_cancer_directed","1"
"http://www.nlm.nih.gov/research/umls/rxnorm","1988772","alunbrig 180 mg oral tablet","vsac_rx_cancer_directed","4"
"http://www.nlm.nih.gov/research/umls/rxnorm","1988785","brigatinib 180 mg oral tablet (23) / brigatinib 90 mg oral tablet (7) pack","vsac_rx_cancer_directed","1"
"http://www.nlm.nih.gov/research/umls/rxnorm","1988786","alunbrig initiation pack","vsac_rx_cancer_directed","2"
"http://www.nlm.nih.gov/research/umls/rxnorm","1988983","bosutinib 400 mg","vsac_rx_cancer_directed","1"
"http://www.nlm.nih.gov/research/umls/rxnorm","1988985","bosutinib 400 mg [bosulif]","vsac_rx_cancer_directed","1"
"http://www.nlm.nih.gov/research/umls/rxnorm","199123","bicalutamide 50 mg oral tablet","vsac_rx_cancer_directed","2"
"http://www.nlm.nih.gov/research/umls/rxnorm","1991412","24 ml nivolumab 10 mg/ml injection","vsac_rx_cancer_directed","2"
"http://www.nlm.nih.gov/research/umls/rxnorm","1991413","24 ml nivolumab 10 mg/ml injection [opdivo]","vsac_rx_cancer_directed","2"
"http://www.nlm.nih.gov/research/umls/rxnorm","199159","tretinoin 10 mg oral capsule","vsac_rx_cancer_directed","2"
"http://www.nlm.nih.gov/research/umls/rxnorm","199224","anastrozole 1 mg oral tablet","vsac_rx_cancer_directed","2"
"http://www.nlm.nih.gov/research/umls/rxnorm","1992544","arsenic trioxide 2 mg/ml","vsac_rx_cancer_directed","1"
"http://www.nlm.nih.gov/research/umls/rxnorm","1992545","6 ml arsenic trioxide 2 mg/ml injection","vsac_rx_cancer_directed","2"
"http://www.nlm.nih.gov/research/umls/rxnorm","1992546","arsenic trioxide 2 mg/ml [trisenox]","vsac_rx_cancer_directed","1"
"http://www.nlm.nih.gov/research/umls/rxnorm","1992547","6 ml arsenic trioxide 2 mg/ml injection [trisenox]","vsac_rx_cancer_directed","1"
"http://www.nlm.nih.gov/research/umls/rxnorm","199315","etoposide 100 mg oral capsule","vsac_rx_cancer_directed","10"
"http://www.nlm.nih.gov/research/umls/rxnorm","199316","5-5-fluorouracil 25 mg/ml injectable solution","vsac_rx_cancer_directed","2"
"http://www.nlm.nih.gov/research/umls/rxnorm","1994359","ibrutinib 70 mg","vsac_rx_cancer_directed","1"
"http://www.nlm.nih.gov/research/umls/rxnorm","1994360","ibrutinib 70 mg oral capsule","vsac_rx_cancer_directed","2"
"http://www.nlm.nih.gov/research/umls/rxnorm","1994361","ibrutinib 70 mg [imbruvica]","vsac_rx_cancer_directed","1"
"http://www.nlm.nih.gov/research/umls/rxnorm","1994362","imbruvica 70 mg oral capsule","vsac_rx_cancer_directed","2"
"http://www.nlm.nih.gov/research/umls/rxnorm","199609","flutamide 250 mg oral tablet","vsac_rx_cancer_directed","2"
"http://www.nlm.nih.gov/research/umls/rxnorm","199821","triptorelin 3.75 mg injection","vsac_rx_cancer_directed","2"
"http://www.nlm.nih.gov/research/umls/rxnorm","1998781","gemcitabine 100 mg/ml","vsac_rx_cancer_directed","2"
"http://www.nlm.nih.gov/research/umls/rxnorm","1998782","gemcitabine injectable solution","vsac_rx_cancer_directed","2"
"http://www.nlm.nih.gov/research/umls/rxnorm","1998783","gemcitabine 100 mg/ml injectable solution","vsac_rx_cancer_directed","6"
"http://www.nlm.nih.gov/research/umls/rxnorm","1999307","hydroxyurea 100 mg","vsac_rx_cancer_directed","2"
"http://www.nlm.nih.gov/research/umls/rxnorm","1999308","hydroxyurea 100 mg oral tablet","vsac_rx_cancer_directed","6"
"http://www.nlm.nih.gov/research/umls/rxnorm","1999309","siklos","vsac_rx_cancer_directed","2"
"http://www.nlm.nih.gov/research/umls/rxnorm","1999310","hydroxyurea 100 mg [siklos]","vsac_rx_cancer_directed","2"
"http://www.nlm.nih.gov/research/umls/rxnorm","1999311","hydroxyurea oral tablet [siklos]","vsac_rx_cancer_directed","2"
"http://www.nlm.nih.gov/research/umls/rxnorm","1999312","siklos oral product","vsac_rx_cancer_directed","2"
"http://www.nlm.nih.gov/research/umls/rxnorm","1999313","siklos pill","vsac_rx_cancer_directed","2"
"http://www.nlm.nih.gov/research/umls/rxnorm","1999314","siklos 100 mg oral tablet","vsac_rx_cancer_directed","4"
"http://www.nlm.nih.gov/research/umls/rxnorm","1999315","hydroxyurea 1000 mg [siklos]","vsac_rx_cancer_directed","2"
"http://www.nlm.nih.gov/research/umls/rxnorm","1999316","siklos 1000 mg oral tablet","vsac_rx_cancer_directed","4"
"http://www.nlm.nih.gov/research/umls/rxnorm","1999335","lutetium lu 177 dotatate","vsac_rx_cancer_directed","1"
"http://www.nlm.nih.gov/research/umls/rxnorm","1999574","apalutamide","vsac_rx_cancer_directed","1"
"http://www.nlm.nih.gov/research/umls/rxnorm","1999577","apalutamide 60 mg","vsac_rx_cancer_directed","1"
"http://www.nlm.nih.gov/research/umls/rxnorm","1999578","apalutamide oral product","vsac_rx_cancer_directed","1"
"http://www.nlm.nih.gov/research/umls/rxnorm","1999579","apalutamide pill","vsac_rx_cancer_directed","1"
"http://www.nlm.nih.gov/research/umls/rxnorm","1999580","apalutamide oral tablet","vsac_rx_cancer_directed","1"
"http://www.nlm.nih.gov/research/umls/rxnorm","1999581","apalutamide 60 mg oral tablet","vsac_rx_cancer_directed","2"
"http://www.nlm.nih.gov/research/umls/rxnorm","1999582","erleada","vsac_rx_cancer_directed","1"
"http://www.nlm.nih.gov/research/umls/rxnorm","1999583","apalutamide 60 mg [erleada]","vsac_rx_cancer_directed","1"
"http://www.nlm.nih.gov/research/umls/rxnorm","1999584","apalutamide oral tablet [erleada]","vsac_rx_cancer_directed","1"
"http://www.nlm.nih.gov/research/umls/rxnorm","1999585","erleada oral product","vsac_rx_cancer_directed","1"
"http://www.nlm.nih.gov/research/umls/rxnorm","1999586","erleada pill","vsac_rx_cancer_directed","1"
"http://www.nlm.nih.gov/research/umls/rxnorm","1999587","erleada 60 mg oral tablet","vsac_rx_cancer_directed","2"
"http://www.nlm.nih.gov/research/umls/rxnorm","1999679","lutetium lu 177 dotatate 10 mci/ml","vsac_rx_cancer_directed","1"
"http://www.nlm.nih.gov/research/umls/rxnorm","1999682","25 ml lutetium lu 177 dotatate 10 mci/ml injection","vsac_rx_cancer_directed","1"
"http://www.nlm.nih.gov/research/umls/rxnorm","1999683","lutathera","vsac_rx_cancer_directed","1"
"http://www.nlm.nih.gov/research/umls/rxnorm","1999684","lutetium lu 177 dotatate 10 mci/ml [lutathera]","vsac_rx_cancer_directed","1"
"http://www.nlm.nih.gov/research/umls/rxnorm","1999686","lutathera injectable product","vsac_rx_cancer_directed","1"
"http://www.nlm.nih.gov/research/umls/rxnorm","1999687","25 ml lutetium lu 177 dotatate 10 mci/ml injection [lutathera]","vsac_rx_cancer_directed","1"
"http://www.nlm.nih.gov/research/umls/rxnorm","2000016","ibrutinib oral tablet","vsac_rx_cancer_directed","1"
"http://www.nlm.nih.gov/research/umls/rxnorm","2000017","ibrutinib 140 mg oral tablet","vsac_rx_cancer_directed","2"
"http://www.nlm.nih.gov/research/umls/rxnorm","2000018","ibrutinib oral tablet [imbruvica]","vsac_rx_cancer_directed","1"
"http://www.nlm.nih.gov/research/umls/rxnorm","2000019","imbruvica 140 mg oral tablet","vsac_rx_cancer_directed","2"
"http://www.nlm.nih.gov/research/umls/rxnorm","2000020","ibrutinib 280 mg","vsac_rx_cancer_directed","1"
"http://www.nlm.nih.gov/research/umls/rxnorm","2000021","ibrutinib 280 mg oral tablet","vsac_rx_cancer_directed","2"
"http://www.nlm.nih.gov/research/umls/rxnorm","2000022","ibrutinib 280 mg [imbruvica]","vsac_rx_cancer_directed","1"
"http://www.nlm.nih.gov/research/umls/rxnorm","2000023","imbruvica 280 mg oral tablet","vsac_rx_cancer_directed","2"
"http://www.nlm.nih.gov/research/umls/rxnorm","2000024","ibrutinib 420 mg","vsac_rx_cancer_directed","1"
"http://www.nlm.nih.gov/research/umls/rxnorm","2000025","ibrutinib 420 mg oral tablet","vsac_rx_cancer_directed","2"
"http://www.nlm.nih.gov/research/umls/rxnorm","2000026","ibrutinib 420 mg [imbruvica]","vsac_rx_cancer_directed","1"
"http://www.nlm.nih.gov/research/umls/rxnorm","2000027","imbruvica 420 mg oral tablet","vsac_rx_cancer_directed","2"
"http://www.nlm.nih.gov/research/umls/rxnorm","2000028","ibrutinib 560 mg","vsac_rx_cancer_directed","1"
"http://www.nlm.nih.gov/research/umls/rxnorm","2000029","ibrutinib 560 mg oral tablet","vsac_rx_cancer_directed","2"
"http://www.nlm.nih.gov/research/umls/rxnorm","2000030","ibrutinib 560 mg [imbruvica]","vsac_rx_cancer_directed","1"
"http://www.nlm.nih.gov/research/umls/rxnorm","2000031","imbruvica 560 mg oral tablet","vsac_rx_cancer_directed","2"
"http://www.nlm.nih.gov/research/umls/rxnorm","200064","letrozole 2.5 mg oral tablet","vsac_rx_cancer_directed","2"
"http://www.nlm.nih.gov/research/umls/rxnorm","2001099","doxorubicin hydrochloride 50 mg [adriamycin]","vsac_rx_cancer_directed","4"
"http://www.nlm.nih.gov/research/umls/rxnorm","2001100","adriamycin 50 mg injection","vsac_rx_cancer_directed","4"
"http://www.nlm.nih.gov/research/umls/rxnorm","2001101","doxorubicin hydrochloride 10 mg [adriamycin]","vsac_rx_cancer_directed","4"
"http://www.nlm.nih.gov/research/umls/rxnorm","2001102","adriamycin 10 mg injection","vsac_rx_cancer_directed","4"
"http://www.nlm.nih.gov/research/umls/rxnorm","2002002","10 ml daunorubicin 5 mg/ml injection","vsac_rx_cancer_directed","6"
"http://www.nlm.nih.gov/research/umls/rxnorm","2002716","nilotinib 50 mg","vsac_rx_cancer_directed","1"
"http://www.nlm.nih.gov/research/umls/rxnorm","2002717","nilotinib 50 mg oral capsule","vsac_rx_cancer_directed","2"
"http://www.nlm.nih.gov/research/umls/rxnorm","2002718","nilotinib 50 mg [tasigna]","vsac_rx_cancer_directed","1"
"http://www.nlm.nih.gov/research/umls/rxnorm","2002719","tasigna 50 mg oral capsule","vsac_rx_cancer_directed","2"
"http://www.nlm.nih.gov/research/umls/rxnorm","200327","capecitabine 150 mg oral tablet","vsac_rx_cancer_directed","6"
"http://www.nlm.nih.gov/research/umls/rxnorm","200328","capecitabine 500 mg oral tablet","vsac_rx_cancer_directed","6"
"http://www.nlm.nih.gov/research/umls/rxnorm","200342","hydroxyurea 200 mg oral capsule","vsac_rx_cancer_directed","6"
"http://www.nlm.nih.gov/research/umls/rxnorm","200343","hydroxyurea 300 mg oral capsule","vsac_rx_cancer_directed","6"
"http://www.nlm.nih.gov/research/umls/rxnorm","200344","hydroxyurea 400 mg oral capsule","vsac_rx_cancer_directed","6"
"http://www.nlm.nih.gov/research/umls/rxnorm","200390","thalidomide 50 mg oral capsule","vsac_rx_cancer_directed","2"
"http://www.nlm.nih.gov/research/umls/rxnorm","2017575","cytarabine / daunorubicin","vsac_rx_cancer_directed","4"
"http://www.nlm.nih.gov/research/umls/rxnorm","202632","adrucil","vsac_rx_cancer_directed","2"
"http://www.nlm.nih.gov/research/umls/rxnorm","202994","leukeran","vsac_rx_cancer_directed","2"
"http://www.nlm.nih.gov/research/umls/rxnorm","203010","myleran","vsac_rx_cancer_directed","2"
"http://www.nlm.nih.gov/research/umls/rxnorm","203129","mitoxantrone hydrochloride","vsac_rx_cancer_directed","4"
"http://www.nlm.nih.gov/research/umls/rxnorm","203146","goserelin acetate","vsac_rx_cancer_directed","1"
"http://www.nlm.nih.gov/research/umls/rxnorm","203213","epirubicin hydrochloride","vsac_rx_cancer_directed","4"
"http://www.nlm.nih.gov/research/umls/rxnorm","203217","leuprolide acetate","vsac_rx_cancer_directed","1"
"http://www.nlm.nih.gov/research/umls/rxnorm","203472","hycamtin","vsac_rx_cancer_directed","3"
"http://www.nlm.nih.gov/research/umls/rxnorm","203599","cosmegen","vsac_rx_cancer_directed","2"
"http://www.nlm.nih.gov/research/umls/rxnorm","203652","camptosar","vsac_rx_cancer_directed","4"
"http://www.nlm.nih.gov/research/umls/rxnorm","203760","proleukin","vsac_rx_cancer_directed","1"
"http://www.nlm.nih.gov/research/umls/rxnorm","203766","ellence","vsac_rx_cancer_directed","2"
"http://www.nlm.nih.gov/research/umls/rxnorm","203769","femara","vsac_rx_cancer_directed","1"
"http://www.nlm.nih.gov/research/umls/rxnorm","203801","matulane","vsac_rx_cancer_directed","3"
"http://www.nlm.nih.gov/research/umls/rxnorm","203852","lupron","vsac_rx_cancer_directed","1"
"http://www.nlm.nih.gov/research/umls/rxnorm","203870","faslodex","vsac_rx_cancer_directed","1"
"http://www.nlm.nih.gov/research/umls/rxnorm","203876","quadramet","vsac_rx_cancer_directed","1"
"http://www.nlm.nih.gov/research/umls/rxnorm","204257","lysodren","vsac_rx_cancer_directed","2"
"http://www.nlm.nih.gov/research/umls/rxnorm","204298","mutamycin","vsac_rx_cancer_directed","2"
"http://www.nlm.nih.gov/research/umls/rxnorm","2044972","tisagenlecleucel 600000000 cells","vsac_rx_cancer_directed","1"
"http://www.nlm.nih.gov/research/umls/rxnorm","2044973","tisagenlecleucel 600,000,000 cells injection","vsac_rx_cancer_directed","1"
"http://www.nlm.nih.gov/research/umls/rxnorm","2044974","tisagenlecleucel 600000000 cells [kymriah]","vsac_rx_cancer_directed","1"
"http://www.nlm.nih.gov/research/umls/rxnorm","2044975","kymriah 600,000,000 cells injection","vsac_rx_cancer_directed","2"
"http://www.nlm.nih.gov/research/umls/rxnorm","2046138","bevacizumab-awwb","vsac_rx_cancer_directed","3"
"http://www.nlm.nih.gov/research/umls/rxnorm","2046139","bevacizumab-awwb 25 mg/ml","vsac_rx_cancer_directed","3"
"http://www.nlm.nih.gov/research/umls/rxnorm","2046140","16 ml bevacizumab-awwb 25 mg/ml injection","vsac_rx_cancer_directed","3"
"http://www.nlm.nih.gov/research/umls/rxnorm","2046141","mvasi","vsac_rx_cancer_directed","3"
"http://www.nlm.nih.gov/research/umls/rxnorm","2046142","bevacizumab-awwb 25 mg/ml [mvasi]","vsac_rx_cancer_directed","3"
"http://www.nlm.nih.gov/research/umls/rxnorm","2046143","bevacizumab injection [mvasi]","vsac_rx_cancer_directed","3"
"http://www.nlm.nih.gov/research/umls/rxnorm","2046144","mvasi injectable product","vsac_rx_cancer_directed","3"
"http://www.nlm.nih.gov/research/umls/rxnorm","2046145","16 ml bevacizumab-awwb 25 mg/ml injection [mvasi]","vsac_rx_cancer_directed","3"
"http://www.nlm.nih.gov/research/umls/rxnorm","2046148","4 ml bevacizumab-awwb 25 mg/ml injection","vsac_rx_cancer_directed","3"
"http://www.nlm.nih.gov/research/umls/rxnorm","2046149","4 ml bevacizumab-awwb 25 mg/ml injection [mvasi]","vsac_rx_cancer_directed","3"
"http://www.nlm.nih.gov/research/umls/rxnorm","2046578","abiraterone acetate 125 mg","vsac_rx_cancer_directed","1"
"http://www.nlm.nih.gov/research/umls/rxnorm","2046579","abiraterone acetate 125 mg oral tablet","vsac_rx_cancer_directed","2"
"http://www.nlm.nih.gov/research/umls/rxnorm","2046580","yonsa","vsac_rx_cancer_directed","1"
"http://www.nlm.nih.gov/research/umls/rxnorm","2046581","abiraterone acetate 125 mg [yonsa]","vsac_rx_cancer_directed","1"
"http://www.nlm.nih.gov/research/umls/rxnorm","2046582","abiraterone oral tablet [yonsa]","vsac_rx_cancer_directed","1"
"http://www.nlm.nih.gov/research/umls/rxnorm","2046583","yonsa oral product","vsac_rx_cancer_directed","1"
"http://www.nlm.nih.gov/research/umls/rxnorm","2046584","yonsa pill","vsac_rx_cancer_directed","1"
"http://www.nlm.nih.gov/research/umls/rxnorm","2046585","yonsa 125 mg oral tablet","vsac_rx_cancer_directed","2"
"http://www.nlm.nih.gov/research/umls/rxnorm","2046641","carfilzomib 10 mg","vsac_rx_cancer_directed","1"
"http://www.nlm.nih.gov/research/umls/rxnorm","2046642","carfilzomib 10 mg injection","vsac_rx_cancer_directed","2"
"http://www.nlm.nih.gov/research/umls/rxnorm","2046643","carfilzomib 10 mg [kyprolis]","vsac_rx_cancer_directed","1"
"http://www.nlm.nih.gov/research/umls/rxnorm","2046644","kyprolis 10 mg injection","vsac_rx_cancer_directed","2"
"http://www.nlm.nih.gov/research/umls/rxnorm","2049106","encorafenib","vsac_rx_cancer_directed","2"
"http://www.nlm.nih.gov/research/umls/rxnorm","2049107","encorafenib 50 mg","vsac_rx_cancer_directed","1"
"http://www.nlm.nih.gov/research/umls/rxnorm","2049108","encorafenib oral product","vsac_rx_cancer_directed","2"
"http://www.nlm.nih.gov/research/umls/rxnorm","2049109","encorafenib pill","vsac_rx_cancer_directed","1"
"http://www.nlm.nih.gov/research/umls/rxnorm","2049110","encorafenib oral capsule","vsac_rx_cancer_directed","2"
"http://www.nlm.nih.gov/research/umls/rxnorm","2049111","encorafenib 50 mg oral capsule","vsac_rx_cancer_directed","4"
"http://www.nlm.nih.gov/research/umls/rxnorm","2049112","braftovi","vsac_rx_cancer_directed","2"
"http://www.nlm.nih.gov/research/umls/rxnorm","2049113","encorafenib 50 mg [braftovi]","vsac_rx_cancer_directed","1"
"http://www.nlm.nih.gov/research/umls/rxnorm","2049114","encorafenib oral capsule [braftovi]","vsac_rx_cancer_directed","2"
"http://www.nlm.nih.gov/research/umls/rxnorm","2049115","braftovi oral product","vsac_rx_cancer_directed","2"
"http://www.nlm.nih.gov/research/umls/rxnorm","2049116","braftovi pill","vsac_rx_cancer_directed","1"
"http://www.nlm.nih.gov/research/umls/rxnorm","2049117","braftovi 50 mg oral capsule","vsac_rx_cancer_directed","4"
"http://www.nlm.nih.gov/research/umls/rxnorm","2049118","encorafenib 75 mg","vsac_rx_cancer_directed","1"
"http://www.nlm.nih.gov/research/umls/rxnorm","2049119","encorafenib 75 mg oral capsule","vsac_rx_cancer_directed","4"
"http://www.nlm.nih.gov/research/umls/rxnorm","2049120","encorafenib 75 mg [braftovi]","vsac_rx_cancer_directed","1"
"http://www.nlm.nih.gov/research/umls/rxnorm","2049121","braftovi 75 mg oral capsule","vsac_rx_cancer_directed","4"
"http://www.nlm.nih.gov/research/umls/rxnorm","2049122","binimetinib","vsac_rx_cancer_directed","3"
"http://www.nlm.nih.gov/research/umls/rxnorm","2049123","binimetinib 15 mg","vsac_rx_cancer_directed","2"
"http://www.nlm.nih.gov/research/umls/rxnorm","2049124","binimetinib oral product","vsac_rx_cancer_directed","3"
"http://www.nlm.nih.gov/research/umls/rxnorm","2049125","binimetinib pill","vsac_rx_cancer_directed","2"
"http://www.nlm.nih.gov/research/umls/rxnorm","2049126","binimetinib oral tablet","vsac_rx_cancer_directed","3"
"http://www.nlm.nih.gov/research/umls/rxnorm","2049127","binimetinib 15 mg oral tablet","vsac_rx_cancer_directed","6"
"http://www.nlm.nih.gov/research/umls/rxnorm","2049128","mektovi","vsac_rx_cancer_directed","3"
"http://www.nlm.nih.gov/research/umls/rxnorm","2049129","binimetinib 15 mg [mektovi]","vsac_rx_cancer_directed","2"
"http://www.nlm.nih.gov/research/umls/rxnorm","2049130","binimetinib oral tablet [mektovi]","vsac_rx_cancer_directed","3"
"http://www.nlm.nih.gov/research/umls/rxnorm","2049131","mektovi oral product","vsac_rx_cancer_directed","3"
"http://www.nlm.nih.gov/research/umls/rxnorm","2049132","mektovi pill","vsac_rx_cancer_directed","2"
"http://www.nlm.nih.gov/research/umls/rxnorm","2049133","mektovi 15 mg oral tablet","vsac_rx_cancer_directed","6"
"http://www.nlm.nih.gov/research/umls/rxnorm","2049873","ivosidenib","vsac_rx_cancer_directed","2"
"http://www.nlm.nih.gov/research/umls/rxnorm","2049874","ivosidenib 250 mg","vsac_rx_cancer_directed","2"
"http://www.nlm.nih.gov/research/umls/rxnorm","2049875","ivosidenib oral product","vsac_rx_cancer_directed","2"
"http://www.nlm.nih.gov/research/umls/rxnorm","2049876","ivosidenib pill","vsac_rx_cancer_directed","2"
"http://www.nlm.nih.gov/research/umls/rxnorm","2049877","ivosidenib oral tablet","vsac_rx_cancer_directed","2"
"http://www.nlm.nih.gov/research/umls/rxnorm","2049878","ivosidenib 250 mg oral tablet","vsac_rx_cancer_directed","4"
"http://www.nlm.nih.gov/research/umls/rxnorm","2049879","tibsovo","vsac_rx_cancer_directed","2"
"http://www.nlm.nih.gov/research/umls/rxnorm","2049880","ivosidenib 250 mg [tibsovo]","vsac_rx_cancer_directed","2"
"http://www.nlm.nih.gov/research/umls/rxnorm","2049881","ivosidenib oral tablet [tibsovo]","vsac_rx_cancer_directed","2"
"http://www.nlm.nih.gov/research/umls/rxnorm","2049882","tibsovo oral product","vsac_rx_cancer_directed","2"
"http://www.nlm.nih.gov/research/umls/rxnorm","2049883","tibsovo pill","vsac_rx_cancer_directed","2"
"http://www.nlm.nih.gov/research/umls/rxnorm","2049884","tibsovo 250 mg oral tablet","vsac_rx_cancer_directed","4"
"http://www.nlm.nih.gov/research/umls/rxnorm","2053281","iobenguane i-131","vsac_rx_cancer_directed","1"
"http://www.nlm.nih.gov/research/umls/rxnorm","2053283","iobenguane i-131 15 mci/ml","vsac_rx_cancer_directed","1"
"http://www.nlm.nih.gov/research/umls/rxnorm","2053286","2 ml iobenguane i-131 15 mci/ml injection","vsac_rx_cancer_directed","1"
"http://www.nlm.nih.gov/research/umls/rxnorm","2053287","azedra","vsac_rx_cancer_directed","1"
"http://www.nlm.nih.gov/research/umls/rxnorm","2053288","iobenguane i-131 15 mci/ml [azedra]","vsac_rx_cancer_directed","1"
"http://www.nlm.nih.gov/research/umls/rxnorm","2053290","azedra injectable product","vsac_rx_cancer_directed","1"
"http://www.nlm.nih.gov/research/umls/rxnorm","2053291","2 ml azedra 15 mci/ml injection","vsac_rx_cancer_directed","1"
"http://www.nlm.nih.gov/research/umls/rxnorm","2053296","22.5 ml iobenguane i-131 15 mci/ml injection","vsac_rx_cancer_directed","1"
"http://www.nlm.nih.gov/research/umls/rxnorm","2053297","22.5 ml azedra 15 mci/ml injection","vsac_rx_cancer_directed","1"
"http://www.nlm.nih.gov/research/umls/rxnorm","2054068","mogamulizumab","vsac_rx_cancer_directed","1"
"http://www.nlm.nih.gov/research/umls/rxnorm","2054077","mogamulizumab-kpkc","vsac_rx_cancer_directed","1"
"http://www.nlm.nih.gov/research/umls/rxnorm","2054078","mogamulizumab-kpkc 4 mg/ml","vsac_rx_cancer_directed","1"
"http://www.nlm.nih.gov/research/umls/rxnorm","2054079","mogamulizumab injectable product","vsac_rx_cancer_directed","1"
"http://www.nlm.nih.gov/research/umls/rxnorm","2054080","mogamulizumab injection","vsac_rx_cancer_directed","1"
"http://www.nlm.nih.gov/research/umls/rxnorm","2054081","5 ml mogamulizumab-kpkc 4 mg/ml injection","vsac_rx_cancer_directed","1"
"http://www.nlm.nih.gov/research/umls/rxnorm","2054082","poteligeo","vsac_rx_cancer_directed","1"
"http://www.nlm.nih.gov/research/umls/rxnorm","2054083","mogamulizumab-kpkc 4 mg/ml [poteligeo]","vsac_rx_cancer_directed","1"
"http://www.nlm.nih.gov/research/umls/rxnorm","2054084","mogamulizumab injection [poteligeo]","vsac_rx_cancer_directed","1"
"http://www.nlm.nih.gov/research/umls/rxnorm","2054085","poteligeo injectable product","vsac_rx_cancer_directed","1"
"http://www.nlm.nih.gov/research/umls/rxnorm","2054086","5 ml mogamulizumab-kpkc 4 mg/ml injection [poteligeo]","vsac_rx_cancer_directed","1"
"http://www.nlm.nih.gov/research/umls/rxnorm","2054156","lenvatinib 4 mg daily dose 30 day supply pack","vsac_rx_cancer_directed","2"
"http://www.nlm.nih.gov/research/umls/rxnorm","2054157","lenvima 4 mg (as lenvatinib mesylate) daily dose 30 day supply pack","vsac_rx_cancer_directed","1"
"http://www.nlm.nih.gov/research/umls/rxnorm","2054158","lenvatinib 12 mg daily dose 30 day supply pack","vsac_rx_cancer_directed","2"
"http://www.nlm.nih.gov/research/umls/rxnorm","2054159","lenvima 12 mg (as lenvatinib mesylate) daily dose 30 day supply pack","vsac_rx_cancer_directed","1"
"http://www.nlm.nih.gov/research/umls/rxnorm","2055035","leucovorin 500 mg","vsac_rx_cancer_directed","1"
"http://www.nlm.nih.gov/research/umls/rxnorm","2055036","leucovorin 500 mg injection","vsac_rx_cancer_directed","2"
"http://www.nlm.nih.gov/research/umls/rxnorm","205562","emcyt 140 mg oral capsule","vsac_rx_cancer_directed","4"
"http://www.nlm.nih.gov/research/umls/rxnorm","205646","eulexin 125 mg oral capsule","vsac_rx_cancer_directed","2"
"http://www.nlm.nih.gov/research/umls/rxnorm","2056894","everolimus 1 mg","vsac_rx_cancer_directed","1"
"http://www.nlm.nih.gov/research/umls/rxnorm","2056895","everolimus 1 mg oral tablet","vsac_rx_cancer_directed","4"
"http://www.nlm.nih.gov/research/umls/rxnorm","2056896","everolimus 1 mg [zortress]","vsac_rx_cancer_directed","1"
"http://www.nlm.nih.gov/research/umls/rxnorm","2056897","zortress 1 mg oral tablet","vsac_rx_cancer_directed","4"
"http://www.nlm.nih.gov/research/umls/rxnorm","2056898","pemetrexed disodium hemipentahydrate","vsac_rx_cancer_directed","4"
"http://www.nlm.nih.gov/research/umls/rxnorm","2058509","duvelisib","vsac_rx_cancer_directed","1"
"http://www.nlm.nih.gov/research/umls/rxnorm","2058510","duvelisib 15 mg","vsac_rx_cancer_directed","1"
"http://www.nlm.nih.gov/research/umls/rxnorm","2058511","duvelisib oral product","vsac_rx_cancer_directed","1"
"http://www.nlm.nih.gov/research/umls/rxnorm","2058512","duvelisib pill","vsac_rx_cancer_directed","1"
"http://www.nlm.nih.gov/research/umls/rxnorm","2058513","duvelisib oral capsule","vsac_rx_cancer_directed","1"
"http://www.nlm.nih.gov/research/umls/rxnorm","2058514","duvelisib 15 mg oral capsule","vsac_rx_cancer_directed","2"
"http://www.nlm.nih.gov/research/umls/rxnorm","2058515","copiktra","vsac_rx_cancer_directed","1"
"http://www.nlm.nih.gov/research/umls/rxnorm","2058516","duvelisib 15 mg [copiktra]","vsac_rx_cancer_directed","1"
"http://www.nlm.nih.gov/research/umls/rxnorm","2058517","duvelisib oral capsule [copiktra]","vsac_rx_cancer_directed","1"
"http://www.nlm.nih.gov/research/umls/rxnorm","2058518","copiktra oral product","vsac_rx_cancer_directed","1"
"http://www.nlm.nih.gov/research/umls/rxnorm","2058519","copiktra pill","vsac_rx_cancer_directed","1"
"http://www.nlm.nih.gov/research/umls/rxnorm","2058520","copiktra 15 mg oral capsule","vsac_rx_cancer_directed","2"
"http://www.nlm.nih.gov/research/umls/rxnorm","2058522","duvelisib 25 mg","vsac_rx_cancer_directed","1"
"http://www.nlm.nih.gov/research/umls/rxnorm","2058523","duvelisib 25 mg oral capsule","vsac_rx_cancer_directed","2"
"http://www.nlm.nih.gov/research/umls/rxnorm","2058524","duvelisib 25 mg [copiktra]","vsac_rx_cancer_directed","1"
"http://www.nlm.nih.gov/research/umls/rxnorm","2058525","copiktra 25 mg oral capsule","vsac_rx_cancer_directed","2"
"http://www.nlm.nih.gov/research/umls/rxnorm","2058825","cemiplimab-rwlc","vsac_rx_cancer_directed","1"
"http://www.nlm.nih.gov/research/umls/rxnorm","2058826","cemiplimab","vsac_rx_cancer_directed","1"
"http://www.nlm.nih.gov/research/umls/rxnorm","2058827","cemiplimab-rwlc 50 mg/ml","vsac_rx_cancer_directed","1"
"http://www.nlm.nih.gov/research/umls/rxnorm","2058828","cemiplimab injectable product","vsac_rx_cancer_directed","1"
"http://www.nlm.nih.gov/research/umls/rxnorm","2058829","cemiplimab injection","vsac_rx_cancer_directed","1"
"http://www.nlm.nih.gov/research/umls/rxnorm","2058830","7 ml cemiplimab-rwlc 50 mg/ml injection","vsac_rx_cancer_directed","1"
"http://www.nlm.nih.gov/research/umls/rxnorm","2058831","libtayo","vsac_rx_cancer_directed","1"
"http://www.nlm.nih.gov/research/umls/rxnorm","2058832","cemiplimab-rwlc 50 mg/ml [libtayo]","vsac_rx_cancer_directed","1"
"http://www.nlm.nih.gov/research/umls/rxnorm","2058833","cemiplimab injection [libtayo]","vsac_rx_cancer_directed","1"
"http://www.nlm.nih.gov/research/umls/rxnorm","2058834","libtayo injectable product","vsac_rx_cancer_directed","1"
"http://www.nlm.nih.gov/research/umls/rxnorm","2058835","7 ml cemiplimab-rwlc 50 mg/ml injection [libtayo]","vsac_rx_cancer_directed","1"
"http://www.nlm.nih.gov/research/umls/rxnorm","2058848","dacomitinib anhydrous","vsac_rx_cancer_directed","1"
"http://www.nlm.nih.gov/research/umls/rxnorm","2058849","dacomitinib","vsac_rx_cancer_directed","1"
"http://www.nlm.nih.gov/research/umls/rxnorm","2058857","gemcitabine 10 mg/ml","vsac_rx_cancer_directed","2"
"http://www.nlm.nih.gov/research/umls/rxnorm","2058858","120 ml gemcitabine 10 mg/ml injection","vsac_rx_cancer_directed","2"
"http://www.nlm.nih.gov/research/umls/rxnorm","2058859","infugem","vsac_rx_cancer_directed","2"
"http://www.nlm.nih.gov/research/umls/rxnorm","2058860","gemcitabine 10 mg/ml [infugem]","vsac_rx_cancer_directed","2"
"http://www.nlm.nih.gov/research/umls/rxnorm","2058861","gemcitabine injection [infugem]","vsac_rx_cancer_directed","2"
"http://www.nlm.nih.gov/research/umls/rxnorm","2058862","infugem injectable product","vsac_rx_cancer_directed","2"
"http://www.nlm.nih.gov/research/umls/rxnorm","2058863","120 ml gemcitabine 10 mg/ml injection [infugem]","vsac_rx_cancer_directed","2"
"http://www.nlm.nih.gov/research/umls/rxnorm","2058866","140 ml gemcitabine 10 mg/ml injection","vsac_rx_cancer_directed","2"
"http://www.nlm.nih.gov/research/umls/rxnorm","2058867","140 ml gemcitabine 10 mg/ml injection [infugem]","vsac_rx_cancer_directed","2"
"http://www.nlm.nih.gov/research/umls/rxnorm","2058880","150 ml gemcitabine 10 mg/ml injection","vsac_rx_cancer_directed","2"
"http://www.nlm.nih.gov/research/umls/rxnorm","2058881","150 ml gemcitabine 10 mg/ml injection [infugem]","vsac_rx_cancer_directed","2"
"http://www.nlm.nih.gov/research/umls/rxnorm","2058882","160 ml gemcitabine 10 mg/ml injection","vsac_rx_cancer_directed","2"
"http://www.nlm.nih.gov/research/umls/rxnorm","2058883","160 ml gemcitabine 10 mg/ml injection [infugem]","vsac_rx_cancer_directed","2"
"http://www.nlm.nih.gov/research/umls/rxnorm","2058890","170 ml gemcitabine 10 mg/ml injection","vsac_rx_cancer_directed","2"
"http://www.nlm.nih.gov/research/umls/rxnorm","2058891","170 ml gemcitabine 10 mg/ml injection [infugem]","vsac_rx_cancer_directed","2"
"http://www.nlm.nih.gov/research/umls/rxnorm","2058892","180 ml gemcitabine 10 mg/ml injection","vsac_rx_cancer_directed","2"
"http://www.nlm.nih.gov/research/umls/rxnorm","2058893","180 ml gemcitabine 10 mg/ml injection [infugem]","vsac_rx_cancer_directed","2"
"http://www.nlm.nih.gov/research/umls/rxnorm","2058894","190 ml gemcitabine 10 mg/ml injection","vsac_rx_cancer_directed","2"
"http://www.nlm.nih.gov/research/umls/rxnorm","2058895","190 ml gemcitabine 10 mg/ml injection [infugem]","vsac_rx_cancer_directed","2"
"http://www.nlm.nih.gov/research/umls/rxnorm","2058910","dacomitinib 15 mg","vsac_rx_cancer_directed","1"
"http://www.nlm.nih.gov/research/umls/rxnorm","2058911","dacomitinib oral product","vsac_rx_cancer_directed","1"
"http://www.nlm.nih.gov/research/umls/rxnorm","2058912","130 ml gemcitabine 10 mg/ml injection","vsac_rx_cancer_directed","2"
"http://www.nlm.nih.gov/research/umls/rxnorm","2058913","dacomitinib pill","vsac_rx_cancer_directed","1"
"http://www.nlm.nih.gov/research/umls/rxnorm","2058914","dacomitinib oral tablet","vsac_rx_cancer_directed","1"
"http://www.nlm.nih.gov/research/umls/rxnorm","2058915","dacomitinib 15 mg oral tablet","vsac_rx_cancer_directed","2"
"http://www.nlm.nih.gov/research/umls/rxnorm","2058916","vizimpro","vsac_rx_cancer_directed","1"
"http://www.nlm.nih.gov/research/umls/rxnorm","2058917","dacomitinib 15 mg [vizimpro]","vsac_rx_cancer_directed","1"
"http://www.nlm.nih.gov/research/umls/rxnorm","2058918","130 ml gemcitabine 10 mg/ml injection [infugem]","vsac_rx_cancer_directed","2"
"http://www.nlm.nih.gov/research/umls/rxnorm","2058919","dacomitinib oral tablet [vizimpro]","vsac_rx_cancer_directed","1"
"http://www.nlm.nih.gov/research/umls/rxnorm","2058920","vizimpro oral product","vsac_rx_cancer_directed","1"
"http://www.nlm.nih.gov/research/umls/rxnorm","2058921","vizimpro pill","vsac_rx_cancer_directed","1"
"http://www.nlm.nih.gov/research/umls/rxnorm","2058922","vizimpro 15 mg oral tablet","vsac_rx_cancer_directed","2"
"http://www.nlm.nih.gov/research/umls/rxnorm","2058923","dacomitinib 30 mg","vsac_rx_cancer_directed","1"
"http://www.nlm.nih.gov/research/umls/rxnorm","2058924","dacomitinib 30 mg oral tablet","vsac_rx_cancer_directed","2"
"http://www.nlm.nih.gov/research/umls/rxnorm","2058925","dacomitinib 30 mg [vizimpro]","vsac_rx_cancer_directed","1"
"http://www.nlm.nih.gov/research/umls/rxnorm","2058926","vizimpro 30 mg oral tablet","vsac_rx_cancer_directed","2"
"http://www.nlm.nih.gov/research/umls/rxnorm","2058927","200 ml gemcitabine 10 mg/ml injection","vsac_rx_cancer_directed","2"
"http://www.nlm.nih.gov/research/umls/rxnorm","2058928","200 ml gemcitabine 10 mg/ml injection [infugem]","vsac_rx_cancer_directed","2"
"http://www.nlm.nih.gov/research/umls/rxnorm","2058929","dacomitinib 45 mg","vsac_rx_cancer_directed","1"
"http://www.nlm.nih.gov/research/umls/rxnorm","2058930","dacomitinib 45 mg oral tablet","vsac_rx_cancer_directed","2"
"http://www.nlm.nih.gov/research/umls/rxnorm","2058931","dacomitinib 45 mg [vizimpro]","vsac_rx_cancer_directed","1"
"http://www.nlm.nih.gov/research/umls/rxnorm","2058932","vizimpro 45 mg oral tablet","vsac_rx_cancer_directed","2"
"http://www.nlm.nih.gov/research/umls/rxnorm","2058933","220 ml gemcitabine 10 mg/ml injection","vsac_rx_cancer_directed","2"
"http://www.nlm.nih.gov/research/umls/rxnorm","2058934","220 ml gemcitabine 10 mg/ml injection [infugem]","vsac_rx_cancer_directed","2"
"http://www.nlm.nih.gov/research/umls/rxnorm","206831","toposar 20 mg/ml injectable solution","vsac_rx_cancer_directed","8"
"http://www.nlm.nih.gov/research/umls/rxnorm","207373","lysodren 500 mg oral tablet","vsac_rx_cancer_directed","4"
"http://www.nlm.nih.gov/research/umls/rxnorm","207588","matulane 50 mg oral capsule","vsac_rx_cancer_directed","6"
"http://www.nlm.nih.gov/research/umls/rxnorm","207948","zanosar 1 gm injection","vsac_rx_cancer_directed","4"
"http://www.nlm.nih.gov/research/umls/rxnorm","2099295","moxetumomab pasudotox","vsac_rx_cancer_directed","1"
"http://www.nlm.nih.gov/research/umls/rxnorm","2099305","moxetumomab pasudotox-tdfk","vsac_rx_cancer_directed","1"
"http://www.nlm.nih.gov/research/umls/rxnorm","2099306","moxetumomab pasudotox-tdfk 1 mg","vsac_rx_cancer_directed","1"
"http://www.nlm.nih.gov/research/umls/rxnorm","2099307","moxetumomab pasudotox injectable product","vsac_rx_cancer_directed","1"
"http://www.nlm.nih.gov/research/umls/rxnorm","2099308","moxetumomab pasudotox injection","vsac_rx_cancer_directed","1"
"http://www.nlm.nih.gov/research/umls/rxnorm","2099309","moxetumomab pasudotox-tdfk 1 mg injection","vsac_rx_cancer_directed","2"
"http://www.nlm.nih.gov/research/umls/rxnorm","2099310","lumoxiti","vsac_rx_cancer_directed","1"
"http://www.nlm.nih.gov/research/umls/rxnorm","2099311","moxetumomab pasudotox-tdfk 1 mg [lumoxiti]","vsac_rx_cancer_directed","1"
"http://www.nlm.nih.gov/research/umls/rxnorm","2099312","moxetumomab pasudotox injection [lumoxiti]","vsac_rx_cancer_directed","1"
"http://www.nlm.nih.gov/research/umls/rxnorm","2099313","lumoxiti injectable product","vsac_rx_cancer_directed","1"
"http://www.nlm.nih.gov/research/umls/rxnorm","2099314","lumoxiti 1 mg injection","vsac_rx_cancer_directed","2"
"http://www.nlm.nih.gov/research/umls/rxnorm","2099703","talazoparib tosylate","vsac_rx_cancer_directed","1"
"http://www.nlm.nih.gov/research/umls/rxnorm","2099704","talazoparib","vsac_rx_cancer_directed","1"
"http://www.nlm.nih.gov/research/umls/rxnorm","2099942","talazoparib 0.25 mg","vsac_rx_cancer_directed","1"
"http://www.nlm.nih.gov/research/umls/rxnorm","2099943","talazoparib oral product","vsac_rx_cancer_directed","1"
"http://www.nlm.nih.gov/research/umls/rxnorm","2099944","talazoparib pill","vsac_rx_cancer_directed","1"
"http://www.nlm.nih.gov/research/umls/rxnorm","2099945","talazoparib oral capsule","vsac_rx_cancer_directed","1"
"http://www.nlm.nih.gov/research/umls/rxnorm","2099946","talazoparib 0.25 mg oral capsule","vsac_rx_cancer_directed","2"
"http://www.nlm.nih.gov/research/umls/rxnorm","2099947","talzenna","vsac_rx_cancer_directed","1"
"http://www.nlm.nih.gov/research/umls/rxnorm","2099948","talazoparib 0.25 mg [talzenna]","vsac_rx_cancer_directed","1"
"http://www.nlm.nih.gov/research/umls/rxnorm","2099949","talazoparib oral capsule [talzenna]","vsac_rx_cancer_directed","1"
"http://www.nlm.nih.gov/research/umls/rxnorm","2099950","talzenna oral product","vsac_rx_cancer_directed","1"
"http://www.nlm.nih.gov/research/umls/rxnorm","2099951","talzenna pill","vsac_rx_cancer_directed","1"
"http://www.nlm.nih.gov/research/umls/rxnorm","2099952","talzenna 0.25 mg oral capsule","vsac_rx_cancer_directed","2"
"http://www.nlm.nih.gov/research/umls/rxnorm","2099953","talazoparib 1 mg","vsac_rx_cancer_directed","1"
"http://www.nlm.nih.gov/research/umls/rxnorm","2099954","talazoparib 1 mg oral capsule","vsac_rx_cancer_directed","2"
"http://www.nlm.nih.gov/research/umls/rxnorm","2099955","talazoparib 1 mg [talzenna]","vsac_rx_cancer_directed","1"
"http://www.nlm.nih.gov/research/umls/rxnorm","2099956","talzenna 1 mg oral capsule","vsac_rx_cancer_directed","2"
"http://www.nlm.nih.gov/research/umls/rxnorm","2099993","10 ml leucovorin 10 mg/ml injection","vsac_rx_cancer_directed","1"
"http://www.nlm.nih.gov/research/umls/rxnorm","2103164","lorlatinib","vsac_rx_cancer_directed","3"
"http://www.nlm.nih.gov/research/umls/rxnorm","2103165","lorlatinib 25 mg","vsac_rx_cancer_directed","2"
"http://www.nlm.nih.gov/research/umls/rxnorm","2103166","lorlatinib oral product","vsac_rx_cancer_directed","3"
"http://www.nlm.nih.gov/research/umls/rxnorm","2103167","lorlatinib pill","vsac_rx_cancer_directed","2"
"http://www.nlm.nih.gov/research/umls/rxnorm","2103168","lorlatinib oral tablet","vsac_rx_cancer_directed","3"
"http://www.nlm.nih.gov/research/umls/rxnorm","2103169","lorlatinib 25 mg oral tablet","vsac_rx_cancer_directed","6"
"http://www.nlm.nih.gov/research/umls/rxnorm","2103170","lorbrena","vsac_rx_cancer_directed","3"
"http://www.nlm.nih.gov/research/umls/rxnorm","2103171","lorlatinib 25 mg [lorbrena]","vsac_rx_cancer_directed","2"
"http://www.nlm.nih.gov/research/umls/rxnorm","2103172","lorlatinib oral tablet [lorbrena]","vsac_rx_cancer_directed","3"
"http://www.nlm.nih.gov/research/umls/rxnorm","2103173","lorbrena oral product","vsac_rx_cancer_directed","3"
"http://www.nlm.nih.gov/research/umls/rxnorm","2103174","lorbrena pill","vsac_rx_cancer_directed","2"
"http://www.nlm.nih.gov/research/umls/rxnorm","2103175","lorbrena 25 mg oral tablet","vsac_rx_cancer_directed","6"
"http://www.nlm.nih.gov/research/umls/rxnorm","2103176","lorlatinib 100 mg","vsac_rx_cancer_directed","2"
"http://www.nlm.nih.gov/research/umls/rxnorm","2103177","lorlatinib 100 mg oral tablet","vsac_rx_cancer_directed","6"
"http://www.nlm.nih.gov/research/umls/rxnorm","2103178","lorlatinib 100 mg [lorbrena]","vsac_rx_cancer_directed","2"
"http://www.nlm.nih.gov/research/umls/rxnorm","2103179","lorbrena 100 mg oral tablet","vsac_rx_cancer_directed","6"
"http://www.nlm.nih.gov/research/umls/rxnorm","2103478","trastuzumab-dkst","vsac_rx_cancer_directed","1"
"http://www.nlm.nih.gov/research/umls/rxnorm","2104548","larotrectinib sulfate","vsac_rx_cancer_directed","1"
"http://www.nlm.nih.gov/research/umls/rxnorm","2104714","50 ml leucovorin 10 mg/ml injection","vsac_rx_cancer_directed","1"
"http://www.nlm.nih.gov/research/umls/rxnorm","2105","carmustine","vsac_rx_cancer_directed","3"
"http://www.nlm.nih.gov/research/umls/rxnorm","2105628","larotrectinib","vsac_rx_cancer_directed","2"
"http://www.nlm.nih.gov/research/umls/rxnorm","2105629","larotrectinib 100 mg","vsac_rx_cancer_directed","2"
"http://www.nlm.nih.gov/research/umls/rxnorm","2105630","larotrectinib oral product","vsac_rx_cancer_directed","2"
"http://www.nlm.nih.gov/research/umls/rxnorm","2105631","larotrectinib pill","vsac_rx_cancer_directed","2"
"http://www.nlm.nih.gov/research/umls/rxnorm","2105632","larotrectinib oral capsule","vsac_rx_cancer_directed","2"
"http://www.nlm.nih.gov/research/umls/rxnorm","2105633","larotrectinib 100 mg oral capsule","vsac_rx_cancer_directed","4"
"http://www.nlm.nih.gov/research/umls/rxnorm","2105640","vitrakvi","vsac_rx_cancer_directed","2"
"http://www.nlm.nih.gov/research/umls/rxnorm","2105641","larotrectinib 100 mg [vitrakvi]","vsac_rx_cancer_directed","2"
"http://www.nlm.nih.gov/research/umls/rxnorm","2105642","larotrectinib oral capsule [vitrakvi]","vsac_rx_cancer_directed","2"
"http://www.nlm.nih.gov/research/umls/rxnorm","2105643","vitrakvi oral product","vsac_rx_cancer_directed","2"
"http://www.nlm.nih.gov/research/umls/rxnorm","2105644","vitrakvi pill","vsac_rx_cancer_directed","2"
"http://www.nlm.nih.gov/research/umls/rxnorm","2105645","vitrakvi 100 mg oral capsule","vsac_rx_cancer_directed","4"
"http://www.nlm.nih.gov/research/umls/rxnorm","2105646","larotrectinib 20 mg/ml","vsac_rx_cancer_directed","2"
"http://www.nlm.nih.gov/research/umls/rxnorm","2105647","larotrectinib oral liquid product","vsac_rx_cancer_directed","2"
"http://www.nlm.nih.gov/research/umls/rxnorm","2105648","larotrectinib oral solution","vsac_rx_cancer_directed","2"
"http://www.nlm.nih.gov/research/umls/rxnorm","2105649","larotrectinib 20 mg (as 24.6 mg larotrectinib sulfate) per 1 ml oral solution","vsac_rx_cancer_directed","2"
"http://www.nlm.nih.gov/research/umls/rxnorm","2105650","larotrectinib 20 mg/ml [vitrakvi]","vsac_rx_cancer_directed","2"
"http://www.nlm.nih.gov/research/umls/rxnorm","2105651","larotrectinib oral solution [vitrakvi]","vsac_rx_cancer_directed","2"
"http://www.nlm.nih.gov/research/umls/rxnorm","2105652","vitrakvi oral liquid product","vsac_rx_cancer_directed","2"
"http://www.nlm.nih.gov/research/umls/rxnorm","2105653","larotrectinib 20 mg/ml oral solution [vitrakvi]","vsac_rx_cancer_directed","2"
"http://www.nlm.nih.gov/research/umls/rxnorm","2105654","larotrectinib 25 mg","vsac_rx_cancer_directed","2"
"http://www.nlm.nih.gov/research/umls/rxnorm","2105655","larotrectinib 25 mg oral capsule","vsac_rx_cancer_directed","4"
"http://www.nlm.nih.gov/research/umls/rxnorm","2105656","larotrectinib 25 mg [vitrakvi]","vsac_rx_cancer_directed","2"
"http://www.nlm.nih.gov/research/umls/rxnorm","2105657","vitrakvi 25 mg oral capsule","vsac_rx_cancer_directed","4"
"http://www.nlm.nih.gov/research/umls/rxnorm","2105806","gilteritinib","vsac_rx_cancer_directed","2"
"http://www.nlm.nih.gov/research/umls/rxnorm","2105807","gilteritinib 40 mg","vsac_rx_cancer_directed","1"
"http://www.nlm.nih.gov/research/umls/rxnorm","2105808","gilteritinib oral product","vsac_rx_cancer_directed","2"
"http://www.nlm.nih.gov/research/umls/rxnorm","2105809","gilteritinib pill","vsac_rx_cancer_directed","1"
"http://www.nlm.nih.gov/research/umls/rxnorm","2105810","gilteritinib oral tablet","vsac_rx_cancer_directed","2"
"http://www.nlm.nih.gov/research/umls/rxnorm","2105811","gilteritinib 40 mg oral tablet","vsac_rx_cancer_directed","4"
"http://www.nlm.nih.gov/research/umls/rxnorm","2105812","xospata","vsac_rx_cancer_directed","2"
"http://www.nlm.nih.gov/research/umls/rxnorm","2105813","gilteritinib 40 mg [xospata]","vsac_rx_cancer_directed","1"
"http://www.nlm.nih.gov/research/umls/rxnorm","2105814","gilteritinib oral tablet [xospata]","vsac_rx_cancer_directed","2"
"http://www.nlm.nih.gov/research/umls/rxnorm","2105815","xospata oral product","vsac_rx_cancer_directed","2"
"http://www.nlm.nih.gov/research/umls/rxnorm","2105816","xospata pill","vsac_rx_cancer_directed","1"
"http://www.nlm.nih.gov/research/umls/rxnorm","2105817","gilteritinib 40 mg oral tablet [xospata]","vsac_rx_cancer_directed","2"
"http://www.nlm.nih.gov/research/umls/rxnorm","2105823","gilteritinib fumarate","vsac_rx_cancer_directed","2"
"http://www.nlm.nih.gov/research/umls/rxnorm","2105824","rituximab-abbs","vsac_rx_cancer_directed","2"
"http://www.nlm.nih.gov/research/umls/rxnorm","2105825","rituximab-abbs 10 mg/ml","vsac_rx_cancer_directed","2"
"http://www.nlm.nih.gov/research/umls/rxnorm","2105826","10 ml rituximab-abbs 10 mg/ml injection","vsac_rx_cancer_directed","2"
"http://www.nlm.nih.gov/research/umls/rxnorm","2105827","truxima","vsac_rx_cancer_directed","1"
"http://www.nlm.nih.gov/research/umls/rxnorm","2105828","rituximab-abbs 10 mg/ml [truxima]","vsac_rx_cancer_directed","2"
"http://www.nlm.nih.gov/research/umls/rxnorm","2105829","rituximab injection [truxima]","vsac_rx_cancer_directed","2"
"http://www.nlm.nih.gov/research/umls/rxnorm","2105830","truxima injectable product","vsac_rx_cancer_directed","1"
"http://www.nlm.nih.gov/research/umls/rxnorm","2105831","10 ml rituximab-abbs 10 mg/ml injection [truxima]","vsac_rx_cancer_directed","2"
"http://www.nlm.nih.gov/research/umls/rxnorm","2105834","50 ml rituximab-abbs 10 mg/ml injection","vsac_rx_cancer_directed","2"
"http://www.nlm.nih.gov/research/umls/rxnorm","2105835","50 ml rituximab-abbs 10 mg/ml injection [truxima]","vsac_rx_cancer_directed","2"
"http://www.nlm.nih.gov/research/umls/rxnorm","2105844","glasdegib maleate","vsac_rx_cancer_directed","1"
"http://www.nlm.nih.gov/research/umls/rxnorm","2105845","glasdegib","vsac_rx_cancer_directed","1"
"http://www.nlm.nih.gov/research/umls/rxnorm","2105846","glasdegib 100 mg","vsac_rx_cancer_directed","1"
"http://www.nlm.nih.gov/research/umls/rxnorm","2105847","glasdegib oral product","vsac_rx_cancer_directed","1"
"http://www.nlm.nih.gov/research/umls/rxnorm","2105848","glasdegib pill","vsac_rx_cancer_directed","1"
"http://www.nlm.nih.gov/research/umls/rxnorm","2105849","glasdegib oral tablet","vsac_rx_cancer_directed","1"
"http://www.nlm.nih.gov/research/umls/rxnorm","2105850","glasdegib 100 mg oral tablet","vsac_rx_cancer_directed","2"
"http://www.nlm.nih.gov/research/umls/rxnorm","2105851","daurismo","vsac_rx_cancer_directed","2"
"http://www.nlm.nih.gov/research/umls/rxnorm","2105852","glasdegib 100 mg [daurismo]","vsac_rx_cancer_directed","1"
"http://www.nlm.nih.gov/research/umls/rxnorm","2105853","glasdegib oral tablet [daurismo]","vsac_rx_cancer_directed","1"
"http://www.nlm.nih.gov/research/umls/rxnorm","2105854","daurismo oral product","vsac_rx_cancer_directed","1"
"http://www.nlm.nih.gov/research/umls/rxnorm","2105855","daurismo pill","vsac_rx_cancer_directed","1"
"http://www.nlm.nih.gov/research/umls/rxnorm","2105856","daurismo 100 mg oral tablet","vsac_rx_cancer_directed","2"
"http://www.nlm.nih.gov/research/umls/rxnorm","2105857","glasdegib 25 mg","vsac_rx_cancer_directed","1"
"http://www.nlm.nih.gov/research/umls/rxnorm","2105858","glasdegib 25 mg oral tablet","vsac_rx_cancer_directed","2"
"http://www.nlm.nih.gov/research/umls/rxnorm","2105859","glasdegib 25 mg [daurismo]","vsac_rx_cancer_directed","1"
"http://www.nlm.nih.gov/research/umls/rxnorm","2105860","daurismo 25 mg oral tablet","vsac_rx_cancer_directed","2"
"http://www.nlm.nih.gov/research/umls/rxnorm","2106369","khapzory","vsac_rx_cancer_directed","1"
"http://www.nlm.nih.gov/research/umls/rxnorm","2106370","levoleucovorin 175 mg [khapzory]","vsac_rx_cancer_directed","2"
"http://www.nlm.nih.gov/research/umls/rxnorm","2106371","levoleucovorin injection [khapzory]","vsac_rx_cancer_directed","2"
"http://www.nlm.nih.gov/research/umls/rxnorm","2106372","khapzory injectable product","vsac_rx_cancer_directed","1"
"http://www.nlm.nih.gov/research/umls/rxnorm","2106373","khapzory 175 mg injection","vsac_rx_cancer_directed","2"
"http://www.nlm.nih.gov/research/umls/rxnorm","2106374","levoleucovorin 300 mg","vsac_rx_cancer_directed","2"
"http://www.nlm.nih.gov/research/umls/rxnorm","2106375","levoleucovorin 300 mg injection","vsac_rx_cancer_directed","3"
"http://www.nlm.nih.gov/research/umls/rxnorm","2106376","levoleucovorin 300 mg [khapzory]","vsac_rx_cancer_directed","2"
"http://www.nlm.nih.gov/research/umls/rxnorm","2106377","khapzory 300 mg injection","vsac_rx_cancer_directed","2"
"http://www.nlm.nih.gov/research/umls/rxnorm","2107051","trastuzumab-pkrb","vsac_rx_cancer_directed","1"
"http://www.nlm.nih.gov/research/umls/rxnorm","2107052","trastuzumab-pkrb 21 mg/ml","vsac_rx_cancer_directed","1"
"http://www.nlm.nih.gov/research/umls/rxnorm","2107053","trastuzumab-pkrb 21 mg/ml injectable solution","vsac_rx_cancer_directed","1"
"http://www.nlm.nih.gov/research/umls/rxnorm","2107054","herzuma","vsac_rx_cancer_directed","1"
"http://www.nlm.nih.gov/research/umls/rxnorm","2107055","trastuzumab-pkrb 21 mg/ml [herzuma]","vsac_rx_cancer_directed","1"
"http://www.nlm.nih.gov/research/umls/rxnorm","2107056","trastuzumab injectable solution [herzuma]","vsac_rx_cancer_directed","1"
"http://www.nlm.nih.gov/research/umls/rxnorm","2107057","herzuma injectable product","vsac_rx_cancer_directed","1"
"http://www.nlm.nih.gov/research/umls/rxnorm","2107058","herzuma 21 mg/ml injectable solution","vsac_rx_cancer_directed","1"
"http://www.nlm.nih.gov/research/umls/rxnorm","2107308","levoleucovorin disodium","vsac_rx_cancer_directed","2"
"http://www.nlm.nih.gov/research/umls/rxnorm","2109054","tagraxofusp-erzs","vsac_rx_cancer_directed","1"
"http://www.nlm.nih.gov/research/umls/rxnorm","2109055","tagraxofusp","vsac_rx_cancer_directed","1"
"http://www.nlm.nih.gov/research/umls/rxnorm","2109056","tagraxofusp-erzs 1 mg/ml","vsac_rx_cancer_directed","1"
"http://www.nlm.nih.gov/research/umls/rxnorm","2109057","tagraxofusp injectable product","vsac_rx_cancer_directed","1"
"http://www.nlm.nih.gov/research/umls/rxnorm","2109058","tagraxofusp injection","vsac_rx_cancer_directed","1"
"http://www.nlm.nih.gov/research/umls/rxnorm","2109059","1 ml tagraxofusp-erzs 1 mg/ml injection","vsac_rx_cancer_directed","1"
"http://www.nlm.nih.gov/research/umls/rxnorm","2109060","elzonris","vsac_rx_cancer_directed","1"
"http://www.nlm.nih.gov/research/umls/rxnorm","2109061","tagraxofusp-erzs 1 mg/ml [elzonris]","vsac_rx_cancer_directed","1"
"http://www.nlm.nih.gov/research/umls/rxnorm","2109062","tagraxofusp injection [elzonris]","vsac_rx_cancer_directed","1"
"http://www.nlm.nih.gov/research/umls/rxnorm","2109063","elzonris injectable product","vsac_rx_cancer_directed","1"
"http://www.nlm.nih.gov/research/umls/rxnorm","2109064","1 ml elzonris 1 mg/ml injection","vsac_rx_cancer_directed","1"
"http://www.nlm.nih.gov/research/umls/rxnorm","211544","goserelin 10.8 mg drug implant [zoladex]","vsac_rx_cancer_directed","1"
"http://www.nlm.nih.gov/research/umls/rxnorm","2119695","14 ml atezolizumab 60 mg/ml injection","vsac_rx_cancer_directed","1"
"http://www.nlm.nih.gov/research/umls/rxnorm","2119696","14 ml atezolizumab 60 mg/ml injection [tecentriq]","vsac_rx_cancer_directed","1"
"http://www.nlm.nih.gov/research/umls/rxnorm","2119708","hyaluronidase-oysk","vsac_rx_cancer_directed","1"
"http://www.nlm.nih.gov/research/umls/rxnorm","2119711","hyaluronidase / trastuzumab injectable product","vsac_rx_cancer_directed","1"
"http://www.nlm.nih.gov/research/umls/rxnorm","2119712","hyaluronidase / trastuzumab injection","vsac_rx_cancer_directed","1"
"http://www.nlm.nih.gov/research/umls/rxnorm","2119713","(trastuzumab / hyaluronidase)-oysk","vsac_rx_cancer_directed","1"
"http://www.nlm.nih.gov/research/umls/rxnorm","2119714","5 ml hyaluronidase-oysk 2000 unt/ml / trastuzumab-oysk 120 mg/ml injection","vsac_rx_cancer_directed","1"
"http://www.nlm.nih.gov/research/umls/rxnorm","2119715","herceptin hylecta","vsac_rx_cancer_directed","1"
"http://www.nlm.nih.gov/research/umls/rxnorm","2119717","hyaluronidase / trastuzumab injection [herceptin hylecta]","vsac_rx_cancer_directed","1"
"http://www.nlm.nih.gov/research/umls/rxnorm","2119718","herceptin hylecta injectable product","vsac_rx_cancer_directed","1"
"http://www.nlm.nih.gov/research/umls/rxnorm","2119719","5 ml hyaluronidase-oysk 2000 unt/ml / trastuzumab-oysk 120 mg/ml injection [herceptin hylecta]","vsac_rx_cancer_directed","1"
"http://www.nlm.nih.gov/research/umls/rxnorm","2121058","ceritinib oral tablet","vsac_rx_cancer_directed","2"
"http://www.nlm.nih.gov/research/umls/rxnorm","2121059","ceritinib 150 mg oral tablet","vsac_rx_cancer_directed","4"
"http://www.nlm.nih.gov/research/umls/rxnorm","2121060","ceritinib oral tablet [zykadia]","vsac_rx_cancer_directed","2"
"http://www.nlm.nih.gov/research/umls/rxnorm","2121061","zykadia 150 mg oral tablet","vsac_rx_cancer_directed","4"
"http://www.nlm.nih.gov/research/umls/rxnorm","2121416","calaspargase pegol","vsac_rx_cancer_directed","2"
"http://www.nlm.nih.gov/research/umls/rxnorm","2121417","calaspargase pegol-mknl","vsac_rx_cancer_directed","2"
"http://www.nlm.nih.gov/research/umls/rxnorm","2121418","calaspargase pegol-mknl 750 unt/ml","vsac_rx_cancer_directed","2"
"http://www.nlm.nih.gov/research/umls/rxnorm","2121419","calaspargase pegol injectable product","vsac_rx_cancer_directed","2"
"http://www.nlm.nih.gov/research/umls/rxnorm","2121420","calaspargase pegol injection","vsac_rx_cancer_directed","2"
"http://www.nlm.nih.gov/research/umls/rxnorm","2121421","5 ml calaspargase pegol-mknl 750 unt/ml injection","vsac_rx_cancer_directed","2"
"http://www.nlm.nih.gov/research/umls/rxnorm","2121422","asparlas","vsac_rx_cancer_directed","2"
"http://www.nlm.nih.gov/research/umls/rxnorm","2121423","calaspargase pegol-mknl 750 unt/ml [asparlas]","vsac_rx_cancer_directed","2"
"http://www.nlm.nih.gov/research/umls/rxnorm","2121424","calaspargase pegol injection [asparlas]","vsac_rx_cancer_directed","2"
"http://www.nlm.nih.gov/research/umls/rxnorm","2121425","asparlas injectable product","vsac_rx_cancer_directed","2"
"http://www.nlm.nih.gov/research/umls/rxnorm","2121426","5 ml calaspargase pegol-mknl 750 unt/ml injection [asparlas]","vsac_rx_cancer_directed","2"
"http://www.nlm.nih.gov/research/umls/rxnorm","2122494","hyaluronidase-oysk 2000 unt/ml","vsac_rx_cancer_directed","1"
"http://www.nlm.nih.gov/research/umls/rxnorm","2122630","cladribine 10 mg","vsac_rx_cancer_directed","1"
"http://www.nlm.nih.gov/research/umls/rxnorm","2122631","cladribine oral product","vsac_rx_cancer_directed","1"
"http://www.nlm.nih.gov/research/umls/rxnorm","2122632","cladribine pill","vsac_rx_cancer_directed","1"
"http://www.nlm.nih.gov/research/umls/rxnorm","2122633","cladribine oral tablet","vsac_rx_cancer_directed","1"
"http://www.nlm.nih.gov/research/umls/rxnorm","2122634","cladribine 10 mg oral tablet","vsac_rx_cancer_directed","2"
"http://www.nlm.nih.gov/research/umls/rxnorm","2122635","cladribine 10 mg (9) oral tablet pack","vsac_rx_cancer_directed","1"
"http://www.nlm.nih.gov/research/umls/rxnorm","2122636","mavenclad","vsac_rx_cancer_directed","1"
"http://www.nlm.nih.gov/research/umls/rxnorm","2122637","cladribine 10 mg [mavenclad]","vsac_rx_cancer_directed","1"
"http://www.nlm.nih.gov/research/umls/rxnorm","2122638","cladribine oral tablet [mavenclad]","vsac_rx_cancer_directed","1"
"http://www.nlm.nih.gov/research/umls/rxnorm","2122639","mavenclad oral product","vsac_rx_cancer_directed","1"
"http://www.nlm.nih.gov/research/umls/rxnorm","2122640","mavenclad pill","vsac_rx_cancer_directed","1"
"http://www.nlm.nih.gov/research/umls/rxnorm","2122641","mavenclad 10 mg oral tablet","vsac_rx_cancer_directed","2"
"http://www.nlm.nih.gov/research/umls/rxnorm","2122642","mavenclad 9 tablet pack","vsac_rx_cancer_directed","2"
"http://www.nlm.nih.gov/research/umls/rxnorm","2122647","cladribine 10 mg (8) oral tablet pack","vsac_rx_cancer_directed","1"
"http://www.nlm.nih.gov/research/umls/rxnorm","2122648","mavenclad 8 tablet pack","vsac_rx_cancer_directed","2"
"http://www.nlm.nih.gov/research/umls/rxnorm","2122649","cladribine 10 mg (7) oral tablet pack","vsac_rx_cancer_directed","1"
"http://www.nlm.nih.gov/research/umls/rxnorm","2122650","mavenclad 7 tablet pack","vsac_rx_cancer_directed","2"
"http://www.nlm.nih.gov/research/umls/rxnorm","2122654","cladribine 10 mg (6) oral tablet pack","vsac_rx_cancer_directed","1"
"http://www.nlm.nih.gov/research/umls/rxnorm","2122655","mavenclad 6 tablet pack","vsac_rx_cancer_directed","2"
"http://www.nlm.nih.gov/research/umls/rxnorm","2122656","cladribine 10 mg (5) oral tablet pack","vsac_rx_cancer_directed","1"
"http://www.nlm.nih.gov/research/umls/rxnorm","2122657","mavenclad 5 tablet pack","vsac_rx_cancer_directed","2"
"http://www.nlm.nih.gov/research/umls/rxnorm","2122658","cladribine 10 mg (4) oral tablet pack","vsac_rx_cancer_directed","1"
"http://www.nlm.nih.gov/research/umls/rxnorm","2122659","mavenclad 4 tablet pack","vsac_rx_cancer_directed","2"
"http://www.nlm.nih.gov/research/umls/rxnorm","2122660","cladribine 10 mg (10) oral tablet pack","vsac_rx_cancer_directed","1"
"http://www.nlm.nih.gov/research/umls/rxnorm","2122661","mavenclad 10 tablet pack","vsac_rx_cancer_directed","2"
"http://www.nlm.nih.gov/research/umls/rxnorm","2123125","erdafitinib","vsac_rx_cancer_directed","2"
"http://www.nlm.nih.gov/research/umls/rxnorm","2123127","erdafitinib 3 mg","vsac_rx_cancer_directed","2"
"http://www.nlm.nih.gov/research/umls/rxnorm","2123128","erdafitinib oral product","vsac_rx_cancer_directed","2"
"http://www.nlm.nih.gov/research/umls/rxnorm","2123129","erdafitinib pill","vsac_rx_cancer_directed","2"
"http://www.nlm.nih.gov/research/umls/rxnorm","2123130","erdafitinib oral tablet","vsac_rx_cancer_directed","2"
"http://www.nlm.nih.gov/research/umls/rxnorm","2123131","erdafitinib 3 mg oral tablet","vsac_rx_cancer_directed","4"
"http://www.nlm.nih.gov/research/umls/rxnorm","2123132","balversa","vsac_rx_cancer_directed","2"
"http://www.nlm.nih.gov/research/umls/rxnorm","2123133","erdafitinib 3 mg [balversa]","vsac_rx_cancer_directed","2"
"http://www.nlm.nih.gov/research/umls/rxnorm","2123134","erdafitinib oral tablet [balversa]","vsac_rx_cancer_directed","2"
"http://www.nlm.nih.gov/research/umls/rxnorm","2123135","balversa oral product","vsac_rx_cancer_directed","2"
"http://www.nlm.nih.gov/research/umls/rxnorm","2123136","balversa pill","vsac_rx_cancer_directed","2"
"http://www.nlm.nih.gov/research/umls/rxnorm","2123137","balversa 3 mg oral tablet","vsac_rx_cancer_directed","4"
"http://www.nlm.nih.gov/research/umls/rxnorm","2123138","erdafitinib 4 mg","vsac_rx_cancer_directed","2"
"http://www.nlm.nih.gov/research/umls/rxnorm","2123139","erdafitinib 4 mg oral tablet","vsac_rx_cancer_directed","4"
"http://www.nlm.nih.gov/research/umls/rxnorm","2123140","erdafitinib 4 mg [balversa]","vsac_rx_cancer_directed","2"
"http://www.nlm.nih.gov/research/umls/rxnorm","2123141","balversa 4 mg oral tablet","vsac_rx_cancer_directed","4"
"http://www.nlm.nih.gov/research/umls/rxnorm","2123142","erdafitinib 5 mg","vsac_rx_cancer_directed","2"
"http://www.nlm.nih.gov/research/umls/rxnorm","2123143","erdafitinib 5 mg oral tablet","vsac_rx_cancer_directed","4"
"http://www.nlm.nih.gov/research/umls/rxnorm","2123144","erdafitinib 5 mg [balversa]","vsac_rx_cancer_directed","2"
"http://www.nlm.nih.gov/research/umls/rxnorm","2123145","balversa 5 mg oral tablet","vsac_rx_cancer_directed","4"
"http://www.nlm.nih.gov/research/umls/rxnorm","212994","gliadel wafer 7.7 mg intracavitary drug implant","vsac_rx_cancer_directed","6"
"http://www.nlm.nih.gov/research/umls/rxnorm","213040","5 ml pegaspargase 750 unt/ml injection [oncaspar]","vsac_rx_cancer_directed","2"
"http://www.nlm.nih.gov/research/umls/rxnorm","213282","droxia 200 mg oral capsule","vsac_rx_cancer_directed","4"
"http://www.nlm.nih.gov/research/umls/rxnorm","213283","droxia 300 mg oral capsule","vsac_rx_cancer_directed","4"
"http://www.nlm.nih.gov/research/umls/rxnorm","213284","droxia 400 mg oral capsule","vsac_rx_cancer_directed","4"
"http://www.nlm.nih.gov/research/umls/rxnorm","213292","xeloda 150 mg oral tablet","vsac_rx_cancer_directed","4"
"http://www.nlm.nih.gov/research/umls/rxnorm","213293","xeloda 500 mg oral tablet","vsac_rx_cancer_directed","4"
"http://www.nlm.nih.gov/research/umls/rxnorm","213360","thalomid 50 mg oral capsule","vsac_rx_cancer_directed","2"
"http://www.nlm.nih.gov/research/umls/rxnorm","213744","bcg, live, tice strain 50 mg/ml topical suspension [tice bcg]","vsac_rx_cancer_directed","1"
"http://www.nlm.nih.gov/research/umls/rxnorm","213841","adrucil 50 mg/ml injectable solution","vsac_rx_cancer_directed","4"
"http://www.nlm.nih.gov/research/umls/rxnorm","214468","daunorubicin liposomal","vsac_rx_cancer_directed","4"
"http://www.nlm.nih.gov/research/umls/rxnorm","214470","denileukin diftitox","vsac_rx_cancer_directed","1"
"http://www.nlm.nih.gov/research/umls/rxnorm","214525","doxorubicin liposome","vsac_rx_cancer_directed","4"
"http://www.nlm.nih.gov/research/umls/rxnorm","216755","droxia","vsac_rx_cancer_directed","2"
"http://www.nlm.nih.gov/research/umls/rxnorm","2169285","alpelisib","vsac_rx_cancer_directed","1"
"http://www.nlm.nih.gov/research/umls/rxnorm","2169296","alpelisib 150 mg","vsac_rx_cancer_directed","1"
"http://www.nlm.nih.gov/research/umls/rxnorm","2169297","alpelisib oral product","vsac_rx_cancer_directed","1"
"http://www.nlm.nih.gov/research/umls/rxnorm","2169298","alpelisib pill","vsac_rx_cancer_directed","1"
"http://www.nlm.nih.gov/research/umls/rxnorm","2169299","alpelisib oral tablet","vsac_rx_cancer_directed","1"
"http://www.nlm.nih.gov/research/umls/rxnorm","2169300","alpelisib 150 mg oral tablet","vsac_rx_cancer_directed","2"
"http://www.nlm.nih.gov/research/umls/rxnorm","2169302","piqray","vsac_rx_cancer_directed","1"
"http://www.nlm.nih.gov/research/umls/rxnorm","2169303","alpelisib 150 mg [piqray]","vsac_rx_cancer_directed","1"
"http://www.nlm.nih.gov/research/umls/rxnorm","2169304","alpelisib oral tablet [piqray]","vsac_rx_cancer_directed","1"
"http://www.nlm.nih.gov/research/umls/rxnorm","2169305","piqray oral product","vsac_rx_cancer_directed","1"
"http://www.nlm.nih.gov/research/umls/rxnorm","2169306","piqray pill","vsac_rx_cancer_directed","1"
"http://www.nlm.nih.gov/research/umls/rxnorm","2169307","piqray 150 mg oral tablet","vsac_rx_cancer_directed","2"
"http://www.nlm.nih.gov/research/umls/rxnorm","2169309","alpelisib 200 mg","vsac_rx_cancer_directed","1"
"http://www.nlm.nih.gov/research/umls/rxnorm","2169310","alpelisib 200 mg oral tablet","vsac_rx_cancer_directed","2"
"http://www.nlm.nih.gov/research/umls/rxnorm","2169311","alpelisib 200 mg (28) oral tablet, 200 mg daily dose pack","vsac_rx_cancer_directed","1"
"http://www.nlm.nih.gov/research/umls/rxnorm","2169312","alpelisib 200 mg [piqray]","vsac_rx_cancer_directed","1"
"http://www.nlm.nih.gov/research/umls/rxnorm","2169313","piqray 200 mg oral tablet","vsac_rx_cancer_directed","2"
"http://www.nlm.nih.gov/research/umls/rxnorm","2169314","piqray 200 mg daily dose pack","vsac_rx_cancer_directed","2"
"http://www.nlm.nih.gov/research/umls/rxnorm","2169315","alpelisib 50 mg","vsac_rx_cancer_directed","1"
"http://www.nlm.nih.gov/research/umls/rxnorm","2169316","alpelisib 50 mg oral tablet","vsac_rx_cancer_directed","2"
"http://www.nlm.nih.gov/research/umls/rxnorm","2169317","alpelisib 50 mg [piqray]","vsac_rx_cancer_directed","1"
"http://www.nlm.nih.gov/research/umls/rxnorm","2169318","piqray 50 mg oral tablet","vsac_rx_cancer_directed","2"
"http://www.nlm.nih.gov/research/umls/rxnorm","2169319","alpelisib 200 mg (28) oral tablet / alpelisib 50 mg oral tablet (28) oral tablet, 250 mg daily dose pack","vsac_rx_cancer_directed","2"
"http://www.nlm.nih.gov/research/umls/rxnorm","2169320","piqray 250 mg daily dose pack","vsac_rx_cancer_directed","2"
"http://www.nlm.nih.gov/research/umls/rxnorm","2169321","alpelisib 150 mg (56) oral tablet, 300 mg daily dose pack","vsac_rx_cancer_directed","2"
"http://www.nlm.nih.gov/research/umls/rxnorm","2169322","piqray 300 mg daily dose pack","vsac_rx_cancer_directed","2"
"http://www.nlm.nih.gov/research/umls/rxnorm","2169358","trastuzumab-pkrb 150 mg","vsac_rx_cancer_directed","1"
"http://www.nlm.nih.gov/research/umls/rxnorm","2169359","trastuzumab-pkrb 150 mg injection","vsac_rx_cancer_directed","2"
"http://www.nlm.nih.gov/research/umls/rxnorm","2169360","trastuzumab-pkrb 150 mg [herzuma]","vsac_rx_cancer_directed","1"
"http://www.nlm.nih.gov/research/umls/rxnorm","2169361","trastuzumab injection [herzuma]","vsac_rx_cancer_directed","1"
"http://www.nlm.nih.gov/research/umls/rxnorm","2169362","herzuma 150 mg injection","vsac_rx_cancer_directed","2"
"http://www.nlm.nih.gov/research/umls/rxnorm","2170452","talimogene laherparepvec 100000000 unt/ml","vsac_rx_cancer_directed","1"
"http://www.nlm.nih.gov/research/umls/rxnorm","2170454","talimogene laherparepvec 100000000 unt/ml [imlygic]","vsac_rx_cancer_directed","1"
"http://www.nlm.nih.gov/research/umls/rxnorm","217357","gliadel","vsac_rx_cancer_directed","3"
"http://www.nlm.nih.gov/research/umls/rxnorm","2174090","polatuzumab vedotin","vsac_rx_cancer_directed","1"
"http://www.nlm.nih.gov/research/umls/rxnorm","2174091","polatuzumab vedotin-piiq","vsac_rx_cancer_directed","1"
"http://www.nlm.nih.gov/research/umls/rxnorm","2174092","polatuzumab vedotin-piiq 140 mg","vsac_rx_cancer_directed","1"
"http://www.nlm.nih.gov/research/umls/rxnorm","2174093","polatuzumab vedotin injectable product","vsac_rx_cancer_directed","1"
"http://www.nlm.nih.gov/research/umls/rxnorm","2174094","polatuzumab vedotin injection","vsac_rx_cancer_directed","1"
"http://www.nlm.nih.gov/research/umls/rxnorm","2174095","polatuzumab vedotin-piiq 140 mg injection","vsac_rx_cancer_directed","2"
"http://www.nlm.nih.gov/research/umls/rxnorm","2174096","polivy","vsac_rx_cancer_directed","1"
"http://www.nlm.nih.gov/research/umls/rxnorm","2174097","polatuzumab vedotin-piiq 140 mg [polivy]","vsac_rx_cancer_directed","1"
"http://www.nlm.nih.gov/research/umls/rxnorm","2174098","polatuzumab vedotin injection [polivy]","vsac_rx_cancer_directed","1"
"http://www.nlm.nih.gov/research/umls/rxnorm","2174099","polivy injectable product","vsac_rx_cancer_directed","1"
"http://www.nlm.nih.gov/research/umls/rxnorm","2174100","polivy 140 mg injection","vsac_rx_cancer_directed","2"
"http://www.nlm.nih.gov/research/umls/rxnorm","2174190","talimogene laherparepvec 1000000 unt/ml","vsac_rx_cancer_directed","1"
"http://www.nlm.nih.gov/research/umls/rxnorm","2174192","talimogene laherparepvec 1000000 unt/ml [imlygic]","vsac_rx_cancer_directed","1"
"http://www.nlm.nih.gov/research/umls/rxnorm","2174802","trastuzumab-anns","vsac_rx_cancer_directed","1"
"http://www.nlm.nih.gov/research/umls/rxnorm","2174803","trastuzumab-anns 21 mg/ml","vsac_rx_cancer_directed","1"
"http://www.nlm.nih.gov/research/umls/rxnorm","2174804","trastuzumab-anns 21 mg/ml injectable solution","vsac_rx_cancer_directed","1"
"http://www.nlm.nih.gov/research/umls/rxnorm","2174805","kanjinti","vsac_rx_cancer_directed","1"
"http://www.nlm.nih.gov/research/umls/rxnorm","2174806","trastuzumab-anns 21 mg/ml [kanjinti]","vsac_rx_cancer_directed","1"
"http://www.nlm.nih.gov/research/umls/rxnorm","2174807","trastuzumab injectable solution [kanjinti]","vsac_rx_cancer_directed","1"
"http://www.nlm.nih.gov/research/umls/rxnorm","2174808","kanjinti injectable product","vsac_rx_cancer_directed","1"
"http://www.nlm.nih.gov/research/umls/rxnorm","2174809","kanjinti 21 mg/ml injectable solution","vsac_rx_cancer_directed","1"
"http://www.nlm.nih.gov/research/umls/rxnorm","217701","ifex","vsac_rx_cancer_directed","3"
"http://www.nlm.nih.gov/research/umls/rxnorm","2178262","belrapzo","vsac_rx_cancer_directed","2"
"http://www.nlm.nih.gov/research/umls/rxnorm","2178263","bendamustine hydrochloride 25 mg/ml [belrapzo]","vsac_rx_cancer_directed","2"
"http://www.nlm.nih.gov/research/umls/rxnorm","2178264","bendamustine injectable solution [belrapzo]","vsac_rx_cancer_directed","2"
"http://www.nlm.nih.gov/research/umls/rxnorm","2178265","belrapzo injectable product","vsac_rx_cancer_directed","2"
"http://www.nlm.nih.gov/research/umls/rxnorm","2178266","belrapzo 25 mg/ml injectable solution","vsac_rx_cancer_directed","4"
"http://www.nlm.nih.gov/research/umls/rxnorm","2178390","selinexor","vsac_rx_cancer_directed","1"
"http://www.nlm.nih.gov/research/umls/rxnorm","2178391","selinexor 20 mg","vsac_rx_cancer_directed","1"
"http://www.nlm.nih.gov/research/umls/rxnorm","2178392","selinexor oral product","vsac_rx_cancer_directed","1"
"http://www.nlm.nih.gov/research/umls/rxnorm","2178393","selinexor pill","vsac_rx_cancer_directed","1"
"http://www.nlm.nih.gov/research/umls/rxnorm","2178394","selinexor oral tablet","vsac_rx_cancer_directed","1"
"http://www.nlm.nih.gov/research/umls/rxnorm","2178395","selinexor 20 mg oral tablet","vsac_rx_cancer_directed","2"
"http://www.nlm.nih.gov/research/umls/rxnorm","2178396","selinexor 60 mg weekly dose carton pack, 20 mg oral tablet 12 count pack","vsac_rx_cancer_directed","1"
"http://www.nlm.nih.gov/research/umls/rxnorm","2178397","xpovio","vsac_rx_cancer_directed","1"
"http://www.nlm.nih.gov/research/umls/rxnorm","2178398","selinexor 20 mg [xpovio]","vsac_rx_cancer_directed","1"
"http://www.nlm.nih.gov/research/umls/rxnorm","2178399","selinexor oral tablet [xpovio]","vsac_rx_cancer_directed","1"
"http://www.nlm.nih.gov/research/umls/rxnorm","2178400","xpovio oral product","vsac_rx_cancer_directed","1"
"http://www.nlm.nih.gov/research/umls/rxnorm","2178401","xpovio pill","vsac_rx_cancer_directed","1"
"http://www.nlm.nih.gov/research/umls/rxnorm","2178402","xpovio 20 mg oral tablet","vsac_rx_cancer_directed","2"
"http://www.nlm.nih.gov/research/umls/rxnorm","2178403","xpovio 60 mg weekly dose carton pack","vsac_rx_cancer_directed","1"
"http://www.nlm.nih.gov/research/umls/rxnorm","2178404","selinexor 20 mg oral tablet in 4 tablet 16 count packs","vsac_rx_cancer_directed","1"
"http://www.nlm.nih.gov/research/umls/rxnorm","2178405","xpovio 80 mg weekly dose carton pack","vsac_rx_cancer_directed","1"
"http://www.nlm.nih.gov/research/umls/rxnorm","2178406","selinexor 80 mg twice weekly (160 mg total weekly) dose carton pack, 20 mg oral tablet 32 count pack","vsac_rx_cancer_directed","1"
"http://www.nlm.nih.gov/research/umls/rxnorm","2178407","xpovio 80 mg twice weekly (160 mg total weekly) dose carton pack","vsac_rx_cancer_directed","1"
"http://www.nlm.nih.gov/research/umls/rxnorm","2178408","selinexor 100 mg weekly dose carton pack, 20 mg oral tablet 20 count pack","vsac_rx_cancer_directed","1"
"http://www.nlm.nih.gov/research/umls/rxnorm","2178409","xpovio 100 mg weekly dose carton pack","vsac_rx_cancer_directed","1"
"http://www.nlm.nih.gov/research/umls/rxnorm","2179752","trastuzumab-dkst 150 mg","vsac_rx_cancer_directed","1"
"http://www.nlm.nih.gov/research/umls/rxnorm","2179753","trastuzumab-dkst 150 mg injection","vsac_rx_cancer_directed","2"
"http://www.nlm.nih.gov/research/umls/rxnorm","2179754","ogivri","vsac_rx_cancer_directed","1"
"http://www.nlm.nih.gov/research/umls/rxnorm","2179755","trastuzumab-dkst 150 mg [ogivri]","vsac_rx_cancer_directed","1"
"http://www.nlm.nih.gov/research/umls/rxnorm","2179756","trastuzumab injection [ogivri]","vsac_rx_cancer_directed","1"
"http://www.nlm.nih.gov/research/umls/rxnorm","2179757","ogivri injectable product","vsac_rx_cancer_directed","1"
"http://www.nlm.nih.gov/research/umls/rxnorm","2179758","ogivri 150 mg injection","vsac_rx_cancer_directed","2"
"http://www.nlm.nih.gov/research/umls/rxnorm","2179759","trastuzumab-dkst 21 mg/ml","vsac_rx_cancer_directed","1"
"http://www.nlm.nih.gov/research/umls/rxnorm","2179760","trastuzumab-dkst 21 mg/ml injectable solution","vsac_rx_cancer_directed","2"
"http://www.nlm.nih.gov/research/umls/rxnorm","2179761","trastuzumab-dkst 21 mg/ml [ogivri]","vsac_rx_cancer_directed","1"
"http://www.nlm.nih.gov/research/umls/rxnorm","2179762","trastuzumab injectable solution [ogivri]","vsac_rx_cancer_directed","1"
"http://www.nlm.nih.gov/research/umls/rxnorm","2179763","ogivri 21 mg/ml injectable solution","vsac_rx_cancer_directed","1"
"http://www.nlm.nih.gov/research/umls/rxnorm","2180325","darolutamide","vsac_rx_cancer_directed","1"
"http://www.nlm.nih.gov/research/umls/rxnorm","2180326","darolutamide 300 mg","vsac_rx_cancer_directed","1"
"http://www.nlm.nih.gov/research/umls/rxnorm","2180327","darolutamide oral product","vsac_rx_cancer_directed","1"
"http://www.nlm.nih.gov/research/umls/rxnorm","2180328","darolutamide pill","vsac_rx_cancer_directed","1"
"http://www.nlm.nih.gov/research/umls/rxnorm","2180329","darolutamide oral tablet","vsac_rx_cancer_directed","1"
"http://www.nlm.nih.gov/research/umls/rxnorm","2180330","darolutamide 300 mg oral tablet","vsac_rx_cancer_directed","2"
"http://www.nlm.nih.gov/research/umls/rxnorm","2180331","nubeqa","vsac_rx_cancer_directed","1"
"http://www.nlm.nih.gov/research/umls/rxnorm","2180332","darolutamide 300 mg [nubeqa]","vsac_rx_cancer_directed","1"
"http://www.nlm.nih.gov/research/umls/rxnorm","2180333","darolutamide oral tablet [nubeqa]","vsac_rx_cancer_directed","1"
"http://www.nlm.nih.gov/research/umls/rxnorm","2180334","nubeqa oral product","vsac_rx_cancer_directed","1"
"http://www.nlm.nih.gov/research/umls/rxnorm","2180335","nubeqa pill","vsac_rx_cancer_directed","1"
"http://www.nlm.nih.gov/research/umls/rxnorm","2180336","nubeqa 300 mg oral tablet","vsac_rx_cancer_directed","2"
"http://www.nlm.nih.gov/research/umls/rxnorm","2181523","asparaginase erwinia chrysanthemi 10000 unt","vsac_rx_cancer_directed","2"
"http://www.nlm.nih.gov/research/umls/rxnorm","2181524","asparaginase injection","vsac_rx_cancer_directed","2"
"http://www.nlm.nih.gov/research/umls/rxnorm","2181526","asparaginase erwinia chrysanthemi 10000 unt [erwinaze]","vsac_rx_cancer_directed","2"
"http://www.nlm.nih.gov/research/umls/rxnorm","2181527","asparaginase injection [erwinaze]","vsac_rx_cancer_directed","2"
"http://www.nlm.nih.gov/research/umls/rxnorm","218741","nilandron","vsac_rx_cancer_directed","1"
"http://www.nlm.nih.gov/research/umls/rxnorm","2197862","entrectinib","vsac_rx_cancer_directed","4"
"http://www.nlm.nih.gov/research/umls/rxnorm","2197863","entrectinib 100 mg","vsac_rx_cancer_directed","3"
"http://www.nlm.nih.gov/research/umls/rxnorm","2197864","entrectinib oral product","vsac_rx_cancer_directed","4"
"http://www.nlm.nih.gov/research/umls/rxnorm","2197865","entrectinib pill","vsac_rx_cancer_directed","3"
"http://www.nlm.nih.gov/research/umls/rxnorm","2197866","entrectinib oral capsule","vsac_rx_cancer_directed","4"
"http://www.nlm.nih.gov/research/umls/rxnorm","2197867","entrectinib 100 mg oral capsule","vsac_rx_cancer_directed","8"
"http://www.nlm.nih.gov/research/umls/rxnorm","2197868","rozlytrek","vsac_rx_cancer_directed","4"
"http://www.nlm.nih.gov/research/umls/rxnorm","2197869","entrectinib 100 mg [rozlytrek]","vsac_rx_cancer_directed","3"
"http://www.nlm.nih.gov/research/umls/rxnorm","2197870","entrectinib oral capsule [rozlytrek]","vsac_rx_cancer_directed","4"
"http://www.nlm.nih.gov/research/umls/rxnorm","2197871","rozlytrek oral product","vsac_rx_cancer_directed","4"
"http://www.nlm.nih.gov/research/umls/rxnorm","2197872","rozlytrek pill","vsac_rx_cancer_directed","3"
"http://www.nlm.nih.gov/research/umls/rxnorm","2197873","rozlytrek 100 mg oral capsule","vsac_rx_cancer_directed","8"
"http://www.nlm.nih.gov/research/umls/rxnorm","2197874","entrectinib 200 mg","vsac_rx_cancer_directed","3"
"http://www.nlm.nih.gov/research/umls/rxnorm","2197875","entrectinib 200 mg oral capsule","vsac_rx_cancer_directed","8"
"http://www.nlm.nih.gov/research/umls/rxnorm","2197876","entrectinib 200 mg [rozlytrek]","vsac_rx_cancer_directed","3"
"http://www.nlm.nih.gov/research/umls/rxnorm","2197877","rozlytrek 200 mg oral capsule","vsac_rx_cancer_directed","8"
"http://www.nlm.nih.gov/research/umls/rxnorm","220125","supprelin","vsac_rx_cancer_directed","1"
"http://www.nlm.nih.gov/research/umls/rxnorm","220239","thalomid","vsac_rx_cancer_directed","1"
"http://www.nlm.nih.gov/research/umls/rxnorm","220347","toposar","vsac_rx_cancer_directed","4"
"http://www.nlm.nih.gov/research/umls/rxnorm","220725","valstar","vsac_rx_cancer_directed","2"
"http://www.nlm.nih.gov/research/umls/rxnorm","220961","xeloda","vsac_rx_cancer_directed","2"
"http://www.nlm.nih.gov/research/umls/rxnorm","220991","zanosar","vsac_rx_cancer_directed","2"
"http://www.nlm.nih.gov/research/umls/rxnorm","221050","bcg, live, tice strain","vsac_rx_cancer_directed","1"
"http://www.nlm.nih.gov/research/umls/rxnorm","221085","cyclophosphamide lyophilized","vsac_rx_cancer_directed","4"
"http://www.nlm.nih.gov/research/umls/rxnorm","221087","daunorubicin citrate liposome","vsac_rx_cancer_directed","4"
"http://www.nlm.nih.gov/research/umls/rxnorm","224905","trastuzumab","vsac_rx_cancer_directed","1"
"http://www.nlm.nih.gov/research/umls/rxnorm","224911","oncaspar","vsac_rx_cancer_directed","2"
"http://www.nlm.nih.gov/research/umls/rxnorm","224952","idamycin","vsac_rx_cancer_directed","2"
"http://www.nlm.nih.gov/research/umls/rxnorm","225244","photofrin","vsac_rx_cancer_directed","1"
"http://www.nlm.nih.gov/research/umls/rxnorm","2257296","trastuzumab-anns 150 mg","vsac_rx_cancer_directed","1"
"http://www.nlm.nih.gov/research/umls/rxnorm","2257297","trastuzumab-anns 150 mg injection","vsac_rx_cancer_directed","2"
"http://www.nlm.nih.gov/research/umls/rxnorm","2257298","trastuzumab-anns 150 mg [kanjinti]","vsac_rx_cancer_directed","1"
"http://www.nlm.nih.gov/research/umls/rxnorm","2257299","trastuzumab injection [kanjinti]","vsac_rx_cancer_directed","1"
"http://www.nlm.nih.gov/research/umls/rxnorm","2257300","kanjinti 150 mg injection","vsac_rx_cancer_directed","2"
"http://www.nlm.nih.gov/research/umls/rxnorm","225852","leucovorin calcium","vsac_rx_cancer_directed","1"
"http://www.nlm.nih.gov/research/umls/rxnorm","2262435","zanubrutinib","vsac_rx_cancer_directed","1"
"http://www.nlm.nih.gov/research/umls/rxnorm","2262436","zanubrutinib 80 mg","vsac_rx_cancer_directed","1"
"http://www.nlm.nih.gov/research/umls/rxnorm","2262437","zanubrutinib oral product","vsac_rx_cancer_directed","1"
"http://www.nlm.nih.gov/research/umls/rxnorm","2262438","zanubrutinib pill","vsac_rx_cancer_directed","1"
"http://www.nlm.nih.gov/research/umls/rxnorm","2262439","zanubrutinib oral capsule","vsac_rx_cancer_directed","1"
"http://www.nlm.nih.gov/research/umls/rxnorm","2262440","zanubrutinib 80 mg oral capsule","vsac_rx_cancer_directed","2"
"http://www.nlm.nih.gov/research/umls/rxnorm","2262441","brukinsa","vsac_rx_cancer_directed","1"
"http://www.nlm.nih.gov/research/umls/rxnorm","2262442","zanubrutinib 80 mg [brukinsa]","vsac_rx_cancer_directed","1"
"http://www.nlm.nih.gov/research/umls/rxnorm","2262443","zanubrutinib oral capsule [brukinsa]","vsac_rx_cancer_directed","1"
"http://www.nlm.nih.gov/research/umls/rxnorm","2262444","brukinsa oral product","vsac_rx_cancer_directed","1"
"http://www.nlm.nih.gov/research/umls/rxnorm","2262445","brukinsa pill","vsac_rx_cancer_directed","1"
"http://www.nlm.nih.gov/research/umls/rxnorm","2262446","brukinsa 80 mg oral capsule","vsac_rx_cancer_directed","2"
"http://www.nlm.nih.gov/research/umls/rxnorm","226719","etopophos 100 mg injection","vsac_rx_cancer_directed","8"
"http://www.nlm.nih.gov/research/umls/rxnorm","226754","rituxan","vsac_rx_cancer_directed","1"
"http://www.nlm.nih.gov/research/umls/rxnorm","2267574","fam-trastuzumab deruxtecan-nxki","vsac_rx_cancer_directed","1"
"http://www.nlm.nih.gov/research/umls/rxnorm","2267575","fam-trastuzumab deruxtecan-nxki 100 mg","vsac_rx_cancer_directed","1"
"http://www.nlm.nih.gov/research/umls/rxnorm","2267576","fam-trastuzumab deruxtecan-nxki 100 mg injection","vsac_rx_cancer_directed","2"
"http://www.nlm.nih.gov/research/umls/rxnorm","2267577","enhertu","vsac_rx_cancer_directed","1"
"http://www.nlm.nih.gov/research/umls/rxnorm","2267578","fam-trastuzumab deruxtecan-nxki 100 mg [enhertu]","vsac_rx_cancer_directed","1"
"http://www.nlm.nih.gov/research/umls/rxnorm","2267579","trastuzumab injection [enhertu]","vsac_rx_cancer_directed","1"
"http://www.nlm.nih.gov/research/umls/rxnorm","2267580","enhertu injectable product","vsac_rx_cancer_directed","1"
"http://www.nlm.nih.gov/research/umls/rxnorm","2267581","enhertu 100 mg injection","vsac_rx_cancer_directed","2"
"http://www.nlm.nih.gov/research/umls/rxnorm","2267582","trastuzumab deruxtecan","vsac_rx_cancer_directed","1"
"http://www.nlm.nih.gov/research/umls/rxnorm","2268037","bevacizumab-bvzr","vsac_rx_cancer_directed","3"
"http://www.nlm.nih.gov/research/umls/rxnorm","2268038","bevacizumab-bvzr 25 mg/ml","vsac_rx_cancer_directed","3"
"http://www.nlm.nih.gov/research/umls/rxnorm","2268039","4 ml bevacizumab-bvzr 25 mg/ml injection","vsac_rx_cancer_directed","3"
"http://www.nlm.nih.gov/research/umls/rxnorm","2268040","zirabev","vsac_rx_cancer_directed","3"
"http://www.nlm.nih.gov/research/umls/rxnorm","2268041","bevacizumab-bvzr 25 mg/ml [zirabev]","vsac_rx_cancer_directed","3"
"http://www.nlm.nih.gov/research/umls/rxnorm","2268042","bevacizumab injection [zirabev]","vsac_rx_cancer_directed","3"
"http://www.nlm.nih.gov/research/umls/rxnorm","2268043","zirabev injectable product","vsac_rx_cancer_directed","3"
"http://www.nlm.nih.gov/research/umls/rxnorm","2268044","4 ml bevacizumab-bvzr 25 mg/ml injection [zirabev]","vsac_rx_cancer_directed","3"
"http://www.nlm.nih.gov/research/umls/rxnorm","2268047","16 ml bevacizumab-bvzr 25 mg/ml injection","vsac_rx_cancer_directed","3"
"http://www.nlm.nih.gov/research/umls/rxnorm","2268048","16 ml bevacizumab-bvzr 25 mg/ml injection [zirabev]","vsac_rx_cancer_directed","3"
"http://www.nlm.nih.gov/research/umls/rxnorm","2268307","enfortumab","vsac_rx_cancer_directed","1"
"http://www.nlm.nih.gov/research/umls/rxnorm","2272107","avapritinib","vsac_rx_cancer_directed","1"
"http://www.nlm.nih.gov/research/umls/rxnorm","2272108","avapritinib 100 mg","vsac_rx_cancer_directed","1"
"http://www.nlm.nih.gov/research/umls/rxnorm","2272109","avapritinib oral product","vsac_rx_cancer_directed","1"
"http://www.nlm.nih.gov/research/umls/rxnorm","2272110","avapritinib pill","vsac_rx_cancer_directed","1"
"http://www.nlm.nih.gov/research/umls/rxnorm","2272111","avapritinib oral tablet","vsac_rx_cancer_directed","1"
"http://www.nlm.nih.gov/research/umls/rxnorm","2272112","avapritinib 100 mg oral tablet","vsac_rx_cancer_directed","2"
"http://www.nlm.nih.gov/research/umls/rxnorm","2272113","ayvakit","vsac_rx_cancer_directed","1"
"http://www.nlm.nih.gov/research/umls/rxnorm","2272114","avapritinib 100 mg [ayvakit]","vsac_rx_cancer_directed","1"
"http://www.nlm.nih.gov/research/umls/rxnorm","2272115","avapritinib oral tablet [ayvakit]","vsac_rx_cancer_directed","1"
"http://www.nlm.nih.gov/research/umls/rxnorm","2272116","ayvakit oral product","vsac_rx_cancer_directed","1"
"http://www.nlm.nih.gov/research/umls/rxnorm","2272117","ayvakit pill","vsac_rx_cancer_directed","1"
"http://www.nlm.nih.gov/research/umls/rxnorm","2272118","ayvakit 100 mg oral tablet","vsac_rx_cancer_directed","2"
"http://www.nlm.nih.gov/research/umls/rxnorm","2272119","avapritinib 200 mg","vsac_rx_cancer_directed","1"
"http://www.nlm.nih.gov/research/umls/rxnorm","2272120","avapritinib 200 mg oral tablet","vsac_rx_cancer_directed","2"
"http://www.nlm.nih.gov/research/umls/rxnorm","2272121","avapritinib 200 mg [ayvakit]","vsac_rx_cancer_directed","1"
"http://www.nlm.nih.gov/research/umls/rxnorm","2272122","ayvakit 200 mg oral tablet","vsac_rx_cancer_directed","2"
"http://www.nlm.nih.gov/research/umls/rxnorm","2272123","avapritinib 300 mg","vsac_rx_cancer_directed","1"
"http://www.nlm.nih.gov/research/umls/rxnorm","2272124","avapritinib 300 mg oral tablet","vsac_rx_cancer_directed","2"
"http://www.nlm.nih.gov/research/umls/rxnorm","2272125","avapritinib 300 mg [ayvakit]","vsac_rx_cancer_directed","1"
"http://www.nlm.nih.gov/research/umls/rxnorm","2272126","ayvakit 300 mg oral tablet","vsac_rx_cancer_directed","2"
"http://www.nlm.nih.gov/research/umls/rxnorm","2273510","rituximab-pvvr","vsac_rx_cancer_directed","2"
"http://www.nlm.nih.gov/research/umls/rxnorm","2273511","rituximab-pvvr 10 mg/ml","vsac_rx_cancer_directed","2"
"http://www.nlm.nih.gov/research/umls/rxnorm","2273512","10 ml rituximab-pvvr 10 mg/ml injection","vsac_rx_cancer_directed","2"
"http://www.nlm.nih.gov/research/umls/rxnorm","2273513","ruxience","vsac_rx_cancer_directed","1"
"http://www.nlm.nih.gov/research/umls/rxnorm","2273514","rituximab-pvvr 10 mg/ml [ruxience]","vsac_rx_cancer_directed","2"
"http://www.nlm.nih.gov/research/umls/rxnorm","2273515","rituximab injection [ruxience]","vsac_rx_cancer_directed","2"
"http://www.nlm.nih.gov/research/umls/rxnorm","2273516","ruxience injectable product","vsac_rx_cancer_directed","1"
"http://www.nlm.nih.gov/research/umls/rxnorm","2273517","10 ml rituximab-pvvr 10 mg/ml injection [ruxience]","vsac_rx_cancer_directed","2"
"http://www.nlm.nih.gov/research/umls/rxnorm","2273520","50 ml rituximab-pvvr 10 mg/ml injection","vsac_rx_cancer_directed","2"
"http://www.nlm.nih.gov/research/umls/rxnorm","2273521","50 ml rituximab-pvvr 10 mg/ml injection [ruxience]","vsac_rx_cancer_directed","2"
"http://www.nlm.nih.gov/research/umls/rxnorm","2274378","tazemetostat","vsac_rx_cancer_directed","1"
"http://www.nlm.nih.gov/research/umls/rxnorm","2274379","tazemetostat hydrobromide","vsac_rx_cancer_directed","1"
"http://www.nlm.nih.gov/research/umls/rxnorm","2274380","tazemetostat 200 mg","vsac_rx_cancer_directed","1"
"http://www.nlm.nih.gov/research/umls/rxnorm","2274381","tazemetostat oral product","vsac_rx_cancer_directed","1"
"http://www.nlm.nih.gov/research/umls/rxnorm","2274382","tazemetostat pill","vsac_rx_cancer_directed","1"
"http://www.nlm.nih.gov/research/umls/rxnorm","2274383","tazemetostat oral tablet","vsac_rx_cancer_directed","1"
"http://www.nlm.nih.gov/research/umls/rxnorm","2274384","tazemetostat 200 mg oral tablet","vsac_rx_cancer_directed","2"
"http://www.nlm.nih.gov/research/umls/rxnorm","2274385","tazverik","vsac_rx_cancer_directed","1"
"http://www.nlm.nih.gov/research/umls/rxnorm","2274386","tazemetostat 200 mg [tazverik]","vsac_rx_cancer_directed","1"
"http://www.nlm.nih.gov/research/umls/rxnorm","2274387","tazemetostat oral tablet [tazverik]","vsac_rx_cancer_directed","1"
"http://www.nlm.nih.gov/research/umls/rxnorm","2274388","tazverik oral product","vsac_rx_cancer_directed","1"
"http://www.nlm.nih.gov/research/umls/rxnorm","2274389","tazverik pill","vsac_rx_cancer_directed","1"
"http://www.nlm.nih.gov/research/umls/rxnorm","2274390","tazverik 200 mg oral tablet","vsac_rx_cancer_directed","2"
"http://www.nlm.nih.gov/research/umls/rxnorm","227575","vincasar","vsac_rx_cancer_directed","4"
"http://www.nlm.nih.gov/research/umls/rxnorm","2277607","enfortumab vedotin","vsac_rx_cancer_directed","1"
"http://www.nlm.nih.gov/research/umls/rxnorm","2280730","trastuzumab-qyyp","vsac_rx_cancer_directed","1"
"http://www.nlm.nih.gov/research/umls/rxnorm","2280731","trastuzumab-qyyp 21 mg/ml","vsac_rx_cancer_directed","1"
"http://www.nlm.nih.gov/research/umls/rxnorm","2280732","trastuzumab-qyyp 21 mg/ml injectable solution","vsac_rx_cancer_directed","1"
"http://www.nlm.nih.gov/research/umls/rxnorm","2280733","trazimera","vsac_rx_cancer_directed","1"
"http://www.nlm.nih.gov/research/umls/rxnorm","2280734","trastuzumab-qyyp 21 mg/ml [trazimera]","vsac_rx_cancer_directed","1"
"http://www.nlm.nih.gov/research/umls/rxnorm","2280735","trastuzumab injectable solution [trazimera]","vsac_rx_cancer_directed","1"
"http://www.nlm.nih.gov/research/umls/rxnorm","2280736","trazimera injectable product","vsac_rx_cancer_directed","1"
"http://www.nlm.nih.gov/research/umls/rxnorm","2280737","trastuzumab-qyyp 21 mg/ml injectable solution [trazimera]","vsac_rx_cancer_directed","1"
"http://www.nlm.nih.gov/research/umls/rxnorm","2282018","isatuximab","vsac_rx_cancer_directed","1"
"http://www.nlm.nih.gov/research/umls/rxnorm","2282019","isatuximab-irfc","vsac_rx_cancer_directed","1"
"http://www.nlm.nih.gov/research/umls/rxnorm","2282020","isatuximab-irfc 20 mg/ml","vsac_rx_cancer_directed","1"
"http://www.nlm.nih.gov/research/umls/rxnorm","2282021","isatuximab injectable product","vsac_rx_cancer_directed","1"
"http://www.nlm.nih.gov/research/umls/rxnorm","2282022","isatuximab injection","vsac_rx_cancer_directed","1"
"http://www.nlm.nih.gov/research/umls/rxnorm","2282023","5 ml isatuximab-irfc 20 mg/ml injection","vsac_rx_cancer_directed","1"
"http://www.nlm.nih.gov/research/umls/rxnorm","2282024","sarclisa","vsac_rx_cancer_directed","1"
"http://www.nlm.nih.gov/research/umls/rxnorm","2282025","isatuximab-irfc 20 mg/ml [sarclisa]","vsac_rx_cancer_directed","1"
"http://www.nlm.nih.gov/research/umls/rxnorm","2282026","isatuximab injection [sarclisa]","vsac_rx_cancer_directed","1"
"http://www.nlm.nih.gov/research/umls/rxnorm","2282027","sarclisa injectable product","vsac_rx_cancer_directed","1"
"http://www.nlm.nih.gov/research/umls/rxnorm","2282028","5 ml isatuximab-irfc 20 mg/ml injection [sarclisa]","vsac_rx_cancer_directed","1"
"http://www.nlm.nih.gov/research/umls/rxnorm","2282031","25 ml isatuximab-irfc 20 mg/ml injection","vsac_rx_cancer_directed","1"
"http://www.nlm.nih.gov/research/umls/rxnorm","2282032","25 ml isatuximab-irfc 20 mg/ml injection [sarclisa]","vsac_rx_cancer_directed","1"
"http://www.nlm.nih.gov/research/umls/rxnorm","2284101","palbociclib oral tablet","vsac_rx_cancer_directed","1"
"http://www.nlm.nih.gov/research/umls/rxnorm","2284102","palbociclib 100 mg oral tablet","vsac_rx_cancer_directed","2"
"http://www.nlm.nih.gov/research/umls/rxnorm","2284103","palbociclib oral tablet [ibrance]","vsac_rx_cancer_directed","1"
"http://www.nlm.nih.gov/research/umls/rxnorm","2284104","ibrance 100 mg oral tablet","vsac_rx_cancer_directed","2"
"http://www.nlm.nih.gov/research/umls/rxnorm","2284105","palbociclib 125 mg oral tablet","vsac_rx_cancer_directed","2"
"http://www.nlm.nih.gov/research/umls/rxnorm","2284106","ibrance 125 mg oral tablet","vsac_rx_cancer_directed","2"
"http://www.nlm.nih.gov/research/umls/rxnorm","2284107","palbociclib 75 mg oral tablet","vsac_rx_cancer_directed","2"
"http://www.nlm.nih.gov/research/umls/rxnorm","2284108","ibrance 75 mg oral tablet","vsac_rx_cancer_directed","2"
"http://www.nlm.nih.gov/research/umls/rxnorm","2284502","irinotecan injection [onivyde]","vsac_rx_cancer_directed","4"
"http://www.nlm.nih.gov/research/umls/rxnorm","2284505","vincristine injection [marqibo]","vsac_rx_cancer_directed","8"
"http://www.nlm.nih.gov/research/umls/rxnorm","2284506","doxorubicin injection [doxil]","vsac_rx_cancer_directed","4"
"http://www.nlm.nih.gov/research/umls/rxnorm","2285806","cytarabine / daunorubicin injection [vyxeos]","vsac_rx_cancer_directed","4"
"http://www.nlm.nih.gov/research/umls/rxnorm","2285807","cytarabine / daunorubicin injection","vsac_rx_cancer_directed","4"
"http://www.nlm.nih.gov/research/umls/rxnorm","2285813","cytarabine / daunorubicin injectable product","vsac_rx_cancer_directed","4"
"http://www.nlm.nih.gov/research/umls/rxnorm","2289225","trastuzumab-dttb","vsac_rx_cancer_directed","1"
"http://www.nlm.nih.gov/research/umls/rxnorm","2289226","trastuzumab-dttb 150 mg","vsac_rx_cancer_directed","1"
"http://www.nlm.nih.gov/research/umls/rxnorm","2289227","trastuzumab-dttb 150 mg injection","vsac_rx_cancer_directed","2"
"http://www.nlm.nih.gov/research/umls/rxnorm","2289228","ontruzant","vsac_rx_cancer_directed","1"
"http://www.nlm.nih.gov/research/umls/rxnorm","2289229","trastuzumab-dttb 150 mg [ontruzant]","vsac_rx_cancer_directed","1"
"http://www.nlm.nih.gov/research/umls/rxnorm","2289230","trastuzumab injection [ontruzant]","vsac_rx_cancer_directed","1"
"http://www.nlm.nih.gov/research/umls/rxnorm","2289231","ontruzant injectable product","vsac_rx_cancer_directed","1"
"http://www.nlm.nih.gov/research/umls/rxnorm","2289232","ontruzant 150 mg injection","vsac_rx_cancer_directed","2"
"http://www.nlm.nih.gov/research/umls/rxnorm","2289233","trastuzumab-dttb 21 mg/ml","vsac_rx_cancer_directed","1"
"http://www.nlm.nih.gov/research/umls/rxnorm","2289234","trastuzumab-dttb 21 mg/ml injectable solution","vsac_rx_cancer_directed","1"
"http://www.nlm.nih.gov/research/umls/rxnorm","2289235","trastuzumab-dttb 21 mg/ml [ontruzant]","vsac_rx_cancer_directed","1"
"http://www.nlm.nih.gov/research/umls/rxnorm","2289236","trastuzumab injectable solution [ontruzant]","vsac_rx_cancer_directed","1"
"http://www.nlm.nih.gov/research/umls/rxnorm","2289237","ontruzant 21 mg/ml injectable solution","vsac_rx_cancer_directed","1"
"http://www.nlm.nih.gov/research/umls/rxnorm","2289410","romidepsin 5 mg/ml","vsac_rx_cancer_directed","4"
"http://www.nlm.nih.gov/research/umls/rxnorm","2289413","5.5 ml romidepsin 5 mg/ml injection","vsac_rx_cancer_directed","4"
"http://www.nlm.nih.gov/research/umls/rxnorm","233272","bexarotene","vsac_rx_cancer_directed","1"
"http://www.nlm.nih.gov/research/umls/rxnorm","234449","iodine-131-tositumomab","vsac_rx_cancer_directed","1"
"http://www.nlm.nih.gov/research/umls/rxnorm","2346","chlorambucil","vsac_rx_cancer_directed","2"
"http://www.nlm.nih.gov/research/umls/rxnorm","235857","melphalan hydrochloride","vsac_rx_cancer_directed","2"
"http://www.nlm.nih.gov/research/umls/rxnorm","2359268","pemigatinib","vsac_rx_cancer_directed","2"
"http://www.nlm.nih.gov/research/umls/rxnorm","2359330","pemigatinib 13.5 mg","vsac_rx_cancer_directed","2"
"http://www.nlm.nih.gov/research/umls/rxnorm","2359331","pemigatinib oral product","vsac_rx_cancer_directed","2"
"http://www.nlm.nih.gov/research/umls/rxnorm","2359332","pemigatinib pill","vsac_rx_cancer_directed","2"
"http://www.nlm.nih.gov/research/umls/rxnorm","2359333","pemigatinib oral tablet","vsac_rx_cancer_directed","2"
"http://www.nlm.nih.gov/research/umls/rxnorm","2359334","pemigatinib 13.5 mg oral tablet","vsac_rx_cancer_directed","4"
"http://www.nlm.nih.gov/research/umls/rxnorm","2359335","pemazyre","vsac_rx_cancer_directed","2"
"http://www.nlm.nih.gov/research/umls/rxnorm","2359336","pemigatinib 13.5 mg [pemazyre]","vsac_rx_cancer_directed","2"
"http://www.nlm.nih.gov/research/umls/rxnorm","2359337","pemigatinib oral tablet [pemazyre]","vsac_rx_cancer_directed","2"
"http://www.nlm.nih.gov/research/umls/rxnorm","2359338","pemazyre oral product","vsac_rx_cancer_directed","2"
"http://www.nlm.nih.gov/research/umls/rxnorm","2359339","pemazyre pill","vsac_rx_cancer_directed","2"
"http://www.nlm.nih.gov/research/umls/rxnorm","2359340","pemazyre 13.5 mg oral tablet","vsac_rx_cancer_directed","4"
"http://www.nlm.nih.gov/research/umls/rxnorm","2359341","pemigatinib 4.5 mg","vsac_rx_cancer_directed","2"
"http://www.nlm.nih.gov/research/umls/rxnorm","2359342","pemigatinib 4.5 mg oral tablet","vsac_rx_cancer_directed","4"
"http://www.nlm.nih.gov/research/umls/rxnorm","2359343","pemigatinib 4.5 mg [pemazyre]","vsac_rx_cancer_directed","2"
"http://www.nlm.nih.gov/research/umls/rxnorm","2359344","pemazyre 4.5 mg oral tablet","vsac_rx_cancer_directed","4"
"http://www.nlm.nih.gov/research/umls/rxnorm","2359345","pemigatinib 9 mg","vsac_rx_cancer_directed","2"
"http://www.nlm.nih.gov/research/umls/rxnorm","2359346","pemigatinib 9 mg oral tablet","vsac_rx_cancer_directed","4"
"http://www.nlm.nih.gov/research/umls/rxnorm","2359347","pemigatinib 9 mg [pemazyre]","vsac_rx_cancer_directed","2"
"http://www.nlm.nih.gov/research/umls/rxnorm","2359348","pemazyre 9 mg oral tablet","vsac_rx_cancer_directed","4"
"http://www.nlm.nih.gov/research/umls/rxnorm","2360231","sacituzumab","vsac_rx_cancer_directed","1"
"http://www.nlm.nih.gov/research/umls/rxnorm","2360232","sacituzumab govitecan","vsac_rx_cancer_directed","1"
"http://www.nlm.nih.gov/research/umls/rxnorm","2361285","tucatinib","vsac_rx_cancer_directed","1"
"http://www.nlm.nih.gov/research/umls/rxnorm","2361286","tucatinib 150 mg","vsac_rx_cancer_directed","1"
"http://www.nlm.nih.gov/research/umls/rxnorm","2361287","tucatinib oral product","vsac_rx_cancer_directed","1"
"http://www.nlm.nih.gov/research/umls/rxnorm","2361288","tucatinib pill","vsac_rx_cancer_directed","1"
"http://www.nlm.nih.gov/research/umls/rxnorm","2361289","tucatinib oral tablet","vsac_rx_cancer_directed","1"
"http://www.nlm.nih.gov/research/umls/rxnorm","2361290","tucatinib 150 mg oral tablet","vsac_rx_cancer_directed","2"
"http://www.nlm.nih.gov/research/umls/rxnorm","2361291","tukysa","vsac_rx_cancer_directed","1"
"http://www.nlm.nih.gov/research/umls/rxnorm","2361292","tucatinib 150 mg [tukysa]","vsac_rx_cancer_directed","1"
"http://www.nlm.nih.gov/research/umls/rxnorm","2361293","tucatinib oral tablet [tukysa]","vsac_rx_cancer_directed","1"
"http://www.nlm.nih.gov/research/umls/rxnorm","2361294","tukysa oral product","vsac_rx_cancer_directed","1"
"http://www.nlm.nih.gov/research/umls/rxnorm","2361295","tukysa pill","vsac_rx_cancer_directed","1"
"http://www.nlm.nih.gov/research/umls/rxnorm","2361296","tukysa 150 mg oral tablet","vsac_rx_cancer_directed","2"
"http://www.nlm.nih.gov/research/umls/rxnorm","2361297","tucatinib 50 mg","vsac_rx_cancer_directed","1"
"http://www.nlm.nih.gov/research/umls/rxnorm","2361298","tucatinib 50 mg oral tablet","vsac_rx_cancer_directed","2"
"http://www.nlm.nih.gov/research/umls/rxnorm","2361299","tucatinib 50 mg [tukysa]","vsac_rx_cancer_directed","1"
"http://www.nlm.nih.gov/research/umls/rxnorm","2361300","tukysa 50 mg oral tablet","vsac_rx_cancer_directed","2"
"http://www.nlm.nih.gov/research/umls/rxnorm","236167","lanreotide acetate","vsac_rx_cancer_directed","1"
"http://www.nlm.nih.gov/research/umls/rxnorm","2362165","capmatinib","vsac_rx_cancer_directed","1"
"http://www.nlm.nih.gov/research/umls/rxnorm","2362230","capmatinib 150 mg","vsac_rx_cancer_directed","1"
"http://www.nlm.nih.gov/research/umls/rxnorm","2362231","capmatinib oral product","vsac_rx_cancer_directed","1"
"http://www.nlm.nih.gov/research/umls/rxnorm","2362232","capmatinib pill","vsac_rx_cancer_directed","1"
"http://www.nlm.nih.gov/research/umls/rxnorm","2362233","capmatinib oral tablet","vsac_rx_cancer_directed","1"
"http://www.nlm.nih.gov/research/umls/rxnorm","2362234","capmatinib 150 mg oral tablet","vsac_rx_cancer_directed","2"
"http://www.nlm.nih.gov/research/umls/rxnorm","2362235","tabrecta","vsac_rx_cancer_directed","1"
"http://www.nlm.nih.gov/research/umls/rxnorm","2362236","capmatinib 150 mg [tabrecta]","vsac_rx_cancer_directed","1"
"http://www.nlm.nih.gov/research/umls/rxnorm","2362237","capmatinib oral tablet [tabrecta]","vsac_rx_cancer_directed","1"
"http://www.nlm.nih.gov/research/umls/rxnorm","2362238","tabrecta oral product","vsac_rx_cancer_directed","1"
"http://www.nlm.nih.gov/research/umls/rxnorm","2362239","tabrecta pill","vsac_rx_cancer_directed","1"
"http://www.nlm.nih.gov/research/umls/rxnorm","2362240","tabrecta 150 mg oral tablet","vsac_rx_cancer_directed","2"
"http://www.nlm.nih.gov/research/umls/rxnorm","2362241","capmatinib 200 mg","vsac_rx_cancer_directed","1"
"http://www.nlm.nih.gov/research/umls/rxnorm","2362242","capmatinib 200 mg oral tablet","vsac_rx_cancer_directed","2"
"http://www.nlm.nih.gov/research/umls/rxnorm","2362243","capmatinib 200 mg [tabrecta]","vsac_rx_cancer_directed","1"
"http://www.nlm.nih.gov/research/umls/rxnorm","2362244","tabrecta 200 mg oral tablet","vsac_rx_cancer_directed","2"
"http://www.nlm.nih.gov/research/umls/rxnorm","2362259","capmatinib hydrochloride","vsac_rx_cancer_directed","1"
"http://www.nlm.nih.gov/research/umls/rxnorm","236234","gemcitabine hydrochloride","vsac_rx_cancer_directed","2"
"http://www.nlm.nih.gov/research/umls/rxnorm","236538","triptorelin acetate","vsac_rx_cancer_directed","1"
"http://www.nlm.nih.gov/research/umls/rxnorm","2369389","ripretinib","vsac_rx_cancer_directed","1"
"http://www.nlm.nih.gov/research/umls/rxnorm","2369393","ripretinib 50 mg","vsac_rx_cancer_directed","1"
"http://www.nlm.nih.gov/research/umls/rxnorm","2369394","ripretinib oral product","vsac_rx_cancer_directed","1"
"http://www.nlm.nih.gov/research/umls/rxnorm","2369395","ripretinib pill","vsac_rx_cancer_directed","1"
"http://www.nlm.nih.gov/research/umls/rxnorm","2369396","ripretinib oral tablet","vsac_rx_cancer_directed","1"
"http://www.nlm.nih.gov/research/umls/rxnorm","2369397","ripretinib 50 mg oral tablet","vsac_rx_cancer_directed","2"
"http://www.nlm.nih.gov/research/umls/rxnorm","2369398","qinlock","vsac_rx_cancer_directed","1"
"http://www.nlm.nih.gov/research/umls/rxnorm","2369399","ripretinib 50 mg [qinlock]","vsac_rx_cancer_directed","1"
"http://www.nlm.nih.gov/research/umls/rxnorm","2369400","ripretinib oral tablet [qinlock]","vsac_rx_cancer_directed","1"
"http://www.nlm.nih.gov/research/umls/rxnorm","2369401","qinlock oral product","vsac_rx_cancer_directed","1"
"http://www.nlm.nih.gov/research/umls/rxnorm","2369402","qinlock pill","vsac_rx_cancer_directed","1"
"http://www.nlm.nih.gov/research/umls/rxnorm","2369403","qinlock 50 mg oral tablet","vsac_rx_cancer_directed","2"
"http://www.nlm.nih.gov/research/umls/rxnorm","2370147","selpercatinib","vsac_rx_cancer_directed","2"
"http://www.nlm.nih.gov/research/umls/rxnorm","2370160","selpercatinib 40 mg","vsac_rx_cancer_directed","1"
"http://www.nlm.nih.gov/research/umls/rxnorm","2370161","selpercatinib oral product","vsac_rx_cancer_directed","2"
"http://www.nlm.nih.gov/research/umls/rxnorm","2370162","selpercatinib pill","vsac_rx_cancer_directed","1"
"http://www.nlm.nih.gov/research/umls/rxnorm","2370163","selpercatinib oral capsule","vsac_rx_cancer_directed","2"
"http://www.nlm.nih.gov/research/umls/rxnorm","2370164","selpercatinib 40 mg oral capsule","vsac_rx_cancer_directed","4"
"http://www.nlm.nih.gov/research/umls/rxnorm","2370165","retevmo","vsac_rx_cancer_directed","2"
"http://www.nlm.nih.gov/research/umls/rxnorm","2370166","selpercatinib 40 mg [retevmo]","vsac_rx_cancer_directed","1"
"http://www.nlm.nih.gov/research/umls/rxnorm","2370167","selpercatinib oral capsule [retevmo]","vsac_rx_cancer_directed","2"
"http://www.nlm.nih.gov/research/umls/rxnorm","2370168","retevmo oral product","vsac_rx_cancer_directed","2"
"http://www.nlm.nih.gov/research/umls/rxnorm","2370169","retevmo pill","vsac_rx_cancer_directed","1"
"http://www.nlm.nih.gov/research/umls/rxnorm","2370170","retevmo 40 mg oral capsule","vsac_rx_cancer_directed","4"
"http://www.nlm.nih.gov/research/umls/rxnorm","2370171","selpercatinib 80 mg","vsac_rx_cancer_directed","1"
"http://www.nlm.nih.gov/research/umls/rxnorm","2370172","selpercatinib 80 mg oral capsule","vsac_rx_cancer_directed","4"
"http://www.nlm.nih.gov/research/umls/rxnorm","2370173","selpercatinib 80 mg [retevmo]","vsac_rx_cancer_directed","1"
"http://www.nlm.nih.gov/research/umls/rxnorm","2370174","retevmo 80 mg oral capsule","vsac_rx_cancer_directed","4"
"http://www.nlm.nih.gov/research/umls/rxnorm","2371769","fensolvi","vsac_rx_cancer_directed","1"
"http://www.nlm.nih.gov/research/umls/rxnorm","2371770","leuprolide acetate 120 mg/ml [fensolvi]","vsac_rx_cancer_directed","1"
"http://www.nlm.nih.gov/research/umls/rxnorm","2371771","leuprolide prefilled syringe [fensolvi]","vsac_rx_cancer_directed","1"
"http://www.nlm.nih.gov/research/umls/rxnorm","2371772","fensolvi injectable product","vsac_rx_cancer_directed","1"
"http://www.nlm.nih.gov/research/umls/rxnorm","2371773","0.375 ml fensolvi 120 mg/ml prefilled syringe","vsac_rx_cancer_directed","1"
"http://www.nlm.nih.gov/research/umls/rxnorm","2372199","daratumumab / hyaluronidase","vsac_rx_cancer_directed","1"
"http://www.nlm.nih.gov/research/umls/rxnorm","2374729","lurbinectedin","vsac_rx_cancer_directed","2"
"http://www.nlm.nih.gov/research/umls/rxnorm","2374730","lurbinectedin 4 mg","vsac_rx_cancer_directed","2"
"http://www.nlm.nih.gov/research/umls/rxnorm","2374731","lurbinectedin injectable product","vsac_rx_cancer_directed","2"
"http://www.nlm.nih.gov/research/umls/rxnorm","2374732","lurbinectedin injection","vsac_rx_cancer_directed","2"
"http://www.nlm.nih.gov/research/umls/rxnorm","2374733","lurbinectedin 4 mg injection","vsac_rx_cancer_directed","4"
"http://www.nlm.nih.gov/research/umls/rxnorm","2374734","zepzelca","vsac_rx_cancer_directed","2"
"http://www.nlm.nih.gov/research/umls/rxnorm","2374735","lurbinectedin 4 mg [zepzelca]","vsac_rx_cancer_directed","2"
"http://www.nlm.nih.gov/research/umls/rxnorm","2374736","lurbinectedin injection [zepzelca]","vsac_rx_cancer_directed","2"
"http://www.nlm.nih.gov/research/umls/rxnorm","2374737","zepzelca injectable product","vsac_rx_cancer_directed","2"
"http://www.nlm.nih.gov/research/umls/rxnorm","2374738","zepzelca 4 mg injection","vsac_rx_cancer_directed","4"
"http://www.nlm.nih.gov/research/umls/rxnorm","2375130","daratumumab-fihj","vsac_rx_cancer_directed","1"
"http://www.nlm.nih.gov/research/umls/rxnorm","2375131","daratumumab-fihj 120 mg/ml","vsac_rx_cancer_directed","1"
"http://www.nlm.nih.gov/research/umls/rxnorm","2375132","hyaluronidase-fihj","vsac_rx_cancer_directed","1"
"http://www.nlm.nih.gov/research/umls/rxnorm","2375133","hyaluronidase-fihj 2000 unt/ml","vsac_rx_cancer_directed","1"
"http://www.nlm.nih.gov/research/umls/rxnorm","2375134","daratumumab / hyaluronidase injectable product","vsac_rx_cancer_directed","1"
"http://www.nlm.nih.gov/research/umls/rxnorm","2375135","daratumumab / hyaluronidase injection","vsac_rx_cancer_directed","1"
"http://www.nlm.nih.gov/research/umls/rxnorm","2375136","15 ml daratumumab-fihj 120 mg/ml / hyaluronidase-fihj 2000 unt/ml injection","vsac_rx_cancer_directed","1"
"http://www.nlm.nih.gov/research/umls/rxnorm","2375137","darzalex faspro","vsac_rx_cancer_directed","1"
"http://www.nlm.nih.gov/research/umls/rxnorm","2375138","daratumumab-fihj 120 mg/ml / hyaluronidase-fihj 2000 unt/ml [darzalex faspro]","vsac_rx_cancer_directed","1"
"http://www.nlm.nih.gov/research/umls/rxnorm","2375139","daratumumab / hyaluronidase injection [darzalex faspro]","vsac_rx_cancer_directed","1"
"http://www.nlm.nih.gov/research/umls/rxnorm","2375140","darzalex faspro injectable product","vsac_rx_cancer_directed","1"
"http://www.nlm.nih.gov/research/umls/rxnorm","2375141","15 ml daratumumab-fihj 120 mg/ml / hyaluronidase-fihj 2000 unt/ml injection [darzalex faspro]","vsac_rx_cancer_directed","1"
"http://www.nlm.nih.gov/research/umls/rxnorm","2375543","trastuzumab-oysk","vsac_rx_cancer_directed","1"
"http://www.nlm.nih.gov/research/umls/rxnorm","2375544","trastuzumab-oysk 120 mg/ml","vsac_rx_cancer_directed","1"
"http://www.nlm.nih.gov/research/umls/rxnorm","2375546","hyaluronidase-oysk 2000 unt/ml / trastuzumab-oysk 120 mg/ml [herceptin hylecta]","vsac_rx_cancer_directed","1"
"http://www.nlm.nih.gov/research/umls/rxnorm","2375816","mitomycin pyelocalyceal product","vsac_rx_cancer_directed","4"
"http://www.nlm.nih.gov/research/umls/rxnorm","2375817","mitomycin powder for pyelocalyceal solution","vsac_rx_cancer_directed","4"
"http://www.nlm.nih.gov/research/umls/rxnorm","2375818","mitomycin 40 mg powder for pyelocalyceal solution","vsac_rx_cancer_directed","6"
"http://www.nlm.nih.gov/research/umls/rxnorm","2375819","jelmyto","vsac_rx_cancer_directed","2"
"http://www.nlm.nih.gov/research/umls/rxnorm","2375820","mitomycin 40 mg [jelmyto]","vsac_rx_cancer_directed","4"
"http://www.nlm.nih.gov/research/umls/rxnorm","2375821","mitomycin powder for pyelocalyceal solution [jelmyto]","vsac_rx_cancer_directed","4"
"http://www.nlm.nih.gov/research/umls/rxnorm","2375822","jelmyto pyelocalyceal product","vsac_rx_cancer_directed","2"
"http://www.nlm.nih.gov/research/umls/rxnorm","2375823","jelmyto 40 mg powder for pyelocalyceal solution","vsac_rx_cancer_directed","4"
"http://www.nlm.nih.gov/research/umls/rxnorm","237788","leucovorin 350 mg injection","vsac_rx_cancer_directed","2"
"http://www.nlm.nih.gov/research/umls/rxnorm","2382595","hyaluronidase-zzxf","vsac_rx_cancer_directed","1"
"http://www.nlm.nih.gov/research/umls/rxnorm","2382596","hyaluronidase-zzxf 2000 unt/ml","vsac_rx_cancer_directed","1"
"http://www.nlm.nih.gov/research/umls/rxnorm","2382597","pertuzumab-zzxf","vsac_rx_cancer_directed","1"
"http://www.nlm.nih.gov/research/umls/rxnorm","2382598","pertuzumab-zzxf 80 mg/ml","vsac_rx_cancer_directed","1"
"http://www.nlm.nih.gov/research/umls/rxnorm","2382599","trastuzumab-zzxf","vsac_rx_cancer_directed","1"
"http://www.nlm.nih.gov/research/umls/rxnorm","2382600","trastuzumab-zzxf 40 mg/ml","vsac_rx_cancer_directed","1"
"http://www.nlm.nih.gov/research/umls/rxnorm","2382601","hyaluronidase / pertuzumab / trastuzumab injectable product","vsac_rx_cancer_directed","1"
"http://www.nlm.nih.gov/research/umls/rxnorm","2382602","hyaluronidase / pertuzumab / trastuzumab injection","vsac_rx_cancer_directed","1"
"http://www.nlm.nih.gov/research/umls/rxnorm","2382603","hyaluronidase / pertuzumab / trastuzumab","vsac_rx_cancer_directed","1"
"http://www.nlm.nih.gov/research/umls/rxnorm","2382604","15 ml hyaluronidase-zzxf 2000 unt/ml / pertuzumab-zzxf 80 mg/ml / trastuzumab-zzxf 40 mg/ml injection","vsac_rx_cancer_directed","1"
"http://www.nlm.nih.gov/research/umls/rxnorm","2382605","phesgo","vsac_rx_cancer_directed","1"
"http://www.nlm.nih.gov/research/umls/rxnorm","2382606","hyaluronidase-zzxf 2000 unt/ml / pertuzumab-zzxf 80 mg/ml / trastuzumab-zzxf 40 mg/ml [phesgo]","vsac_rx_cancer_directed","1"
"http://www.nlm.nih.gov/research/umls/rxnorm","2382607","hyaluronidase / pertuzumab / trastuzumab injection [phesgo]","vsac_rx_cancer_directed","1"
"http://www.nlm.nih.gov/research/umls/rxnorm","2382608","phesgo injectable product","vsac_rx_cancer_directed","1"
"http://www.nlm.nih.gov/research/umls/rxnorm","2382609","15 ml hyaluronidase-zzxf 2000 unt/ml / pertuzumab-zzxf 80 mg/ml / trastuzumab-zzxf 40 mg/ml injection [phesgo]","vsac_rx_cancer_directed","1"
"http://www.nlm.nih.gov/research/umls/rxnorm","2382613","pertuzumab-zzxf 60 mg/ml","vsac_rx_cancer_directed","1"
"http://www.nlm.nih.gov/research/umls/rxnorm","2382614","trastuzumab-zzxf 60 mg/ml","vsac_rx_cancer_directed","1"
"http://www.nlm.nih.gov/research/umls/rxnorm","2382989","selinexor 60 mg twice weekly (120 mg total weekly) dose carton pack, 20 mg oral tablet 24 count pack","vsac_rx_cancer_directed","1"
"http://www.nlm.nih.gov/research/umls/rxnorm","2382990","xpovio 60 mg twice weekly (120 mg total weekly) dose carton pack","vsac_rx_cancer_directed","1"
"http://www.nlm.nih.gov/research/umls/rxnorm","2382991","xpovio 40 mg twice weekly (80 mg total weekly) dose carton pack","vsac_rx_cancer_directed","1"
"http://www.nlm.nih.gov/research/umls/rxnorm","2382992","selinexor 40 mg weekly dose carton pack, 20 mg oral tablet 8 count pack","vsac_rx_cancer_directed","1"
"http://www.nlm.nih.gov/research/umls/rxnorm","2382993","xpovio 40 mg weekly dose carton pack","vsac_rx_cancer_directed","1"
"http://www.nlm.nih.gov/research/umls/rxnorm","2383305","10 ml hyaluronidase-zzxf 2000 unt/ml / pertuzumab-zzxf 60 mg/ml / trastuzumab-zzxf 60 mg/ml injection","vsac_rx_cancer_directed","1"
"http://www.nlm.nih.gov/research/umls/rxnorm","2383306","hyaluronidase-zzxf 2000 unt/ml / pertuzumab-zzxf 60 mg/ml / trastuzumab-zzxf 60 mg/ml [phesgo]","vsac_rx_cancer_directed","1"
"http://www.nlm.nih.gov/research/umls/rxnorm","2383307","10 ml hyaluronidase-zzxf 2000 unt/ml / pertuzumab-zzxf 60 mg/ml / trastuzumab-zzxf 60 mg/ml injection [phesgo]","vsac_rx_cancer_directed","1"
"http://www.nlm.nih.gov/research/umls/rxnorm","2384449","cedazuridine","vsac_rx_cancer_directed","2"
"http://www.nlm.nih.gov/research/umls/rxnorm","2384451","cedazuridine 100 mg","vsac_rx_cancer_directed","2"
"http://www.nlm.nih.gov/research/umls/rxnorm","2384452","decitabine 35 mg","vsac_rx_cancer_directed","2"
"http://www.nlm.nih.gov/research/umls/rxnorm","2384453","cedazuridine / decitabine oral product","vsac_rx_cancer_directed","2"
"http://www.nlm.nih.gov/research/umls/rxnorm","2384454","cedazuridine / decitabine pill","vsac_rx_cancer_directed","2"
"http://www.nlm.nih.gov/research/umls/rxnorm","2384455","cedazuridine / decitabine oral tablet","vsac_rx_cancer_directed","2"
"http://www.nlm.nih.gov/research/umls/rxnorm","2384456","cedazuridine / decitabine","vsac_rx_cancer_directed","2"
"http://www.nlm.nih.gov/research/umls/rxnorm","2384457","cedazuridine 100 mg / decitabine 35 mg oral tablet","vsac_rx_cancer_directed","4"
"http://www.nlm.nih.gov/research/umls/rxnorm","2384458","cedazuridine 100 mg / decitabine 35 mg (5) oral tablet pack","vsac_rx_cancer_directed","4"
"http://www.nlm.nih.gov/research/umls/rxnorm","2384459","inqovi","vsac_rx_cancer_directed","2"
"http://www.nlm.nih.gov/research/umls/rxnorm","2384460","cedazuridine 100 mg / decitabine 35 mg [inqovi]","vsac_rx_cancer_directed","2"
"http://www.nlm.nih.gov/research/umls/rxnorm","2384461","cedazuridine / decitabine oral tablet [inqovi]","vsac_rx_cancer_directed","2"
"http://www.nlm.nih.gov/research/umls/rxnorm","2384462","inqovi oral product","vsac_rx_cancer_directed","2"
"http://www.nlm.nih.gov/research/umls/rxnorm","2384463","inqovi pill","vsac_rx_cancer_directed","2"
"http://www.nlm.nih.gov/research/umls/rxnorm","2384464","inqovi 35 mg / 100 mg oral tablet","vsac_rx_cancer_directed","4"
"http://www.nlm.nih.gov/research/umls/rxnorm","2384465","inqovi 5 tablet pack","vsac_rx_cancer_directed","4"
"http://www.nlm.nih.gov/research/umls/rxnorm","2386858","cyclophosphamide 200 mg/ml","vsac_rx_cancer_directed","4"
"http://www.nlm.nih.gov/research/umls/rxnorm","2386859","cyclophosphamide 200 mg/ml injectable solution","vsac_rx_cancer_directed","9"
"http://www.nlm.nih.gov/research/umls/rxnorm","2387211","tafasitamab","vsac_rx_cancer_directed","1"
"http://www.nlm.nih.gov/research/umls/rxnorm","2387277","brexucabtagene autoleucel","vsac_rx_cancer_directed","1"
"http://www.nlm.nih.gov/research/umls/rxnorm","2387334","tafasitamab-cxix","vsac_rx_cancer_directed","1"
"http://www.nlm.nih.gov/research/umls/rxnorm","2387335","tafasitamab-cxix 200 mg","vsac_rx_cancer_directed","1"
"http://www.nlm.nih.gov/research/umls/rxnorm","2387336","tafasitamab injectable product","vsac_rx_cancer_directed","1"
"http://www.nlm.nih.gov/research/umls/rxnorm","2387337","tafasitamab injection","vsac_rx_cancer_directed","1"
"http://www.nlm.nih.gov/research/umls/rxnorm","2387338","tafasitamab-cxix 200 mg injection","vsac_rx_cancer_directed","2"
"http://www.nlm.nih.gov/research/umls/rxnorm","2387339","monjuvi","vsac_rx_cancer_directed","1"
"http://www.nlm.nih.gov/research/umls/rxnorm","2387340","tafasitamab-cxix 200 mg [monjuvi]","vsac_rx_cancer_directed","1"
"http://www.nlm.nih.gov/research/umls/rxnorm","2387341","tafasitamab injection [monjuvi]","vsac_rx_cancer_directed","1"
"http://www.nlm.nih.gov/research/umls/rxnorm","2387342","monjuvi injectable product","vsac_rx_cancer_directed","1"
"http://www.nlm.nih.gov/research/umls/rxnorm","2387343","monjuvi 200 mg injection","vsac_rx_cancer_directed","2"
"http://www.nlm.nih.gov/research/umls/rxnorm","2387344","brexucabtagene autoleucel 2940000 cells/ml","vsac_rx_cancer_directed","1"
"http://www.nlm.nih.gov/research/umls/rxnorm","2387345","brexucabtagene autoleucel injectable product","vsac_rx_cancer_directed","1"
"http://www.nlm.nih.gov/research/umls/rxnorm","2387346","brexucabtagene autoleucel injection","vsac_rx_cancer_directed","1"
"http://www.nlm.nih.gov/research/umls/rxnorm","2387347","68 ml brexucabtagene autoleucel 2940000 cells/ml injection","vsac_rx_cancer_directed","1"
"http://www.nlm.nih.gov/research/umls/rxnorm","2387348","tecartus","vsac_rx_cancer_directed","1"
"http://www.nlm.nih.gov/research/umls/rxnorm","2387349","brexucabtagene autoleucel 2940000 cells/ml [tecartus]","vsac_rx_cancer_directed","1"
"http://www.nlm.nih.gov/research/umls/rxnorm","2387350","brexucabtagene autoleucel injection [tecartus]","vsac_rx_cancer_directed","1"
"http://www.nlm.nih.gov/research/umls/rxnorm","2387351","tecartus injectable product","vsac_rx_cancer_directed","1"
"http://www.nlm.nih.gov/research/umls/rxnorm","2387352","68 ml brexucabtagene autoleucel 2940000 cells/ml injection [tecartus]","vsac_rx_cancer_directed","1"
"http://www.nlm.nih.gov/research/umls/rxnorm","2387833","belantamab mafodotin-blmf","vsac_rx_cancer_directed","1"
"http://www.nlm.nih.gov/research/umls/rxnorm","2387834","belantamab mafodotin","vsac_rx_cancer_directed","1"
"http://www.nlm.nih.gov/research/umls/rxnorm","2387835","belantamab mafodotin-blmf 100 mg","vsac_rx_cancer_directed","1"
"http://www.nlm.nih.gov/research/umls/rxnorm","2387836","belantamab mafodotin injectable product","vsac_rx_cancer_directed","1"
"http://www.nlm.nih.gov/research/umls/rxnorm","2387837","belantamab mafodotin injection","vsac_rx_cancer_directed","1"
"http://www.nlm.nih.gov/research/umls/rxnorm","2387838","belantamab mafodotin-blmf 100 mg injection","vsac_rx_cancer_directed","2"
"http://www.nlm.nih.gov/research/umls/rxnorm","2387839","blenrep","vsac_rx_cancer_directed","1"
"http://www.nlm.nih.gov/research/umls/rxnorm","2387840","belantamab mafodotin-blmf 100 mg [blenrep]","vsac_rx_cancer_directed","1"
"http://www.nlm.nih.gov/research/umls/rxnorm","2387841","belantamab mafodotin injection [blenrep]","vsac_rx_cancer_directed","1"
"http://www.nlm.nih.gov/research/umls/rxnorm","2387842","blenrep injectable product","vsac_rx_cancer_directed","1"
"http://www.nlm.nih.gov/research/umls/rxnorm","2387843","blenrep 100 mg injection","vsac_rx_cancer_directed","2"
"http://www.nlm.nih.gov/research/umls/rxnorm","2388589","axicabtagene ciloleucel 2940000 cells/ml","vsac_rx_cancer_directed","1"
"http://www.nlm.nih.gov/research/umls/rxnorm","2388591","axicabtagene ciloleucel 2940000 cells/ml [yescarta]","vsac_rx_cancer_directed","1"
"http://www.nlm.nih.gov/research/umls/rxnorm","239","aclarubicin","vsac_rx_cancer_directed","2"
"http://www.nlm.nih.gov/research/umls/rxnorm","2390643","enzalutamide oral tablet","vsac_rx_cancer_directed","1"
"http://www.nlm.nih.gov/research/umls/rxnorm","2390644","enzalutamide 40 mg oral tablet","vsac_rx_cancer_directed","2"
"http://www.nlm.nih.gov/research/umls/rxnorm","2390645","enzalutamide oral tablet [xtandi]","vsac_rx_cancer_directed","1"
"http://www.nlm.nih.gov/research/umls/rxnorm","2390646","xtandi 40 mg oral tablet","vsac_rx_cancer_directed","2"
"http://www.nlm.nih.gov/research/umls/rxnorm","2390647","enzalutamide 80 mg","vsac_rx_cancer_directed","1"
"http://www.nlm.nih.gov/research/umls/rxnorm","2390648","enzalutamide 80 mg oral tablet","vsac_rx_cancer_directed","2"
"http://www.nlm.nih.gov/research/umls/rxnorm","2390649","enzalutamide 80 mg [xtandi]","vsac_rx_cancer_directed","1"
"http://www.nlm.nih.gov/research/umls/rxnorm","2390650","xtandi 80 mg oral tablet","vsac_rx_cancer_directed","2"
"http://www.nlm.nih.gov/research/umls/rxnorm","239177","fluorouracil 50 mg/ml injectable solution","vsac_rx_cancer_directed","6"
"http://www.nlm.nih.gov/research/umls/rxnorm","239178","vinblastine sulfate 1 mg/ml injectable solution","vsac_rx_cancer_directed","12"
"http://www.nlm.nih.gov/research/umls/rxnorm","239179","dactinomycin 500 mcg injection","vsac_rx_cancer_directed","9"
"http://www.nlm.nih.gov/research/umls/rxnorm","239180","streptozocin 1 gm injection","vsac_rx_cancer_directed","6"
"http://www.nlm.nih.gov/research/umls/rxnorm","2394936","pralsetinib","vsac_rx_cancer_directed","2"
"http://www.nlm.nih.gov/research/umls/rxnorm","2394937","pralsetinib 100 mg","vsac_rx_cancer_directed","1"
"http://www.nlm.nih.gov/research/umls/rxnorm","2394938","pralsetinib oral product","vsac_rx_cancer_directed","2"
"http://www.nlm.nih.gov/research/umls/rxnorm","2394939","pralsetinib pill","vsac_rx_cancer_directed","1"
"http://www.nlm.nih.gov/research/umls/rxnorm","2394940","pralsetinib oral capsule","vsac_rx_cancer_directed","2"
"http://www.nlm.nih.gov/research/umls/rxnorm","2394941","pralsetinib 100 mg oral capsule","vsac_rx_cancer_directed","4"
"http://www.nlm.nih.gov/research/umls/rxnorm","2394942","gavreto","vsac_rx_cancer_directed","2"
"http://www.nlm.nih.gov/research/umls/rxnorm","2394943","pralsetinib 100 mg [gavreto]","vsac_rx_cancer_directed","1"
"http://www.nlm.nih.gov/research/umls/rxnorm","2394944","pralsetinib oral capsule [gavreto]","vsac_rx_cancer_directed","2"
"http://www.nlm.nih.gov/research/umls/rxnorm","2394945","gavreto oral product","vsac_rx_cancer_directed","2"
"http://www.nlm.nih.gov/research/umls/rxnorm","2394946","gavreto pill","vsac_rx_cancer_directed","1"
"http://www.nlm.nih.gov/research/umls/rxnorm","2394947","gavreto 100 mg oral capsule","vsac_rx_cancer_directed","4"
"http://www.nlm.nih.gov/research/umls/rxnorm","2396760","azacitidine 200 mg","vsac_rx_cancer_directed","4"
"http://www.nlm.nih.gov/research/umls/rxnorm","2396761","azacitidine oral product","vsac_rx_cancer_directed","4"
"http://www.nlm.nih.gov/research/umls/rxnorm","2396762","azacitidine pill","vsac_rx_cancer_directed","4"
"http://www.nlm.nih.gov/research/umls/rxnorm","2396763","azacitidine oral tablet","vsac_rx_cancer_directed","4"
"http://www.nlm.nih.gov/research/umls/rxnorm","2396764","azacitidine 200 mg oral tablet","vsac_rx_cancer_directed","6"
"http://www.nlm.nih.gov/research/umls/rxnorm","2396765","onureg","vsac_rx_cancer_directed","2"
"http://www.nlm.nih.gov/research/umls/rxnorm","2396766","azacitidine 200 mg [onureg]","vsac_rx_cancer_directed","4"
"http://www.nlm.nih.gov/research/umls/rxnorm","2396767","azacitidine oral tablet [onureg]","vsac_rx_cancer_directed","4"
"http://www.nlm.nih.gov/research/umls/rxnorm","2396768","onureg oral product","vsac_rx_cancer_directed","2"
"http://www.nlm.nih.gov/research/umls/rxnorm","2396769","onureg pill","vsac_rx_cancer_directed","2"
"http://www.nlm.nih.gov/research/umls/rxnorm","2396770","azacitidine 200 mg oral tablet [onureg]","vsac_rx_cancer_directed","4"
"http://www.nlm.nih.gov/research/umls/rxnorm","2396771","azacitidine 300 mg","vsac_rx_cancer_directed","4"
"http://www.nlm.nih.gov/research/umls/rxnorm","2396772","azacitidine 300 mg oral tablet","vsac_rx_cancer_directed","6"
"http://www.nlm.nih.gov/research/umls/rxnorm","2396773","azacitidine 300 mg [onureg]","vsac_rx_cancer_directed","4"
"http://www.nlm.nih.gov/research/umls/rxnorm","2396774","azacitidine 300 mg oral tablet [onureg]","vsac_rx_cancer_directed","4"
"http://www.nlm.nih.gov/research/umls/rxnorm","2398130","polatuzumab vedotin-piiq 30 mg","vsac_rx_cancer_directed","1"
"http://www.nlm.nih.gov/research/umls/rxnorm","2398131","olatuzumab vedotin-piiq 30 mg injection","vsac_rx_cancer_directed","1"
"http://www.nlm.nih.gov/research/umls/rxnorm","2398132","polatuzumab vedotin-piiq 30 mg [polivy]","vsac_rx_cancer_directed","1"
"http://www.nlm.nih.gov/research/umls/rxnorm","2398133","polivy 30 mg injection","vsac_rx_cancer_directed","2"
"http://www.nlm.nih.gov/research/umls/rxnorm","240416","cytarabine 20 mg/ml injectable solution","vsac_rx_cancer_directed","6"
"http://www.nlm.nih.gov/research/umls/rxnorm","240448","0.5 ml interferon gamma-1b 0.2 mg/ml injection","vsac_rx_cancer_directed","1"
"http://www.nlm.nih.gov/research/umls/rxnorm","240573","pentostatin 10 mg injection","vsac_rx_cancer_directed","6"
"http://www.nlm.nih.gov/research/umls/rxnorm","240754","10 ml cladribine 1 mg/ml injection","vsac_rx_cancer_directed","2"
"http://www.nlm.nih.gov/research/umls/rxnorm","240906","5 ml pegaspargase 750 unt/ml injection","vsac_rx_cancer_directed","3"
"http://www.nlm.nih.gov/research/umls/rxnorm","245255","ara-c 50 mg/ml injectable solution","vsac_rx_cancer_directed","2"
"http://www.nlm.nih.gov/research/umls/rxnorm","245839","vindesine 1 mg/ml injectable solution","vsac_rx_cancer_directed","2"
"http://www.nlm.nih.gov/research/umls/rxnorm","24614","etoposide phosphate","vsac_rx_cancer_directed","2"
"http://www.nlm.nih.gov/research/umls/rxnorm","24698","fludarabine","vsac_rx_cancer_directed","2"
"http://www.nlm.nih.gov/research/umls/rxnorm","2472325","rituximab-arrx","vsac_rx_cancer_directed","2"
"http://www.nlm.nih.gov/research/umls/rxnorm","2472326","rituximab-arrx 10 mg/ml","vsac_rx_cancer_directed","2"
"http://www.nlm.nih.gov/research/umls/rxnorm","2472327","10 ml rituximab-arrx 10 mg/ml injection","vsac_rx_cancer_directed","2"
"http://www.nlm.nih.gov/research/umls/rxnorm","2472328","riabni","vsac_rx_cancer_directed","1"
"http://www.nlm.nih.gov/research/umls/rxnorm","2472329","rituximab-arrx 10 mg/ml [riabni]","vsac_rx_cancer_directed","2"
"http://www.nlm.nih.gov/research/umls/rxnorm","2472330","rituximab injection [riabni]","vsac_rx_cancer_directed","2"
"http://www.nlm.nih.gov/research/umls/rxnorm","2472331","riabni injectable product","vsac_rx_cancer_directed","1"
"http://www.nlm.nih.gov/research/umls/rxnorm","2472332","10 ml rituximab-arrx 10 mg/ml injection [riabni]","vsac_rx_cancer_directed","2"
"http://www.nlm.nih.gov/research/umls/rxnorm","2472335","50 ml rituximab-arrx 10 mg/ml injection","vsac_rx_cancer_directed","2"
"http://www.nlm.nih.gov/research/umls/rxnorm","2472336","50 ml rituximab-arrx 10 mg/ml injection [riabni]","vsac_rx_cancer_directed","2"
"http://www.nlm.nih.gov/research/umls/rxnorm","2472778","relugolix","vsac_rx_cancer_directed","1"
"http://www.nlm.nih.gov/research/umls/rxnorm","2472779","relugolix 120 mg","vsac_rx_cancer_directed","1"
"http://www.nlm.nih.gov/research/umls/rxnorm","2472780","relugolix oral product","vsac_rx_cancer_directed","1"
"http://www.nlm.nih.gov/research/umls/rxnorm","2472781","relugolix pill","vsac_rx_cancer_directed","1"
"http://www.nlm.nih.gov/research/umls/rxnorm","2472783","relugolix 120 mg oral tablet","vsac_rx_cancer_directed","2"
"http://www.nlm.nih.gov/research/umls/rxnorm","2472784","orgovyx","vsac_rx_cancer_directed","1"
"http://www.nlm.nih.gov/research/umls/rxnorm","2472785","relugolix 120 mg [orgovyx]","vsac_rx_cancer_directed","1"
"http://www.nlm.nih.gov/research/umls/rxnorm","2472786","relugolix oral tablet [orgovyx]","vsac_rx_cancer_directed","1"
"http://www.nlm.nih.gov/research/umls/rxnorm","2472787","orgovyx oral product","vsac_rx_cancer_directed","1"
"http://www.nlm.nih.gov/research/umls/rxnorm","2472788","orgovyx pill","vsac_rx_cancer_directed","1"
"http://www.nlm.nih.gov/research/umls/rxnorm","2472789","orgovyx 120 mg oral tablet","vsac_rx_cancer_directed","2"
"http://www.nlm.nih.gov/research/umls/rxnorm","2472790","trastuzumab-qyyp 150 mg","vsac_rx_cancer_directed","1"
"http://www.nlm.nih.gov/research/umls/rxnorm","2472791","trastuzumab-qyyp 150 mg injection","vsac_rx_cancer_directed","2"
"http://www.nlm.nih.gov/research/umls/rxnorm","2472792","trastuzumab-qyyp 150 mg [trazimera]","vsac_rx_cancer_directed","1"
"http://www.nlm.nih.gov/research/umls/rxnorm","2472793","trastuzumab injection [trazimera]","vsac_rx_cancer_directed","1"
"http://www.nlm.nih.gov/research/umls/rxnorm","2472794","trazimera 150 mg injection","vsac_rx_cancer_directed","2"
"http://www.nlm.nih.gov/research/umls/rxnorm","2473039","ponatinib 10 mg","vsac_rx_cancer_directed","4"
"http://www.nlm.nih.gov/research/umls/rxnorm","2473040","ponatinib 10 mg oral tablet","vsac_rx_cancer_directed","9"
"http://www.nlm.nih.gov/research/umls/rxnorm","2473041","ponatinib 10 mg [iclusig]","vsac_rx_cancer_directed","4"
"http://www.nlm.nih.gov/research/umls/rxnorm","2473042","iclusig 10 mg oral tablet","vsac_rx_cancer_directed","6"
"http://www.nlm.nih.gov/research/umls/rxnorm","2473230","paclitaxel poliglumex","vsac_rx_cancer_directed","4"
"http://www.nlm.nih.gov/research/umls/rxnorm","2473850","margetuximab-cmkb","vsac_rx_cancer_directed","1"
"http://www.nlm.nih.gov/research/umls/rxnorm","2473851","margetuximab","vsac_rx_cancer_directed","1"
"http://www.nlm.nih.gov/research/umls/rxnorm","2474025","margetuximab-cmkb 25 mg/ml","vsac_rx_cancer_directed","1"
"http://www.nlm.nih.gov/research/umls/rxnorm","2474026","margetuximab injectable product","vsac_rx_cancer_directed","1"
"http://www.nlm.nih.gov/research/umls/rxnorm","2474027","margetuximab injection","vsac_rx_cancer_directed","1"
"http://www.nlm.nih.gov/research/umls/rxnorm","2474028","10 ml margetuximab-cmkb 25 mg/ml injection","vsac_rx_cancer_directed","1"
"http://www.nlm.nih.gov/research/umls/rxnorm","2474029","margenza","vsac_rx_cancer_directed","1"
"http://www.nlm.nih.gov/research/umls/rxnorm","2474030","margetuximab-cmkb 25 mg/ml [margenza]","vsac_rx_cancer_directed","1"
"http://www.nlm.nih.gov/research/umls/rxnorm","2474031","margetuximab injection [margenza]","vsac_rx_cancer_directed","1"
"http://www.nlm.nih.gov/research/umls/rxnorm","2474032","margenza injectable product","vsac_rx_cancer_directed","1"
"http://www.nlm.nih.gov/research/umls/rxnorm","2474033","10 ml margenza 25 mg/ml injection","vsac_rx_cancer_directed","1"
"http://www.nlm.nih.gov/research/umls/rxnorm","2474039","naxitamab","vsac_rx_cancer_directed","1"
"http://www.nlm.nih.gov/research/umls/rxnorm","2474235","naxitamab-gqgk","vsac_rx_cancer_directed","1"
"http://www.nlm.nih.gov/research/umls/rxnorm","2474236","naxitamab-gqgk 4 mg/ml","vsac_rx_cancer_directed","1"
"http://www.nlm.nih.gov/research/umls/rxnorm","2474237","naxitamab injectable product","vsac_rx_cancer_directed","1"
"http://www.nlm.nih.gov/research/umls/rxnorm","2474238","naxitamab injection","vsac_rx_cancer_directed","1"
"http://www.nlm.nih.gov/research/umls/rxnorm","2474239","naxitamab-gqgk 40 mg per 10 ml injection","vsac_rx_cancer_directed","2"
"http://www.nlm.nih.gov/research/umls/rxnorm","2474240","danyelza","vsac_rx_cancer_directed","1"
"http://www.nlm.nih.gov/research/umls/rxnorm","2474241","naxitamab-gqgk 4 mg/ml [danyelza]","vsac_rx_cancer_directed","1"
"http://www.nlm.nih.gov/research/umls/rxnorm","2474242","naxitamab injection [danyelza]","vsac_rx_cancer_directed","1"
"http://www.nlm.nih.gov/research/umls/rxnorm","2474243","danyelza injectable product","vsac_rx_cancer_directed","1"
"http://www.nlm.nih.gov/research/umls/rxnorm","2474244","10 ml danyelza 4 mg/ml injection","vsac_rx_cancer_directed","1"
"http://www.nlm.nih.gov/research/umls/rxnorm","247495","buserelin 0.1 % injectable solution","vsac_rx_cancer_directed","2"
"http://www.nlm.nih.gov/research/umls/rxnorm","2477103","tepotinib","vsac_rx_cancer_directed","1"
"http://www.nlm.nih.gov/research/umls/rxnorm","2477104","tepotinib hydrochloride","vsac_rx_cancer_directed","1"
"http://www.nlm.nih.gov/research/umls/rxnorm","2477262","tepotinib 225 mg","vsac_rx_cancer_directed","1"
"http://www.nlm.nih.gov/research/umls/rxnorm","2477263","tepotinib oral product","vsac_rx_cancer_directed","1"
"http://www.nlm.nih.gov/research/umls/rxnorm","2477264","tepotinib pill","vsac_rx_cancer_directed","1"
"http://www.nlm.nih.gov/research/umls/rxnorm","2477265","tepotinib oral tablet","vsac_rx_cancer_directed","1"
"http://www.nlm.nih.gov/research/umls/rxnorm","2477266","tepotinib 225 mg oral tablet","vsac_rx_cancer_directed","2"
"http://www.nlm.nih.gov/research/umls/rxnorm","2477267","tepmetko","vsac_rx_cancer_directed","1"
"http://www.nlm.nih.gov/research/umls/rxnorm","2477268","tepotinib 225 mg [tepmetko]","vsac_rx_cancer_directed","1"
"http://www.nlm.nih.gov/research/umls/rxnorm","2477269","tepotinib oral tablet [tepmetko]","vsac_rx_cancer_directed","1"
"http://www.nlm.nih.gov/research/umls/rxnorm","2477270","tepmetko oral product","vsac_rx_cancer_directed","1"
"http://www.nlm.nih.gov/research/umls/rxnorm","2477271","tepmetko pill","vsac_rx_cancer_directed","1"
"http://www.nlm.nih.gov/research/umls/rxnorm","2477272","tepmetko 225 mg oral tablet","vsac_rx_cancer_directed","2"
"http://www.nlm.nih.gov/research/umls/rxnorm","2478438","umbralisib tosylate","vsac_rx_cancer_directed","1"
"http://www.nlm.nih.gov/research/umls/rxnorm","2478439","umbralisib","vsac_rx_cancer_directed","1"
"http://www.nlm.nih.gov/research/umls/rxnorm","2478440","umbralisib 200 mg","vsac_rx_cancer_directed","1"
"http://www.nlm.nih.gov/research/umls/rxnorm","2478441","umbralisib oral product","vsac_rx_cancer_directed","1"
"http://www.nlm.nih.gov/research/umls/rxnorm","2478442","umbralisib pill","vsac_rx_cancer_directed","1"
"http://www.nlm.nih.gov/research/umls/rxnorm","2478443","umbralisib oral tablet","vsac_rx_cancer_directed","1"
"http://www.nlm.nih.gov/research/umls/rxnorm","2478444","umbralisib 200 mg oral tablet","vsac_rx_cancer_directed","2"
"http://www.nlm.nih.gov/research/umls/rxnorm","2479136","lisocabtagene maraleucel","vsac_rx_cancer_directed","1"
"http://www.nlm.nih.gov/research/umls/rxnorm","2479137","lisocabtagene maraleucel 70000000 cells/ml","vsac_rx_cancer_directed","1"
"http://www.nlm.nih.gov/research/umls/rxnorm","2479138","lisocabtagene maraleucel injectable product","vsac_rx_cancer_directed","1"
"http://www.nlm.nih.gov/research/umls/rxnorm","2479139","lisocabtagene maraleucel injection","vsac_rx_cancer_directed","1"
"http://www.nlm.nih.gov/research/umls/rxnorm","2479140","4.6 ml lisocabtagene maraleucel 70000000 cells/ml injection","vsac_rx_cancer_directed","1"
"http://www.nlm.nih.gov/research/umls/rxnorm","2479141","breyanzi","vsac_rx_cancer_directed","1"
"http://www.nlm.nih.gov/research/umls/rxnorm","2479142","lisocabtagene maraleucel 70000000 cells/ml [breyanzi]","vsac_rx_cancer_directed","1"
"http://www.nlm.nih.gov/research/umls/rxnorm","2479143","lisocabtagene maraleucel injection [breyanzi]","vsac_rx_cancer_directed","1"
"http://www.nlm.nih.gov/research/umls/rxnorm","2479144","breyanzi injectable product","vsac_rx_cancer_directed","1"
"http://www.nlm.nih.gov/research/umls/rxnorm","2479145","4.6 ml breyanzi 70,000,000 cells/ml injection","vsac_rx_cancer_directed","1"
"http://www.nlm.nih.gov/research/umls/rxnorm","249284","raltitrexed 0.5 mg/ml injectable solution","vsac_rx_cancer_directed","2"
"http://www.nlm.nih.gov/research/umls/rxnorm","249364","20 ml ara-c 100 mg/ml injection","vsac_rx_cancer_directed","3"
"http://www.nlm.nih.gov/research/umls/rxnorm","250423","tamoxifen 40 mg (tamoxifen citrate 60.8 mg) oral tablet","vsac_rx_cancer_directed","1"
"http://www.nlm.nih.gov/research/umls/rxnorm","25102","fludarabine phosphate","vsac_rx_cancer_directed","2"
"http://www.nlm.nih.gov/research/umls/rxnorm","252320","tegafur 100 mg / uracil 224 mg oral capsule","vsac_rx_cancer_directed","4"
"http://www.nlm.nih.gov/research/umls/rxnorm","25284","fosfestrol","vsac_rx_cancer_directed","1"
"http://www.nlm.nih.gov/research/umls/rxnorm","253113","10 ml busulfan 6 mg/ml injection","vsac_rx_cancer_directed","3"
"http://www.nlm.nih.gov/research/umls/rxnorm","2531369","melphalan flufenamide","vsac_rx_cancer_directed","2"
"http://www.nlm.nih.gov/research/umls/rxnorm","2531370","melphalan flufenamide hydrochloride","vsac_rx_cancer_directed","2"
"http://www.nlm.nih.gov/research/umls/rxnorm","2531371","melphalan flufenamide 20 mg","vsac_rx_cancer_directed","2"
"http://www.nlm.nih.gov/research/umls/rxnorm","2531372","melphalan flufenamide injectable product","vsac_rx_cancer_directed","2"
"http://www.nlm.nih.gov/research/umls/rxnorm","2531373","melphalan flufenamide injection","vsac_rx_cancer_directed","2"
"http://www.nlm.nih.gov/research/umls/rxnorm","2531374","melphalan flufenamide 20 mg injection","vsac_rx_cancer_directed","4"
"http://www.nlm.nih.gov/research/umls/rxnorm","253337","bevacizumab","vsac_rx_cancer_directed","3"
"http://www.nlm.nih.gov/research/umls/rxnorm","2534233","tivozanib","vsac_rx_cancer_directed","1"
"http://www.nlm.nih.gov/research/umls/rxnorm","2534234","tivozanib 0.89 mg","vsac_rx_cancer_directed","1"
"http://www.nlm.nih.gov/research/umls/rxnorm","2534235","tivozanib oral product","vsac_rx_cancer_directed","1"
"http://www.nlm.nih.gov/research/umls/rxnorm","2534236","tivozanib pill","vsac_rx_cancer_directed","1"
"http://www.nlm.nih.gov/research/umls/rxnorm","2534237","tivozanib oral capsule","vsac_rx_cancer_directed","1"
"http://www.nlm.nih.gov/research/umls/rxnorm","2534238","tivozanib 0.89 mg oral capsule","vsac_rx_cancer_directed","2"
"http://www.nlm.nih.gov/research/umls/rxnorm","2534239","fotivda","vsac_rx_cancer_directed","1"
"http://www.nlm.nih.gov/research/umls/rxnorm","2534240","tivozanib 0.89 mg [fotivda]","vsac_rx_cancer_directed","1"
"http://www.nlm.nih.gov/research/umls/rxnorm","2534241","tivozanib oral capsule [fotivda]","vsac_rx_cancer_directed","1"
"http://www.nlm.nih.gov/research/umls/rxnorm","2534242","fotivda oral product","vsac_rx_cancer_directed","1"
"http://www.nlm.nih.gov/research/umls/rxnorm","2534243","fotivda pill","vsac_rx_cancer_directed","1"
"http://www.nlm.nih.gov/research/umls/rxnorm","2534244","fotivda 0.89 mg oral capsule","vsac_rx_cancer_directed","2"
"http://www.nlm.nih.gov/research/umls/rxnorm","2534245","tivozanib hydrochloride","vsac_rx_cancer_directed","1"
"http://www.nlm.nih.gov/research/umls/rxnorm","2534246","tivozanib 1.34 mg","vsac_rx_cancer_directed","1"
"http://www.nlm.nih.gov/research/umls/rxnorm","2534247","tivozanib 1.34 mg oral capsule","vsac_rx_cancer_directed","2"
"http://www.nlm.nih.gov/research/umls/rxnorm","2534248","tivozanib 1.34 mg [fotivda]","vsac_rx_cancer_directed","1"
"http://www.nlm.nih.gov/research/umls/rxnorm","2534249","fotivda 1.34 mg oral capsule","vsac_rx_cancer_directed","2"
"http://www.nlm.nih.gov/research/umls/rxnorm","253453","peginterferon alfa-2b","vsac_rx_cancer_directed","1"
"http://www.nlm.nih.gov/research/umls/rxnorm","2536430","idecabtagene vicleucel","vsac_rx_cancer_directed","1"
"http://www.nlm.nih.gov/research/umls/rxnorm","2536432","idecabtagene vicleucel injectable product","vsac_rx_cancer_directed","1"
"http://www.nlm.nih.gov/research/umls/rxnorm","2536433","idecabtagene vicleucel injection","vsac_rx_cancer_directed","1"
"http://www.nlm.nih.gov/research/umls/rxnorm","2536434","30 ml idecabtagene vicleucel 15333333 cells/ml injection","vsac_rx_cancer_directed","1"
"http://www.nlm.nih.gov/research/umls/rxnorm","2536435","abecma","vsac_rx_cancer_directed","1"
"http://www.nlm.nih.gov/research/umls/rxnorm","2536437","idecabtagene vicleucel injection [abecma]","vsac_rx_cancer_directed","1"
"http://www.nlm.nih.gov/research/umls/rxnorm","2536438","abecma injectable product","vsac_rx_cancer_directed","1"
"http://www.nlm.nih.gov/research/umls/rxnorm","2536439","30 ml idecabtagene vicleucel 15333333 cells/ml injection [abecma]","vsac_rx_cancer_directed","1"
"http://www.nlm.nih.gov/research/umls/rxnorm","2536443","70 ml idecabtagene vicleucel 6571428 cells/ml injection","vsac_rx_cancer_directed","1"
"http://www.nlm.nih.gov/research/umls/rxnorm","2536445","70 ml idecabtagene vicleucel 6571428 cells/ml injection [abecma]","vsac_rx_cancer_directed","1"
"http://www.nlm.nih.gov/research/umls/rxnorm","2536449","100 ml idecabtagene vicleucel 4600000 cells/ml injection","vsac_rx_cancer_directed","1"
"http://www.nlm.nih.gov/research/umls/rxnorm","2536451","100 ml idecabtagene vicleucel 4600000 cells/ml injection [abecma]","vsac_rx_cancer_directed","1"
"http://www.nlm.nih.gov/research/umls/rxnorm","2539967","dostarlimab","vsac_rx_cancer_directed","1"
"http://www.nlm.nih.gov/research/umls/rxnorm","2539968","dostarlimab-gxly","vsac_rx_cancer_directed","1"
"http://www.nlm.nih.gov/research/umls/rxnorm","2539969","dostarlimab-gxly 50 mg/ml","vsac_rx_cancer_directed","1"
"http://www.nlm.nih.gov/research/umls/rxnorm","2539970","dostarlimab injectable product","vsac_rx_cancer_directed","1"
"http://www.nlm.nih.gov/research/umls/rxnorm","2539971","dostarlimab injection","vsac_rx_cancer_directed","1"
"http://www.nlm.nih.gov/research/umls/rxnorm","2539972","10 ml dostarlimab-gxly 50 mg/ml injection","vsac_rx_cancer_directed","1"
"http://www.nlm.nih.gov/research/umls/rxnorm","2539973","jemperli","vsac_rx_cancer_directed","1"
"http://www.nlm.nih.gov/research/umls/rxnorm","2539974","dostarlimab-gxly 50 mg/ml [jemperli]","vsac_rx_cancer_directed","1"
"http://www.nlm.nih.gov/research/umls/rxnorm","2539975","dostarlimab injection [jemperli]","vsac_rx_cancer_directed","1"
"http://www.nlm.nih.gov/research/umls/rxnorm","2539976","jemperli injectable product","vsac_rx_cancer_directed","1"
"http://www.nlm.nih.gov/research/umls/rxnorm","2539977","10 ml dostarlimab-gxly 50 mg/ml injection [jemperli]","vsac_rx_cancer_directed","1"
"http://www.nlm.nih.gov/research/umls/rxnorm","2540964","loncastuximab tesirine","vsac_rx_cancer_directed","1"
"http://www.nlm.nih.gov/research/umls/rxnorm","2540965","loncastuximab tesirine-lpyl","vsac_rx_cancer_directed","1"
"http://www.nlm.nih.gov/research/umls/rxnorm","2540966","loncastuximab tesirine-lpyl 10 mg","vsac_rx_cancer_directed","1"
"http://www.nlm.nih.gov/research/umls/rxnorm","2540967","loncastuximab tesirine injectable product","vsac_rx_cancer_directed","1"
"http://www.nlm.nih.gov/research/umls/rxnorm","2540968","loncastuximab tesirine injection","vsac_rx_cancer_directed","1"
"http://www.nlm.nih.gov/research/umls/rxnorm","2540969","loncastuximab tesirine-lpyl 10 mg injection","vsac_rx_cancer_directed","2"
"http://www.nlm.nih.gov/research/umls/rxnorm","2540970","zynlonta","vsac_rx_cancer_directed","1"
"http://www.nlm.nih.gov/research/umls/rxnorm","2540971","loncastuximab tesirine-lpyl 10 mg [zynlonta]","vsac_rx_cancer_directed","1"
"http://www.nlm.nih.gov/research/umls/rxnorm","2540972","loncastuximab tesirine injection [zynlonta]","vsac_rx_cancer_directed","1"
"http://www.nlm.nih.gov/research/umls/rxnorm","2540973","zynlonta injectable product","vsac_rx_cancer_directed","1"
"http://www.nlm.nih.gov/research/umls/rxnorm","2540974","zynlonta 10 mg injection","vsac_rx_cancer_directed","2"
"http://www.nlm.nih.gov/research/umls/rxnorm","2548731","selinexor 60 mg","vsac_rx_cancer_directed","1"
"http://www.nlm.nih.gov/research/umls/rxnorm","2548732","selinexor 60 mg oral tablet","vsac_rx_cancer_directed","2"
"http://www.nlm.nih.gov/research/umls/rxnorm","2548733","selinexor 60 mg weekly dose carton pack, 4 blister cards, 1 tablet each","vsac_rx_cancer_directed","1"
"http://www.nlm.nih.gov/research/umls/rxnorm","2548734","selinexor 60 mg [xpovio]","vsac_rx_cancer_directed","1"
"http://www.nlm.nih.gov/research/umls/rxnorm","2548735","xpovio 60 mg oral tablet","vsac_rx_cancer_directed","2"
"http://www.nlm.nih.gov/research/umls/rxnorm","2548736","xpovio 60 mg weekly dose (60 mg tablet) carton pack","vsac_rx_cancer_directed","1"
"http://www.nlm.nih.gov/research/umls/rxnorm","2548737","selinexor 50 mg","vsac_rx_cancer_directed","1"
"http://www.nlm.nih.gov/research/umls/rxnorm","2548738","selinexor 50 mg oral tablet","vsac_rx_cancer_directed","2"
"http://www.nlm.nih.gov/research/umls/rxnorm","2548739","selinexor 100 mg weekly dose carton pack, 4 blister cards, 2 tablets each","vsac_rx_cancer_directed","1"
"http://www.nlm.nih.gov/research/umls/rxnorm","2548740","selinexor 50 mg [xpovio]","vsac_rx_cancer_directed","1"
"http://www.nlm.nih.gov/research/umls/rxnorm","2548741","xpovio 50 mg oral tablet","vsac_rx_cancer_directed","2"
"http://www.nlm.nih.gov/research/umls/rxnorm","2548742","xpovio 100 mg weekly dose (50 mg tablet) carton pack","vsac_rx_cancer_directed","1"
"http://www.nlm.nih.gov/research/umls/rxnorm","2548761","selinexor 40 mg","vsac_rx_cancer_directed","1"
"http://www.nlm.nih.gov/research/umls/rxnorm","2548762","selinexor 40 mg oral tablet","vsac_rx_cancer_directed","2"
"http://www.nlm.nih.gov/research/umls/rxnorm","2548763","selinexor 40 mg twice weekly (80 mg total weekly) dose carton pack, 4 blister cards, 2 tablets each","vsac_rx_cancer_directed","1"
"http://www.nlm.nih.gov/research/umls/rxnorm","2548764","selinexor 40 mg [xpovio]","vsac_rx_cancer_directed","1"
"http://www.nlm.nih.gov/research/umls/rxnorm","2548765","xpovio 40 mg oral tablet","vsac_rx_cancer_directed","2"
"http://www.nlm.nih.gov/research/umls/rxnorm","2548766","xpovio 80 mg weekly dose (40 mg tablets) carton pack","vsac_rx_cancer_directed","1"
"http://www.nlm.nih.gov/research/umls/rxnorm","2548767","xpovio 40 mg twice weekly (80 mg total weekly) dose carton pack, 4 blister cards, 2 tablets each","vsac_rx_cancer_directed","1"
"http://www.nlm.nih.gov/research/umls/rxnorm","2548768","selinexor 40 mg weekly dose carton pack, 4 blister cards, 1 tablet each","vsac_rx_cancer_directed","1"
"http://www.nlm.nih.gov/research/umls/rxnorm","2548769","xpovio 40 mg weekly dose (40 mg tablet) carton pack","vsac_rx_cancer_directed","1"
"http://www.nlm.nih.gov/research/umls/rxnorm","2549198","amivantamab-vmjw","vsac_rx_cancer_directed","1"
"http://www.nlm.nih.gov/research/umls/rxnorm","2549199","amivantamab","vsac_rx_cancer_directed","1"
"http://www.nlm.nih.gov/research/umls/rxnorm","2549731","amivantamab-vmjw 50 mg/ml","vsac_rx_cancer_directed","1"
"http://www.nlm.nih.gov/research/umls/rxnorm","2549732","amivantamab injectable product","vsac_rx_cancer_directed","1"
"http://www.nlm.nih.gov/research/umls/rxnorm","2549733","amivantamab injection","vsac_rx_cancer_directed","1"
"http://www.nlm.nih.gov/research/umls/rxnorm","2549734","7 ml amivantamab-vmjw 50 mg/ml injection","vsac_rx_cancer_directed","1"
"http://www.nlm.nih.gov/research/umls/rxnorm","2549735","rybrevant","vsac_rx_cancer_directed","1"
"http://www.nlm.nih.gov/research/umls/rxnorm","2549736","amivantamab-vmjw 50 mg/ml [rybrevant]","vsac_rx_cancer_directed","1"
"http://www.nlm.nih.gov/research/umls/rxnorm","2549737","amivantamab injection [rybrevant]","vsac_rx_cancer_directed","1"
"http://www.nlm.nih.gov/research/umls/rxnorm","2549738","rybrevant injectable product","vsac_rx_cancer_directed","1"
"http://www.nlm.nih.gov/research/umls/rxnorm","2549739","7 ml amivantamab-vmjw 50 mg/ml injection [rybrevant]","vsac_rx_cancer_directed","1"
"http://www.nlm.nih.gov/research/umls/rxnorm","2550714","sotorasib","vsac_rx_cancer_directed","1"
"http://www.nlm.nih.gov/research/umls/rxnorm","2550715","sotorasib 120 mg","vsac_rx_cancer_directed","1"
"http://www.nlm.nih.gov/research/umls/rxnorm","2550716","sotorasib oral product","vsac_rx_cancer_directed","1"
"http://www.nlm.nih.gov/research/umls/rxnorm","2550717","sotorasib pill","vsac_rx_cancer_directed","1"
"http://www.nlm.nih.gov/research/umls/rxnorm","2550718","sotorasib oral tablet","vsac_rx_cancer_directed","1"
"http://www.nlm.nih.gov/research/umls/rxnorm","2550719","sotorasib 120 mg oral tablet","vsac_rx_cancer_directed","2"
"http://www.nlm.nih.gov/research/umls/rxnorm","2550720","lumakras","vsac_rx_cancer_directed","1"
"http://www.nlm.nih.gov/research/umls/rxnorm","2550721","sotorasib 120 mg [lumakras]","vsac_rx_cancer_directed","1"
"http://www.nlm.nih.gov/research/umls/rxnorm","2550722","sotorasib oral tablet [lumakras]","vsac_rx_cancer_directed","1"
"http://www.nlm.nih.gov/research/umls/rxnorm","2550723","lumakras oral product","vsac_rx_cancer_directed","1"
"http://www.nlm.nih.gov/research/umls/rxnorm","2550724","lumakras pill","vsac_rx_cancer_directed","1"
"http://www.nlm.nih.gov/research/umls/rxnorm","2550725","lumakras 120 mg oral tablet","vsac_rx_cancer_directed","2"
"http://www.nlm.nih.gov/research/umls/rxnorm","2550729","infigratinib","vsac_rx_cancer_directed","2"
"http://www.nlm.nih.gov/research/umls/rxnorm","2551000","infigratinib 100 mg","vsac_rx_cancer_directed","2"
"http://www.nlm.nih.gov/research/umls/rxnorm","2551001","infigratinib oral product","vsac_rx_cancer_directed","2"
"http://www.nlm.nih.gov/research/umls/rxnorm","2551002","infigratinib pill","vsac_rx_cancer_directed","2"
"http://www.nlm.nih.gov/research/umls/rxnorm","2551003","infigratinib oral capsule","vsac_rx_cancer_directed","2"
"http://www.nlm.nih.gov/research/umls/rxnorm","2551004","infigratinib 100 mg oral capsule","vsac_rx_cancer_directed","4"
"http://www.nlm.nih.gov/research/umls/rxnorm","2551005","infigratinib 100 mg daily dose carton, 1 blister card, 21 capsules each","vsac_rx_cancer_directed","2"
"http://www.nlm.nih.gov/research/umls/rxnorm","2551006","truseltiq","vsac_rx_cancer_directed","2"
"http://www.nlm.nih.gov/research/umls/rxnorm","2551007","infigratinib 100 mg [truseltiq]","vsac_rx_cancer_directed","2"
"http://www.nlm.nih.gov/research/umls/rxnorm","2551008","infigratinib oral capsule [truseltiq]","vsac_rx_cancer_directed","2"
"http://www.nlm.nih.gov/research/umls/rxnorm","2551009","truseltiq oral product","vsac_rx_cancer_directed","2"
"http://www.nlm.nih.gov/research/umls/rxnorm","2551010","truseltiq pill","vsac_rx_cancer_directed","2"
"http://www.nlm.nih.gov/research/umls/rxnorm","2551011","truseltiq 100 mg oral capsule","vsac_rx_cancer_directed","4"
"http://www.nlm.nih.gov/research/umls/rxnorm","2551012","truseltiq 100 mg daily dose carton pack","vsac_rx_cancer_directed","4"
"http://www.nlm.nih.gov/research/umls/rxnorm","2551202","infigratinib 25 mg","vsac_rx_cancer_directed","2"
"http://www.nlm.nih.gov/research/umls/rxnorm","2551203","infigratinib 25 mg oral capsule","vsac_rx_cancer_directed","4"
"http://www.nlm.nih.gov/research/umls/rxnorm","2551204","infigratinib 50 mg daily dose carton, 1 blister card, 42 capsules each","vsac_rx_cancer_directed","2"
"http://www.nlm.nih.gov/research/umls/rxnorm","2551205","infigratinib 25 mg [truseltiq]","vsac_rx_cancer_directed","2"
"http://www.nlm.nih.gov/research/umls/rxnorm","2551206","infigratinib 25 mg oral capsule [truseltiq]","vsac_rx_cancer_directed","2"
"http://www.nlm.nih.gov/research/umls/rxnorm","2551207","truseltiq 50 mg daily dose carton pack","vsac_rx_cancer_directed","4"
"http://www.nlm.nih.gov/research/umls/rxnorm","2551211","infigratinib 75 mg daily dose carton, 2 blister cards, 42 & 21 capsules each","vsac_rx_cancer_directed","2"
"http://www.nlm.nih.gov/research/umls/rxnorm","2551212","truseltiq 75 mg daily dose carton pack","vsac_rx_cancer_directed","4"
"http://www.nlm.nih.gov/research/umls/rxnorm","2551216","infigratinib 100 mg (21) oral capsule / infigratinib 25 mg oral capsule (21) oral capsule, 125 mg daily dose pack","vsac_rx_cancer_directed","2"
"http://www.nlm.nih.gov/research/umls/rxnorm","2551217","truseltiq 125 mg daily dose carton pack","vsac_rx_cancer_directed","4"
"http://www.nlm.nih.gov/research/umls/rxnorm","2555","cisplatin","vsac_rx_cancer_directed","8"
"http://www.nlm.nih.gov/research/umls/rxnorm","2559722","avapritinib 25 mg","vsac_rx_cancer_directed","1"
"http://www.nlm.nih.gov/research/umls/rxnorm","2559723","avapritinib 25 mg oral tablet","vsac_rx_cancer_directed","2"
"http://www.nlm.nih.gov/research/umls/rxnorm","2559724","avapritinib 25 mg [ayvakit]","vsac_rx_cancer_directed","1"
"http://www.nlm.nih.gov/research/umls/rxnorm","2559725","ayvakit 25 mg oral tablet","vsac_rx_cancer_directed","2"
"http://www.nlm.nih.gov/research/umls/rxnorm","2559726","avapritinib 50 mg","vsac_rx_cancer_directed","1"
"http://www.nlm.nih.gov/research/umls/rxnorm","2559727","avapritinib 50 mg oral tablet","vsac_rx_cancer_directed","2"
"http://www.nlm.nih.gov/research/umls/rxnorm","2559728","avapritinib 50 mg [ayvakit]","vsac_rx_cancer_directed","1"
"http://www.nlm.nih.gov/research/umls/rxnorm","2559729","ayvakit 50 mg oral tablet","vsac_rx_cancer_directed","2"
"http://www.nlm.nih.gov/research/umls/rxnorm","2561249","asparaginase erwinia chrysanthemi (recombinant)-rywn","vsac_rx_cancer_directed","2"
"http://www.nlm.nih.gov/research/umls/rxnorm","2561250","asparaginase erwinia chrysanthemi (recombinant)-rywn 20 mg/ml","vsac_rx_cancer_directed","2"
"http://www.nlm.nih.gov/research/umls/rxnorm","2561251","asparaginase erwinia chrysanthemi (recombinant)-rywn 10 mg per 0.5 ml injection","vsac_rx_cancer_directed","4"
"http://www.nlm.nih.gov/research/umls/rxnorm","2561252","rylaze","vsac_rx_cancer_directed","2"
"http://www.nlm.nih.gov/research/umls/rxnorm","2561253","asparaginase erwinia chrysanthemi (recombinant)-rywn 20 mg/ml [rylaze]","vsac_rx_cancer_directed","2"
"http://www.nlm.nih.gov/research/umls/rxnorm","2561254","asparaginase injection [rylaze]","vsac_rx_cancer_directed","2"
"http://www.nlm.nih.gov/research/umls/rxnorm","2561255","rylaze injectable product","vsac_rx_cancer_directed","2"
"http://www.nlm.nih.gov/research/umls/rxnorm","2561256","0.5 ml asparaginase erwinia chrysanthemi (recombinant)-rywn 20 mg/ml injection [rylaze]","vsac_rx_cancer_directed","2"
"http://www.nlm.nih.gov/research/umls/rxnorm","2564025","belumosudil","vsac_rx_cancer_directed","1"
"http://www.nlm.nih.gov/research/umls/rxnorm","2564027","belumosudil 200 mg","vsac_rx_cancer_directed","1"
"http://www.nlm.nih.gov/research/umls/rxnorm","2564028","belumosudil oral product","vsac_rx_cancer_directed","1"
"http://www.nlm.nih.gov/research/umls/rxnorm","2564029","belumosudil pill","vsac_rx_cancer_directed","1"
"http://www.nlm.nih.gov/research/umls/rxnorm","2564030","belumosudil oral tablet","vsac_rx_cancer_directed","1"
"http://www.nlm.nih.gov/research/umls/rxnorm","2564031","belumosudil 200 mg oral tablet","vsac_rx_cancer_directed","2"
"http://www.nlm.nih.gov/research/umls/rxnorm","2564032","rezurock","vsac_rx_cancer_directed","1"
"http://www.nlm.nih.gov/research/umls/rxnorm","2564033","belumosudil 200 mg [rezurock]","vsac_rx_cancer_directed","1"
"http://www.nlm.nih.gov/research/umls/rxnorm","2564034","belumosudil oral tablet [rezurock]","vsac_rx_cancer_directed","1"
"http://www.nlm.nih.gov/research/umls/rxnorm","2564035","rezurock oral product","vsac_rx_cancer_directed","1"
"http://www.nlm.nih.gov/research/umls/rxnorm","2564036","rezurock pill","vsac_rx_cancer_directed","1"
"http://www.nlm.nih.gov/research/umls/rxnorm","2564037","rezurock 200 mg oral tablet","vsac_rx_cancer_directed","2"
"http://www.nlm.nih.gov/research/umls/rxnorm","2565692","belumosudil mesylate","vsac_rx_cancer_directed","1"
"http://www.nlm.nih.gov/research/umls/rxnorm","2567226","belzutifan","vsac_rx_cancer_directed","1"
"http://www.nlm.nih.gov/research/umls/rxnorm","2567227","belzutifan 40 mg","vsac_rx_cancer_directed","1"
"http://www.nlm.nih.gov/research/umls/rxnorm","2567228","belzutifan oral product","vsac_rx_cancer_directed","1"
"http://www.nlm.nih.gov/research/umls/rxnorm","2567229","belzutifan pill","vsac_rx_cancer_directed","1"
"http://www.nlm.nih.gov/research/umls/rxnorm","2567230","belzutifan oral tablet","vsac_rx_cancer_directed","1"
"http://www.nlm.nih.gov/research/umls/rxnorm","2567231","belzutifan 40 mg oral tablet","vsac_rx_cancer_directed","2"
"http://www.nlm.nih.gov/research/umls/rxnorm","2567232","welireg","vsac_rx_cancer_directed","1"
"http://www.nlm.nih.gov/research/umls/rxnorm","2567233","belzutifan 40 mg [welireg]","vsac_rx_cancer_directed","1"
"http://www.nlm.nih.gov/research/umls/rxnorm","2567234","welireg oral product","vsac_rx_cancer_directed","1"
"http://www.nlm.nih.gov/research/umls/rxnorm","2567235","welireg pill","vsac_rx_cancer_directed","1"
"http://www.nlm.nih.gov/research/umls/rxnorm","2567236","belzutifan oral tablet [welireg]","vsac_rx_cancer_directed","1"
"http://www.nlm.nih.gov/research/umls/rxnorm","2567237","welireg 40 mg oral tablet","vsac_rx_cancer_directed","2"
"http://www.nlm.nih.gov/research/umls/rxnorm","2568661","5 ml cyclophosphamide 200 mg/ml injection","vsac_rx_cancer_directed","6"
"http://www.nlm.nih.gov/research/umls/rxnorm","2568663","2.5 ml cyclophosphamide 200 mg/ml injection","vsac_rx_cancer_directed","6"
"http://www.nlm.nih.gov/research/umls/rxnorm","2569080","12 ml nivolumab 10 mg/ml injection","vsac_rx_cancer_directed","2"
"http://www.nlm.nih.gov/research/umls/rxnorm","2569081","12 ml nivolumab 10 mg/ml injection [opdivo]","vsac_rx_cancer_directed","2"
"http://www.nlm.nih.gov/research/umls/rxnorm","2570736","mobocertinib","vsac_rx_cancer_directed","1"
"http://www.nlm.nih.gov/research/umls/rxnorm","2570737","mobocertinib succinate","vsac_rx_cancer_directed","1"
"http://www.nlm.nih.gov/research/umls/rxnorm","2570738","mobocertinib 40 mg","vsac_rx_cancer_directed","1"
"http://www.nlm.nih.gov/research/umls/rxnorm","2570739","mobocertinib oral product","vsac_rx_cancer_directed","1"
"http://www.nlm.nih.gov/research/umls/rxnorm","2570740","mobocertinib pill","vsac_rx_cancer_directed","1"
"http://www.nlm.nih.gov/research/umls/rxnorm","2570741","mobocertinib oral capsule","vsac_rx_cancer_directed","1"
"http://www.nlm.nih.gov/research/umls/rxnorm","2570742","mobocertinib 40 mg oral capsule","vsac_rx_cancer_directed","2"
"http://www.nlm.nih.gov/research/umls/rxnorm","2570743","exkivity","vsac_rx_cancer_directed","1"
"http://www.nlm.nih.gov/research/umls/rxnorm","2570744","mobocertinib 40 mg [exkivity]","vsac_rx_cancer_directed","1"
"http://www.nlm.nih.gov/research/umls/rxnorm","2570745","exkivity oral product","vsac_rx_cancer_directed","1"
"http://www.nlm.nih.gov/research/umls/rxnorm","2570746","exkivity pill","vsac_rx_cancer_directed","1"
"http://www.nlm.nih.gov/research/umls/rxnorm","2570747","mobocertinib oral capsule [exkivity]","vsac_rx_cancer_directed","1"
"http://www.nlm.nih.gov/research/umls/rxnorm","2570748","exkivity 40 mg oral capsule","vsac_rx_cancer_directed","2"
"http://www.nlm.nih.gov/research/umls/rxnorm","2571094","tisotumab vedotin","vsac_rx_cancer_directed","1"
"http://www.nlm.nih.gov/research/umls/rxnorm","2571095","tisotumab","vsac_rx_cancer_directed","1"
"http://www.nlm.nih.gov/research/umls/rxnorm","2572001","brexucabtagene autoleucel 1471000 cells/ml","vsac_rx_cancer_directed","1"
"http://www.nlm.nih.gov/research/umls/rxnorm","2572002","brexucabtagene autoleucel 100,000,000 cells per 68 ml injection","vsac_rx_cancer_directed","2"
"http://www.nlm.nih.gov/research/umls/rxnorm","2572004","brexucabtagene autoleucel 1471000 cells/ml [tecartus]","vsac_rx_cancer_directed","1"
"http://www.nlm.nih.gov/research/umls/rxnorm","2572005","68 ml brexucabtagene autoleucel 1471000 cells/ml injection [tecartus]","vsac_rx_cancer_directed","1"
"http://www.nlm.nih.gov/research/umls/rxnorm","258324","targretin","vsac_rx_cancer_directed","1"
"http://www.nlm.nih.gov/research/umls/rxnorm","258348","actimmune","vsac_rx_cancer_directed","1"
"http://www.nlm.nih.gov/research/umls/rxnorm","258355","rapamune","vsac_rx_cancer_directed","2"
"http://www.nlm.nih.gov/research/umls/rxnorm","2584303","asciminib hydrochloride","vsac_rx_cancer_directed","1"
"http://www.nlm.nih.gov/research/umls/rxnorm","2584304","asciminib","vsac_rx_cancer_directed","1"
"http://www.nlm.nih.gov/research/umls/rxnorm","2584316","asciminib 20 mg","vsac_rx_cancer_directed","1"
"http://www.nlm.nih.gov/research/umls/rxnorm","2584317","asciminib oral product","vsac_rx_cancer_directed","1"
"http://www.nlm.nih.gov/research/umls/rxnorm","2584318","asciminib pill","vsac_rx_cancer_directed","1"
"http://www.nlm.nih.gov/research/umls/rxnorm","2584319","asciminib oral tablet","vsac_rx_cancer_directed","1"
"http://www.nlm.nih.gov/research/umls/rxnorm","2584320","asciminib 20 mg oral tablet","vsac_rx_cancer_directed","2"
"http://www.nlm.nih.gov/research/umls/rxnorm","2584321","scemblix","vsac_rx_cancer_directed","1"
"http://www.nlm.nih.gov/research/umls/rxnorm","2584322","asciminib 20 mg [scemblix]","vsac_rx_cancer_directed","1"
"http://www.nlm.nih.gov/research/umls/rxnorm","2584323","scemblix oral product","vsac_rx_cancer_directed","1"
"http://www.nlm.nih.gov/research/umls/rxnorm","2584324","scemblix pill","vsac_rx_cancer_directed","1"
"http://www.nlm.nih.gov/research/umls/rxnorm","2584325","asciminib oral tablet [scemblix]","vsac_rx_cancer_directed","1"
"http://www.nlm.nih.gov/research/umls/rxnorm","2584326","scemblix 20 mg oral tablet","vsac_rx_cancer_directed","2"
"http://www.nlm.nih.gov/research/umls/rxnorm","2584327","asciminib 40 mg","vsac_rx_cancer_directed","1"
"http://www.nlm.nih.gov/research/umls/rxnorm","2584328","asciminib 40 mg oral tablet","vsac_rx_cancer_directed","2"
"http://www.nlm.nih.gov/research/umls/rxnorm","2584329","asciminib 40 mg [scemblix]","vsac_rx_cancer_directed","1"
"http://www.nlm.nih.gov/research/umls/rxnorm","2584330","scemblix 40 mg oral tablet","vsac_rx_cancer_directed","2"
"http://www.nlm.nih.gov/research/umls/rxnorm","258494","exemestane","vsac_rx_cancer_directed","1"
"http://www.nlm.nih.gov/research/umls/rxnorm","2586860","sirolimus 100 mg","vsac_rx_cancer_directed","1"
"http://www.nlm.nih.gov/research/umls/rxnorm","2586861","sirolimus injectable product","vsac_rx_cancer_directed","1"
"http://www.nlm.nih.gov/research/umls/rxnorm","2586862","sirolimus injection","vsac_rx_cancer_directed","1"
"http://www.nlm.nih.gov/research/umls/rxnorm","2586863","sirolimus 100 mg injection","vsac_rx_cancer_directed","2"
"http://www.nlm.nih.gov/research/umls/rxnorm","2586864","fyarro","vsac_rx_cancer_directed","2"
"http://www.nlm.nih.gov/research/umls/rxnorm","2586865","sirolimus 100 mg [fyarro]","vsac_rx_cancer_directed","1"
"http://www.nlm.nih.gov/research/umls/rxnorm","2586866","fyarro injectable product","vsac_rx_cancer_directed","1"
"http://www.nlm.nih.gov/research/umls/rxnorm","2586867","sirolimus injection [fyarro]","vsac_rx_cancer_directed","1"
"http://www.nlm.nih.gov/research/umls/rxnorm","2586868","fyarro 100 mg injection","vsac_rx_cancer_directed","2"
"http://www.nlm.nih.gov/research/umls/rxnorm","2587440","samarium injection [quadramet]","vsac_rx_cancer_directed","1"
"http://www.nlm.nih.gov/research/umls/rxnorm","2587441","3-iodobenzylguanidine injection","vsac_rx_cancer_directed","1"
"http://www.nlm.nih.gov/research/umls/rxnorm","2587445","3-iodobenzylguanidine injection [azedra]","vsac_rx_cancer_directed","1"
"http://www.nlm.nih.gov/research/umls/rxnorm","2587446","samarium injection","vsac_rx_cancer_directed","1"
"http://www.nlm.nih.gov/research/umls/rxnorm","2587447","radium injectable product","vsac_rx_cancer_directed","1"
"http://www.nlm.nih.gov/research/umls/rxnorm","2587448","samarium injectable product","vsac_rx_cancer_directed","1"
"http://www.nlm.nih.gov/research/umls/rxnorm","2587449","3-iodobenzylguanidine injectable product","vsac_rx_cancer_directed","1"
"http://www.nlm.nih.gov/research/umls/rxnorm","2590669","pemetrexed monohydrate","vsac_rx_cancer_directed","4"
"http://www.nlm.nih.gov/research/umls/rxnorm","2590670","pemetrexed 25 mg/ml","vsac_rx_cancer_directed","4"
"http://www.nlm.nih.gov/research/umls/rxnorm","2590671","pemetrexed injectable solution","vsac_rx_cancer_directed","4"
"http://www.nlm.nih.gov/research/umls/rxnorm","2590672","pemetrexed 25 mg/ml injectable solution","vsac_rx_cancer_directed","6"
"http://www.nlm.nih.gov/research/umls/rxnorm","2590673","pemfexy","vsac_rx_cancer_directed","2"
"http://www.nlm.nih.gov/research/umls/rxnorm","2590674","pemetrexed 25 mg/ml [pemfexy]","vsac_rx_cancer_directed","4"
"http://www.nlm.nih.gov/research/umls/rxnorm","2590675","pemfexy injectable product","vsac_rx_cancer_directed","2"
"http://www.nlm.nih.gov/research/umls/rxnorm","2590676","pemetrexed injectable solution [pemfexy]","vsac_rx_cancer_directed","4"
"http://www.nlm.nih.gov/research/umls/rxnorm","2590677","pemetrexed 25 mg/ml injectable solution [pemfexy]","vsac_rx_cancer_directed","4"
"http://www.nlm.nih.gov/research/umls/rxnorm","2590743","tebentafusp","vsac_rx_cancer_directed","1"
"http://www.nlm.nih.gov/research/umls/rxnorm","2590744","tebentafusp-tebn","vsac_rx_cancer_directed","1"
"http://www.nlm.nih.gov/research/umls/rxnorm","2590745","tebentafusp-tebn 0.2 mg/ml","vsac_rx_cancer_directed","1"
"http://www.nlm.nih.gov/research/umls/rxnorm","2590746","tebentafusp injectable product","vsac_rx_cancer_directed","1"
"http://www.nlm.nih.gov/research/umls/rxnorm","2590747","tebentafusp injection","vsac_rx_cancer_directed","1"
"http://www.nlm.nih.gov/research/umls/rxnorm","2590748","0.5 ml tebentafusp-tebn 0.2 mg/ml injection","vsac_rx_cancer_directed","1"
"http://www.nlm.nih.gov/research/umls/rxnorm","2590750","kimmtrak","vsac_rx_cancer_directed","1"
"http://www.nlm.nih.gov/research/umls/rxnorm","2590751","tebentafusp-tebn 0.2 mg/ml [kimmtrak]","vsac_rx_cancer_directed","1"
"http://www.nlm.nih.gov/research/umls/rxnorm","2590752","kimmtrak injectable product","vsac_rx_cancer_directed","1"
"http://www.nlm.nih.gov/research/umls/rxnorm","2590753","tebentafusp injection [kimmtrak]","vsac_rx_cancer_directed","1"
"http://www.nlm.nih.gov/research/umls/rxnorm","2590754","0.5 ml kimmtrak 0.2 mg/ml injection","vsac_rx_cancer_directed","1"
"http://www.nlm.nih.gov/research/umls/rxnorm","2591509","talazoparib 0.5 mg","vsac_rx_cancer_directed","1"
"http://www.nlm.nih.gov/research/umls/rxnorm","2591510","talazoparib 0.5 mg oral capsule","vsac_rx_cancer_directed","2"
"http://www.nlm.nih.gov/research/umls/rxnorm","2591511","talazoparib 0.5 mg [talzenna]","vsac_rx_cancer_directed","1"
"http://www.nlm.nih.gov/research/umls/rxnorm","2591512","talzenna 0.5 mg oral capsule","vsac_rx_cancer_directed","2"
"http://www.nlm.nih.gov/research/umls/rxnorm","2591513","talazoparib 0.75 mg","vsac_rx_cancer_directed","1"
"http://www.nlm.nih.gov/research/umls/rxnorm","2591516","talazoparib 0.75 mg [talzenna]","vsac_rx_cancer_directed","1"
"http://www.nlm.nih.gov/research/umls/rxnorm","2591520","talazoparib 0.75 mg oral capsule","vsac_rx_cancer_directed","2"
"http://www.nlm.nih.gov/research/umls/rxnorm","2591521","talzenna 0.75 mg oral capsule","vsac_rx_cancer_directed","2"
"http://www.nlm.nih.gov/research/umls/rxnorm","2594775","ciltacabtagene autoleucel","vsac_rx_cancer_directed","1"
"http://www.nlm.nih.gov/research/umls/rxnorm","2594777","ciltacabtagene autoleucel 1430000 cells/ml","vsac_rx_cancer_directed","1"
"http://www.nlm.nih.gov/research/umls/rxnorm","2594778","ciltacabtagene autoleucel injectable product","vsac_rx_cancer_directed","1"
"http://www.nlm.nih.gov/research/umls/rxnorm","2594779","ciltacabtagene autoleucel injection","vsac_rx_cancer_directed","1"
"http://www.nlm.nih.gov/research/umls/rxnorm","2594780","70 ml ciltacabtagene autoleucel 1430000 cells/ml injection","vsac_rx_cancer_directed","1"
"http://www.nlm.nih.gov/research/umls/rxnorm","2594782","carvykti","vsac_rx_cancer_directed","1"
"http://www.nlm.nih.gov/research/umls/rxnorm","2594783","ciltacabtagene autoleucel 1430000 cells/ml [carvykti]","vsac_rx_cancer_directed","1"
"http://www.nlm.nih.gov/research/umls/rxnorm","2594784","carvykti injectable product","vsac_rx_cancer_directed","1"
"http://www.nlm.nih.gov/research/umls/rxnorm","2594785","ciltacabtagene autoleucel injection [carvykti]","vsac_rx_cancer_directed","1"
"http://www.nlm.nih.gov/research/umls/rxnorm","2594786","70 ml carvykti 1430000 cells/ml injection","vsac_rx_cancer_directed","1"
"http://www.nlm.nih.gov/research/umls/rxnorm","2594788","ciltacabtagene autoleucel 3330000 cells/ml","vsac_rx_cancer_directed","1"
"http://www.nlm.nih.gov/research/umls/rxnorm","2594789","30 ml ciltacabtagene autoleucel 3330000 cells/ml injection","vsac_rx_cancer_directed","1"
"http://www.nlm.nih.gov/research/umls/rxnorm","2594791","ciltacabtagene autoleucel 3330000 cells/ml [carvykti]","vsac_rx_cancer_directed","1"
"http://www.nlm.nih.gov/research/umls/rxnorm","2594792","30 ml carvykti 3330000 cells/ml injection","vsac_rx_cancer_directed","1"
"http://www.nlm.nih.gov/research/umls/rxnorm","2595041","leuprolide mesylate","vsac_rx_cancer_directed","1"
"http://www.nlm.nih.gov/research/umls/rxnorm","2595043","leuprolide 42 mg","vsac_rx_cancer_directed","1"
"http://www.nlm.nih.gov/research/umls/rxnorm","2595044","leuprolide 42 mg prefilled syringe","vsac_rx_cancer_directed","2"
"http://www.nlm.nih.gov/research/umls/rxnorm","2595045","camcevi","vsac_rx_cancer_directed","1"
"http://www.nlm.nih.gov/research/umls/rxnorm","2595046","leuprolide 42 mg [camcevi]","vsac_rx_cancer_directed","1"
"http://www.nlm.nih.gov/research/umls/rxnorm","2595047","camcevi injectable product","vsac_rx_cancer_directed","1"
"http://www.nlm.nih.gov/research/umls/rxnorm","2595048","leuprolide prefilled syringe [camcevi]","vsac_rx_cancer_directed","1"
"http://www.nlm.nih.gov/research/umls/rxnorm","2595049","camcevi 42 mg prefilled syringe","vsac_rx_cancer_directed","2"
"http://www.nlm.nih.gov/research/umls/rxnorm","2596770","nivolumab-rmbw","vsac_rx_cancer_directed","2"
"http://www.nlm.nih.gov/research/umls/rxnorm","2596771","nivolumab-rmbw 12 mg/ml","vsac_rx_cancer_directed","2"
"http://www.nlm.nih.gov/research/umls/rxnorm","2596772","relatlimab-rmbw","vsac_rx_cancer_directed","1"
"http://www.nlm.nih.gov/research/umls/rxnorm","2596773","relatlimab","vsac_rx_cancer_directed","1"
"http://www.nlm.nih.gov/research/umls/rxnorm","2596774","relatlimab-rmbw 4 mg/ml","vsac_rx_cancer_directed","1"
"http://www.nlm.nih.gov/research/umls/rxnorm","2596775","(nivolumab / relatlimab)-rmbw","vsac_rx_cancer_directed","1"
"http://www.nlm.nih.gov/research/umls/rxnorm","2596776","nivolumab / relatlimab injectable product","vsac_rx_cancer_directed","2"
"http://www.nlm.nih.gov/research/umls/rxnorm","2596777","nivolumab / relatlimab injection","vsac_rx_cancer_directed","2"
"http://www.nlm.nih.gov/research/umls/rxnorm","2596778","20 ml nivolumab-rmbw 12 mg/ml / relatlimab-rmbw 4 mg/ml injection","vsac_rx_cancer_directed","2"
"http://www.nlm.nih.gov/research/umls/rxnorm","2596780","opdualag","vsac_rx_cancer_directed","2"
"http://www.nlm.nih.gov/research/umls/rxnorm","2596781","nivolumab-rmbw 12 mg/ml / relatlimab-rmbw 4 mg/ml [opdualag]","vsac_rx_cancer_directed","2"
"http://www.nlm.nih.gov/research/umls/rxnorm","2596782","opdualag injectable product","vsac_rx_cancer_directed","2"
"http://www.nlm.nih.gov/research/umls/rxnorm","2596783","nivolumab / relatlimab injection [opdualag]","vsac_rx_cancer_directed","2"
"http://www.nlm.nih.gov/research/umls/rxnorm","2596784","20 ml nivolumab-rmbw 12 mg/ml / relatlimab-rmbw 4 mg/ml injection [opdualag]","vsac_rx_cancer_directed","2"
"http://www.nlm.nih.gov/research/umls/rxnorm","2597042","lutetium lu 177 vipivotide tetraxetan 27 mci/ml","vsac_rx_cancer_directed","1"
"http://www.nlm.nih.gov/research/umls/rxnorm","2597047","pluvicto","vsac_rx_cancer_directed","1"
"http://www.nlm.nih.gov/research/umls/rxnorm","2597048","lutetium lu 177 vipivotide tetraxetan 27 mci/ml [pluvicto]","vsac_rx_cancer_directed","1"
"http://www.nlm.nih.gov/research/umls/rxnorm","2597049","pluvicto injectable product","vsac_rx_cancer_directed","1"
"http://www.nlm.nih.gov/research/umls/rxnorm","2597053","lutetium lu 177 vipivotide tetraxetan","vsac_rx_cancer_directed","1"
"http://www.nlm.nih.gov/research/umls/rxnorm","2597054","vipivotide tetraxetan","vsac_rx_cancer_directed","1"
"http://www.nlm.nih.gov/research/umls/rxnorm","2597055","vipivotide tetraxetan injectable product","vsac_rx_cancer_directed","1"
"http://www.nlm.nih.gov/research/umls/rxnorm","2597056","vipivotide tetraxetan injection","vsac_rx_cancer_directed","1"
"http://www.nlm.nih.gov/research/umls/rxnorm","2597057","12.5 ml lutetium lu 177 vipivotide tetraxetan 27 mci/ml injection","vsac_rx_cancer_directed","1"
"http://www.nlm.nih.gov/research/umls/rxnorm","2597059","vipivotide tetraxetan injection [pluvicto]","vsac_rx_cancer_directed","1"
"http://www.nlm.nih.gov/research/umls/rxnorm","2597060","12.5 ml lutetium lu 177 vipivotide tetraxetan 27 mci/ml injection [pluvicto]","vsac_rx_cancer_directed","1"
"http://www.nlm.nih.gov/research/umls/rxnorm","2598454","vijoice","vsac_rx_cancer_directed","1"
"http://www.nlm.nih.gov/research/umls/rxnorm","2598455","alpelisib 50 mg [vijoice]","vsac_rx_cancer_directed","1"
"http://www.nlm.nih.gov/research/umls/rxnorm","2598456","vijoice oral product","vsac_rx_cancer_directed","1"
"http://www.nlm.nih.gov/research/umls/rxnorm","2598457","vijoice pill","vsac_rx_cancer_directed","1"
"http://www.nlm.nih.gov/research/umls/rxnorm","2598458","alpelisib oral tablet [vijoice]","vsac_rx_cancer_directed","1"
"http://www.nlm.nih.gov/research/umls/rxnorm","2598459","vijoice 50 mg oral tablet","vsac_rx_cancer_directed","2"
"http://www.nlm.nih.gov/research/umls/rxnorm","2598460","alpelisib 125 mg","vsac_rx_cancer_directed","1"
"http://www.nlm.nih.gov/research/umls/rxnorm","2598461","alpelisib 125 mg oral tablet","vsac_rx_cancer_directed","2"
"http://www.nlm.nih.gov/research/umls/rxnorm","2598462","alpelisib 125 mg [vijoice]","vsac_rx_cancer_directed","1"
"http://www.nlm.nih.gov/research/umls/rxnorm","2598463","vijoice 125 mg oral tablet","vsac_rx_cancer_directed","2"
"http://www.nlm.nih.gov/research/umls/rxnorm","2598464","alpelisib 125 mg (28) oral tablet, 28 day pack","vsac_rx_cancer_directed","1"
"http://www.nlm.nih.gov/research/umls/rxnorm","2598465","vijoice 125 mg 28 day pack","vsac_rx_cancer_directed","2"
"http://www.nlm.nih.gov/research/umls/rxnorm","2598466","alpelisib 50 mg 28 day pack","vsac_rx_cancer_directed","2"
"http://www.nlm.nih.gov/research/umls/rxnorm","2598467","vijoice 50 mg 28 day pack","vsac_rx_cancer_directed","2"
"http://www.nlm.nih.gov/research/umls/rxnorm","2598468","alpelisib 200 mg [vijoice]","vsac_rx_cancer_directed","1"
"http://www.nlm.nih.gov/research/umls/rxnorm","2598469","vijoice 200 mg oral tablet","vsac_rx_cancer_directed","2"
"http://www.nlm.nih.gov/research/umls/rxnorm","2598470","vijoice 250 mg 28 day pack","vsac_rx_cancer_directed","2"
"http://www.nlm.nih.gov/research/umls/rxnorm","2599041","bevacizumab-maly","vsac_rx_cancer_directed","3"
"http://www.nlm.nih.gov/research/umls/rxnorm","2599042","bevacizumab-maly 25 mg/ml","vsac_rx_cancer_directed","3"
"http://www.nlm.nih.gov/research/umls/rxnorm","2599043","4 ml bevacizumab-maly 25 mg/ml injection","vsac_rx_cancer_directed","3"
"http://www.nlm.nih.gov/research/umls/rxnorm","2599045","alymsys","vsac_rx_cancer_directed","3"
"http://www.nlm.nih.gov/research/umls/rxnorm","2599046","bevacizumab-maly 25 mg/ml [alymsys]","vsac_rx_cancer_directed","3"
"http://www.nlm.nih.gov/research/umls/rxnorm","2599047","alymsys injectable product","vsac_rx_cancer_directed","3"
"http://www.nlm.nih.gov/research/umls/rxnorm","2599048","bevacizumab injection [alymsys]","vsac_rx_cancer_directed","3"
"http://www.nlm.nih.gov/research/umls/rxnorm","2599049","4 ml bevacizumab-maly 25 mg/ml injection [alymsys]","vsac_rx_cancer_directed","3"
"http://www.nlm.nih.gov/research/umls/rxnorm","2599051","16 ml bevacizumab-maly 25 mg/ml injection","vsac_rx_cancer_directed","3"
"http://www.nlm.nih.gov/research/umls/rxnorm","2599052","16 ml bevacizumab-maly 25 mg/ml injection [alymsys]","vsac_rx_cancer_directed","3"
"http://www.nlm.nih.gov/research/umls/rxnorm","2599510","dotatate injection","vsac_rx_cancer_directed","1"
"http://www.nlm.nih.gov/research/umls/rxnorm","2599511","dotatate injection [lutathera]","vsac_rx_cancer_directed","1"
"http://www.nlm.nih.gov/research/umls/rxnorm","2599512","dotatate injectable product","vsac_rx_cancer_directed","1"
"http://www.nlm.nih.gov/research/umls/rxnorm","2601541","bortezomib 1 mg","vsac_rx_cancer_directed","1"
"http://www.nlm.nih.gov/research/umls/rxnorm","2601542","bortezomib 1 mg injection","vsac_rx_cancer_directed","2"
"http://www.nlm.nih.gov/research/umls/rxnorm","2601543","bortezomib 2.5 mg","vsac_rx_cancer_directed","1"
"http://www.nlm.nih.gov/research/umls/rxnorm","2601544","bortezomib 2.5 mg injection","vsac_rx_cancer_directed","2"
"http://www.nlm.nih.gov/research/umls/rxnorm","2601727","pemetrexed 1000 mg","vsac_rx_cancer_directed","4"
"http://www.nlm.nih.gov/research/umls/rxnorm","2601728","pemetrexed (as disodium heptahydrate) 1 gm injection","vsac_rx_cancer_directed","4"
"http://www.nlm.nih.gov/research/umls/rxnorm","2602135","pemetrexed 750 mg","vsac_rx_cancer_directed","4"
"http://www.nlm.nih.gov/research/umls/rxnorm","2602136","pemetrexed 750 mg injection","vsac_rx_cancer_directed","6"
"http://www.nlm.nih.gov/research/umls/rxnorm","2602363","20 ml pemetrexed 25 mg/ml injection","vsac_rx_cancer_directed","4"
"http://www.nlm.nih.gov/research/umls/rxnorm","2602365","40 ml pemetrexed 25 mg/ml injection","vsac_rx_cancer_directed","4"
"http://www.nlm.nih.gov/research/umls/rxnorm","2602366","4 ml pemetrexed 25 mg/ml injection","vsac_rx_cancer_directed","4"
"http://www.nlm.nih.gov/research/umls/rxnorm","2604776","pemetrexed tromethamine anhydrous","vsac_rx_cancer_directed","4"
"http://www.nlm.nih.gov/research/umls/rxnorm","2605053","carmustine 300 mg","vsac_rx_cancer_directed","2"
"http://www.nlm.nih.gov/research/umls/rxnorm","2605054","carmustine 300 mg injection","vsac_rx_cancer_directed","6"
"http://www.nlm.nih.gov/research/umls/rxnorm","2605055","carmustine 50 mg","vsac_rx_cancer_directed","2"
"http://www.nlm.nih.gov/research/umls/rxnorm","2605056","carmustine 50 mg injection","vsac_rx_cancer_directed","6"
"http://www.nlm.nih.gov/research/umls/rxnorm","2605341","34 ml pemetrexed 25 mg/ml injection","vsac_rx_cancer_directed","4"
"http://www.nlm.nih.gov/research/umls/rxnorm","2606514","leuprolide acetate 22.5 mg","vsac_rx_cancer_directed","1"
"http://www.nlm.nih.gov/research/umls/rxnorm","2606515","leuprolide injection","vsac_rx_cancer_directed","1"
"http://www.nlm.nih.gov/research/umls/rxnorm","2606516","leuprolide acetate 22.5 mg injection","vsac_rx_cancer_directed","2"
"http://www.nlm.nih.gov/research/umls/rxnorm","2607733","acalabrutinib oral tablet","vsac_rx_cancer_directed","1"
"http://www.nlm.nih.gov/research/umls/rxnorm","2607734","acalabrutinib 100 mg oral tablet","vsac_rx_cancer_directed","2"
"http://www.nlm.nih.gov/research/umls/rxnorm","2607736","acalabrutinib oral tablet [calquence]","vsac_rx_cancer_directed","1"
"http://www.nlm.nih.gov/research/umls/rxnorm","2607737","calquence 100 mg oral tablet","vsac_rx_cancer_directed","2"
"http://www.nlm.nih.gov/research/umls/rxnorm","2608947","bortezomib 2.5 mg/ml","vsac_rx_cancer_directed","1"
"http://www.nlm.nih.gov/research/umls/rxnorm","2608948","1.4 ml bortezomib 2.5 mg/ml injection","vsac_rx_cancer_directed","1"
"http://www.nlm.nih.gov/research/umls/rxnorm","2608951","bortezomib 1 mg/ml","vsac_rx_cancer_directed","1"
"http://www.nlm.nih.gov/research/umls/rxnorm","2608952","3.5 ml bortezomib 1 mg/ml injection","vsac_rx_cancer_directed","1"
"http://www.nlm.nih.gov/research/umls/rxnorm","2611533","ibrutinib 70 mg/ml","vsac_rx_cancer_directed","1"
"http://www.nlm.nih.gov/research/umls/rxnorm","2611534","ibrutinib oral liquid product","vsac_rx_cancer_directed","1"
"http://www.nlm.nih.gov/research/umls/rxnorm","2611535","ibrutinib oral suspension","vsac_rx_cancer_directed","1"
"http://www.nlm.nih.gov/research/umls/rxnorm","2611536","ibrutinib 70 mg/ml oral suspension","vsac_rx_cancer_directed","3"
"http://www.nlm.nih.gov/research/umls/rxnorm","2611537","ibrutinib 70 mg/ml [imbruvica]","vsac_rx_cancer_directed","1"
"http://www.nlm.nih.gov/research/umls/rxnorm","2611538","imbruvica oral liquid product","vsac_rx_cancer_directed","1"
"http://www.nlm.nih.gov/research/umls/rxnorm","2611539","ibrutinib oral suspension [imbruvica]","vsac_rx_cancer_directed","1"
"http://www.nlm.nih.gov/research/umls/rxnorm","2611540","imbruvica 70 mg/ml oral suspension","vsac_rx_cancer_directed","2"
"http://www.nlm.nih.gov/research/umls/rxnorm","261288","temodar 5 mg oral capsule","vsac_rx_cancer_directed","8"
"http://www.nlm.nih.gov/research/umls/rxnorm","261289","temodar 20 mg oral capsule","vsac_rx_cancer_directed","8"
"http://www.nlm.nih.gov/research/umls/rxnorm","261290","temodar 100 mg oral capsule","vsac_rx_cancer_directed","8"
"http://www.nlm.nih.gov/research/umls/rxnorm","261291","temodar 250 mg oral capsule","vsac_rx_cancer_directed","8"
"http://www.nlm.nih.gov/research/umls/rxnorm","261317","aromasin 25 mg oral tablet","vsac_rx_cancer_directed","2"
"http://www.nlm.nih.gov/research/umls/rxnorm","261349","targretin 75 mg oral capsule","vsac_rx_cancer_directed","2"
"http://www.nlm.nih.gov/research/umls/rxnorm","261585","mylotarg","vsac_rx_cancer_directed","1"
"http://www.nlm.nih.gov/research/umls/rxnorm","261663","temodar","vsac_rx_cancer_directed","3"
"http://www.nlm.nih.gov/research/umls/rxnorm","2619312","tremelimumab-actl","vsac_rx_cancer_directed","1"
"http://www.nlm.nih.gov/research/umls/rxnorm","2619313","ticilimumab","vsac_rx_cancer_directed","1"
"http://www.nlm.nih.gov/research/umls/rxnorm","2619314","tremelimumab-actl 20 mg/ml","vsac_rx_cancer_directed","1"
"http://www.nlm.nih.gov/research/umls/rxnorm","2619315","tremelimumab injectable product","vsac_rx_cancer_directed","1"
"http://www.nlm.nih.gov/research/umls/rxnorm","2619316","tremelimumab injection","vsac_rx_cancer_directed","1"
"http://www.nlm.nih.gov/research/umls/rxnorm","2619317","15 ml tremelimumab-actl 20 mg/ml injection","vsac_rx_cancer_directed","1"
"http://www.nlm.nih.gov/research/umls/rxnorm","2619319","imjudo","vsac_rx_cancer_directed","1"
"http://www.nlm.nih.gov/research/umls/rxnorm","2619320","tremelimumab-actl 20 mg/ml [imjudo]","vsac_rx_cancer_directed","1"
"http://www.nlm.nih.gov/research/umls/rxnorm","2619321","imjudo injectable product","vsac_rx_cancer_directed","1"
"http://www.nlm.nih.gov/research/umls/rxnorm","2619322","tremelimumab injection [imjudo]","vsac_rx_cancer_directed","1"
"http://www.nlm.nih.gov/research/umls/rxnorm","2619323","15 ml tremelimumab-actl 20 mg/ml injection [imjudo]","vsac_rx_cancer_directed","1"
"http://www.nlm.nih.gov/research/umls/rxnorm","2619325","1.25 ml tremelimumab-actl 20 mg/ml injection","vsac_rx_cancer_directed","1"
"http://www.nlm.nih.gov/research/umls/rxnorm","2619326","1.25 ml tremelimumab-actl 20 mg/ml injection [imjudo]","vsac_rx_cancer_directed","1"
"http://www.nlm.nih.gov/research/umls/rxnorm","2619425","teclistamab-cqyv","vsac_rx_cancer_directed","1"
"http://www.nlm.nih.gov/research/umls/rxnorm","2619426","teclistamab","vsac_rx_cancer_directed","1"
"http://www.nlm.nih.gov/research/umls/rxnorm","2619429","teclistamab-cqyv 10 mg/ml","vsac_rx_cancer_directed","1"
"http://www.nlm.nih.gov/research/umls/rxnorm","2619430","teclistamab injectable product","vsac_rx_cancer_directed","1"
"http://www.nlm.nih.gov/research/umls/rxnorm","2619431","teclistamab injection","vsac_rx_cancer_directed","1"
"http://www.nlm.nih.gov/research/umls/rxnorm","2619432","3 ml teclistamab-cqyv 10 mg/ml injection","vsac_rx_cancer_directed","1"
"http://www.nlm.nih.gov/research/umls/rxnorm","2619434","tecvayli","vsac_rx_cancer_directed","1"
"http://www.nlm.nih.gov/research/umls/rxnorm","2619435","teclistamab-cqyv 10 mg/ml [tecvayli]","vsac_rx_cancer_directed","1"
"http://www.nlm.nih.gov/research/umls/rxnorm","2619436","tecvayli injectable product","vsac_rx_cancer_directed","1"
"http://www.nlm.nih.gov/research/umls/rxnorm","2619437","teclistamab injection [tecvayli]","vsac_rx_cancer_directed","1"
"http://www.nlm.nih.gov/research/umls/rxnorm","2619438","3 ml teclistamab-cqyv 10 mg/ml injection [tecvayli]","vsac_rx_cancer_directed","1"
"http://www.nlm.nih.gov/research/umls/rxnorm","2619440","teclistamab-cqyv 90 mg/ml","vsac_rx_cancer_directed","1"
"http://www.nlm.nih.gov/research/umls/rxnorm","2619441","1.7 ml teclistamab-cqyv 90 mg/ml injection","vsac_rx_cancer_directed","1"
"http://www.nlm.nih.gov/research/umls/rxnorm","2619443","teclistamab-cqyv 90 mg/ml [tecvayli]","vsac_rx_cancer_directed","1"
"http://www.nlm.nih.gov/research/umls/rxnorm","2619444","1.7 ml teclistamab-cqyv 90 mg/ml injection [tecvayli]","vsac_rx_cancer_directed","1"
"http://www.nlm.nih.gov/research/umls/rxnorm","262063","valrubicin 40 mg/ml irrigation solution [valstar]","vsac_rx_cancer_directed","2"
"http://www.nlm.nih.gov/research/umls/rxnorm","262105","aromasin","vsac_rx_cancer_directed","1"
"http://www.nlm.nih.gov/research/umls/rxnorm","2621548","mirvetuximab soravtansine","vsac_rx_cancer_directed","1"
"http://www.nlm.nih.gov/research/umls/rxnorm","2621549","mirvetuximab soravtansine-gynx","vsac_rx_cancer_directed","1"
"http://www.nlm.nih.gov/research/umls/rxnorm","2621550","mirvetuximab soravtansine-gynx 5 mg/ml","vsac_rx_cancer_directed","1"
"http://www.nlm.nih.gov/research/umls/rxnorm","2621551","mirvetuximab soravtansine injectable product","vsac_rx_cancer_directed","1"
"http://www.nlm.nih.gov/research/umls/rxnorm","2621552","mirvetuximab soravtansine injection","vsac_rx_cancer_directed","1"
"http://www.nlm.nih.gov/research/umls/rxnorm","2621553","20 ml mirvetuximab soravtansine-gynx 5 mg/ml injection","vsac_rx_cancer_directed","1"
"http://www.nlm.nih.gov/research/umls/rxnorm","2621555","elahere","vsac_rx_cancer_directed","1"
"http://www.nlm.nih.gov/research/umls/rxnorm","2621556","mirvetuximab soravtansine-gynx 5 mg/ml [elahere]","vsac_rx_cancer_directed","1"
"http://www.nlm.nih.gov/research/umls/rxnorm","2621557","elahere injectable product","vsac_rx_cancer_directed","1"
"http://www.nlm.nih.gov/research/umls/rxnorm","2621558","mirvetuximab soravtansine injection [elahere]","vsac_rx_cancer_directed","1"
"http://www.nlm.nih.gov/research/umls/rxnorm","2621559","20 ml mirvetuximab soravtansine-gynx 5 mg/ml injection [elahere]","vsac_rx_cancer_directed","1"
"http://www.nlm.nih.gov/research/umls/rxnorm","2622910","vivimusta","vsac_rx_cancer_directed","2"
"http://www.nlm.nih.gov/research/umls/rxnorm","2622911","bendamustine hydrochloride 25 mg/ml [vivimusta]","vsac_rx_cancer_directed","2"
"http://www.nlm.nih.gov/research/umls/rxnorm","2622912","vivimusta injectable product","vsac_rx_cancer_directed","2"
"http://www.nlm.nih.gov/research/umls/rxnorm","2622913","bendamustine injectable solution [vivimusta]","vsac_rx_cancer_directed","2"
"http://www.nlm.nih.gov/research/umls/rxnorm","2622914","vivimusta 25 mg/ml injectable solution","vsac_rx_cancer_directed","4"
"http://www.nlm.nih.gov/research/umls/rxnorm","262323","ibritumomab tiuxetan","vsac_rx_cancer_directed","1"
"http://www.nlm.nih.gov/research/umls/rxnorm","2623641","olutasidenib","vsac_rx_cancer_directed","1"
"http://www.nlm.nih.gov/research/umls/rxnorm","2623644","olutasidenib 150 mg","vsac_rx_cancer_directed","1"
"http://www.nlm.nih.gov/research/umls/rxnorm","2623645","olutasidenib oral product","vsac_rx_cancer_directed","1"
"http://www.nlm.nih.gov/research/umls/rxnorm","2623646","olutasidenib pill","vsac_rx_cancer_directed","1"
"http://www.nlm.nih.gov/research/umls/rxnorm","2623647","olutasidenib oral capsule","vsac_rx_cancer_directed","1"
"http://www.nlm.nih.gov/research/umls/rxnorm","2623648","olutasidenib 150 mg oral capsule","vsac_rx_cancer_directed","2"
"http://www.nlm.nih.gov/research/umls/rxnorm","2623649","rezlidhia","vsac_rx_cancer_directed","1"
"http://www.nlm.nih.gov/research/umls/rxnorm","2623650","olutasidenib 150 mg [rezlidhia]","vsac_rx_cancer_directed","1"
"http://www.nlm.nih.gov/research/umls/rxnorm","2623651","rezlidhia oral product","vsac_rx_cancer_directed","1"
"http://www.nlm.nih.gov/research/umls/rxnorm","2623652","rezlidhia pill","vsac_rx_cancer_directed","1"
"http://www.nlm.nih.gov/research/umls/rxnorm","2623653","olutasidenib oral capsule [rezlidhia]","vsac_rx_cancer_directed","1"
"http://www.nlm.nih.gov/research/umls/rxnorm","2623654","rezlidhia 150 mg oral capsule","vsac_rx_cancer_directed","2"
"http://www.nlm.nih.gov/research/umls/rxnorm","262485","arimidex","vsac_rx_cancer_directed","1"
"http://www.nlm.nih.gov/research/umls/rxnorm","2625122","mosunetuzumab","vsac_rx_cancer_directed","1"
"http://www.nlm.nih.gov/research/umls/rxnorm","2625125","mosunetuzumab-axgb","vsac_rx_cancer_directed","1"
"http://www.nlm.nih.gov/research/umls/rxnorm","2625126","mosunetuzumab-axgb 1 mg/ml","vsac_rx_cancer_directed","1"
"http://www.nlm.nih.gov/research/umls/rxnorm","2625127","mosunetuzumab injectable product","vsac_rx_cancer_directed","1"
"http://www.nlm.nih.gov/research/umls/rxnorm","2625128","mosunetuzumab injection","vsac_rx_cancer_directed","1"
"http://www.nlm.nih.gov/research/umls/rxnorm","2625129","1 ml mosunetuzumab-axgb 1 mg/ml injection","vsac_rx_cancer_directed","1"
"http://www.nlm.nih.gov/research/umls/rxnorm","2625131","lunsumio","vsac_rx_cancer_directed","1"
"http://www.nlm.nih.gov/research/umls/rxnorm","2625132","mosunetuzumab-axgb 1 mg/ml [lunsumio]","vsac_rx_cancer_directed","1"
"http://www.nlm.nih.gov/research/umls/rxnorm","2625133","lunsumio injectable product","vsac_rx_cancer_directed","1"
"http://www.nlm.nih.gov/research/umls/rxnorm","2625134","mosunetuzumab injection [lunsumio]","vsac_rx_cancer_directed","1"
"http://www.nlm.nih.gov/research/umls/rxnorm","2625135","1 ml mosunetuzumab-axgb 1 mg/ml injection [lunsumio]","vsac_rx_cancer_directed","1"
"http://www.nlm.nih.gov/research/umls/rxnorm","2625137","30 ml mosunetuzumab-axgb 1 mg/ml injection","vsac_rx_cancer_directed","1"
"http://www.nlm.nih.gov/research/umls/rxnorm","2625138","30 ml mosunetuzumab-axgb 1 mg/ml injection [lunsumio]","vsac_rx_cancer_directed","1"
"http://www.nlm.nih.gov/research/umls/rxnorm","2625882","adagrasib","vsac_rx_cancer_directed","1"
"http://www.nlm.nih.gov/research/umls/rxnorm","2625913","adagrasib 200 mg","vsac_rx_cancer_directed","1"
"http://www.nlm.nih.gov/research/umls/rxnorm","2625914","adagrasib oral product","vsac_rx_cancer_directed","1"
"http://www.nlm.nih.gov/research/umls/rxnorm","2625915","adagrasib pill","vsac_rx_cancer_directed","1"
"http://www.nlm.nih.gov/research/umls/rxnorm","2625916","adagrasib oral tablet","vsac_rx_cancer_directed","1"
"http://www.nlm.nih.gov/research/umls/rxnorm","2625917","adagrasib 200 mg oral tablet","vsac_rx_cancer_directed","2"
"http://www.nlm.nih.gov/research/umls/rxnorm","2625918","krazati","vsac_rx_cancer_directed","1"
"http://www.nlm.nih.gov/research/umls/rxnorm","2625919","adagrasib 200 mg [krazati]","vsac_rx_cancer_directed","1"
"http://www.nlm.nih.gov/research/umls/rxnorm","2625920","krazati oral product","vsac_rx_cancer_directed","1"
"http://www.nlm.nih.gov/research/umls/rxnorm","2625921","krazati pill","vsac_rx_cancer_directed","1"
"http://www.nlm.nih.gov/research/umls/rxnorm","2625922","adagrasib oral tablet [krazati]","vsac_rx_cancer_directed","1"
"http://www.nlm.nih.gov/research/umls/rxnorm","2625923","krazati 200 mg oral tablet","vsac_rx_cancer_directed","2"
"http://www.nlm.nih.gov/research/umls/rxnorm","2627648","bevacizumab-adcd","vsac_rx_cancer_directed","3"
"http://www.nlm.nih.gov/research/umls/rxnorm","2627649","bevacizumab-adcd 25 mg/ml","vsac_rx_cancer_directed","3"
"http://www.nlm.nih.gov/research/umls/rxnorm","2627650","4 ml bevacizumab-adcd 25 mg/ml injection","vsac_rx_cancer_directed","3"
"http://www.nlm.nih.gov/research/umls/rxnorm","2627652","vegzelma","vsac_rx_cancer_directed","3"
"http://www.nlm.nih.gov/research/umls/rxnorm","2627653","bevacizumab-adcd 25 mg/ml [vegzelma]","vsac_rx_cancer_directed","3"
"http://www.nlm.nih.gov/research/umls/rxnorm","2627654","vegzelma injectable product","vsac_rx_cancer_directed","3"
"http://www.nlm.nih.gov/research/umls/rxnorm","2627655","bevacizumab injection [vegzelma]","vsac_rx_cancer_directed","3"
"http://www.nlm.nih.gov/research/umls/rxnorm","2627656","4 ml bevacizumab-adcd 25 mg/ml injection [vegzelma]","vsac_rx_cancer_directed","3"
"http://www.nlm.nih.gov/research/umls/rxnorm","2627658","16 ml bevacizumab-adcd 25 mg/ml injection","vsac_rx_cancer_directed","3"
"http://www.nlm.nih.gov/research/umls/rxnorm","2627659","16 ml bevacizumab-adcd 25 mg/ml injection [vegzelma]","vsac_rx_cancer_directed","3"
"http://www.nlm.nih.gov/research/umls/rxnorm","2628190","futibatinib","vsac_rx_cancer_directed","2"
"http://www.nlm.nih.gov/research/umls/rxnorm","2628191","futibatinib 4 mg","vsac_rx_cancer_directed","2"
"http://www.nlm.nih.gov/research/umls/rxnorm","2628192","futibatinib oral product","vsac_rx_cancer_directed","2"
"http://www.nlm.nih.gov/research/umls/rxnorm","2628193","futibatinib pill","vsac_rx_cancer_directed","2"
"http://www.nlm.nih.gov/research/umls/rxnorm","2628194","futibatinib oral tablet","vsac_rx_cancer_directed","2"
"http://www.nlm.nih.gov/research/umls/rxnorm","2628195","futibatinib 4 mg oral tablet","vsac_rx_cancer_directed","4"
"http://www.nlm.nih.gov/research/umls/rxnorm","2628196","lytgobi","vsac_rx_cancer_directed","2"
"http://www.nlm.nih.gov/research/umls/rxnorm","2628197","futibatinib 4 mg [lytgobi]","vsac_rx_cancer_directed","2"
"http://www.nlm.nih.gov/research/umls/rxnorm","2628198","lytgobi oral product","vsac_rx_cancer_directed","2"
"http://www.nlm.nih.gov/research/umls/rxnorm","2628199","lytgobi pill","vsac_rx_cancer_directed","2"
"http://www.nlm.nih.gov/research/umls/rxnorm","2628200","futibatinib oral tablet [lytgobi]","vsac_rx_cancer_directed","2"
"http://www.nlm.nih.gov/research/umls/rxnorm","2628201","lytgobi 4 mg oral tablet","vsac_rx_cancer_directed","4"
"http://www.nlm.nih.gov/research/umls/rxnorm","2628203","futibatinib 4 mg (21) oral tablet, 12 mg daily dose pack","vsac_rx_cancer_directed","4"
"http://www.nlm.nih.gov/research/umls/rxnorm","2628204","lytgobi 12 mg daily dose","vsac_rx_cancer_directed","4"
"http://www.nlm.nih.gov/research/umls/rxnorm","2628205","futibatinib 4 mg (28) oral tablet, 16 mg daily dose pack","vsac_rx_cancer_directed","4"
"http://www.nlm.nih.gov/research/umls/rxnorm","2628206","lytgobi 16 mg daily dose","vsac_rx_cancer_directed","4"
"http://www.nlm.nih.gov/research/umls/rxnorm","2628207","futibatinib 4 mg (35) oral tablet, 20 mg daily dose pack","vsac_rx_cancer_directed","4"
"http://www.nlm.nih.gov/research/umls/rxnorm","2628208","lytgobi 20 mg daily dose","vsac_rx_cancer_directed","4"
"http://www.nlm.nih.gov/research/umls/rxnorm","2628239","sotorasib 320 mg","vsac_rx_cancer_directed","1"
"http://www.nlm.nih.gov/research/umls/rxnorm","2628240","sotorasib 320 mg oral tablet","vsac_rx_cancer_directed","2"
"http://www.nlm.nih.gov/research/umls/rxnorm","2628241","sotorasib 320 mg [lumakras]","vsac_rx_cancer_directed","1"
"http://www.nlm.nih.gov/research/umls/rxnorm","2628242","lumakras 320 mg oral tablet","vsac_rx_cancer_directed","2"
"http://www.nlm.nih.gov/research/umls/rxnorm","2628469","elacestrant","vsac_rx_cancer_directed","1"
"http://www.nlm.nih.gov/research/umls/rxnorm","2628473","elacestrant dihydrochloride","vsac_rx_cancer_directed","1"
"http://www.nlm.nih.gov/research/umls/rxnorm","2628474","elacestrant 86 mg","vsac_rx_cancer_directed","1"
"http://www.nlm.nih.gov/research/umls/rxnorm","2628475","elacestrant oral product","vsac_rx_cancer_directed","1"
"http://www.nlm.nih.gov/research/umls/rxnorm","2628476","elacestrant pill","vsac_rx_cancer_directed","1"
"http://www.nlm.nih.gov/research/umls/rxnorm","2628477","elacestrant oral tablet","vsac_rx_cancer_directed","1"
"http://www.nlm.nih.gov/research/umls/rxnorm","2628478","elacestrant 86 mg oral tablet","vsac_rx_cancer_directed","2"
"http://www.nlm.nih.gov/research/umls/rxnorm","2628479","orserdu","vsac_rx_cancer_directed","1"
"http://www.nlm.nih.gov/research/umls/rxnorm","2628480","elacestrant 86 mg [orserdu]","vsac_rx_cancer_directed","1"
"http://www.nlm.nih.gov/research/umls/rxnorm","2628481","orserdu oral product","vsac_rx_cancer_directed","1"
"http://www.nlm.nih.gov/research/umls/rxnorm","2628482","orserdu pill","vsac_rx_cancer_directed","1"
"http://www.nlm.nih.gov/research/umls/rxnorm","2628483","elacestrant oral tablet [orserdu]","vsac_rx_cancer_directed","1"
"http://www.nlm.nih.gov/research/umls/rxnorm","2628484","orserdu 86 mg oral tablet","vsac_rx_cancer_directed","2"
"http://www.nlm.nih.gov/research/umls/rxnorm","2628486","elacestrant 345 mg","vsac_rx_cancer_directed","1"
"http://www.nlm.nih.gov/research/umls/rxnorm","2628487","elacestrant 345 mg oral tablet","vsac_rx_cancer_directed","2"
"http://www.nlm.nih.gov/research/umls/rxnorm","2628488","elacestrant 345 mg [orserdu]","vsac_rx_cancer_directed","1"
"http://www.nlm.nih.gov/research/umls/rxnorm","2628489","orserdu 345 mg oral tablet","vsac_rx_cancer_directed","2"
"http://www.nlm.nih.gov/research/umls/rxnorm","2629338","pirtobrutinib","vsac_rx_cancer_directed","1"
"http://www.nlm.nih.gov/research/umls/rxnorm","2629339","pirtobrutinib 100 mg","vsac_rx_cancer_directed","1"
"http://www.nlm.nih.gov/research/umls/rxnorm","2629340","pirtobrutinib oral product","vsac_rx_cancer_directed","1"
"http://www.nlm.nih.gov/research/umls/rxnorm","2629341","pirtobrutinib pill","vsac_rx_cancer_directed","1"
"http://www.nlm.nih.gov/research/umls/rxnorm","2629342","pirtobrutinib oral tablet","vsac_rx_cancer_directed","1"
"http://www.nlm.nih.gov/research/umls/rxnorm","2629343","pirtobrutinib 100 mg oral tablet","vsac_rx_cancer_directed","2"
"http://www.nlm.nih.gov/research/umls/rxnorm","2629344","jaypirca","vsac_rx_cancer_directed","1"
"http://www.nlm.nih.gov/research/umls/rxnorm","2629345","pirtobrutinib 100 mg [jaypirca]","vsac_rx_cancer_directed","1"
"http://www.nlm.nih.gov/research/umls/rxnorm","2629346","jaypirca oral product","vsac_rx_cancer_directed","1"
"http://www.nlm.nih.gov/research/umls/rxnorm","2629347","jaypirca pill","vsac_rx_cancer_directed","1"
"http://www.nlm.nih.gov/research/umls/rxnorm","2629348","pirtobrutinib oral tablet [jaypirca]","vsac_rx_cancer_directed","1"
"http://www.nlm.nih.gov/research/umls/rxnorm","2629349","jaypirca 100 mg oral tablet","vsac_rx_cancer_directed","2"
"http://www.nlm.nih.gov/research/umls/rxnorm","2629350","pirtobrutinib 50 mg","vsac_rx_cancer_directed","1"
"http://www.nlm.nih.gov/research/umls/rxnorm","2629351","pirtobrutinib 50 mg oral tablet","vsac_rx_cancer_directed","2"
"http://www.nlm.nih.gov/research/umls/rxnorm","2629352","pirtobrutinib 50 mg [jaypirca]","vsac_rx_cancer_directed","1"
"http://www.nlm.nih.gov/research/umls/rxnorm","2629353","jaypirca 50 mg oral tablet","vsac_rx_cancer_directed","2"
"http://www.nlm.nih.gov/research/umls/rxnorm","263010","tositumomab","vsac_rx_cancer_directed","1"
"http://www.nlm.nih.gov/research/umls/rxnorm","2630214","apalutamide 240 mg","vsac_rx_cancer_directed","1"
"http://www.nlm.nih.gov/research/umls/rxnorm","2630215","apalutamide 240 mg oral tablet","vsac_rx_cancer_directed","2"
"http://www.nlm.nih.gov/research/umls/rxnorm","2630216","apalutamide 240 mg [erleada]","vsac_rx_cancer_directed","1"
"http://www.nlm.nih.gov/research/umls/rxnorm","2630217","erleada 240 mg oral tablet","vsac_rx_cancer_directed","2"
"http://www.nlm.nih.gov/research/umls/rxnorm","263034","panitumumab","vsac_rx_cancer_directed","1"
"http://www.nlm.nih.gov/research/umls/rxnorm","2632549","dabrafenib 10 mg","vsac_rx_cancer_directed","1"
"http://www.nlm.nih.gov/research/umls/rxnorm","2632550","dabrafenib oral liquid product","vsac_rx_cancer_directed","1"
"http://www.nlm.nih.gov/research/umls/rxnorm","2632551","dabrafenib tablet for oral suspension","vsac_rx_cancer_directed","2"
"http://www.nlm.nih.gov/research/umls/rxnorm","2632552","dabrafenib 10 mg tablet for oral suspension","vsac_rx_cancer_directed","4"
"http://www.nlm.nih.gov/research/umls/rxnorm","2632553","dabrafenib 10 mg [tafinlar]","vsac_rx_cancer_directed","1"
"http://www.nlm.nih.gov/research/umls/rxnorm","2632554","tafinlar oral liquid product","vsac_rx_cancer_directed","1"
"http://www.nlm.nih.gov/research/umls/rxnorm","2632555","dabrafenib tablet for oral suspension [tafinlar]","vsac_rx_cancer_directed","2"
"http://www.nlm.nih.gov/research/umls/rxnorm","2632556","tafinlar 10 mg tablet for oral suspension","vsac_rx_cancer_directed","4"
"http://www.nlm.nih.gov/research/umls/rxnorm","2632557","trametinib 0.05 mg/ml","vsac_rx_cancer_directed","3"
"http://www.nlm.nih.gov/research/umls/rxnorm","2632558","trametinib oral liquid product","vsac_rx_cancer_directed","3"
"http://www.nlm.nih.gov/research/umls/rxnorm","2632559","trametinib oral solution","vsac_rx_cancer_directed","5"
"http://www.nlm.nih.gov/research/umls/rxnorm","2632560","trametinib 0.05 mg (equivalent to trametinib dimethyl sulfoxide) per 1 ml oral solution","vsac_rx_cancer_directed","5"
"http://www.nlm.nih.gov/research/umls/rxnorm","2632561","trametinib 0.05 mg/ml [mekinist]","vsac_rx_cancer_directed","3"
"http://www.nlm.nih.gov/research/umls/rxnorm","2632562","mekinist oral liquid product","vsac_rx_cancer_directed","3"
"http://www.nlm.nih.gov/research/umls/rxnorm","2632563","trametinib oral solution [mekinist]","vsac_rx_cancer_directed","5"
"http://www.nlm.nih.gov/research/umls/rxnorm","2632564","mekinist 0.05 mg in 1 ml oral solution","vsac_rx_cancer_directed","5"
"http://www.nlm.nih.gov/research/umls/rxnorm","2632980","retifanlimab-dlwr","vsac_rx_cancer_directed","1"
"http://www.nlm.nih.gov/research/umls/rxnorm","2632981","retifanlimab","vsac_rx_cancer_directed","1"
"http://www.nlm.nih.gov/research/umls/rxnorm","2632982","retifanlimab-dlwr 25 mg/ml","vsac_rx_cancer_directed","1"
"http://www.nlm.nih.gov/research/umls/rxnorm","2632983","retifanlimab injectable product","vsac_rx_cancer_directed","1"
"http://www.nlm.nih.gov/research/umls/rxnorm","2632984","retifanlimab injection","vsac_rx_cancer_directed","1"
"http://www.nlm.nih.gov/research/umls/rxnorm","2632985","20 ml retifanlimab-dlwr 25 mg/ml injection","vsac_rx_cancer_directed","1"
"http://www.nlm.nih.gov/research/umls/rxnorm","2632987","zynyz","vsac_rx_cancer_directed","1"
"http://www.nlm.nih.gov/research/umls/rxnorm","2632988","retifanlimab-dlwr 25 mg/ml [zynyz]","vsac_rx_cancer_directed","1"
"http://www.nlm.nih.gov/research/umls/rxnorm","2632989","zynyz injectable product","vsac_rx_cancer_directed","1"
"http://www.nlm.nih.gov/research/umls/rxnorm","2632990","retifanlimab injection [zynyz]","vsac_rx_cancer_directed","1"
"http://www.nlm.nih.gov/research/umls/rxnorm","2632991","20 ml retifanlimab-dlwr 25 mg/ml injection [zynyz]","vsac_rx_cancer_directed","1"
"http://www.nlm.nih.gov/research/umls/rxnorm","2637447","niraparib tosylate","vsac_rx_cancer_directed","1"
"http://www.nlm.nih.gov/research/umls/rxnorm","2637448","niraparib oral tablet","vsac_rx_cancer_directed","1"
"http://www.nlm.nih.gov/research/umls/rxnorm","2637449","niraparib 100 mg oral tablet","vsac_rx_cancer_directed","2"
"http://www.nlm.nih.gov/research/umls/rxnorm","2637451","niraparib 200 mg","vsac_rx_cancer_directed","1"
"http://www.nlm.nih.gov/research/umls/rxnorm","2637452","niraparib 200 mg oral tablet","vsac_rx_cancer_directed","2"
"http://www.nlm.nih.gov/research/umls/rxnorm","2637464","niraparib 300 mg","vsac_rx_cancer_directed","1"
"http://www.nlm.nih.gov/research/umls/rxnorm","2637465","niraparib 300 mg oral tablet","vsac_rx_cancer_directed","2"
"http://www.nlm.nih.gov/research/umls/rxnorm","266573","topotecan hydrochloride","vsac_rx_cancer_directed","2"
"http://www.nlm.nih.gov/research/umls/rxnorm","27100","omacetaxine mepesuccinate","vsac_rx_cancer_directed","2"
"http://www.nlm.nih.gov/research/umls/rxnorm","274342","etopophos","vsac_rx_cancer_directed","4"
"http://www.nlm.nih.gov/research/umls/rxnorm","274771","nelarabine","vsac_rx_cancer_directed","2"
"http://www.nlm.nih.gov/research/umls/rxnorm","281876","fosfestrol tetrasodium","vsac_rx_cancer_directed","1"
"http://www.nlm.nih.gov/research/umls/rxnorm","281883","iressa","vsac_rx_cancer_directed","1"
"http://www.nlm.nih.gov/research/umls/rxnorm","282357","fulvestrant","vsac_rx_cancer_directed","1"
"http://www.nlm.nih.gov/research/umls/rxnorm","282386","gleevec","vsac_rx_cancer_directed","1"
"http://www.nlm.nih.gov/research/umls/rxnorm","282388","imatinib","vsac_rx_cancer_directed","1"
"http://www.nlm.nih.gov/research/umls/rxnorm","282443","pemetrexed disodium","vsac_rx_cancer_directed","4"
"http://www.nlm.nih.gov/research/umls/rxnorm","282561","methoxsalen 20 mcg/ml injectable solution","vsac_rx_cancer_directed","2"
"http://www.nlm.nih.gov/research/umls/rxnorm","283475","hydroxyurea 1000 mg oral tablet","vsac_rx_cancer_directed","6"
"http://www.nlm.nih.gov/research/umls/rxnorm","283510","methotrexate 15 mg oral tablet","vsac_rx_cancer_directed","8"
"http://www.nlm.nih.gov/research/umls/rxnorm","283511","methotrexate 5 mg oral tablet","vsac_rx_cancer_directed","8"
"http://www.nlm.nih.gov/research/umls/rxnorm","283671","methotrexate 7.5 mg oral tablet","vsac_rx_cancer_directed","8"
"http://www.nlm.nih.gov/research/umls/rxnorm","284192","peginterferon alfa-2b 50 mcg injection","vsac_rx_cancer_directed","2"
"http://www.nlm.nih.gov/research/umls/rxnorm","284193","peginterferon alfa-2b 80 mcg injection","vsac_rx_cancer_directed","2"
"http://www.nlm.nih.gov/research/umls/rxnorm","284194","peginterferon alfa-2b 120 mcg injection","vsac_rx_cancer_directed","2"
"http://www.nlm.nih.gov/research/umls/rxnorm","284195","peginterferon alfa-2b 150 mcg injection","vsac_rx_cancer_directed","2"
"http://www.nlm.nih.gov/research/umls/rxnorm","284206","imatinib 100 mg oral capsule","vsac_rx_cancer_directed","1"
"http://www.nlm.nih.gov/research/umls/rxnorm","284425","10 ml busulfan 6 mg/ml injection [busulfex]","vsac_rx_cancer_directed","2"
"http://www.nlm.nih.gov/research/umls/rxnorm","284551","nilandron 150 mg oral tablet","vsac_rx_cancer_directed","2"
"http://www.nlm.nih.gov/research/umls/rxnorm","284592","trexall 5 mg oral tablet","vsac_rx_cancer_directed","6"
"http://www.nlm.nih.gov/research/umls/rxnorm","284593","trexall 10 mg oral tablet","vsac_rx_cancer_directed","6"
"http://www.nlm.nih.gov/research/umls/rxnorm","284594","trexall 7.5 mg oral tablet","vsac_rx_cancer_directed","6"
"http://www.nlm.nih.gov/research/umls/rxnorm","284595","trexall 15 mg oral tablet","vsac_rx_cancer_directed","6"
"http://www.nlm.nih.gov/research/umls/rxnorm","284676","busulfex","vsac_rx_cancer_directed","2"
"http://www.nlm.nih.gov/research/umls/rxnorm","284679","campath","vsac_rx_cancer_directed","2"
"http://www.nlm.nih.gov/research/umls/rxnorm","284900","trexall","vsac_rx_cancer_directed","3"
"http://www.nlm.nih.gov/research/umls/rxnorm","284924","imatinib mesylate","vsac_rx_cancer_directed","1"
"http://www.nlm.nih.gov/research/umls/rxnorm","285101","uvadex","vsac_rx_cancer_directed","1"
"http://www.nlm.nih.gov/research/umls/rxnorm","287734","methotrexate sodium","vsac_rx_cancer_directed","2"
"http://www.nlm.nih.gov/research/umls/rxnorm","3002","cyclophosphamide","vsac_rx_cancer_directed","6"
"http://www.nlm.nih.gov/research/umls/rxnorm","301739","abarelix","vsac_rx_cancer_directed","1"
"http://www.nlm.nih.gov/research/umls/rxnorm","3041","cytarabine","vsac_rx_cancer_directed","2"
"http://www.nlm.nih.gov/research/umls/rxnorm","307816","aldesleukin 22,000,000 unt injection","vsac_rx_cancer_directed","2"
"http://www.nlm.nih.gov/research/umls/rxnorm","308725","bexarotene 75 mg oral capsule","vsac_rx_cancer_directed","4"
"http://www.nlm.nih.gov/research/umls/rxnorm","309012","carmustine 100 mg injection","vsac_rx_cancer_directed","8"
"http://www.nlm.nih.gov/research/umls/rxnorm","309013","carmustine 7.7 mg drug implant","vsac_rx_cancer_directed","4"
"http://www.nlm.nih.gov/research/umls/rxnorm","309311","cisplatin 1 mg/ml injectable solution","vsac_rx_cancer_directed","18"
"http://www.nlm.nih.gov/research/umls/rxnorm","309650","4 ml daunorubicin 5 mg/ml injection","vsac_rx_cancer_directed","6"
"http://www.nlm.nih.gov/research/umls/rxnorm","3098","dacarbazine","vsac_rx_cancer_directed","2"
"http://www.nlm.nih.gov/research/umls/rxnorm","3100","dactinomycin","vsac_rx_cancer_directed","4"
"http://www.nlm.nih.gov/research/umls/rxnorm","310194","estramustine 140 mg oral capsule","vsac_rx_cancer_directed","3"
"http://www.nlm.nih.gov/research/umls/rxnorm","310248","etoposide 20 mg/ml injectable solution","vsac_rx_cancer_directed","10"
"http://www.nlm.nih.gov/research/umls/rxnorm","310261","exemestane 25 mg oral tablet","vsac_rx_cancer_directed","2"
"http://www.nlm.nih.gov/research/umls/rxnorm","310351","floxuridine 500 mg injection","vsac_rx_cancer_directed","6"
"http://www.nlm.nih.gov/research/umls/rxnorm","310592","goserelin 3.6 mg (as goserelin acetate 3.8 mg) drug implant","vsac_rx_cancer_directed","1"
"http://www.nlm.nih.gov/research/umls/rxnorm","3109","daunorubicin","vsac_rx_cancer_directed","4"
"http://www.nlm.nih.gov/research/umls/rxnorm","311078","interferon alfa-2b 50,000,000 unt injection","vsac_rx_cancer_directed","2"
"http://www.nlm.nih.gov/research/umls/rxnorm","311282","leucovorin 10 mg/ml injectable solution","vsac_rx_cancer_directed","2"
"http://www.nlm.nih.gov/research/umls/rxnorm","311487","melphalan 50 mg injection","vsac_rx_cancer_directed","6"
"http://www.nlm.nih.gov/research/umls/rxnorm","311625","methotrexate 1 gm injection","vsac_rx_cancer_directed","8"
"http://www.nlm.nih.gov/research/umls/rxnorm","311982","nilutamide 150 mg oral tablet","vsac_rx_cancer_directed","2"
"http://www.nlm.nih.gov/research/umls/rxnorm","312199","paclitaxel 6 mg/ml injectable solution","vsac_rx_cancer_directed","9"
"http://www.nlm.nih.gov/research/umls/rxnorm","312463","plicamycin 0.5 mg/ml injectable solution","vsac_rx_cancer_directed","2"
"http://www.nlm.nih.gov/research/umls/rxnorm","313195","tamoxifen 20 mg (as tamoxifen citrate 30.4 mg) oral tablet","vsac_rx_cancer_directed","1"
"http://www.nlm.nih.gov/research/umls/rxnorm","313209","temozolomide 20 mg oral capsule","vsac_rx_cancer_directed","10"
"http://www.nlm.nih.gov/research/umls/rxnorm","313210","temozolomide 250 mg oral capsule","vsac_rx_cancer_directed","10"
"http://www.nlm.nih.gov/research/umls/rxnorm","313211","temozolomide 5 mg oral capsule","vsac_rx_cancer_directed","10"
"http://www.nlm.nih.gov/research/umls/rxnorm","313213","5 ml teniposide 10 mg/ml injection","vsac_rx_cancer_directed","4"
"http://www.nlm.nih.gov/research/umls/rxnorm","313428","toremifene (as toremifene citrate 88.5 mg) oral tablet","vsac_rx_cancer_directed","1"
"http://www.nlm.nih.gov/research/umls/rxnorm","313567","valrubicin 200 mg per 5 ml (40 mg/ml) irrigation solution","vsac_rx_cancer_directed","2"
"http://www.nlm.nih.gov/research/umls/rxnorm","314008","gosarelin 10.8 mg (as gosarelin acetate) drug implant","vsac_rx_cancer_directed","1"
"http://www.nlm.nih.gov/research/umls/rxnorm","314167","procarbazine 50 mg oral capsule","vsac_rx_cancer_directed","4"
"http://www.nlm.nih.gov/research/umls/rxnorm","314230","sirolimus 1 mg in 1 ml oral solution","vsac_rx_cancer_directed","2"
"http://www.nlm.nih.gov/research/umls/rxnorm","31435","valrubicin","vsac_rx_cancer_directed","2"
"http://www.nlm.nih.gov/research/umls/rxnorm","315148","methotrexate (as methotrexate sodium) 2.5 mg/ml injectable solution","vsac_rx_cancer_directed","3"
"http://www.nlm.nih.gov/research/umls/rxnorm","315322","altretamine 50 mg","vsac_rx_cancer_directed","2"
"http://www.nlm.nih.gov/research/umls/rxnorm","315382","anastrozole 1 mg","vsac_rx_cancer_directed","1"
"http://www.nlm.nih.gov/research/umls/rxnorm","315478","bicalutamide 50 mg","vsac_rx_cancer_directed","1"
"http://www.nlm.nih.gov/research/umls/rxnorm","315503","busulfan 6 mg/ml","vsac_rx_cancer_directed","2"
"http://www.nlm.nih.gov/research/umls/rxnorm","315557","capecitabine 150 mg","vsac_rx_cancer_directed","2"
"http://www.nlm.nih.gov/research/umls/rxnorm","315558","capecitabine 500 mg","vsac_rx_cancer_directed","2"
"http://www.nlm.nih.gov/research/umls/rxnorm","315626","chlorambucil 2 mg","vsac_rx_cancer_directed","2"
"http://www.nlm.nih.gov/research/umls/rxnorm","315692","cladribine 1 mg/ml","vsac_rx_cancer_directed","1"
"http://www.nlm.nih.gov/research/umls/rxnorm","315746","cyclophosphamide 25 mg","vsac_rx_cancer_directed","6"
"http://www.nlm.nih.gov/research/umls/rxnorm","315747","cyclophosphamide 50 mg","vsac_rx_cancer_directed","6"
"http://www.nlm.nih.gov/research/umls/rxnorm","315912","etoposide 20 mg/ml","vsac_rx_cancer_directed","4"
"http://www.nlm.nih.gov/research/umls/rxnorm","315913","etoposide 50 mg","vsac_rx_cancer_directed","4"
"http://www.nlm.nih.gov/research/umls/rxnorm","315950","fluorouracil 50 mg/ml","vsac_rx_cancer_directed","2"
"http://www.nlm.nih.gov/research/umls/rxnorm","315960","flutamide 125 mg","vsac_rx_cancer_directed","1"
"http://www.nlm.nih.gov/research/umls/rxnorm","316067","hydroxyurea 200 mg","vsac_rx_cancer_directed","2"
"http://www.nlm.nih.gov/research/umls/rxnorm","316068","hydroxyurea 300 mg","vsac_rx_cancer_directed","2"
"http://www.nlm.nih.gov/research/umls/rxnorm","316069","hydroxyurea 400 mg","vsac_rx_cancer_directed","2"
"http://www.nlm.nih.gov/research/umls/rxnorm","316070","hydroxyurea 500 mg","vsac_rx_cancer_directed","2"
"http://www.nlm.nih.gov/research/umls/rxnorm","316135","letrozole 2.5 mg","vsac_rx_cancer_directed","1"
"http://www.nlm.nih.gov/research/umls/rxnorm","316160","lomustine 10 mg","vsac_rx_cancer_directed","4"
"http://www.nlm.nih.gov/research/umls/rxnorm","316161","lomustine 100 mg","vsac_rx_cancer_directed","4"
"http://www.nlm.nih.gov/research/umls/rxnorm","316162","lomustine 40 mg","vsac_rx_cancer_directed","4"
"http://www.nlm.nih.gov/research/umls/rxnorm","316246","mercaptopurine 50 mg","vsac_rx_cancer_directed","3"
"http://www.nlm.nih.gov/research/umls/rxnorm","316276","methoxsalen 10 mg","vsac_rx_cancer_directed","1"
"http://www.nlm.nih.gov/research/umls/rxnorm","316312","mitotane 500 mg","vsac_rx_cancer_directed","2"
"http://www.nlm.nih.gov/research/umls/rxnorm","316429","paclitaxel 6 mg/ml","vsac_rx_cancer_directed","4"
"http://www.nlm.nih.gov/research/umls/rxnorm","316450","pegaspargase 750 unt/ml","vsac_rx_cancer_directed","2"
"http://www.nlm.nih.gov/research/umls/rxnorm","316648","rituximab 10 mg/ml","vsac_rx_cancer_directed","2"
"http://www.nlm.nih.gov/research/umls/rxnorm","316769","teniposide 10 mg/ml","vsac_rx_cancer_directed","2"
"http://www.nlm.nih.gov/research/umls/rxnorm","316784","thalidomide 50 mg","vsac_rx_cancer_directed","1"
"http://www.nlm.nih.gov/research/umls/rxnorm","316813","thioguanine 40 mg","vsac_rx_cancer_directed","4"
"http://www.nlm.nih.gov/research/umls/rxnorm","316850","tretinoin 10 mg","vsac_rx_cancer_directed","1"
"http://www.nlm.nih.gov/research/umls/rxnorm","317160","temozolomide 100 mg oral capsule","vsac_rx_cancer_directed","10"
"http://www.nlm.nih.gov/research/umls/rxnorm","317620","busulfan 2 mg","vsac_rx_cancer_directed","2"
"http://www.nlm.nih.gov/research/umls/rxnorm","317646","melphalan 2 mg","vsac_rx_cancer_directed","2"
"http://www.nlm.nih.gov/research/umls/rxnorm","31805","nilutamide","vsac_rx_cancer_directed","1"
"http://www.nlm.nih.gov/research/umls/rxnorm","318341","cetuximab","vsac_rx_cancer_directed","1"
"http://www.nlm.nih.gov/research/umls/rxnorm","323879","alimta","vsac_rx_cancer_directed","2"
"http://www.nlm.nih.gov/research/umls/rxnorm","323957","leucovorin 10 mg/ml","vsac_rx_cancer_directed","1"
"http://www.nlm.nih.gov/research/umls/rxnorm","32592","oxaliplatin","vsac_rx_cancer_directed","3"
"http://www.nlm.nih.gov/research/umls/rxnorm","328134","gefitinib","vsac_rx_cancer_directed","1"
"http://www.nlm.nih.gov/research/umls/rxnorm","328303","cisplatin 1 mg/ml","vsac_rx_cancer_directed","8"
"http://www.nlm.nih.gov/research/umls/rxnorm","328407","methotrexate 2.5 mg","vsac_rx_cancer_directed","3"
"http://www.nlm.nih.gov/research/umls/rxnorm","328431","fludarabine phosphate 25 mg/ml","vsac_rx_cancer_directed","2"
"http://www.nlm.nih.gov/research/umls/rxnorm","328493","mitoxantrone 2 mg/ml","vsac_rx_cancer_directed","4"
"http://www.nlm.nih.gov/research/umls/rxnorm","328546","procarbazine 50 mg","vsac_rx_cancer_directed","3"
"http://www.nlm.nih.gov/research/umls/rxnorm","329674","daunorubicin 5 mg/ml","vsac_rx_cancer_directed","4"
"http://www.nlm.nih.gov/research/umls/rxnorm","329753","etoposide 100 mg","vsac_rx_cancer_directed","4"
"http://www.nlm.nih.gov/research/umls/rxnorm","329896","leucovorin 10 mg","vsac_rx_cancer_directed","1"
"http://www.nlm.nih.gov/research/umls/rxnorm","329897","leucovorin 15 mg","vsac_rx_cancer_directed","1"
"http://www.nlm.nih.gov/research/umls/rxnorm","329898","leucovorin 25 mg","vsac_rx_cancer_directed","1"
"http://www.nlm.nih.gov/research/umls/rxnorm","329899","leucovorin 5 mg","vsac_rx_cancer_directed","1"
"http://www.nlm.nih.gov/research/umls/rxnorm","330028","methotrexate 2.5 mg/ml","vsac_rx_cancer_directed","3"
"http://www.nlm.nih.gov/research/umls/rxnorm","330281","toremifene 60 mg","vsac_rx_cancer_directed","1"
"http://www.nlm.nih.gov/research/umls/rxnorm","330333","exemestane 25 mg","vsac_rx_cancer_directed","1"
"http://www.nlm.nih.gov/research/umls/rxnorm","330405","temozolomide 20 mg","vsac_rx_cancer_directed","4"
"http://www.nlm.nih.gov/research/umls/rxnorm","330431","estramustine 140 mg","vsac_rx_cancer_directed","2"
"http://www.nlm.nih.gov/research/umls/rxnorm","330459","ifosfamide 50 mg/ml","vsac_rx_cancer_directed","2"
"http://www.nlm.nih.gov/research/umls/rxnorm","330520","tamoxifen 10 mg","vsac_rx_cancer_directed","1"
"http://www.nlm.nih.gov/research/umls/rxnorm","330562","vinorelbine 10 mg/ml","vsac_rx_cancer_directed","2"
"http://www.nlm.nih.gov/research/umls/rxnorm","330595","tamoxifen 20 mg","vsac_rx_cancer_directed","1"
"http://www.nlm.nih.gov/research/umls/rxnorm","330797","temozolomide 100 mg","vsac_rx_cancer_directed","4"
"http://www.nlm.nih.gov/research/umls/rxnorm","331482","temozolomide 5 mg","vsac_rx_cancer_directed","4"
"http://www.nlm.nih.gov/research/umls/rxnorm","331483","temozolomide 250 mg","vsac_rx_cancer_directed","4"
"http://www.nlm.nih.gov/research/umls/rxnorm","331495","bexarotene 75 mg","vsac_rx_cancer_directed","1"
"http://www.nlm.nih.gov/research/umls/rxnorm","331558","nilutamide 150 mg","vsac_rx_cancer_directed","1"
"http://www.nlm.nih.gov/research/umls/rxnorm","331560","hydroxyurea 1000 mg","vsac_rx_cancer_directed","2"
"http://www.nlm.nih.gov/research/umls/rxnorm","331568","methotrexate 10 mg","vsac_rx_cancer_directed","3"
"http://www.nlm.nih.gov/research/umls/rxnorm","331569","methotrexate 15 mg","vsac_rx_cancer_directed","3"
"http://www.nlm.nih.gov/research/umls/rxnorm","331600","imatinib 100 mg","vsac_rx_cancer_directed","1"
"http://www.nlm.nih.gov/research/umls/rxnorm","331779","cytarabine 100 mg/ml","vsac_rx_cancer_directed","2"
"http://www.nlm.nih.gov/research/umls/rxnorm","332212","methoxsalen 0.02 mg/ml","vsac_rx_cancer_directed","1"
"http://www.nlm.nih.gov/research/umls/rxnorm","332422","cytarabine 20 mg/ml","vsac_rx_cancer_directed","2"
"http://www.nlm.nih.gov/research/umls/rxnorm","332447","bexarotene 0.01 mg/mg","vsac_rx_cancer_directed","1"
"http://www.nlm.nih.gov/research/umls/rxnorm","332454","methotrexate 5 mg","vsac_rx_cancer_directed","3"
"http://www.nlm.nih.gov/research/umls/rxnorm","332455","methotrexate 7.5 mg","vsac_rx_cancer_directed","3"
"http://www.nlm.nih.gov/research/umls/rxnorm","332500","flutamide 250 mg","vsac_rx_cancer_directed","1"
"http://www.nlm.nih.gov/research/umls/rxnorm","332699","buserelin 1 mg/ml","vsac_rx_cancer_directed","1"
"http://www.nlm.nih.gov/research/umls/rxnorm","333296","sirolimus 1 mg/ml","vsac_rx_cancer_directed","1"
"http://www.nlm.nih.gov/research/umls/rxnorm","333624","buserelin 0.1 mg/actuat","vsac_rx_cancer_directed","1"
"http://www.nlm.nih.gov/research/umls/rxnorm","333668","cytarabine 50 mg/ml","vsac_rx_cancer_directed","2"
"http://www.nlm.nih.gov/research/umls/rxnorm","334799","fluorouracil 250 mg","vsac_rx_cancer_directed","2"
"http://www.nlm.nih.gov/research/umls/rxnorm","335656","tamoxifen 40 mg","vsac_rx_cancer_directed","1"
"http://www.nlm.nih.gov/research/umls/rxnorm","335658","tegafur 100 mg","vsac_rx_cancer_directed","2"
"http://www.nlm.nih.gov/research/umls/rxnorm","335659","uracil 224 mg","vsac_rx_cancer_directed","2"
"http://www.nlm.nih.gov/research/umls/rxnorm","336841","treosulfan 250 mg","vsac_rx_cancer_directed","2"
"http://www.nlm.nih.gov/research/umls/rxnorm","337521","avastin","vsac_rx_cancer_directed","1"
"http://www.nlm.nih.gov/research/umls/rxnorm","337523","ixabepilone","vsac_rx_cancer_directed","2"
"http://www.nlm.nih.gov/research/umls/rxnorm","337525","erlotinib","vsac_rx_cancer_directed","1"
"http://www.nlm.nih.gov/research/umls/rxnorm","337526","tarceva","vsac_rx_cancer_directed","1"
"http://www.nlm.nih.gov/research/umls/rxnorm","337535","revlimid","vsac_rx_cancer_directed","1"
"http://www.nlm.nih.gov/research/umls/rxnorm","33764","pirarubicin","vsac_rx_cancer_directed","2"
"http://www.nlm.nih.gov/research/umls/rxnorm","338529","triptorelin pamoate","vsac_rx_cancer_directed","1"
"http://www.nlm.nih.gov/research/umls/rxnorm","339993","methoxsalen 10 mg/ml","vsac_rx_cancer_directed","1"
"http://www.nlm.nih.gov/research/umls/rxnorm","340255","plicamycin 0.5 mg/ml","vsac_rx_cancer_directed","2"
"http://www.nlm.nih.gov/research/umls/rxnorm","340520","carmustine 7.7 mg","vsac_rx_cancer_directed","3"
"http://www.nlm.nih.gov/research/umls/rxnorm","34119","polyestradiol","vsac_rx_cancer_directed","1"
"http://www.nlm.nih.gov/research/umls/rxnorm","34120","polyestradiol phosphate","vsac_rx_cancer_directed","1"
"http://www.nlm.nih.gov/research/umls/rxnorm","34132","pegaspargase","vsac_rx_cancer_directed","2"
"http://www.nlm.nih.gov/research/umls/rxnorm","342369","lenalidomide","vsac_rx_cancer_directed","1"
"http://www.nlm.nih.gov/research/umls/rxnorm","342947","topotecan 1 mg/ml","vsac_rx_cancer_directed","2"
"http://www.nlm.nih.gov/research/umls/rxnorm","342949","vindesine 1 mg/ml","vsac_rx_cancer_directed","2"
"http://www.nlm.nih.gov/research/umls/rxnorm","343027","bicnu","vsac_rx_cancer_directed","3"
"http://www.nlm.nih.gov/research/umls/rxnorm","343106","valrubicin 40 mg/ml","vsac_rx_cancer_directed","2"
"http://www.nlm.nih.gov/research/umls/rxnorm","346209","carboplatin 10 mg/ml","vsac_rx_cancer_directed","8"
"http://www.nlm.nih.gov/research/umls/rxnorm","346254","interferon alfa-2b 10000000 unt/ml","vsac_rx_cancer_directed","1"
"http://www.nlm.nih.gov/research/umls/rxnorm","346447","aclarubicin 2 mg/ml","vsac_rx_cancer_directed","2"
"http://www.nlm.nih.gov/research/umls/rxnorm","349208","sirolimus 1 mg oral tablet","vsac_rx_cancer_directed","4"
"http://www.nlm.nih.gov/research/umls/rxnorm","349406","bicalutamide 150 mg oral tablet","vsac_rx_cancer_directed","2"
"http://www.nlm.nih.gov/research/umls/rxnorm","349472","gefitinib 250 mg oral tablet","vsac_rx_cancer_directed","2"
"http://www.nlm.nih.gov/research/umls/rxnorm","350512","sirolimus 1 mg","vsac_rx_cancer_directed","1"
"http://www.nlm.nih.gov/research/umls/rxnorm","350633","bicalutamide 150 mg","vsac_rx_cancer_directed","1"
"http://www.nlm.nih.gov/research/umls/rxnorm","350934","fulvestrant 50 mg/ml","vsac_rx_cancer_directed","1"
"http://www.nlm.nih.gov/research/umls/rxnorm","351901","rapamune 1 mg in 1 ml oral solution","vsac_rx_cancer_directed","2"
"http://www.nlm.nih.gov/research/umls/rxnorm","351989","rapamune 1 mg oral tablet","vsac_rx_cancer_directed","4"
"http://www.nlm.nih.gov/research/umls/rxnorm","352083","uvadex 20 mcg/ml injectable solution","vsac_rx_cancer_directed","2"
"http://www.nlm.nih.gov/research/umls/rxnorm","352384","ifosfamide / mesna","vsac_rx_cancer_directed","3"
"http://www.nlm.nih.gov/research/umls/rxnorm","352619","eligard","vsac_rx_cancer_directed","1"
"http://www.nlm.nih.gov/research/umls/rxnorm","35302","sirolimus","vsac_rx_cancer_directed","2"
"http://www.nlm.nih.gov/research/umls/rxnorm","353411","goserelin 10.8 mg","vsac_rx_cancer_directed","1"
"http://www.nlm.nih.gov/research/umls/rxnorm","355460","erbitux","vsac_rx_cancer_directed","1"
"http://www.nlm.nih.gov/research/umls/rxnorm","356733","velcade","vsac_rx_cancer_directed","1"
"http://www.nlm.nih.gov/research/umls/rxnorm","357977","sunitinib","vsac_rx_cancer_directed","2"
"http://www.nlm.nih.gov/research/umls/rxnorm","358258","bortezomib","vsac_rx_cancer_directed","1"
"http://www.nlm.nih.gov/research/umls/rxnorm","358339","goserelin 3.6 mg","vsac_rx_cancer_directed","1"
"http://www.nlm.nih.gov/research/umls/rxnorm","358733","raltitrexed 0.5 mg/ml","vsac_rx_cancer_directed","2"
"http://www.nlm.nih.gov/research/umls/rxnorm","358777","gefitinib 250 mg","vsac_rx_cancer_directed","1"
"http://www.nlm.nih.gov/research/umls/rxnorm","358819","oxaliplatin 5 mg/ml","vsac_rx_cancer_directed","2"
"http://www.nlm.nih.gov/research/umls/rxnorm","360110","sirolimus 2 mg oral tablet","vsac_rx_cancer_directed","4"
"http://www.nlm.nih.gov/research/umls/rxnorm","360176","thalidomide 100 mg oral capsule","vsac_rx_cancer_directed","2"
"http://www.nlm.nih.gov/research/umls/rxnorm","360177","thalidomide 200 mg oral capsule","vsac_rx_cancer_directed","2"
"http://www.nlm.nih.gov/research/umls/rxnorm","360318","sirolimus 2 mg","vsac_rx_cancer_directed","1"
"http://www.nlm.nih.gov/research/umls/rxnorm","360321","thalidomide 100 mg","vsac_rx_cancer_directed","1"
"http://www.nlm.nih.gov/research/umls/rxnorm","360322","thalidomide 200 mg","vsac_rx_cancer_directed","1"
"http://www.nlm.nih.gov/research/umls/rxnorm","360546","mitobronitol 125 mg","vsac_rx_cancer_directed","2"
"http://www.nlm.nih.gov/research/umls/rxnorm","360547","methotrexate 100 mg/ml","vsac_rx_cancer_directed","3"
"http://www.nlm.nih.gov/research/umls/rxnorm","360568","leucovorin 7.5 mg/ml","vsac_rx_cancer_directed","1"
"http://www.nlm.nih.gov/research/umls/rxnorm","360572","interferon gamma-1b 0.2 mg/ml","vsac_rx_cancer_directed","1"
"http://www.nlm.nih.gov/research/umls/rxnorm","362789","methoxsalen injectable solution [uvadex]","vsac_rx_cancer_directed","1"
"http://www.nlm.nih.gov/research/umls/rxnorm","362845","fluorouracil injectable solution [adrucil]","vsac_rx_cancer_directed","2"
"http://www.nlm.nih.gov/research/umls/rxnorm","362881","etoposide injectable solution [toposar]","vsac_rx_cancer_directed","4"
"http://www.nlm.nih.gov/research/umls/rxnorm","3639","doxorubicin","vsac_rx_cancer_directed","4"
"http://www.nlm.nih.gov/research/umls/rxnorm","364904","sirolimus oral solution [rapamune]","vsac_rx_cancer_directed","2"
"http://www.nlm.nih.gov/research/umls/rxnorm","366197","estramustine oral capsule [emcyt]","vsac_rx_cancer_directed","2"
"http://www.nlm.nih.gov/research/umls/rxnorm","366431","temozolomide oral capsule [temodar]","vsac_rx_cancer_directed","4"
"http://www.nlm.nih.gov/research/umls/rxnorm","366451","thalidomide oral capsule [thalomid]","vsac_rx_cancer_directed","1"
"http://www.nlm.nih.gov/research/umls/rxnorm","366459","hydroxyurea oral capsule [droxia]","vsac_rx_cancer_directed","2"
"http://www.nlm.nih.gov/research/umls/rxnorm","366557","bexarotene oral capsule [targretin]","vsac_rx_cancer_directed","1"
"http://www.nlm.nih.gov/research/umls/rxnorm","366728","procarbazine oral capsule [matulane]","vsac_rx_cancer_directed","3"
"http://www.nlm.nih.gov/research/umls/rxnorm","366743","hydroxyurea oral capsule [hydrea]","vsac_rx_cancer_directed","2"
"http://www.nlm.nih.gov/research/umls/rxnorm","366776","flutamide oral capsule [eulexin]","vsac_rx_cancer_directed","1"
"http://www.nlm.nih.gov/research/umls/rxnorm","367745","nilutamide oral tablet [nilandron]","vsac_rx_cancer_directed","1"
"http://www.nlm.nih.gov/research/umls/rxnorm","367866","anastrozole oral tablet [arimidex]","vsac_rx_cancer_directed","1"
"http://www.nlm.nih.gov/research/umls/rxnorm","368138","methotrexate oral tablet [trexall]","vsac_rx_cancer_directed","3"
"http://www.nlm.nih.gov/research/umls/rxnorm","368218","exemestane oral tablet [aromasin]","vsac_rx_cancer_directed","1"
"http://www.nlm.nih.gov/research/umls/rxnorm","368280","capecitabine oral tablet [xeloda]","vsac_rx_cancer_directed","2"
"http://www.nlm.nih.gov/research/umls/rxnorm","368304","toremifene oral tablet [fareston]","vsac_rx_cancer_directed","1"
"http://www.nlm.nih.gov/research/umls/rxnorm","368318","letrozole oral tablet [femara]","vsac_rx_cancer_directed","1"
"http://www.nlm.nih.gov/research/umls/rxnorm","368349","chlorambucil oral tablet [leukeran]","vsac_rx_cancer_directed","2"
"http://www.nlm.nih.gov/research/umls/rxnorm","368542","busulfan oral tablet [myleran]","vsac_rx_cancer_directed","2"
"http://www.nlm.nih.gov/research/umls/rxnorm","368664","thioguanine oral tablet [tabloid]","vsac_rx_cancer_directed","4"
"http://www.nlm.nih.gov/research/umls/rxnorm","368672","sirolimus oral tablet [rapamune]","vsac_rx_cancer_directed","2"
"http://www.nlm.nih.gov/research/umls/rxnorm","368750","mitotane oral tablet [lysodren]","vsac_rx_cancer_directed","2"
"http://www.nlm.nih.gov/research/umls/rxnorm","368873","melphalan oral tablet [alkeran]","vsac_rx_cancer_directed","2"
"http://www.nlm.nih.gov/research/umls/rxnorm","369055","bicalutamide oral tablet [casodex]","vsac_rx_cancer_directed","1"
"http://www.nlm.nih.gov/research/umls/rxnorm","370482","goserelin drug implant [zoladex]","vsac_rx_cancer_directed","1"
"http://www.nlm.nih.gov/research/umls/rxnorm","370551","altretamine oral capsule","vsac_rx_cancer_directed","2"
"http://www.nlm.nih.gov/research/umls/rxnorm","370588","anastrozole oral tablet","vsac_rx_cancer_directed","1"
"http://www.nlm.nih.gov/research/umls/rxnorm","370657","hydroxyurea oral tablet","vsac_rx_cancer_directed","2"
"http://www.nlm.nih.gov/research/umls/rxnorm","370658","hydroxyurea oral capsule","vsac_rx_cancer_directed","2"
"http://www.nlm.nih.gov/research/umls/rxnorm","370692","interferon alfa-2b injectable solution","vsac_rx_cancer_directed","1"
"http://www.nlm.nih.gov/research/umls/rxnorm","371070","bicalutamide oral tablet","vsac_rx_cancer_directed","1"
"http://www.nlm.nih.gov/research/umls/rxnorm","371165","busulfan oral tablet","vsac_rx_cancer_directed","2"
"http://www.nlm.nih.gov/research/umls/rxnorm","371250","capecitabine oral tablet","vsac_rx_cancer_directed","2"
"http://www.nlm.nih.gov/research/umls/rxnorm","371375","chlorambucil oral tablet","vsac_rx_cancer_directed","2"
"http://www.nlm.nih.gov/research/umls/rxnorm","371664","cyclophosphamide oral tablet","vsac_rx_cancer_directed","6"
"http://www.nlm.nih.gov/research/umls/rxnorm","371676","cytarabine injectable solution","vsac_rx_cancer_directed","2"
"http://www.nlm.nih.gov/research/umls/rxnorm","372082","estramustine oral capsule","vsac_rx_cancer_directed","2"
"http://www.nlm.nih.gov/research/umls/rxnorm","372132","etoposide oral capsule","vsac_rx_cancer_directed","4"
"http://www.nlm.nih.gov/research/umls/rxnorm","372227","fluorouracil oral capsule","vsac_rx_cancer_directed","2"
"http://www.nlm.nih.gov/research/umls/rxnorm","372228","fluorouracil injectable solution","vsac_rx_cancer_directed","2"
"http://www.nlm.nih.gov/research/umls/rxnorm","372251","flutamide oral capsule","vsac_rx_cancer_directed","1"
"http://www.nlm.nih.gov/research/umls/rxnorm","372252","flutamide oral tablet","vsac_rx_cancer_directed","1"
"http://www.nlm.nih.gov/research/umls/rxnorm","372458","idarubicin oral capsule","vsac_rx_cancer_directed","4"
"http://www.nlm.nih.gov/research/umls/rxnorm","372571","letrozole oral tablet","vsac_rx_cancer_directed","1"
"http://www.nlm.nih.gov/research/umls/rxnorm","372573","leucovorin injectable solution","vsac_rx_cancer_directed","1"
"http://www.nlm.nih.gov/research/umls/rxnorm","372575","leucovorin oral tablet","vsac_rx_cancer_directed","1"
"http://www.nlm.nih.gov/research/umls/rxnorm","372576","leuprolide injectable solution","vsac_rx_cancer_directed","1"
"http://www.nlm.nih.gov/research/umls/rxnorm","372631","lomustine oral capsule","vsac_rx_cancer_directed","4"
"http://www.nlm.nih.gov/research/umls/rxnorm","372756","melphalan oral tablet","vsac_rx_cancer_directed","2"
"http://www.nlm.nih.gov/research/umls/rxnorm","372782","mercaptopurine oral tablet","vsac_rx_cancer_directed","3"
"http://www.nlm.nih.gov/research/umls/rxnorm","372835","methotrexate injectable solution","vsac_rx_cancer_directed","3"
"http://www.nlm.nih.gov/research/umls/rxnorm","372836","methotrexate oral tablet","vsac_rx_cancer_directed","3"
"http://www.nlm.nih.gov/research/umls/rxnorm","372841","methoxsalen oral capsule","vsac_rx_cancer_directed","1"
"http://www.nlm.nih.gov/research/umls/rxnorm","372942","mitotane oral tablet","vsac_rx_cancer_directed","2"
"http://www.nlm.nih.gov/research/umls/rxnorm","373082","nilutamide oral tablet","vsac_rx_cancer_directed","1"
"http://www.nlm.nih.gov/research/umls/rxnorm","373602","procarbazine oral capsule","vsac_rx_cancer_directed","3"
"http://www.nlm.nih.gov/research/umls/rxnorm","374020","tamoxifen oral tablet","vsac_rx_cancer_directed","1"
"http://www.nlm.nih.gov/research/umls/rxnorm","374023","tegafur / uracil oral capsule","vsac_rx_cancer_directed","2"
"http://www.nlm.nih.gov/research/umls/rxnorm","374072","thalidomide oral capsule","vsac_rx_cancer_directed","1"
"http://www.nlm.nih.gov/research/umls/rxnorm","374104","thioguanine oral tablet","vsac_rx_cancer_directed","4"
"http://www.nlm.nih.gov/research/umls/rxnorm","374167","toremifene oral tablet","vsac_rx_cancer_directed","1"
"http://www.nlm.nih.gov/research/umls/rxnorm","374186","treosulfan oral capsule","vsac_rx_cancer_directed","2"
"http://www.nlm.nih.gov/research/umls/rxnorm","374187","tretinoin oral capsule","vsac_rx_cancer_directed","1"
"http://www.nlm.nih.gov/research/umls/rxnorm","374376","doxorubicin injectable solution","vsac_rx_cancer_directed","4"
"http://www.nlm.nih.gov/research/umls/rxnorm","374610","temozolomide oral capsule","vsac_rx_cancer_directed","4"
"http://www.nlm.nih.gov/research/umls/rxnorm","374652","methoxsalen topical solution","vsac_rx_cancer_directed","1"
"http://www.nlm.nih.gov/research/umls/rxnorm","374890","buserelin injectable solution","vsac_rx_cancer_directed","1"
"http://www.nlm.nih.gov/research/umls/rxnorm","375061","exemestane oral tablet","vsac_rx_cancer_directed","1"
"http://www.nlm.nih.gov/research/umls/rxnorm","375167","methoxsalen injectable solution","vsac_rx_cancer_directed","1"
"http://www.nlm.nih.gov/research/umls/rxnorm","375173","mitoxantrone injectable solution","vsac_rx_cancer_directed","4"
"http://www.nlm.nih.gov/research/umls/rxnorm","375278","sirolimus oral solution","vsac_rx_cancer_directed","2"
"http://www.nlm.nih.gov/research/umls/rxnorm","376335","imatinib oral capsule","vsac_rx_cancer_directed","1"
"http://www.nlm.nih.gov/research/umls/rxnorm","376433","cisplatin injectable solution","vsac_rx_cancer_directed","10"
"http://www.nlm.nih.gov/research/umls/rxnorm","376666","cyclophosphamide injectable solution","vsac_rx_cancer_directed","6"
"http://www.nlm.nih.gov/research/umls/rxnorm","376667","plicamycin injectable solution","vsac_rx_cancer_directed","2"
"http://www.nlm.nih.gov/research/umls/rxnorm","376857","vinblastine injectable solution","vsac_rx_cancer_directed","8"
"http://www.nlm.nih.gov/research/umls/rxnorm","376888","docetaxel injectable solution","vsac_rx_cancer_directed","4"
"http://www.nlm.nih.gov/research/umls/rxnorm","376889","topotecan injectable solution","vsac_rx_cancer_directed","3"
"http://www.nlm.nih.gov/research/umls/rxnorm","376890","etoposide injectable solution","vsac_rx_cancer_directed","4"
"http://www.nlm.nih.gov/research/umls/rxnorm","376891","vindesine injectable solution","vsac_rx_cancer_directed","2"
"http://www.nlm.nih.gov/research/umls/rxnorm","377111","paclitaxel injectable solution","vsac_rx_cancer_directed","4"
"http://www.nlm.nih.gov/research/umls/rxnorm","377216","trastuzumab injectable solution","vsac_rx_cancer_directed","1"
"http://www.nlm.nih.gov/research/umls/rxnorm","377233","asparaginase injectable solution","vsac_rx_cancer_directed","2"
"http://www.nlm.nih.gov/research/umls/rxnorm","377757","methoxsalen topical lotion","vsac_rx_cancer_directed","1"
"http://www.nlm.nih.gov/research/umls/rxnorm","37776","temozolomide","vsac_rx_cancer_directed","4"
"http://www.nlm.nih.gov/research/umls/rxnorm","378102","raltitrexed injectable solution","vsac_rx_cancer_directed","2"
"http://www.nlm.nih.gov/research/umls/rxnorm","378110","aclarubicin injectable solution","vsac_rx_cancer_directed","2"
"http://www.nlm.nih.gov/research/umls/rxnorm","378232","leuprolide injectable suspension","vsac_rx_cancer_directed","1"
"http://www.nlm.nih.gov/research/umls/rxnorm","378277","sirolimus oral tablet","vsac_rx_cancer_directed","2"
"http://www.nlm.nih.gov/research/umls/rxnorm","378363","carboplatin injectable solution","vsac_rx_cancer_directed","12"
"http://www.nlm.nih.gov/research/umls/rxnorm","378629","gefitinib oral tablet","vsac_rx_cancer_directed","1"
"http://www.nlm.nih.gov/research/umls/rxnorm","378774","carmustine drug implant","vsac_rx_cancer_directed","3"
"http://www.nlm.nih.gov/research/umls/rxnorm","379069","bexarotene oral capsule","vsac_rx_cancer_directed","1"
"http://www.nlm.nih.gov/research/umls/rxnorm","379243","goserelin drug implant","vsac_rx_cancer_directed","1"
"http://www.nlm.nih.gov/research/umls/rxnorm","379269","mitobronitol oral tablet","vsac_rx_cancer_directed","2"
"http://www.nlm.nih.gov/research/umls/rxnorm","379275","buserelin nasal spray","vsac_rx_cancer_directed","1"
"http://www.nlm.nih.gov/research/umls/rxnorm","3815","emcyt","vsac_rx_cancer_directed","2"
"http://www.nlm.nih.gov/research/umls/rxnorm","38409","toremifene","vsac_rx_cancer_directed","1"
"http://www.nlm.nih.gov/research/umls/rxnorm","38508","treosulfan","vsac_rx_cancer_directed","2"
"http://www.nlm.nih.gov/research/umls/rxnorm","385156","fosfestrol injectable solution","vsac_rx_cancer_directed","1"
"http://www.nlm.nih.gov/research/umls/rxnorm","385540","fosfestrol 60 mg/ml","vsac_rx_cancer_directed","1"
"http://www.nlm.nih.gov/research/umls/rxnorm","385552","fosfestrol 120 mg","vsac_rx_cancer_directed","1"
"http://www.nlm.nih.gov/research/umls/rxnorm","385553","fosfestrol oral tablet","vsac_rx_cancer_directed","1"
"http://www.nlm.nih.gov/research/umls/rxnorm","38782","triptorelin","vsac_rx_cancer_directed","1"
"http://www.nlm.nih.gov/research/umls/rxnorm","389230","tamoxifen 10 mg (as tamoxifen citrate 15.2 mg) per 5 ml oral solution","vsac_rx_cancer_directed","1"
"http://www.nlm.nih.gov/research/umls/rxnorm","393413","fludarabine oral tablet","vsac_rx_cancer_directed","2"
"http://www.nlm.nih.gov/research/umls/rxnorm","393415","tamoxifen 2 mg/ml","vsac_rx_cancer_directed","1"
"http://www.nlm.nih.gov/research/umls/rxnorm","393416","tamoxifen oral solution","vsac_rx_cancer_directed","1"
"http://www.nlm.nih.gov/research/umls/rxnorm","39541","vinorelbine","vsac_rx_cancer_directed","3"
"http://www.nlm.nih.gov/research/umls/rxnorm","3995","epirubicin","vsac_rx_cancer_directed","4"
"http://www.nlm.nih.gov/research/umls/rxnorm","40048","carboplatin","vsac_rx_cancer_directed","12"
"http://www.nlm.nih.gov/research/umls/rxnorm","40137","tamoxifen citrate","vsac_rx_cancer_directed","1"
"http://www.nlm.nih.gov/research/umls/rxnorm","402091","iressa 250 mg oral tablet","vsac_rx_cancer_directed","2"
"http://www.nlm.nih.gov/research/umls/rxnorm","402243","bortezomib 3.5 mg injection","vsac_rx_cancer_directed","2"
"http://www.nlm.nih.gov/research/umls/rxnorm","402244","velcade 3.5 mg injection","vsac_rx_cancer_directed","2"
"http://www.nlm.nih.gov/research/umls/rxnorm","402435","gefitinib oral tablet [iressa]","vsac_rx_cancer_directed","1"
"http://www.nlm.nih.gov/research/umls/rxnorm","403878","imatinib (as imatinib mesylate) 100 mg oral tablet","vsac_rx_cancer_directed","1"
"http://www.nlm.nih.gov/research/umls/rxnorm","403879","imatinib (as imatinib mesylate) 400 mg oral tablet","vsac_rx_cancer_directed","1"
"http://www.nlm.nih.gov/research/umls/rxnorm","404432","rapamune 2 mg oral tablet","vsac_rx_cancer_directed","4"
"http://www.nlm.nih.gov/research/umls/rxnorm","404449","thalomid 100 mg oral capsule","vsac_rx_cancer_directed","2"
"http://www.nlm.nih.gov/research/umls/rxnorm","404450","thalomid 200 mg oral capsule","vsac_rx_cancer_directed","2"
"http://www.nlm.nih.gov/research/umls/rxnorm","404588","gleevec 100 mg oral tablet","vsac_rx_cancer_directed","2"
"http://www.nlm.nih.gov/research/umls/rxnorm","404589","gleevec 400 mg oral tablet","vsac_rx_cancer_directed","2"
"http://www.nlm.nih.gov/research/umls/rxnorm","405951","carmustine drug implant [gliadel]","vsac_rx_cancer_directed","3"
"http://www.nlm.nih.gov/research/umls/rxnorm","406050","imatinib oral tablet","vsac_rx_cancer_directed","1"
"http://www.nlm.nih.gov/research/umls/rxnorm","406051","imatinib 400 mg","vsac_rx_cancer_directed","1"
"http://www.nlm.nih.gov/research/umls/rxnorm","406060","imatinib oral tablet [gleevec]","vsac_rx_cancer_directed","1"
"http://www.nlm.nih.gov/research/umls/rxnorm","4089","estramustine","vsac_rx_cancer_directed","2"
"http://www.nlm.nih.gov/research/umls/rxnorm","4090","estramustine phosphate sodium","vsac_rx_cancer_directed","2"
"http://www.nlm.nih.gov/research/umls/rxnorm","411240","imatinib 50 mg oral capsule","vsac_rx_cancer_directed","1"
"http://www.nlm.nih.gov/research/umls/rxnorm","4132","ethoglucid","vsac_rx_cancer_directed","2"
"http://www.nlm.nih.gov/research/umls/rxnorm","4179","etoposide","vsac_rx_cancer_directed","4"
"http://www.nlm.nih.gov/research/umls/rxnorm","42375","leuprolide","vsac_rx_cancer_directed","1"
"http://www.nlm.nih.gov/research/umls/rxnorm","42512","adriamycin","vsac_rx_cancer_directed","2"
"http://www.nlm.nih.gov/research/umls/rxnorm","42569","buserelin acetate","vsac_rx_cancer_directed","1"
"http://www.nlm.nih.gov/research/umls/rxnorm","437105","bevacizumab 25 mg/ml","vsac_rx_cancer_directed","3"
"http://www.nlm.nih.gov/research/umls/rxnorm","440549","imatinib 50 mg","vsac_rx_cancer_directed","1"
"http://www.nlm.nih.gov/research/umls/rxnorm","44151","clofarabine","vsac_rx_cancer_directed","2"
"http://www.nlm.nih.gov/research/umls/rxnorm","44157","cladribine","vsac_rx_cancer_directed","1"
"http://www.nlm.nih.gov/research/umls/rxnorm","4488","floxuridine","vsac_rx_cancer_directed","2"
"http://www.nlm.nih.gov/research/umls/rxnorm","4492","fluorouracil","vsac_rx_cancer_directed","2"
"http://www.nlm.nih.gov/research/umls/rxnorm","4508","flutamide","vsac_rx_cancer_directed","1"
"http://www.nlm.nih.gov/research/umls/rxnorm","452837","topotecan 1 mg","vsac_rx_cancer_directed","3"
"http://www.nlm.nih.gov/research/umls/rxnorm","4582","tegafur","vsac_rx_cancer_directed","2"
"http://www.nlm.nih.gov/research/umls/rxnorm","466523","doxorubicin hydrochloride liposome","vsac_rx_cancer_directed","4"
"http://www.nlm.nih.gov/research/umls/rxnorm","466977","tegafur / uracil","vsac_rx_cancer_directed","2"
"http://www.nlm.nih.gov/research/umls/rxnorm","475230","degarelix","vsac_rx_cancer_directed","1"
"http://www.nlm.nih.gov/research/umls/rxnorm","475342","dasatinib","vsac_rx_cancer_directed","1"
"http://www.nlm.nih.gov/research/umls/rxnorm","477320","erlotinib hydrochloride","vsac_rx_cancer_directed","1"
"http://www.nlm.nih.gov/research/umls/rxnorm","477321","erlotinib oral tablet","vsac_rx_cancer_directed","1"
"http://www.nlm.nih.gov/research/umls/rxnorm","480167","lapatinib","vsac_rx_cancer_directed","1"
"http://www.nlm.nih.gov/research/umls/rxnorm","481474","lapatinib ditosylate","vsac_rx_cancer_directed","1"
"http://www.nlm.nih.gov/research/umls/rxnorm","483431","imatinib 400 mg oral capsule","vsac_rx_cancer_directed","2"
"http://www.nlm.nih.gov/research/umls/rxnorm","485246","azacitidine 100 mg injection","vsac_rx_cancer_directed","9"
"http://www.nlm.nih.gov/research/umls/rxnorm","485253","cetuximab 2 mg/ml","vsac_rx_cancer_directed","1"
"http://www.nlm.nih.gov/research/umls/rxnorm","486417","clofarabine 1 mg/ml","vsac_rx_cancer_directed","2"
"http://www.nlm.nih.gov/research/umls/rxnorm","486419","20 ml clofarabine 1 mg/ml injection","vsac_rx_cancer_directed","3"
"http://www.nlm.nih.gov/research/umls/rxnorm","486610","paclitaxel protein-bound","vsac_rx_cancer_directed","4"
"http://www.nlm.nih.gov/research/umls/rxnorm","493622","clolar","vsac_rx_cancer_directed","2"
"http://www.nlm.nih.gov/research/umls/rxnorm","495881","sorafenib","vsac_rx_cancer_directed","2"
"http://www.nlm.nih.gov/research/umls/rxnorm","498464","soltamox","vsac_rx_cancer_directed","1"
"http://www.nlm.nih.gov/research/umls/rxnorm","49953","toremifene citrate","vsac_rx_cancer_directed","1"
"http://www.nlm.nih.gov/research/umls/rxnorm","50610","goserelin","vsac_rx_cancer_directed","1"
"http://www.nlm.nih.gov/research/umls/rxnorm","50975","histrelin","vsac_rx_cancer_directed","1"
"http://www.nlm.nih.gov/research/umls/rxnorm","51499","irinotecan","vsac_rx_cancer_directed","4"
"http://www.nlm.nih.gov/research/umls/rxnorm","5296","altretamine","vsac_rx_cancer_directed","2"
"http://www.nlm.nih.gov/research/umls/rxnorm","53557","navelbine","vsac_rx_cancer_directed","3"
"http://www.nlm.nih.gov/research/umls/rxnorm","540423","erlotinib oral tablet [tarceva]","vsac_rx_cancer_directed","1"
"http://www.nlm.nih.gov/research/umls/rxnorm","544556","bevacizumab 25 mg/ml [avastin]","vsac_rx_cancer_directed","3"
"http://www.nlm.nih.gov/research/umls/rxnorm","544717","cetuximab 2 mg/ml [erbitux]","vsac_rx_cancer_directed","1"
"http://www.nlm.nih.gov/research/umls/rxnorm","544913","clofarabine 1 mg/ml [clolar]","vsac_rx_cancer_directed","2"
"http://www.nlm.nih.gov/research/umls/rxnorm","544915","20 ml clofarabine 1 mg/ml injection [clolar]","vsac_rx_cancer_directed","2"
"http://www.nlm.nih.gov/research/umls/rxnorm","544939","cytarabine injectable suspension","vsac_rx_cancer_directed","2"
"http://www.nlm.nih.gov/research/umls/rxnorm","544940","ara-c 50 mg/ml injectable suspension","vsac_rx_cancer_directed","2"
"http://www.nlm.nih.gov/research/umls/rxnorm","545203","vidaza","vsac_rx_cancer_directed","2"
"http://www.nlm.nih.gov/research/umls/rxnorm","545206","azacitidine 100 mg injection [vidaza]","vsac_rx_cancer_directed","4"
"http://www.nlm.nih.gov/research/umls/rxnorm","545289","interferon alfa-2b 10,000,000 unt/ml injectable solution","vsac_rx_cancer_directed","2"
"http://www.nlm.nih.gov/research/umls/rxnorm","545830","leuprolide acetate 15 mg/ml","vsac_rx_cancer_directed","1"
"http://www.nlm.nih.gov/research/umls/rxnorm","545834","leuprolide acetate 5 mg/ml","vsac_rx_cancer_directed","1"
"http://www.nlm.nih.gov/research/umls/rxnorm","545835","leuprolide acetate 1 mg per 0.2 ml injectable solution","vsac_rx_cancer_directed","1"
"http://www.nlm.nih.gov/research/umls/rxnorm","545843","leuprolide acetate 3.75 mg/ml","vsac_rx_cancer_directed","1"
"http://www.nlm.nih.gov/research/umls/rxnorm","545847","leuprolide acetate 20 mg/ml","vsac_rx_cancer_directed","1"
"http://www.nlm.nih.gov/research/umls/rxnorm","545848","leuprolide acetate 20 mg/ml injectable suspension","vsac_rx_cancer_directed","1"
"http://www.nlm.nih.gov/research/umls/rxnorm","5464","hyaluronidase","vsac_rx_cancer_directed","1"
"http://www.nlm.nih.gov/research/umls/rxnorm","5552","hydroxyurea","vsac_rx_cancer_directed","2"
"http://www.nlm.nih.gov/research/umls/rxnorm","564078","busulfan 2 mg [myleran]","vsac_rx_cancer_directed","2"
"http://www.nlm.nih.gov/research/umls/rxnorm","564080","chlorambucil 2 mg [leukeran]","vsac_rx_cancer_directed","2"
"http://www.nlm.nih.gov/research/umls/rxnorm","564088","melphalan 2 mg [alkeran]","vsac_rx_cancer_directed","2"
"http://www.nlm.nih.gov/research/umls/rxnorm","564106","thioguanine 40 mg [tabloid]","vsac_rx_cancer_directed","4"
"http://www.nlm.nih.gov/research/umls/rxnorm","564113","hydroxyurea 500 mg [hydrea]","vsac_rx_cancer_directed","2"
"http://www.nlm.nih.gov/research/umls/rxnorm","564142","goserelin 3.6 mg [zoladex]","vsac_rx_cancer_directed","1"
"http://www.nlm.nih.gov/research/umls/rxnorm","564608","bicalutamide 50 mg [casodex]","vsac_rx_cancer_directed","1"
"http://www.nlm.nih.gov/research/umls/rxnorm","564931","anastrozole 1 mg [arimidex]","vsac_rx_cancer_directed","1"
"http://www.nlm.nih.gov/research/umls/rxnorm","5650","idarubicin","vsac_rx_cancer_directed","4"
"http://www.nlm.nih.gov/research/umls/rxnorm","565092","toremifene 60 mg [fareston]","vsac_rx_cancer_directed","1"
"http://www.nlm.nih.gov/research/umls/rxnorm","565177","letrozole 2.5 mg [femara]","vsac_rx_cancer_directed","1"
"http://www.nlm.nih.gov/research/umls/rxnorm","565262","vinorelbine 10 mg/ml [navelbine]","vsac_rx_cancer_directed","2"
"http://www.nlm.nih.gov/research/umls/rxnorm","5657","ifosfamide","vsac_rx_cancer_directed","3"
"http://www.nlm.nih.gov/research/umls/rxnorm","566462","estramustine 140 mg [emcyt]","vsac_rx_cancer_directed","2"
"http://www.nlm.nih.gov/research/umls/rxnorm","566538","flutamide 125 mg [eulexin]","vsac_rx_cancer_directed","1"
"http://www.nlm.nih.gov/research/umls/rxnorm","567639","etoposide 20 mg/ml [toposar]","vsac_rx_cancer_directed","4"
"http://www.nlm.nih.gov/research/umls/rxnorm","568141","mitotane 500 mg [lysodren]","vsac_rx_cancer_directed","2"
"http://www.nlm.nih.gov/research/umls/rxnorm","568345","procarbazine 50 mg [matulane]","vsac_rx_cancer_directed","3"
"http://www.nlm.nih.gov/research/umls/rxnorm","56946","paclitaxel","vsac_rx_cancer_directed","4"
"http://www.nlm.nih.gov/research/umls/rxnorm","571914","goserelin 10.8 mg [zoladex]","vsac_rx_cancer_directed","1"
"http://www.nlm.nih.gov/research/umls/rxnorm","572946","carmustine 7.7 mg [gliadel]","vsac_rx_cancer_directed","3"
"http://www.nlm.nih.gov/research/umls/rxnorm","572979","pegaspargase 750 unt/ml [oncaspar]","vsac_rx_cancer_directed","2"
"http://www.nlm.nih.gov/research/umls/rxnorm","573051","rituximab 10 mg/ml [rituxan]","vsac_rx_cancer_directed","2"
"http://www.nlm.nih.gov/research/umls/rxnorm","57308","topotecan","vsac_rx_cancer_directed","3"
"http://www.nlm.nih.gov/research/umls/rxnorm","573195","hydroxyurea 200 mg [droxia]","vsac_rx_cancer_directed","2"
"http://www.nlm.nih.gov/research/umls/rxnorm","573196","hydroxyurea 300 mg [droxia]","vsac_rx_cancer_directed","2"
"http://www.nlm.nih.gov/research/umls/rxnorm","573197","hydroxyurea 400 mg [droxia]","vsac_rx_cancer_directed","2"
"http://www.nlm.nih.gov/research/umls/rxnorm","573202","capecitabine 150 mg [xeloda]","vsac_rx_cancer_directed","2"
"http://www.nlm.nih.gov/research/umls/rxnorm","573203","capecitabine 500 mg [xeloda]","vsac_rx_cancer_directed","2"
"http://www.nlm.nih.gov/research/umls/rxnorm","573254","thalidomide 50 mg [thalomid]","vsac_rx_cancer_directed","1"
"http://www.nlm.nih.gov/research/umls/rxnorm","573495","carboplatin 10 mg/ml [paraplatin]","vsac_rx_cancer_directed","8"
"http://www.nlm.nih.gov/research/umls/rxnorm","573686","fluorouracil 50 mg/ml [adrucil]","vsac_rx_cancer_directed","2"
"http://www.nlm.nih.gov/research/umls/rxnorm","574513","temozolomide 5 mg [temodar]","vsac_rx_cancer_directed","4"
"http://www.nlm.nih.gov/research/umls/rxnorm","574514","temozolomide 20 mg [temodar]","vsac_rx_cancer_directed","4"
"http://www.nlm.nih.gov/research/umls/rxnorm","574515","temozolomide 100 mg [temodar]","vsac_rx_cancer_directed","4"
"http://www.nlm.nih.gov/research/umls/rxnorm","574516","temozolomide 250 mg [temodar]","vsac_rx_cancer_directed","4"
"http://www.nlm.nih.gov/research/umls/rxnorm","574539","exemestane 25 mg [aromasin]","vsac_rx_cancer_directed","1"
"http://www.nlm.nih.gov/research/umls/rxnorm","574569","bexarotene 75 mg [targretin]","vsac_rx_cancer_directed","1"
"http://www.nlm.nih.gov/research/umls/rxnorm","574649","valrubicin 40 mg/ml [valstar]","vsac_rx_cancer_directed","2"
"http://www.nlm.nih.gov/research/umls/rxnorm","574864","busulfan 6 mg/ml [busulfex]","vsac_rx_cancer_directed","2"
"http://www.nlm.nih.gov/research/umls/rxnorm","574979","nilutamide 150 mg [nilandron]","vsac_rx_cancer_directed","1"
"http://www.nlm.nih.gov/research/umls/rxnorm","575017","imatinib 100 mg [gleevec]","vsac_rx_cancer_directed","1"
"http://www.nlm.nih.gov/research/umls/rxnorm","575019","methotrexate 5 mg [trexall]","vsac_rx_cancer_directed","3"
"http://www.nlm.nih.gov/research/umls/rxnorm","575020","methotrexate 10 mg [trexall]","vsac_rx_cancer_directed","3"
"http://www.nlm.nih.gov/research/umls/rxnorm","575021","methotrexate 7.5 mg [trexall]","vsac_rx_cancer_directed","3"
"http://www.nlm.nih.gov/research/umls/rxnorm","575022","methotrexate 15 mg [trexall]","vsac_rx_cancer_directed","3"
"http://www.nlm.nih.gov/research/umls/rxnorm","575659","sirolimus 1 mg/ml [rapamune]","vsac_rx_cancer_directed","1"
"http://www.nlm.nih.gov/research/umls/rxnorm","575733","sirolimus 1 mg [rapamune]","vsac_rx_cancer_directed","1"
"http://www.nlm.nih.gov/research/umls/rxnorm","575828","methoxsalen 0.02 mg/ml [uvadex]","vsac_rx_cancer_directed","1"
"http://www.nlm.nih.gov/research/umls/rxnorm","575925","fulvestrant 50 mg/ml [faslodex]","vsac_rx_cancer_directed","1"
"http://www.nlm.nih.gov/research/umls/rxnorm","576099","gefitinib 250 mg [iressa]","vsac_rx_cancer_directed","1"
"http://www.nlm.nih.gov/research/umls/rxnorm","576390","sirolimus 2 mg [rapamune]","vsac_rx_cancer_directed","1"
"http://www.nlm.nih.gov/research/umls/rxnorm","576406","thalidomide 100 mg [thalomid]","vsac_rx_cancer_directed","1"
"http://www.nlm.nih.gov/research/umls/rxnorm","576407","thalidomide 200 mg [thalomid]","vsac_rx_cancer_directed","1"
"http://www.nlm.nih.gov/research/umls/rxnorm","576514","imatinib 400 mg [gleevec]","vsac_rx_cancer_directed","1"
"http://www.nlm.nih.gov/research/umls/rxnorm","583214","paclitaxel 100 mg injection","vsac_rx_cancer_directed","9"
"http://www.nlm.nih.gov/research/umls/rxnorm","583218","abraxane 100 mg injection","vsac_rx_cancer_directed","4"
"http://www.nlm.nih.gov/research/umls/rxnorm","58328","zoladex","vsac_rx_cancer_directed","1"
"http://www.nlm.nih.gov/research/umls/rxnorm","583424","leuprolide acetate 120 mg/ml","vsac_rx_cancer_directed","1"
"http://www.nlm.nih.gov/research/umls/rxnorm","583425","leuprolide acetate 120 mg/ml injectable suspension","vsac_rx_cancer_directed","1"
"http://www.nlm.nih.gov/research/umls/rxnorm","583426","leuprolide acetate 120 mg/ml [eligard]","vsac_rx_cancer_directed","1"
"http://www.nlm.nih.gov/research/umls/rxnorm","583429","leuprolide acetate 60 mg/ml","vsac_rx_cancer_directed","1"
"http://www.nlm.nih.gov/research/umls/rxnorm","583431","leuprolide acetate 60 mg/ml [eligard]","vsac_rx_cancer_directed","1"
"http://www.nlm.nih.gov/research/umls/rxnorm","583434","leuprolide acetate 30 mg/ml","vsac_rx_cancer_directed","1"
"http://www.nlm.nih.gov/research/umls/rxnorm","583436","leuprolide acetate 30 mg/ml [eligard]","vsac_rx_cancer_directed","1"
"http://www.nlm.nih.gov/research/umls/rxnorm","5879","interferon alfa-2a","vsac_rx_cancer_directed","1"
"http://www.nlm.nih.gov/research/umls/rxnorm","5880","interferon alfa-2b","vsac_rx_cancer_directed","1"
"http://www.nlm.nih.gov/research/umls/rxnorm","5882","interferon gamma-1b","vsac_rx_cancer_directed","1"
"http://www.nlm.nih.gov/research/umls/rxnorm","589511","abraxane","vsac_rx_cancer_directed","2"
"http://www.nlm.nih.gov/research/umls/rxnorm","5933","iodine","vsac_rx_cancer_directed","1"
"http://www.nlm.nih.gov/research/umls/rxnorm","597195","carboplatin 10 mg/ml injectable solution","vsac_rx_cancer_directed","21"
"http://www.nlm.nih.gov/research/umls/rxnorm","597332","histrelin drug implant","vsac_rx_cancer_directed","1"
"http://www.nlm.nih.gov/research/umls/rxnorm","597744","sorafenib tosylate","vsac_rx_cancer_directed","2"
"http://www.nlm.nih.gov/research/umls/rxnorm","597745","sorafenib 200 mg","vsac_rx_cancer_directed","2"
"http://www.nlm.nih.gov/research/umls/rxnorm","597746","sorafenib oral tablet","vsac_rx_cancer_directed","2"
"http://www.nlm.nih.gov/research/umls/rxnorm","597747","sorafenib 200 mg oral tablet","vsac_rx_cancer_directed","3"
"http://www.nlm.nih.gov/research/umls/rxnorm","602908","lenalidomide 10 mg","vsac_rx_cancer_directed","1"
"http://www.nlm.nih.gov/research/umls/rxnorm","602909","lenalidomide oral capsule","vsac_rx_cancer_directed","1"
"http://www.nlm.nih.gov/research/umls/rxnorm","602910","lenalidomide 10 mg oral capsule","vsac_rx_cancer_directed","2"
"http://www.nlm.nih.gov/research/umls/rxnorm","602911","lenalidomide 5 mg","vsac_rx_cancer_directed","1"
"http://www.nlm.nih.gov/research/umls/rxnorm","602912","lenalidomide 5 mg oral capsule","vsac_rx_cancer_directed","2"
"http://www.nlm.nih.gov/research/umls/rxnorm","603202","erlotinib 100 mg","vsac_rx_cancer_directed","1"
"http://www.nlm.nih.gov/research/umls/rxnorm","603203","erlotinib 100 mg oral tablet","vsac_rx_cancer_directed","2"
"http://www.nlm.nih.gov/research/umls/rxnorm","603205","erlotinib 150 mg","vsac_rx_cancer_directed","1"
"http://www.nlm.nih.gov/research/umls/rxnorm","603206","erlotinib 150 mg oral tablet","vsac_rx_cancer_directed","2"
"http://www.nlm.nih.gov/research/umls/rxnorm","603207","erlotinib 25 mg","vsac_rx_cancer_directed","1"
"http://www.nlm.nih.gov/research/umls/rxnorm","603208","erlotinib 25 mg oral tablet","vsac_rx_cancer_directed","2"
"http://www.nlm.nih.gov/research/umls/rxnorm","603564","nelarabine 5 mg/ml","vsac_rx_cancer_directed","2"
"http://www.nlm.nih.gov/research/umls/rxnorm","603566","50 ml nelarabine 5 mg/ml injection","vsac_rx_cancer_directed","3"
"http://www.nlm.nih.gov/research/umls/rxnorm","613324","arranon","vsac_rx_cancer_directed","2"
"http://www.nlm.nih.gov/research/umls/rxnorm","615977","sorafenib 200 mg [nexavar]","vsac_rx_cancer_directed","2"
"http://www.nlm.nih.gov/research/umls/rxnorm","615978","sorafenib oral tablet [nexavar]","vsac_rx_cancer_directed","2"
"http://www.nlm.nih.gov/research/umls/rxnorm","615979","nexavar 200 mg oral tablet","vsac_rx_cancer_directed","3"
"http://www.nlm.nih.gov/research/umls/rxnorm","616112","lenalidomide 10 mg [revlimid]","vsac_rx_cancer_directed","1"
"http://www.nlm.nih.gov/research/umls/rxnorm","616113","lenalidomide oral capsule [revlimid]","vsac_rx_cancer_directed","1"
"http://www.nlm.nih.gov/research/umls/rxnorm","616114","revlimid 10 mg oral capsule","vsac_rx_cancer_directed","2"
"http://www.nlm.nih.gov/research/umls/rxnorm","616115","lenalidomide 5 mg [revlimid]","vsac_rx_cancer_directed","1"
"http://www.nlm.nih.gov/research/umls/rxnorm","616116","revlimid 5 mg oral capsule","vsac_rx_cancer_directed","2"
"http://www.nlm.nih.gov/research/umls/rxnorm","616274","sutent","vsac_rx_cancer_directed","1"
"http://www.nlm.nih.gov/research/umls/rxnorm","616275","sunitinib malate","vsac_rx_cancer_directed","2"
"http://www.nlm.nih.gov/research/umls/rxnorm","616277","sunitinib 12.5 mg","vsac_rx_cancer_directed","2"
"http://www.nlm.nih.gov/research/umls/rxnorm","616278","sunitinib oral capsule","vsac_rx_cancer_directed","2"
"http://www.nlm.nih.gov/research/umls/rxnorm","616279","sunitinib 12.5 mg (as sunitinib malate 16.7 mg) oral capsule","vsac_rx_cancer_directed","2"
"http://www.nlm.nih.gov/research/umls/rxnorm","616281","sunitinib 12.5 mg [sutent]","vsac_rx_cancer_directed","2"
"http://www.nlm.nih.gov/research/umls/rxnorm","616282","sunitinib oral capsule [sutent]","vsac_rx_cancer_directed","2"
"http://www.nlm.nih.gov/research/umls/rxnorm","616283","sunitinib 12.5 mg oral capsule [sutent]","vsac_rx_cancer_directed","2"
"http://www.nlm.nih.gov/research/umls/rxnorm","616284","sunitinib 25 mg","vsac_rx_cancer_directed","2"
"http://www.nlm.nih.gov/research/umls/rxnorm","616285","sunitinib (as sunitinib malate) 25 mg oral capsule","vsac_rx_cancer_directed","2"
"http://www.nlm.nih.gov/research/umls/rxnorm","616286","sunitinib 25 mg [sutent]","vsac_rx_cancer_directed","2"
"http://www.nlm.nih.gov/research/umls/rxnorm","616287","sunitinib 25 mg oral capsule [sutent]","vsac_rx_cancer_directed","2"
"http://www.nlm.nih.gov/research/umls/rxnorm","616288","sunitinib 50 mg","vsac_rx_cancer_directed","2"
"http://www.nlm.nih.gov/research/umls/rxnorm","616289","sunitinib 50 mg (as sunitinib malate 66.8 mg) oral capsule","vsac_rx_cancer_directed","2"
"http://www.nlm.nih.gov/research/umls/rxnorm","616291","sunitinib 50 mg [sutent]","vsac_rx_cancer_directed","2"
"http://www.nlm.nih.gov/research/umls/rxnorm","616292","sunitinib 50 mg oral capsule [sutent]","vsac_rx_cancer_directed","2"
"http://www.nlm.nih.gov/research/umls/rxnorm","616364","nelarabine 5 mg/ml [arranon]","vsac_rx_cancer_directed","2"
"http://www.nlm.nih.gov/research/umls/rxnorm","616366","50 ml nelarabine 5 mg/ml injection [arranon]","vsac_rx_cancer_directed","2"
"http://www.nlm.nih.gov/research/umls/rxnorm","619985","nexavar","vsac_rx_cancer_directed","2"
"http://www.nlm.nih.gov/research/umls/rxnorm","6313","leucovorin","vsac_rx_cancer_directed","1"
"http://www.nlm.nih.gov/research/umls/rxnorm","632","mitomycin","vsac_rx_cancer_directed","4"
"http://www.nlm.nih.gov/research/umls/rxnorm","636242","dacogen","vsac_rx_cancer_directed","2"
"http://www.nlm.nih.gov/research/umls/rxnorm","636631","decitabine 50 mg injection","vsac_rx_cancer_directed","6"
"http://www.nlm.nih.gov/research/umls/rxnorm","637549","topotecan 1 mg/ml injectable solution","vsac_rx_cancer_directed","6"
"http://www.nlm.nih.gov/research/umls/rxnorm","637550","hycamtin 4 mg injection","vsac_rx_cancer_directed","6"
"http://www.nlm.nih.gov/research/umls/rxnorm","643103","dasatinib 20 mg","vsac_rx_cancer_directed","1"
"http://www.nlm.nih.gov/research/umls/rxnorm","643104","dasatinib oral tablet","vsac_rx_cancer_directed","1"
"http://www.nlm.nih.gov/research/umls/rxnorm","643105","dasatinib 20 mg oral tablet","vsac_rx_cancer_directed","2"
"http://www.nlm.nih.gov/research/umls/rxnorm","643106","dasatinib 50 mg","vsac_rx_cancer_directed","1"
"http://www.nlm.nih.gov/research/umls/rxnorm","643107","dasatinib 50 mg oral tablet","vsac_rx_cancer_directed","2"
"http://www.nlm.nih.gov/research/umls/rxnorm","643108","dasatinib 70 mg","vsac_rx_cancer_directed","1"
"http://www.nlm.nih.gov/research/umls/rxnorm","643109","dasatinib 70 mg oral tablet","vsac_rx_cancer_directed","2"
"http://www.nlm.nih.gov/research/umls/rxnorm","643170","sprycel","vsac_rx_cancer_directed","1"
"http://www.nlm.nih.gov/research/umls/rxnorm","643171","dasatinib 20 mg [sprycel]","vsac_rx_cancer_directed","1"
"http://www.nlm.nih.gov/research/umls/rxnorm","643172","dasatinib oral tablet [sprycel]","vsac_rx_cancer_directed","1"
"http://www.nlm.nih.gov/research/umls/rxnorm","643173","sprycel 20 mg oral tablet","vsac_rx_cancer_directed","2"
"http://www.nlm.nih.gov/research/umls/rxnorm","643174","dasatinib 50 mg [sprycel]","vsac_rx_cancer_directed","1"
"http://www.nlm.nih.gov/research/umls/rxnorm","643175","sprycel 50 mg oral tablet","vsac_rx_cancer_directed","2"
"http://www.nlm.nih.gov/research/umls/rxnorm","643176","dasatinib 70 mg [sprycel]","vsac_rx_cancer_directed","1"
"http://www.nlm.nih.gov/research/umls/rxnorm","643177","sprycel 70 mg oral tablet","vsac_rx_cancer_directed","2"
"http://www.nlm.nih.gov/research/umls/rxnorm","643711","lenalidomide 15 mg","vsac_rx_cancer_directed","1"
"http://www.nlm.nih.gov/research/umls/rxnorm","643712","lenalidomide 15 mg oral capsule","vsac_rx_cancer_directed","2"
"http://www.nlm.nih.gov/research/umls/rxnorm","643713","lenalidomide 15 mg [revlimid]","vsac_rx_cancer_directed","1"
"http://www.nlm.nih.gov/research/umls/rxnorm","643714","revlimid 15 mg oral capsule","vsac_rx_cancer_directed","2"
"http://www.nlm.nih.gov/research/umls/rxnorm","643719","lenalidomide 25 mg","vsac_rx_cancer_directed","1"
"http://www.nlm.nih.gov/research/umls/rxnorm","643720","lenalidomide 25 mg oral capsule","vsac_rx_cancer_directed","2"
"http://www.nlm.nih.gov/research/umls/rxnorm","643721","lenalidomide 25 mg [revlimid]","vsac_rx_cancer_directed","1"
"http://www.nlm.nih.gov/research/umls/rxnorm","643722","revlimid 25 mg oral capsule","vsac_rx_cancer_directed","2"
"http://www.nlm.nih.gov/research/umls/rxnorm","644302","tamoxifen 2 mg/ml [soltamox]","vsac_rx_cancer_directed","1"
"http://www.nlm.nih.gov/research/umls/rxnorm","644303","tamoxifen oral solution [soltamox]","vsac_rx_cancer_directed","1"
"http://www.nlm.nih.gov/research/umls/rxnorm","644304","soltamox 10 mg (as tamoxifen citrate 15.2 mg) per 5 ml oral solution","vsac_rx_cancer_directed","1"
"http://www.nlm.nih.gov/research/umls/rxnorm","644989","dacogen 50 mg injection","vsac_rx_cancer_directed","4"
"http://www.nlm.nih.gov/research/umls/rxnorm","6466","lomustine","vsac_rx_cancer_directed","2"
"http://www.nlm.nih.gov/research/umls/rxnorm","657797","temsirolimus","vsac_rx_cancer_directed","2"
"http://www.nlm.nih.gov/research/umls/rxnorm","659616","tykerb","vsac_rx_cancer_directed","1"
"http://www.nlm.nih.gov/research/umls/rxnorm","662019","pralatrexate","vsac_rx_cancer_directed","4"
"http://www.nlm.nih.gov/research/umls/rxnorm","662281","nilotinib","vsac_rx_cancer_directed","1"
"http://www.nlm.nih.gov/research/umls/rxnorm","6674","chlormethine","vsac_rx_cancer_directed","2"
"http://www.nlm.nih.gov/research/umls/rxnorm","667879","panitumumab 20 mg/ml","vsac_rx_cancer_directed","1"
"http://www.nlm.nih.gov/research/umls/rxnorm","667895","panitumumab 20 mg/ml [vectibix]","vsac_rx_cancer_directed","1"
"http://www.nlm.nih.gov/research/umls/rxnorm","668577","vorinostat 100 mg","vsac_rx_cancer_directed","2"
"http://www.nlm.nih.gov/research/umls/rxnorm","668578","vorinostat oral capsule","vsac_rx_cancer_directed","2"
"http://www.nlm.nih.gov/research/umls/rxnorm","668579","vorinostat 100 mg oral capsule","vsac_rx_cancer_directed","4"
"http://www.nlm.nih.gov/research/umls/rxnorm","668604","vorinostat 100 mg [zolinza]","vsac_rx_cancer_directed","2"
"http://www.nlm.nih.gov/research/umls/rxnorm","668605","vorinostat oral capsule [zolinza]","vsac_rx_cancer_directed","2"
"http://www.nlm.nih.gov/research/umls/rxnorm","668606","zolinza 100 mg oral capsule","vsac_rx_cancer_directed","4"
"http://www.nlm.nih.gov/research/umls/rxnorm","66925","procarbazine hydrochloride","vsac_rx_cancer_directed","2"
"http://www.nlm.nih.gov/research/umls/rxnorm","6718","melphalan","vsac_rx_cancer_directed","2"
"http://www.nlm.nih.gov/research/umls/rxnorm","672147","lapatinib 250 mg","vsac_rx_cancer_directed","1"
"http://www.nlm.nih.gov/research/umls/rxnorm","672148","lapatinib oral tablet","vsac_rx_cancer_directed","1"
"http://www.nlm.nih.gov/research/umls/rxnorm","672149","lapatinib 250 mg oral tablet","vsac_rx_cancer_directed","2"
"http://www.nlm.nih.gov/research/umls/rxnorm","672150","lapatinib 250 mg [tykerb]","vsac_rx_cancer_directed","1"
"http://www.nlm.nih.gov/research/umls/rxnorm","672151","lapatinib oral tablet [tykerb]","vsac_rx_cancer_directed","1"
"http://www.nlm.nih.gov/research/umls/rxnorm","672152","tykerb 250 mg oral tablet","vsac_rx_cancer_directed","2"
"http://www.nlm.nih.gov/research/umls/rxnorm","675979","vectibix","vsac_rx_cancer_directed","1"
"http://www.nlm.nih.gov/research/umls/rxnorm","68092","lanreotide","vsac_rx_cancer_directed","1"
"http://www.nlm.nih.gov/research/umls/rxnorm","682524","zolinza","vsac_rx_cancer_directed","2"
"http://www.nlm.nih.gov/research/umls/rxnorm","68446","pemetrexed","vsac_rx_cancer_directed","4"
"http://www.nlm.nih.gov/research/umls/rxnorm","6851","methotrexate","vsac_rx_cancer_directed","3"
"http://www.nlm.nih.gov/research/umls/rxnorm","6854","methoxsalen","vsac_rx_cancer_directed","1"
"http://www.nlm.nih.gov/research/umls/rxnorm","686161","carboplatin 10 mg/ml injectable solution [paraplatin]","vsac_rx_cancer_directed","12"
"http://www.nlm.nih.gov/research/umls/rxnorm","690313","cyclophosphamide / mannitol","vsac_rx_cancer_directed","4"
"http://www.nlm.nih.gov/research/umls/rxnorm","6995","plicamycin","vsac_rx_cancer_directed","2"
"http://www.nlm.nih.gov/research/umls/rxnorm","6996","mitobronitol","vsac_rx_cancer_directed","2"
"http://www.nlm.nih.gov/research/umls/rxnorm","7004","mitotane","vsac_rx_cancer_directed","2"
"http://www.nlm.nih.gov/research/umls/rxnorm","700415","thalidomide 150 mg","vsac_rx_cancer_directed","1"
"http://www.nlm.nih.gov/research/umls/rxnorm","700416","thalidomide 150 mg oral capsule","vsac_rx_cancer_directed","2"
"http://www.nlm.nih.gov/research/umls/rxnorm","700417","thalidomide 150 mg [thalomid]","vsac_rx_cancer_directed","1"
"http://www.nlm.nih.gov/research/umls/rxnorm","700418","thalomid 150 mg oral capsule","vsac_rx_cancer_directed","2"
"http://www.nlm.nih.gov/research/umls/rxnorm","7005","mitoxantrone","vsac_rx_cancer_directed","4"
"http://www.nlm.nih.gov/research/umls/rxnorm","700882","temozolomide 140 mg","vsac_rx_cancer_directed","4"
"http://www.nlm.nih.gov/research/umls/rxnorm","700883","temozolomide 140 mg oral capsule","vsac_rx_cancer_directed","10"
"http://www.nlm.nih.gov/research/umls/rxnorm","700884","temozolomide 180 mg","vsac_rx_cancer_directed","4"
"http://www.nlm.nih.gov/research/umls/rxnorm","700885","temozolomide 180 mg oral capsule","vsac_rx_cancer_directed","10"
"http://www.nlm.nih.gov/research/umls/rxnorm","70223","aldesleukin","vsac_rx_cancer_directed","1"
"http://www.nlm.nih.gov/research/umls/rxnorm","705616","temozolomide 140 mg [temodar]","vsac_rx_cancer_directed","4"
"http://www.nlm.nih.gov/research/umls/rxnorm","705617","temodar 140 mg oral capsule","vsac_rx_cancer_directed","8"
"http://www.nlm.nih.gov/research/umls/rxnorm","705618","temozolomide 180 mg [temodar]","vsac_rx_cancer_directed","4"
"http://www.nlm.nih.gov/research/umls/rxnorm","705619","temodar 180 mg oral capsule","vsac_rx_cancer_directed","8"
"http://www.nlm.nih.gov/research/umls/rxnorm","712566","ofatumumab","vsac_rx_cancer_directed","1"
"http://www.nlm.nih.gov/research/umls/rxnorm","714438","pazopanib","vsac_rx_cancer_directed","2"
"http://www.nlm.nih.gov/research/umls/rxnorm","722287","temsirolimus 25 mg/ml","vsac_rx_cancer_directed","1"
"http://www.nlm.nih.gov/research/umls/rxnorm","722289","1.2 ml temsirolimus 25 mg/ml injection","vsac_rx_cancer_directed","2"
"http://www.nlm.nih.gov/research/umls/rxnorm","723805","torisel","vsac_rx_cancer_directed","2"
"http://www.nlm.nih.gov/research/umls/rxnorm","725106","temsirolimus 25 mg/ml [torisel]","vsac_rx_cancer_directed","1"
"http://www.nlm.nih.gov/research/umls/rxnorm","725108","1.2 ml temsirolimus 25 mg/ml injection [torisel]","vsac_rx_cancer_directed","2"
"http://www.nlm.nih.gov/research/umls/rxnorm","72664","somatuline","vsac_rx_cancer_directed","1"
"http://www.nlm.nih.gov/research/umls/rxnorm","726764","histrelin drug implant [supprelin]","vsac_rx_cancer_directed","1"
"http://www.nlm.nih.gov/research/umls/rxnorm","727599","leuprolide prefilled syringe","vsac_rx_cancer_directed","1"
"http://www.nlm.nih.gov/research/umls/rxnorm","727602","leuprolide prefilled syringe [lupron]","vsac_rx_cancer_directed","1"
"http://www.nlm.nih.gov/research/umls/rxnorm","727760","fulvestrant prefilled syringe","vsac_rx_cancer_directed","1"
"http://www.nlm.nih.gov/research/umls/rxnorm","727762","5 ml fulvestrant 50 mg/ml prefilled syringe","vsac_rx_cancer_directed","1"
"http://www.nlm.nih.gov/research/umls/rxnorm","727953","fulvestrant prefilled syringe [faslodex]","vsac_rx_cancer_directed","1"
"http://www.nlm.nih.gov/research/umls/rxnorm","727954","5 ml faslodex 50 mg/ml prefilled syringe","vsac_rx_cancer_directed","1"
"http://www.nlm.nih.gov/research/umls/rxnorm","72962","docetaxel","vsac_rx_cancer_directed","4"
"http://www.nlm.nih.gov/research/umls/rxnorm","72965","letrozole","vsac_rx_cancer_directed","1"
"http://www.nlm.nih.gov/research/umls/rxnorm","731119","lanreotide 240 mg/ml","vsac_rx_cancer_directed","1"
"http://www.nlm.nih.gov/research/umls/rxnorm","731131","lanreotide 300 mg/ml","vsac_rx_cancer_directed","1"
"http://www.nlm.nih.gov/research/umls/rxnorm","732187","pazopanib hydrochloride","vsac_rx_cancer_directed","2"
"http://www.nlm.nih.gov/research/umls/rxnorm","733003","plerixafor","vsac_rx_cancer_directed","1"
"http://www.nlm.nih.gov/research/umls/rxnorm","735381","mozobil","vsac_rx_cancer_directed","1"
"http://www.nlm.nih.gov/research/umls/rxnorm","735866","tasigna","vsac_rx_cancer_directed","1"
"http://www.nlm.nih.gov/research/umls/rxnorm","739","amsacrine","vsac_rx_cancer_directed","2"
"http://www.nlm.nih.gov/research/umls/rxnorm","741098","treanda","vsac_rx_cancer_directed","2"
"http://www.nlm.nih.gov/research/umls/rxnorm","744825","ixempra","vsac_rx_cancer_directed","2"
"http://www.nlm.nih.gov/research/umls/rxnorm","746604","nilotinib 200 mg","vsac_rx_cancer_directed","1"
"http://www.nlm.nih.gov/research/umls/rxnorm","746605","nilotinib oral capsule","vsac_rx_cancer_directed","1"
"http://www.nlm.nih.gov/research/umls/rxnorm","746606","nilotinib 200 mg oral capsule","vsac_rx_cancer_directed","2"
"http://www.nlm.nih.gov/research/umls/rxnorm","746607","nilotinib 200 mg [tasigna]","vsac_rx_cancer_directed","1"
"http://www.nlm.nih.gov/research/umls/rxnorm","746608","nilotinib oral capsule [tasigna]","vsac_rx_cancer_directed","1"
"http://www.nlm.nih.gov/research/umls/rxnorm","746609","tasigna 200 mg oral capsule","vsac_rx_cancer_directed","2"
"http://www.nlm.nih.gov/research/umls/rxnorm","747192","topotecan oral capsule","vsac_rx_cancer_directed","3"
"http://www.nlm.nih.gov/research/umls/rxnorm","747193","topotecan 1 mg oral capsule","vsac_rx_cancer_directed","4"
"http://www.nlm.nih.gov/research/umls/rxnorm","747194","topotecan 0.25 mg","vsac_rx_cancer_directed","3"
"http://www.nlm.nih.gov/research/umls/rxnorm","747195","topotecan 0.25 mg oral capsule","vsac_rx_cancer_directed","4"
"http://www.nlm.nih.gov/research/umls/rxnorm","748736","topotecan 0.25 mg [hycamtin]","vsac_rx_cancer_directed","3"
"http://www.nlm.nih.gov/research/umls/rxnorm","748737","topotecan oral capsule [hycamtin]","vsac_rx_cancer_directed","3"
"http://www.nlm.nih.gov/research/umls/rxnorm","748738","hycamtin 0.25 mg oral capsule","vsac_rx_cancer_directed","6"
"http://www.nlm.nih.gov/research/umls/rxnorm","748739","topotecan 1 mg [hycamtin]","vsac_rx_cancer_directed","3"
"http://www.nlm.nih.gov/research/umls/rxnorm","748740","hycamtin 1 mg oral capsule","vsac_rx_cancer_directed","6"
"http://www.nlm.nih.gov/research/umls/rxnorm","749806","lanreotide prefilled syringe","vsac_rx_cancer_directed","1"
"http://www.nlm.nih.gov/research/umls/rxnorm","749809","lanreotide prefilled syringe [somatuline]","vsac_rx_cancer_directed","1"
"http://www.nlm.nih.gov/research/umls/rxnorm","749811","0.2 ml lanreotide 300 mg/ml prefilled syringe","vsac_rx_cancer_directed","1"
"http://www.nlm.nih.gov/research/umls/rxnorm","749812","lanreotide 300 mg/ml [somatuline]","vsac_rx_cancer_directed","1"
"http://www.nlm.nih.gov/research/umls/rxnorm","749813","0.2 ml lanreotide 300 mg/ml prefilled syringe [somatuline]","vsac_rx_cancer_directed","1"
"http://www.nlm.nih.gov/research/umls/rxnorm","749814","0.5 ml lanreotide 240 mg/ml (as lanreotide acetate) prefilled syringe","vsac_rx_cancer_directed","1"
"http://www.nlm.nih.gov/research/umls/rxnorm","749815","lanreotide 240 mg/ml [somatuline]","vsac_rx_cancer_directed","1"
"http://www.nlm.nih.gov/research/umls/rxnorm","749816","0.5 ml lanreotide 240 mg/ml ( as lanreotide acetate) prefilled syringe [somatuline]","vsac_rx_cancer_directed","1"
"http://www.nlm.nih.gov/research/umls/rxnorm","749817","0.3 ml lanreotide 300 mg/ml prefilled syringe","vsac_rx_cancer_directed","1"
"http://www.nlm.nih.gov/research/umls/rxnorm","749818","0.3 ml lanreotide 300 mg/ml prefilled syringe [somatuline]","vsac_rx_cancer_directed","1"
"http://www.nlm.nih.gov/research/umls/rxnorm","751968","interferon gamma-1b 0.2 mg/ml [actimmune]","vsac_rx_cancer_directed","1"
"http://www.nlm.nih.gov/research/umls/rxnorm","751970","0.5 ml interferon gamma-1b 0.2 mg/ml injection [actimmune]","vsac_rx_cancer_directed","1"
"http://www.nlm.nih.gov/research/umls/rxnorm","752884","0.375 ml leuprolide acetate 120 mg/ml prefilled syringe","vsac_rx_cancer_directed","1"
"http://www.nlm.nih.gov/research/umls/rxnorm","752889","0.5 ml leuprolide acetate 60 mg/ml prefilled syringe","vsac_rx_cancer_directed","1"
"http://www.nlm.nih.gov/research/umls/rxnorm","752894","0.375 ml leuprolide acetate 60 mg/ml prefilled syringe","vsac_rx_cancer_directed","1"
"http://www.nlm.nih.gov/research/umls/rxnorm","752899","0.25 ml leuprolide acetate 30 mg/ml prefilled syringe","vsac_rx_cancer_directed","1"
"http://www.nlm.nih.gov/research/umls/rxnorm","790322","bendamustine injectable solution","vsac_rx_cancer_directed","2"
"http://www.nlm.nih.gov/research/umls/rxnorm","797656","samarium sm153 50 mci/ml","vsac_rx_cancer_directed","1"
"http://www.nlm.nih.gov/research/umls/rxnorm","797657","3 ml samarium sm153 50 mci/ml injection","vsac_rx_cancer_directed","1"
"http://www.nlm.nih.gov/research/umls/rxnorm","797658","samarium sm153 50 mci/ml [quadramet]","vsac_rx_cancer_directed","1"
"http://www.nlm.nih.gov/research/umls/rxnorm","797659","3 ml samarium sm153 50 mci/ml injection [quadramet]","vsac_rx_cancer_directed","1"
"http://www.nlm.nih.gov/research/umls/rxnorm","799046","dasatinib 100 mg","vsac_rx_cancer_directed","1"
"http://www.nlm.nih.gov/research/umls/rxnorm","799047","dasatinib 100 mg oral tablet","vsac_rx_cancer_directed","2"
"http://www.nlm.nih.gov/research/umls/rxnorm","799829","dasatinib 100 mg [sprycel]","vsac_rx_cancer_directed","1"
"http://www.nlm.nih.gov/research/umls/rxnorm","799830","sprycel 100 mg oral tablet","vsac_rx_cancer_directed","2"
"http://www.nlm.nih.gov/research/umls/rxnorm","8011","pentostatin","vsac_rx_cancer_directed","2"
"http://www.nlm.nih.gov/research/umls/rxnorm","804688","fusilev","vsac_rx_cancer_directed","1"
"http://www.nlm.nih.gov/research/umls/rxnorm","806572","trastuzumab 22 mg/ml","vsac_rx_cancer_directed","1"
"http://www.nlm.nih.gov/research/umls/rxnorm","806573","trastuzumab 22 mg/ml injectable solution","vsac_rx_cancer_directed","2"
"http://www.nlm.nih.gov/research/umls/rxnorm","80773","doxil","vsac_rx_cancer_directed","2"
"http://www.nlm.nih.gov/research/umls/rxnorm","81638","strontium-89","vsac_rx_cancer_directed","1"
"http://www.nlm.nih.gov/research/umls/rxnorm","81992","daunorubicin hydrochloride","vsac_rx_cancer_directed","4"
"http://www.nlm.nih.gov/research/umls/rxnorm","82124","idarubicin hydrochloride","vsac_rx_cancer_directed","4"
"http://www.nlm.nih.gov/research/umls/rxnorm","825324","leuprolide prefilled syringe [eligard]","vsac_rx_cancer_directed","1"
"http://www.nlm.nih.gov/research/umls/rxnorm","825325","0.375 ml eligard 120 mg/ml prefilled syringe","vsac_rx_cancer_directed","1"
"http://www.nlm.nih.gov/research/umls/rxnorm","825333","0.5 ml eligard 60 mg/ml prefilled syringe","vsac_rx_cancer_directed","1"
"http://www.nlm.nih.gov/research/umls/rxnorm","825334","0.25 ml eligard 30 mg/ml prefilled syringe","vsac_rx_cancer_directed","1"
"http://www.nlm.nih.gov/research/umls/rxnorm","825335","0.375 ml eligard 60 mg/ml prefilled syringe","vsac_rx_cancer_directed","1"
"http://www.nlm.nih.gov/research/umls/rxnorm","828265","1 ml alemtuzumab 30 mg/ml injection","vsac_rx_cancer_directed","2"
"http://www.nlm.nih.gov/research/umls/rxnorm","828267","1 ml alemtuzumab 30 mg/ml injection [campath]","vsac_rx_cancer_directed","2"
"http://www.nlm.nih.gov/research/umls/rxnorm","828698","plerixafor 20 mg/ml","vsac_rx_cancer_directed","1"
"http://www.nlm.nih.gov/research/umls/rxnorm","828700","1.2 ml plerixafor 20 mg/ml injection","vsac_rx_cancer_directed","1"
"http://www.nlm.nih.gov/research/umls/rxnorm","828701","plerixafor 20 mg/ml [mozobil]","vsac_rx_cancer_directed","1"
"http://www.nlm.nih.gov/research/umls/rxnorm","828703","1.2 ml plerixafor 20 mg/ml injection [mozobil]","vsac_rx_cancer_directed","1"
"http://www.nlm.nih.gov/research/umls/rxnorm","828705","fludarabine phosphate 10 mg","vsac_rx_cancer_directed","2"
"http://www.nlm.nih.gov/research/umls/rxnorm","828706","fludarabine phosphate 10 mg oral tablet","vsac_rx_cancer_directed","6"
"http://www.nlm.nih.gov/research/umls/rxnorm","828749","degarelix 80 mg injection","vsac_rx_cancer_directed","2"
"http://www.nlm.nih.gov/research/umls/rxnorm","828751","degarelix 120 mg injection","vsac_rx_cancer_directed","2"
"http://www.nlm.nih.gov/research/umls/rxnorm","829877","trisenox","vsac_rx_cancer_directed","1"
"http://www.nlm.nih.gov/research/umls/rxnorm","829926","10 ml arsenic trioxide 1 mg/ml injection","vsac_rx_cancer_directed","2"
"http://www.nlm.nih.gov/research/umls/rxnorm","83008","bicalutamide","vsac_rx_cancer_directed","1"
"http://www.nlm.nih.gov/research/umls/rxnorm","835863","degarelix acetate","vsac_rx_cancer_directed","1"
"http://www.nlm.nih.gov/research/umls/rxnorm","835945","temozolomide 100 mg injection","vsac_rx_cancer_directed","8"
"http://www.nlm.nih.gov/research/umls/rxnorm","835948","temodar 100 mg injection","vsac_rx_cancer_directed","8"
"http://www.nlm.nih.gov/research/umls/rxnorm","836377","epirubicin hydrochloride 2 mg/ml","vsac_rx_cancer_directed","4"
"http://www.nlm.nih.gov/research/umls/rxnorm","836379","epirubicin hydrochloride 2 mg/ml [ellence]","vsac_rx_cancer_directed","4"
"http://www.nlm.nih.gov/research/umls/rxnorm","845505","everolimus 10 mg","vsac_rx_cancer_directed","1"
"http://www.nlm.nih.gov/research/umls/rxnorm","845506","everolimus oral tablet","vsac_rx_cancer_directed","2"
"http://www.nlm.nih.gov/research/umls/rxnorm","845507","everolimus 10 mg oral tablet","vsac_rx_cancer_directed","4"
"http://www.nlm.nih.gov/research/umls/rxnorm","845509","afinitor","vsac_rx_cancer_directed","2"
"http://www.nlm.nih.gov/research/umls/rxnorm","845510","everolimus 10 mg [afinitor]","vsac_rx_cancer_directed","1"
"http://www.nlm.nih.gov/research/umls/rxnorm","845511","everolimus oral tablet [afinitor]","vsac_rx_cancer_directed","2"
"http://www.nlm.nih.gov/research/umls/rxnorm","845512","afinitor 10 mg oral tablet","vsac_rx_cancer_directed","4"
"http://www.nlm.nih.gov/research/umls/rxnorm","845514","everolimus 5 mg","vsac_rx_cancer_directed","1"
"http://www.nlm.nih.gov/research/umls/rxnorm","845515","everolimus 5 mg oral tablet","vsac_rx_cancer_directed","4"
"http://www.nlm.nih.gov/research/umls/rxnorm","845517","everolimus 5 mg [afinitor]","vsac_rx_cancer_directed","1"
"http://www.nlm.nih.gov/research/umls/rxnorm","845518","afinitor 5 mg oral tablet","vsac_rx_cancer_directed","4"
"http://www.nlm.nih.gov/research/umls/rxnorm","84857","anastrozole","vsac_rx_cancer_directed","1"
"http://www.nlm.nih.gov/research/umls/rxnorm","858122","firmagon","vsac_rx_cancer_directed","1"
"http://www.nlm.nih.gov/research/umls/rxnorm","858125","firmagon 80 mg injection","vsac_rx_cancer_directed","2"
"http://www.nlm.nih.gov/research/umls/rxnorm","858127","firmagon 120 mg injection","vsac_rx_cancer_directed","2"
"http://www.nlm.nih.gov/research/umls/rxnorm","861049","asparaginase 5000 unt/ml","vsac_rx_cancer_directed","2"
"http://www.nlm.nih.gov/research/umls/rxnorm","861050","asparaginase 10,000 unt per 2 ml injectable solution","vsac_rx_cancer_directed","2"
"http://www.nlm.nih.gov/research/umls/rxnorm","8637","prednimustine","vsac_rx_cancer_directed","2"
"http://www.nlm.nih.gov/research/umls/rxnorm","865177","pralatrexate 20 mg/ml","vsac_rx_cancer_directed","4"
"http://www.nlm.nih.gov/research/umls/rxnorm","865180","folotyn","vsac_rx_cancer_directed","2"
"http://www.nlm.nih.gov/research/umls/rxnorm","865181","pralatrexate 20 mg/ml [folotyn]","vsac_rx_cancer_directed","4"
"http://www.nlm.nih.gov/research/umls/rxnorm","867500","pazopanib 200 mg","vsac_rx_cancer_directed","2"
"http://www.nlm.nih.gov/research/umls/rxnorm","867501","pazopanib oral tablet","vsac_rx_cancer_directed","2"
"http://www.nlm.nih.gov/research/umls/rxnorm","867502","pazopanib 200 mg oral tablet","vsac_rx_cancer_directed","3"
"http://www.nlm.nih.gov/research/umls/rxnorm","867503","votrient","vsac_rx_cancer_directed","1"
"http://www.nlm.nih.gov/research/umls/rxnorm","867504","pazopanib 200 mg [votrient]","vsac_rx_cancer_directed","2"
"http://www.nlm.nih.gov/research/umls/rxnorm","867505","pazopanib oral tablet [votrient]","vsac_rx_cancer_directed","2"
"http://www.nlm.nih.gov/research/umls/rxnorm","867506","pazopanib 200 mg oral tablet [votrient]","vsac_rx_cancer_directed","2"
"http://www.nlm.nih.gov/research/umls/rxnorm","867507","pazopanib 400 mg","vsac_rx_cancer_directed","2"
"http://www.nlm.nih.gov/research/umls/rxnorm","867508","pazopanib 400 mg oral tablet","vsac_rx_cancer_directed","2"
"http://www.nlm.nih.gov/research/umls/rxnorm","8702","procarbazine","vsac_rx_cancer_directed","3"
"http://www.nlm.nih.gov/research/umls/rxnorm","876301","arzerra","vsac_rx_cancer_directed","1"
"http://www.nlm.nih.gov/research/umls/rxnorm","876399","alkeran 50 mg injection","vsac_rx_cancer_directed","4"
"http://www.nlm.nih.gov/research/umls/rxnorm","877009","ofatumumab 20 mg/ml","vsac_rx_cancer_directed","1"
"http://www.nlm.nih.gov/research/umls/rxnorm","877011","ofatumumab 20 mg/ml [arzerra]","vsac_rx_cancer_directed","1"
"http://www.nlm.nih.gov/research/umls/rxnorm","877015","levoleucovorin","vsac_rx_cancer_directed","2"
"http://www.nlm.nih.gov/research/umls/rxnorm","877436","istodax","vsac_rx_cancer_directed","2"
"http://www.nlm.nih.gov/research/umls/rxnorm","877510","romidepsin","vsac_rx_cancer_directed","4"
"http://www.nlm.nih.gov/research/umls/rxnorm","877513","romidepsin 10 mg injection","vsac_rx_cancer_directed","6"
"http://www.nlm.nih.gov/research/umls/rxnorm","877516","istodax 10 mg injection","vsac_rx_cancer_directed","4"
"http://www.nlm.nih.gov/research/umls/rxnorm","894892","vincristine sulfate 1 mg/ml","vsac_rx_cancer_directed","6"
"http://www.nlm.nih.gov/research/umls/rxnorm","894894","vincristine sulfate 1 mg/ml [vincasar]","vsac_rx_cancer_directed","6"
"http://www.nlm.nih.gov/research/umls/rxnorm","904159","irinotecan hydrochloride 20 mg/ml","vsac_rx_cancer_directed","4"
"http://www.nlm.nih.gov/research/umls/rxnorm","904161","irinotecan hydrochloride 20 mg/ml [camptosar]","vsac_rx_cancer_directed","4"
"http://www.nlm.nih.gov/research/umls/rxnorm","905053","triptorelin 22.5 mg injection","vsac_rx_cancer_directed","2"
"http://www.nlm.nih.gov/research/umls/rxnorm","905054","trelstar","vsac_rx_cancer_directed","1"
"http://www.nlm.nih.gov/research/umls/rxnorm","905057","trelstar 22.5 mg injection","vsac_rx_cancer_directed","2"
"http://www.nlm.nih.gov/research/umls/rxnorm","905059","trelstar 3.75 mg injection","vsac_rx_cancer_directed","2"
"http://www.nlm.nih.gov/research/umls/rxnorm","905060","trelstar pamoate","vsac_rx_cancer_directed","1"
"http://www.nlm.nih.gov/research/umls/rxnorm","905062","triptorelin 11.25 mg injection","vsac_rx_cancer_directed","2"
"http://www.nlm.nih.gov/research/umls/rxnorm","905064","trelstar 11.25 mg injection","vsac_rx_cancer_directed","2"
"http://www.nlm.nih.gov/research/umls/rxnorm","905157","sirolimus 0.5 mg","vsac_rx_cancer_directed","1"
"http://www.nlm.nih.gov/research/umls/rxnorm","905158","sirolimus 0.5 mg oral tablet","vsac_rx_cancer_directed","4"
"http://www.nlm.nih.gov/research/umls/rxnorm","905159","sirolimus 0.5 mg [rapamune]","vsac_rx_cancer_directed","1"
"http://www.nlm.nih.gov/research/umls/rxnorm","905160","rapamune 0.5 mg oral tablet","vsac_rx_cancer_directed","4"
"http://www.nlm.nih.gov/research/umls/rxnorm","91535","sodium iodide i131","vsac_rx_cancer_directed","1"
"http://www.nlm.nih.gov/research/umls/rxnorm","91559","sodium phosphate p32","vsac_rx_cancer_directed","1"
"http://www.nlm.nih.gov/research/umls/rxnorm","93698","carboplatin injectable solution [paraplatin]","vsac_rx_cancer_directed","12"
"http://www.nlm.nih.gov/research/umls/rxnorm","94317","tice bcg","vsac_rx_cancer_directed","1"
"http://www.nlm.nih.gov/research/umls/rxnorm","9549","samarium","vsac_rx_cancer_directed","1"
"http://www.nlm.nih.gov/research/umls/rxnorm","968804","cytarabine liposome","vsac_rx_cancer_directed","2"
"http://www.nlm.nih.gov/research/umls/rxnorm","977426","everolimus 0.25 mg","vsac_rx_cancer_directed","1"
"http://www.nlm.nih.gov/research/umls/rxnorm","977427","everolimus 0.25 mg oral tablet","vsac_rx_cancer_directed","4"
"http://www.nlm.nih.gov/research/umls/rxnorm","977428","zortress","vsac_rx_cancer_directed","2"
"http://www.nlm.nih.gov/research/umls/rxnorm","977429","everolimus 0.25 mg [zortress]","vsac_rx_cancer_directed","1"
"http://www.nlm.nih.gov/research/umls/rxnorm","977430","everolimus oral tablet [zortress]","vsac_rx_cancer_directed","2"
"http://www.nlm.nih.gov/research/umls/rxnorm","977431","zortress 0.25 mg oral tablet","vsac_rx_cancer_directed","4"
"http://www.nlm.nih.gov/research/umls/rxnorm","977433","everolimus 0.5 mg","vsac_rx_cancer_directed","1"
"http://www.nlm.nih.gov/research/umls/rxnorm","977434","everolimus 0.5 mg oral tablet","vsac_rx_cancer_directed","4"
"http://www.nlm.nih.gov/research/umls/rxnorm","977435","everolimus 0.5 mg [zortress]","vsac_rx_cancer_directed","1"
"http://www.nlm.nih.gov/research/umls/rxnorm","977436","zortress 0.5 mg oral tablet","vsac_rx_cancer_directed","4"
"http://www.nlm.nih.gov/research/umls/rxnorm","977437","everolimus 0.75 mg","vsac_rx_cancer_directed","1"
"http://www.nlm.nih.gov/research/umls/rxnorm","977438","everolimus 0.75 mg oral tablet","vsac_rx_cancer_directed","4"
"http://www.nlm.nih.gov/research/umls/rxnorm","977439","everolimus 0.75 mg [zortress]","vsac_rx_cancer_directed","1"
"http://www.nlm.nih.gov/research/umls/rxnorm","977440","zortress 0.75 mg oral tablet","vsac_rx_cancer_directed","4"
"http://www.nlm.nih.gov/research/umls/rxnorm","978086","provenge","vsac_rx_cancer_directed","1"
"http://www.nlm.nih.gov/research/umls/rxnorm","979509","levoleucovorin calcium","vsac_rx_cancer_directed","2"
"http://www.nlm.nih.gov/research/umls/rxnorm","991231","bexarotene 0.01 mg/mg [targretin]","vsac_rx_cancer_directed","1"
"http://www.nlm.nih.gov/research/umls/rxnorm","996051","cabazitaxel","vsac_rx_cancer_directed","2"
"http://www.nlm.nih.gov/research/umls/rxnorm","996055","jevtana","vsac_rx_cancer_directed","2"
"http://www.nlm.nih.gov/research/umls/rxnorm","996151","idarubicin hydrochloride 1 mg/ml","vsac_rx_cancer_directed","4"
"http://www.nlm.nih.gov/research/umls/rxnorm","996153","idarubicin hydrochloride 1 mg/ml [idamycin]","vsac_rx_cancer_directed","4"
"http://www.nlm.nih.gov/research/umls/rxnorm","996155","idarubicin hydrochloride 10 mg","vsac_rx_cancer_directed","4"
"http://www.nlm.nih.gov/research/umls/rxnorm","996156","idarubicin hydrochloride 10 mg oral capsule","vsac_rx_cancer_directed","4"
"http://www.nlm.nih.gov/research/umls/rxnorm","996157","idarubicin hydrochloride 25 mg","vsac_rx_cancer_directed","4"
"http://www.nlm.nih.gov/research/umls/rxnorm","996158","idarubicin hydrochloride 25 mg oral capsule","vsac_rx_cancer_directed","4"
"http://www.nlm.nih.gov/research/umls/rxnorm","996159","idarubicin hydrochloride 5 mg","vsac_rx_cancer_directed","4"
"http://www.nlm.nih.gov/research/umls/rxnorm","996160","idarubicin hydrochloride 5 mg oral capsule","vsac_rx_cancer_directed","4"
"http://www.nlm.nih.gov/research/umls/rxnorm","997261","sipuleucel-t","vsac_rx_cancer_directed","1"
"http://www.nlm.nih.gov/research/umls/rxnorm","997262","sipuleucel-t 200000 cells/ml","vsac_rx_cancer_directed","1"
"http://www.nlm.nih.gov/research/umls/rxnorm","997264","250 ml sipuleucel-t 200000 cells/ml injection","vsac_rx_cancer_directed","1"
"http://www.nlm.nih.gov/research/umls/rxnorm","997265","sipuleucel-t 200000 cells/ml [provenge]","vsac_rx_cancer_directed","1"
"http://www.nlm.nih.gov/research/umls/rxnorm","997267","250 ml sipuleucel-t 200000 cells/ml injection [provenge]","vsac_rx_cancer_directed","1"
"http://www.nlm.nih.gov/research/umls/rxnorm","997652","nilotinib 150 mg","vsac_rx_cancer_directed","1"
"http://www.nlm.nih.gov/research/umls/rxnorm","997653","nilotinib 150 mg oral capsule","vsac_rx_cancer_directed","2"
"http://www.nlm.nih.gov/research/umls/rxnorm","998188","everolimus 2.5 mg","vsac_rx_cancer_directed","1"
"http://www.nlm.nih.gov/research/umls/rxnorm","998189","everolimus 2.5 mg oral tablet","vsac_rx_cancer_directed","4"
"http://www.nlm.nih.gov/research/umls/rxnorm","998190","everolimus 2.5 mg [afinitor]","vsac_rx_cancer_directed","1"
"http://www.nlm.nih.gov/research/umls/rxnorm","998191","afinitor 2.5 mg oral tablet","vsac_rx_cancer_directed","4"
"http://www.nlm.nih.gov/research/umls/rxnorm","1001404","docetaxel 20 mg/ml","vsac_rx_chemo","4"
"http://www.nlm.nih.gov/research/umls/rxnorm","1001405","docetaxel 20 mg/ml injectable solution","vsac_rx_chemo","9"
"http://www.nlm.nih.gov/research/umls/rxnorm","1001432","cabazitaxel 40 mg/ml","vsac_rx_chemo","2"
"http://www.nlm.nih.gov/research/umls/rxnorm","1001433","1.5 ml cabazitaxel 40 mg/ml injection","vsac_rx_chemo","3"
"http://www.nlm.nih.gov/research/umls/rxnorm","1008398","mechlorethamine / terpin hydrate","vsac_rx_chemo","2"
"http://www.nlm.nih.gov/research/umls/rxnorm","10114","streptozocin","vsac_rx_chemo","2"
"http://www.nlm.nih.gov/research/umls/rxnorm","103","mercaptopurine","vsac_rx_chemo","3"
"http://www.nlm.nih.gov/research/umls/rxnorm","10362","teniposide","vsac_rx_chemo","2"
"http://www.nlm.nih.gov/research/umls/rxnorm","1045452","eribulin mesylate","vsac_rx_chemo","4"
"http://www.nlm.nih.gov/research/umls/rxnorm","1045453","eribulin","vsac_rx_chemo","4"
"http://www.nlm.nih.gov/research/umls/rxnorm","1045454","eribulin mesylate 0.5 mg/ml","vsac_rx_chemo","4"
"http://www.nlm.nih.gov/research/umls/rxnorm","1045456","2 ml eribulin mesylate 0.5 mg/ml injection","vsac_rx_chemo","6"
"http://www.nlm.nih.gov/research/umls/rxnorm","1045457","halaven","vsac_rx_chemo","2"
"http://www.nlm.nih.gov/research/umls/rxnorm","1045458","eribulin mesylate 0.5 mg/ml [halaven]","vsac_rx_chemo","4"
"http://www.nlm.nih.gov/research/umls/rxnorm","1045460","2 ml eribulin mesylate 0.5 mg/ml injection [halaven]","vsac_rx_chemo","4"
"http://www.nlm.nih.gov/research/umls/rxnorm","10473","thiotepa","vsac_rx_chemo","2"
"http://www.nlm.nih.gov/research/umls/rxnorm","10485","thioguanine","vsac_rx_chemo","4"
"http://www.nlm.nih.gov/research/umls/rxnorm","105551","myleran 2 mg oral tablet","vsac_rx_chemo","4"
"http://www.nlm.nih.gov/research/umls/rxnorm","105552","bicnu 100 mg injection","vsac_rx_chemo","6"
"http://www.nlm.nih.gov/research/umls/rxnorm","105553","leukeran 2 mg oral tablet","vsac_rx_chemo","4"
"http://www.nlm.nih.gov/research/umls/rxnorm","105556","estramustine phosphate","vsac_rx_chemo","2"
"http://www.nlm.nih.gov/research/umls/rxnorm","105562","alkeran 2 mg oral tablet","vsac_rx_chemo","4"
"http://www.nlm.nih.gov/research/umls/rxnorm","105566","mitobronitol 125 mg oral tablet","vsac_rx_chemo","4"
"http://www.nlm.nih.gov/research/umls/rxnorm","105567","treosulfan 250 mg oral capsule","vsac_rx_chemo","4"
"http://www.nlm.nih.gov/research/umls/rxnorm","105569","cosmegen 500 mcg injection","vsac_rx_chemo","4"
"http://www.nlm.nih.gov/research/umls/rxnorm","105578","aclarubicin 2 mg/ml injectable solution","vsac_rx_chemo","2"
"http://www.nlm.nih.gov/research/umls/rxnorm","105584","fluorouracil 250 mg oral capsule","vsac_rx_chemo","4"
"http://www.nlm.nih.gov/research/umls/rxnorm","105585","methotrexate 2.5 mg oral tablet","vsac_rx_chemo","8"
"http://www.nlm.nih.gov/research/umls/rxnorm","105586","methotrexate 10 mg oral tablet","vsac_rx_chemo","8"
"http://www.nlm.nih.gov/research/umls/rxnorm","105590","tabloid 40 mg oral tablet","vsac_rx_chemo","8"
"http://www.nlm.nih.gov/research/umls/rxnorm","105602","hydrea 500 mg oral capsule","vsac_rx_chemo","4"
"http://www.nlm.nih.gov/research/umls/rxnorm","105607","nipent 10 mg injection","vsac_rx_chemo","4"
"http://www.nlm.nih.gov/research/umls/rxnorm","10803","trifluridine","vsac_rx_chemo","2"
"http://www.nlm.nih.gov/research/umls/rxnorm","1093279","docetaxel 10 mg/ml","vsac_rx_chemo","4"
"http://www.nlm.nih.gov/research/umls/rxnorm","1093280","docetaxel 10 mg/ml injectable solution","vsac_rx_chemo","9"
"http://www.nlm.nih.gov/research/umls/rxnorm","10995","uracil","vsac_rx_chemo","2"
"http://www.nlm.nih.gov/research/umls/rxnorm","10996","uracil mustard","vsac_rx_chemo","2"
"http://www.nlm.nih.gov/research/umls/rxnorm","1114693","bendamustine hydrochloride","vsac_rx_chemo","2"
"http://www.nlm.nih.gov/research/umls/rxnorm","11198","vinblastine","vsac_rx_chemo","6"
"http://www.nlm.nih.gov/research/umls/rxnorm","11199","vinblastine sulfate","vsac_rx_chemo","6"
"http://www.nlm.nih.gov/research/umls/rxnorm","11202","vincristine","vsac_rx_chemo","8"
"http://www.nlm.nih.gov/research/umls/rxnorm","11203","vincristine sulfate","vsac_rx_chemo","6"
"http://www.nlm.nih.gov/research/umls/rxnorm","11204","vindesine","vsac_rx_chemo","2"
"http://www.nlm.nih.gov/research/umls/rxnorm","11205","vindesine sulfate","vsac_rx_chemo","2"
"http://www.nlm.nih.gov/research/umls/rxnorm","114527","vinorelbine tartrate","vsac_rx_chemo","3"
"http://www.nlm.nih.gov/research/umls/rxnorm","1148918","gemcitabine 38 mg/ml","vsac_rx_chemo","2"
"http://www.nlm.nih.gov/research/umls/rxnorm","1151374","busulfan injectable product","vsac_rx_chemo","2"
"http://www.nlm.nih.gov/research/umls/rxnorm","1151375","busulfan oral product","vsac_rx_chemo","2"
"http://www.nlm.nih.gov/research/umls/rxnorm","1151376","busulfan pill","vsac_rx_chemo","2"
"http://www.nlm.nih.gov/research/umls/rxnorm","1151413","carmustine drug implant product","vsac_rx_chemo","3"
"http://www.nlm.nih.gov/research/umls/rxnorm","1151483","cytarabine injectable product","vsac_rx_chemo","2"
"http://www.nlm.nih.gov/research/umls/rxnorm","1151727","carmustine injectable product","vsac_rx_chemo","3"
"http://www.nlm.nih.gov/research/umls/rxnorm","1151833","dacarbazine injectable product","vsac_rx_chemo","2"
"http://www.nlm.nih.gov/research/umls/rxnorm","1151835","dactinomycin injectable product","vsac_rx_chemo","4"
"http://www.nlm.nih.gov/research/umls/rxnorm","1152129","cisplatin injectable product","vsac_rx_chemo","10"
"http://www.nlm.nih.gov/research/umls/rxnorm","1152144","daunorubicin injectable product","vsac_rx_chemo","4"
"http://www.nlm.nih.gov/research/umls/rxnorm","1153038","chlorambucil oral product","vsac_rx_chemo","2"
"http://www.nlm.nih.gov/research/umls/rxnorm","1153039","chlorambucil pill","vsac_rx_chemo","2"
"http://www.nlm.nih.gov/research/umls/rxnorm","1153164","aclarubicin injectable product","vsac_rx_chemo","2"
"http://www.nlm.nih.gov/research/umls/rxnorm","1153637","asparaginase injectable product","vsac_rx_chemo","2"
"http://www.nlm.nih.gov/research/umls/rxnorm","1154720","bleomycin injectable product","vsac_rx_chemo","2"
"http://www.nlm.nih.gov/research/umls/rxnorm","1154999","azacitidine injectable product","vsac_rx_chemo","4"
"http://www.nlm.nih.gov/research/umls/rxnorm","1155611","altretamine oral product","vsac_rx_chemo","2"
"http://www.nlm.nih.gov/research/umls/rxnorm","1155612","altretamine pill","vsac_rx_chemo","2"
"http://www.nlm.nih.gov/research/umls/rxnorm","1156","asparaginase","vsac_rx_chemo","2"
"http://www.nlm.nih.gov/research/umls/rxnorm","1156104","carboplatin injectable product","vsac_rx_chemo","12"
"http://www.nlm.nih.gov/research/umls/rxnorm","1156181","cyclophosphamide injectable product","vsac_rx_chemo","6"
"http://www.nlm.nih.gov/research/umls/rxnorm","1156182","cyclophosphamide oral product","vsac_rx_chemo","6"
"http://www.nlm.nih.gov/research/umls/rxnorm","1156183","cyclophosphamide pill","vsac_rx_chemo","6"
"http://www.nlm.nih.gov/research/umls/rxnorm","1156281","idarubicin injectable product","vsac_rx_chemo","4"
"http://www.nlm.nih.gov/research/umls/rxnorm","1156282","idarubicin oral product","vsac_rx_chemo","4"
"http://www.nlm.nih.gov/research/umls/rxnorm","1156283","idarubicin pill","vsac_rx_chemo","4"
"http://www.nlm.nih.gov/research/umls/rxnorm","1156288","ifosfamide injectable product","vsac_rx_chemo","3"
"http://www.nlm.nih.gov/research/umls/rxnorm","1156487","thiotepa injectable product","vsac_rx_chemo","2"
"http://www.nlm.nih.gov/research/umls/rxnorm","1156710","gemcitabine injectable product","vsac_rx_chemo","2"
"http://www.nlm.nih.gov/research/umls/rxnorm","1157195","decitabine injectable product","vsac_rx_chemo","2"
"http://www.nlm.nih.gov/research/umls/rxnorm","1157655","topotecan injectable product","vsac_rx_chemo","3"
"http://www.nlm.nih.gov/research/umls/rxnorm","1157656","topotecan oral product","vsac_rx_chemo","3"
"http://www.nlm.nih.gov/research/umls/rxnorm","1157657","topotecan pill","vsac_rx_chemo","3"
"http://www.nlm.nih.gov/research/umls/rxnorm","1157898","raltitrexed injectable product","vsac_rx_chemo","2"
"http://www.nlm.nih.gov/research/umls/rxnorm","1157928","etoposide injectable product","vsac_rx_chemo","4"
"http://www.nlm.nih.gov/research/umls/rxnorm","1157929","etoposide oral product","vsac_rx_chemo","4"
"http://www.nlm.nih.gov/research/umls/rxnorm","1157930","etoposide pill","vsac_rx_chemo","4"
"http://www.nlm.nih.gov/research/umls/rxnorm","1157980","romidepsin injectable product","vsac_rx_chemo","4"
"http://www.nlm.nih.gov/research/umls/rxnorm","1158406","nelarabine injectable product","vsac_rx_chemo","2"
"http://www.nlm.nih.gov/research/umls/rxnorm","1158877","capecitabine oral product","vsac_rx_chemo","2"
"http://www.nlm.nih.gov/research/umls/rxnorm","1158878","capecitabine pill","vsac_rx_chemo","2"
"http://www.nlm.nih.gov/research/umls/rxnorm","1159787","melphalan injectable product","vsac_rx_chemo","2"
"http://www.nlm.nih.gov/research/umls/rxnorm","1159788","melphalan oral product","vsac_rx_chemo","2"
"http://www.nlm.nih.gov/research/umls/rxnorm","1159789","melphalan pill","vsac_rx_chemo","2"
"http://www.nlm.nih.gov/research/umls/rxnorm","1159879","plicamycin injectable product","vsac_rx_chemo","2"
"http://www.nlm.nih.gov/research/umls/rxnorm","1160009","bendamustine injectable product","vsac_rx_chemo","2"
"http://www.nlm.nih.gov/research/umls/rxnorm","1160113","hydroxyurea oral product","vsac_rx_chemo","2"
"http://www.nlm.nih.gov/research/umls/rxnorm","1160114","hydroxyurea pill","vsac_rx_chemo","2"
"http://www.nlm.nih.gov/research/umls/rxnorm","1160121","oxaliplatin injectable product","vsac_rx_chemo","3"
"http://www.nlm.nih.gov/research/umls/rxnorm","1160232","floxuridine injectable product","vsac_rx_chemo","2"
"http://www.nlm.nih.gov/research/umls/rxnorm","1160527","vinblastine injectable product","vsac_rx_chemo","8"
"http://www.nlm.nih.gov/research/umls/rxnorm","1160531","vincristine injectable product","vsac_rx_chemo","8"
"http://www.nlm.nih.gov/research/umls/rxnorm","1160532","vindesine injectable product","vsac_rx_chemo","2"
"http://www.nlm.nih.gov/research/umls/rxnorm","1160617","docetaxel injectable product","vsac_rx_chemo","4"
"http://www.nlm.nih.gov/research/umls/rxnorm","1160774","doxorubicin injectable product","vsac_rx_chemo","4"
"http://www.nlm.nih.gov/research/umls/rxnorm","1160829","fluorouracil injectable product","vsac_rx_chemo","2"
"http://www.nlm.nih.gov/research/umls/rxnorm","1160830","fluorouracil oral product","vsac_rx_chemo","2"
"http://www.nlm.nih.gov/research/umls/rxnorm","1160831","fluorouracil pill","vsac_rx_chemo","2"
"http://www.nlm.nih.gov/research/umls/rxnorm","1161096","pralatrexate injectable product","vsac_rx_chemo","4"
"http://www.nlm.nih.gov/research/umls/rxnorm","1161334","irinotecan injectable product","vsac_rx_chemo","4"
"http://www.nlm.nih.gov/research/umls/rxnorm","1161379","pegaspargase injectable product","vsac_rx_chemo","2"
"http://www.nlm.nih.gov/research/umls/rxnorm","1161384","pemetrexed injectable product","vsac_rx_chemo","4"
"http://www.nlm.nih.gov/research/umls/rxnorm","1161485","temozolomide injectable product","vsac_rx_chemo","4"
"http://www.nlm.nih.gov/research/umls/rxnorm","1161486","temozolomide oral product","vsac_rx_chemo","4"
"http://www.nlm.nih.gov/research/umls/rxnorm","1161487","temozolomide pill","vsac_rx_chemo","4"
"http://www.nlm.nih.gov/research/umls/rxnorm","1161732","procarbazine oral product","vsac_rx_chemo","3"
"http://www.nlm.nih.gov/research/umls/rxnorm","1161733","procarbazine pill","vsac_rx_chemo","3"
"http://www.nlm.nih.gov/research/umls/rxnorm","1161757","streptozocin injectable product","vsac_rx_chemo","2"
"http://www.nlm.nih.gov/research/umls/rxnorm","1161781","vorinostat oral product","vsac_rx_chemo","2"
"http://www.nlm.nih.gov/research/umls/rxnorm","1161782","vorinostat pill","vsac_rx_chemo","2"
"http://www.nlm.nih.gov/research/umls/rxnorm","1161945","ixabepilone injectable product","vsac_rx_chemo","2"
"http://www.nlm.nih.gov/research/umls/rxnorm","1162236","methotrexate oral product","vsac_rx_chemo","3"
"http://www.nlm.nih.gov/research/umls/rxnorm","1162237","methotrexate pill","vsac_rx_chemo","3"
"http://www.nlm.nih.gov/research/umls/rxnorm","1162502","eribulin injectable product","vsac_rx_chemo","4"
"http://www.nlm.nih.gov/research/umls/rxnorm","1162765","treosulfan injectable product","vsac_rx_chemo","2"
"http://www.nlm.nih.gov/research/umls/rxnorm","1162766","treosulfan oral product","vsac_rx_chemo","2"
"http://www.nlm.nih.gov/research/umls/rxnorm","1162767","treosulfan pill","vsac_rx_chemo","2"
"http://www.nlm.nih.gov/research/umls/rxnorm","1163532","paclitaxel injectable product","vsac_rx_chemo","4"
"http://www.nlm.nih.gov/research/umls/rxnorm","1163761","clofarabine injectable product","vsac_rx_chemo","2"
"http://www.nlm.nih.gov/research/umls/rxnorm","1163893","epirubicin injectable product","vsac_rx_chemo","4"
"http://www.nlm.nih.gov/research/umls/rxnorm","1164222","tegafur / uracil oral product","vsac_rx_chemo","2"
"http://www.nlm.nih.gov/research/umls/rxnorm","1164223","tegafur / uracil pill","vsac_rx_chemo","2"
"http://www.nlm.nih.gov/research/umls/rxnorm","1164231","teniposide injectable product","vsac_rx_chemo","3"
"http://www.nlm.nih.gov/research/umls/rxnorm","1164585","vinorelbine injectable product","vsac_rx_chemo","3"
"http://www.nlm.nih.gov/research/umls/rxnorm","1164944","cabazitaxel injectable product","vsac_rx_chemo","2"
"http://www.nlm.nih.gov/research/umls/rxnorm","1165043","fludarabine injectable product","vsac_rx_chemo","2"
"http://www.nlm.nih.gov/research/umls/rxnorm","1165044","fludarabine oral product","vsac_rx_chemo","2"
"http://www.nlm.nih.gov/research/umls/rxnorm","1165045","fludarabine pill","vsac_rx_chemo","2"
"http://www.nlm.nih.gov/research/umls/rxnorm","1165319","lomustine oral product","vsac_rx_chemo","4"
"http://www.nlm.nih.gov/research/umls/rxnorm","1165320","lomustine pill","vsac_rx_chemo","4"
"http://www.nlm.nih.gov/research/umls/rxnorm","1165370","mitobronitol oral product","vsac_rx_chemo","2"
"http://www.nlm.nih.gov/research/umls/rxnorm","1165371","mitobronitol pill","vsac_rx_chemo","2"
"http://www.nlm.nih.gov/research/umls/rxnorm","1165372","mitomycin injectable product","vsac_rx_chemo","4"
"http://www.nlm.nih.gov/research/umls/rxnorm","1165373","mitotane oral product","vsac_rx_chemo","2"
"http://www.nlm.nih.gov/research/umls/rxnorm","1165374","mitotane pill","vsac_rx_chemo","2"
"http://www.nlm.nih.gov/research/umls/rxnorm","1165375","mitoxantrone injectable product","vsac_rx_chemo","4"
"http://www.nlm.nih.gov/research/umls/rxnorm","1165408","pentostatin injectable product","vsac_rx_chemo","2"
"http://www.nlm.nih.gov/research/umls/rxnorm","1165526","thioguanine oral product","vsac_rx_chemo","4"
"http://www.nlm.nih.gov/research/umls/rxnorm","1165527","thioguanine pill","vsac_rx_chemo","4"
"http://www.nlm.nih.gov/research/umls/rxnorm","1165710","mercaptopurine oral product","vsac_rx_chemo","3"
"http://www.nlm.nih.gov/research/umls/rxnorm","1165711","mercaptopurine pill","vsac_rx_chemo","3"
"http://www.nlm.nih.gov/research/umls/rxnorm","1165764","estramustine oral product","vsac_rx_chemo","2"
"http://www.nlm.nih.gov/research/umls/rxnorm","1165765","estramustine pill","vsac_rx_chemo","2"
"http://www.nlm.nih.gov/research/umls/rxnorm","1165953","abraxane injectable product","vsac_rx_chemo","2"
"http://www.nlm.nih.gov/research/umls/rxnorm","1166066","leukeran oral product","vsac_rx_chemo","2"
"http://www.nlm.nih.gov/research/umls/rxnorm","1166067","leukeran pill","vsac_rx_chemo","2"
"http://www.nlm.nih.gov/research/umls/rxnorm","1166387","droxia oral product","vsac_rx_chemo","2"
"http://www.nlm.nih.gov/research/umls/rxnorm","1166388","droxia pill","vsac_rx_chemo","2"
"http://www.nlm.nih.gov/research/umls/rxnorm","1166568","ixempra injectable product","vsac_rx_chemo","2"
"http://www.nlm.nih.gov/research/umls/rxnorm","1166941","dacogen injectable product","vsac_rx_chemo","2"
"http://www.nlm.nih.gov/research/umls/rxnorm","1167125","idamycin injectable product","vsac_rx_chemo","2"
"http://www.nlm.nih.gov/research/umls/rxnorm","1167136","ifex injectable product","vsac_rx_chemo","3"
"http://www.nlm.nih.gov/research/umls/rxnorm","1167175","istodax injectable product","vsac_rx_chemo","2"
"http://www.nlm.nih.gov/research/umls/rxnorm","1167866","jevtana injectable product","vsac_rx_chemo","2"
"http://www.nlm.nih.gov/research/umls/rxnorm","1168702","busulfex injectable product","vsac_rx_chemo","2"
"http://www.nlm.nih.gov/research/umls/rxnorm","1170654","adrucil injectable product","vsac_rx_chemo","2"
"http://www.nlm.nih.gov/research/umls/rxnorm","1170776","arranon injectable product","vsac_rx_chemo","2"
"http://www.nlm.nih.gov/research/umls/rxnorm","1171232","gliadel drug implant product","vsac_rx_chemo","3"
"http://www.nlm.nih.gov/research/umls/rxnorm","1171613","cosmegen injectable product","vsac_rx_chemo","2"
"http://www.nlm.nih.gov/research/umls/rxnorm","1172305","camptosar injectable product","vsac_rx_chemo","4"
"http://www.nlm.nih.gov/research/umls/rxnorm","1172604","folotyn injectable product","vsac_rx_chemo","2"
"http://www.nlm.nih.gov/research/umls/rxnorm","1172714","hycamtin injectable product","vsac_rx_chemo","3"
"http://www.nlm.nih.gov/research/umls/rxnorm","1172715","hycamtin oral product","vsac_rx_chemo","3"
"http://www.nlm.nih.gov/research/umls/rxnorm","1172716","hycamtin pill","vsac_rx_chemo","3"
"http://www.nlm.nih.gov/research/umls/rxnorm","1173022","clolar injectable product","vsac_rx_chemo","2"
"http://www.nlm.nih.gov/research/umls/rxnorm","1173621","bicnu injectable product","vsac_rx_chemo","3"
"http://www.nlm.nih.gov/research/umls/rxnorm","1174066","hydrea oral product","vsac_rx_chemo","2"
"http://www.nlm.nih.gov/research/umls/rxnorm","1174067","hydrea pill","vsac_rx_chemo","2"
"http://www.nlm.nih.gov/research/umls/rxnorm","1174614","ellence injectable product","vsac_rx_chemo","2"
"http://www.nlm.nih.gov/research/umls/rxnorm","1175302","emcyt oral product","vsac_rx_chemo","2"
"http://www.nlm.nih.gov/research/umls/rxnorm","1175303","emcyt pill","vsac_rx_chemo","2"
"http://www.nlm.nih.gov/research/umls/rxnorm","1175526","alimta injectable product","vsac_rx_chemo","2"
"http://www.nlm.nih.gov/research/umls/rxnorm","1175913","doxil injectable product","vsac_rx_chemo","2"
"http://www.nlm.nih.gov/research/umls/rxnorm","1176093","halaven injectable product","vsac_rx_chemo","2"
"http://www.nlm.nih.gov/research/umls/rxnorm","1176189","alkeran injectable product","vsac_rx_chemo","2"
"http://www.nlm.nih.gov/research/umls/rxnorm","1176190","alkeran oral product","vsac_rx_chemo","2"
"http://www.nlm.nih.gov/research/umls/rxnorm","1176191","alkeran pill","vsac_rx_chemo","2"
"http://www.nlm.nih.gov/research/umls/rxnorm","1177820","tabloid oral product","vsac_rx_chemo","4"
"http://www.nlm.nih.gov/research/umls/rxnorm","1177821","tabloid pill","vsac_rx_chemo","4"
"http://www.nlm.nih.gov/research/umls/rxnorm","1178005","toposar injectable product","vsac_rx_chemo","4"
"http://www.nlm.nih.gov/research/umls/rxnorm","1179668","treanda injectable product","vsac_rx_chemo","2"
"http://www.nlm.nih.gov/research/umls/rxnorm","1179677","trexall oral product","vsac_rx_chemo","3"
"http://www.nlm.nih.gov/research/umls/rxnorm","1179678","trexall pill","vsac_rx_chemo","3"
"http://www.nlm.nih.gov/research/umls/rxnorm","1180490","navelbine injectable product","vsac_rx_chemo","3"
"http://www.nlm.nih.gov/research/umls/rxnorm","1181413","temodar injectable product","vsac_rx_chemo","4"
"http://www.nlm.nih.gov/research/umls/rxnorm","1181414","temodar oral product","vsac_rx_chemo","4"
"http://www.nlm.nih.gov/research/umls/rxnorm","1181415","temodar pill","vsac_rx_chemo","4"
"http://www.nlm.nih.gov/research/umls/rxnorm","1181565","matulane oral product","vsac_rx_chemo","3"
"http://www.nlm.nih.gov/research/umls/rxnorm","1181566","matulane pill","vsac_rx_chemo","3"
"http://www.nlm.nih.gov/research/umls/rxnorm","1181715","oncaspar injectable product","vsac_rx_chemo","2"
"http://www.nlm.nih.gov/research/umls/rxnorm","1182084","lysodren oral product","vsac_rx_chemo","2"
"http://www.nlm.nih.gov/research/umls/rxnorm","1182085","lysodren pill","vsac_rx_chemo","2"
"http://www.nlm.nih.gov/research/umls/rxnorm","1182364","paraplatin injectable product","vsac_rx_chemo","6"
"http://www.nlm.nih.gov/research/umls/rxnorm","1183920","nipent injectable product","vsac_rx_chemo","2"
"http://www.nlm.nih.gov/research/umls/rxnorm","1185666","myleran oral product","vsac_rx_chemo","2"
"http://www.nlm.nih.gov/research/umls/rxnorm","1185667","myleran pill","vsac_rx_chemo","2"
"http://www.nlm.nih.gov/research/umls/rxnorm","1186410","xeloda oral product","vsac_rx_chemo","2"
"http://www.nlm.nih.gov/research/umls/rxnorm","1186411","xeloda pill","vsac_rx_chemo","2"
"http://www.nlm.nih.gov/research/umls/rxnorm","1186581","vidaza injectable product","vsac_rx_chemo","2"
"http://www.nlm.nih.gov/research/umls/rxnorm","1186612","vincasar injectable product","vsac_rx_chemo","4"
"http://www.nlm.nih.gov/research/umls/rxnorm","1187029","zanosar injectable product","vsac_rx_chemo","2"
"http://www.nlm.nih.gov/research/umls/rxnorm","1188165","zolinza oral product","vsac_rx_chemo","2"
"http://www.nlm.nih.gov/research/umls/rxnorm","1188166","zolinza pill","vsac_rx_chemo","2"
"http://www.nlm.nih.gov/research/umls/rxnorm","1191137","doxorubicin hydrochloride 2 mg/ml","vsac_rx_chemo","4"
"http://www.nlm.nih.gov/research/umls/rxnorm","1191138","doxorubicin hydrochloride 2 mg/ml injectable solution","vsac_rx_chemo","6"
"http://www.nlm.nih.gov/research/umls/rxnorm","1191495","doxorubicin hydrochloride liposome 2 mg/ml","vsac_rx_chemo","4"
"http://www.nlm.nih.gov/research/umls/rxnorm","1191499","doxorubicin hydrochloride liposome 2 mg/ml [doxil]","vsac_rx_chemo","4"
"http://www.nlm.nih.gov/research/umls/rxnorm","1232186","erwinaze","vsac_rx_chemo","2"
"http://www.nlm.nih.gov/research/umls/rxnorm","1232189","erwinaze injectable product","vsac_rx_chemo","2"
"http://www.nlm.nih.gov/research/umls/rxnorm","1232190","erwinaze 10,000 unt injection","vsac_rx_chemo","4"
"http://www.nlm.nih.gov/research/umls/rxnorm","1251","azacitidine","vsac_rx_chemo","4"
"http://www.nlm.nih.gov/research/umls/rxnorm","12574","gemcitabine","vsac_rx_chemo","2"
"http://www.nlm.nih.gov/research/umls/rxnorm","1299922","docetaxel anhydrous","vsac_rx_chemo","4"
"http://www.nlm.nih.gov/research/umls/rxnorm","1304990","vincristine sulfate liposome","vsac_rx_chemo","6"
"http://www.nlm.nih.gov/research/umls/rxnorm","1304991","vincristine liposome","vsac_rx_chemo","6"
"http://www.nlm.nih.gov/research/umls/rxnorm","1304992","vincristine sulfate liposome 0.16 mg/ml","vsac_rx_chemo","6"
"http://www.nlm.nih.gov/research/umls/rxnorm","1304995","31 ml vincristine sulfate liposome 0.16 mg/ml injection","vsac_rx_chemo","8"
"http://www.nlm.nih.gov/research/umls/rxnorm","1304996","marqibo","vsac_rx_chemo","4"
"http://www.nlm.nih.gov/research/umls/rxnorm","1304997","vincristine sulfate liposome 0.16 mg/ml [marqibo]","vsac_rx_chemo","6"
"http://www.nlm.nih.gov/research/umls/rxnorm","1304999","marqibo injectable product","vsac_rx_chemo","4"
"http://www.nlm.nih.gov/research/umls/rxnorm","1305000","31 ml vincristine sulfate liposome 0.16 mg/ml injection [marqibo]","vsac_rx_chemo","8"
"http://www.nlm.nih.gov/research/umls/rxnorm","134547","bendamustine","vsac_rx_chemo","2"
"http://www.nlm.nih.gov/research/umls/rxnorm","1356688","omacetaxine mepesuccinate 3.5 mg injection","vsac_rx_chemo","4"
"http://www.nlm.nih.gov/research/umls/rxnorm","1356689","synribo","vsac_rx_chemo","2"
"http://www.nlm.nih.gov/research/umls/rxnorm","1356692","synribo injectable product","vsac_rx_chemo","2"
"http://www.nlm.nih.gov/research/umls/rxnorm","1356693","synribo 3.5 mg injection","vsac_rx_chemo","4"
"http://www.nlm.nih.gov/research/umls/rxnorm","1364321","daunorubicin citrate","vsac_rx_chemo","4"
"http://www.nlm.nih.gov/research/umls/rxnorm","1366537","tepadina","vsac_rx_chemo","2"
"http://www.nlm.nih.gov/research/umls/rxnorm","1376083","cabazitaxel 40 mg/ml [jevtana]","vsac_rx_chemo","2"
"http://www.nlm.nih.gov/research/umls/rxnorm","1376084","1.5 ml cabazitaxel 40 mg/ml injection [jevtana]","vsac_rx_chemo","2"
"http://www.nlm.nih.gov/research/umls/rxnorm","1421191","omacetaxine mepesuccinate injectable product","vsac_rx_chemo","2"
"http://www.nlm.nih.gov/research/umls/rxnorm","142433","doxorubicin hydrochloride","vsac_rx_chemo","4"
"http://www.nlm.nih.gov/research/umls/rxnorm","1431738","asparaginase erwinia chrysanthemi","vsac_rx_chemo","2"
"http://www.nlm.nih.gov/research/umls/rxnorm","1437967","cyclophosphamide oral capsule","vsac_rx_chemo","6"
"http://www.nlm.nih.gov/research/umls/rxnorm","1437968","cyclophosphamide 25 mg oral capsule","vsac_rx_chemo","12"
"http://www.nlm.nih.gov/research/umls/rxnorm","1437969","cyclophosphamide 50 mg oral capsule","vsac_rx_chemo","12"
"http://www.nlm.nih.gov/research/umls/rxnorm","150889","asparaginase erwinia chrysanthemi (as crisantaspase) 10000 unt injection","vsac_rx_chemo","2"
"http://www.nlm.nih.gov/research/umls/rxnorm","151325","alkeran","vsac_rx_chemo","2"
"http://www.nlm.nih.gov/research/umls/rxnorm","151871","hydrea","vsac_rx_chemo","2"
"http://www.nlm.nih.gov/research/umls/rxnorm","151956","tabloid","vsac_rx_chemo","3"
"http://www.nlm.nih.gov/research/umls/rxnorm","152115","nipent","vsac_rx_chemo","2"
"http://www.nlm.nih.gov/research/umls/rxnorm","152200","paraplatin","vsac_rx_chemo","5"
"http://www.nlm.nih.gov/research/umls/rxnorm","153329","irinotecan hydrochloride","vsac_rx_chemo","2"
"http://www.nlm.nih.gov/research/umls/rxnorm","1536481","mercaptopurine 20 mg/ml","vsac_rx_chemo","3"
"http://www.nlm.nih.gov/research/umls/rxnorm","1536482","mercaptopurine oral liquid product","vsac_rx_chemo","3"
"http://www.nlm.nih.gov/research/umls/rxnorm","1536483","mercaptopurine oral suspension","vsac_rx_chemo","3"
"http://www.nlm.nih.gov/research/umls/rxnorm","1536484","mercaptopurine 100 mg per 5 ml oral suspension","vsac_rx_chemo","4"
"http://www.nlm.nih.gov/research/umls/rxnorm","1536485","purixan","vsac_rx_chemo","3"
"http://www.nlm.nih.gov/research/umls/rxnorm","1536486","mercaptopurine 20 mg/ml [purixan]","vsac_rx_chemo","3"
"http://www.nlm.nih.gov/research/umls/rxnorm","1536487","mercaptopurine oral suspension [purixan]","vsac_rx_chemo","3"
"http://www.nlm.nih.gov/research/umls/rxnorm","1536488","purixan oral liquid product","vsac_rx_chemo","3"
"http://www.nlm.nih.gov/research/umls/rxnorm","1536489","purixan oral product","vsac_rx_chemo","3"
"http://www.nlm.nih.gov/research/umls/rxnorm","1536490","mercaptopurine 20 mg/ml oral suspension [purixan]","vsac_rx_chemo","3"
"http://www.nlm.nih.gov/research/umls/rxnorm","1543543","belinostat","vsac_rx_chemo","2"
"http://www.nlm.nih.gov/research/umls/rxnorm","1543545","belinostat injectable product","vsac_rx_chemo","2"
"http://www.nlm.nih.gov/research/umls/rxnorm","1543547","belinostat 500 mg injection","vsac_rx_chemo","6"
"http://www.nlm.nih.gov/research/umls/rxnorm","1543548","beleodaq","vsac_rx_chemo","2"
"http://www.nlm.nih.gov/research/umls/rxnorm","1543551","beleodaq injectable product","vsac_rx_chemo","2"
"http://www.nlm.nih.gov/research/umls/rxnorm","1543552","beleodaq 500 mg injection","vsac_rx_chemo","4"
"http://www.nlm.nih.gov/research/umls/rxnorm","1545771","gleostine","vsac_rx_chemo","2"
"http://www.nlm.nih.gov/research/umls/rxnorm","1545772","lomustine 10 mg [gleostine]","vsac_rx_chemo","4"
"http://www.nlm.nih.gov/research/umls/rxnorm","1545773","lomustine oral capsule [gleostine]","vsac_rx_chemo","4"
"http://www.nlm.nih.gov/research/umls/rxnorm","1545774","gleostine oral product","vsac_rx_chemo","4"
"http://www.nlm.nih.gov/research/umls/rxnorm","1545775","gleostine pill","vsac_rx_chemo","4"
"http://www.nlm.nih.gov/research/umls/rxnorm","1545776","gleostine 10 mg oral capsule","vsac_rx_chemo","8"
"http://www.nlm.nih.gov/research/umls/rxnorm","1545777","lomustine 100 mg [gleostine]","vsac_rx_chemo","4"
"http://www.nlm.nih.gov/research/umls/rxnorm","1545778","gleostine 100 mg oral capsule","vsac_rx_chemo","8"
"http://www.nlm.nih.gov/research/umls/rxnorm","1545779","lomustine 40 mg [gleostine]","vsac_rx_chemo","4"
"http://www.nlm.nih.gov/research/umls/rxnorm","1545780","gleostine 40 mg oral capsule","vsac_rx_chemo","8"
"http://www.nlm.nih.gov/research/umls/rxnorm","1545988","cyclophosphamide anhydrous","vsac_rx_chemo","4"
"http://www.nlm.nih.gov/research/umls/rxnorm","1546005","thioguanine anhydrous","vsac_rx_chemo","2"
"http://www.nlm.nih.gov/research/umls/rxnorm","1546028","mercaptopurine anhydrous","vsac_rx_chemo","2"
"http://www.nlm.nih.gov/research/umls/rxnorm","15657","decitabine","vsac_rx_chemo","2"
"http://www.nlm.nih.gov/research/umls/rxnorm","1603349","panobinostat lactate","vsac_rx_chemo","2"
"http://www.nlm.nih.gov/research/umls/rxnorm","1603350","panobinostat","vsac_rx_chemo","2"
"http://www.nlm.nih.gov/research/umls/rxnorm","1603351","panobinostat 10 mg","vsac_rx_chemo","2"
"http://www.nlm.nih.gov/research/umls/rxnorm","1603352","panobinostat oral product","vsac_rx_chemo","2"
"http://www.nlm.nih.gov/research/umls/rxnorm","1603353","panobinostat pill","vsac_rx_chemo","2"
"http://www.nlm.nih.gov/research/umls/rxnorm","1603354","panobinostat oral capsule","vsac_rx_chemo","2"
"http://www.nlm.nih.gov/research/umls/rxnorm","1603355","panobinostat 10 mg oral capsule","vsac_rx_chemo","4"
"http://www.nlm.nih.gov/research/umls/rxnorm","1603356","farydak","vsac_rx_chemo","2"
"http://www.nlm.nih.gov/research/umls/rxnorm","1603357","panobinostat 10 mg [farydak]","vsac_rx_chemo","2"
"http://www.nlm.nih.gov/research/umls/rxnorm","1603358","panobinostat oral capsule [farydak]","vsac_rx_chemo","2"
"http://www.nlm.nih.gov/research/umls/rxnorm","1603359","farydak oral product","vsac_rx_chemo","2"
"http://www.nlm.nih.gov/research/umls/rxnorm","1603360","farydak pill","vsac_rx_chemo","2"
"http://www.nlm.nih.gov/research/umls/rxnorm","1603361","farydak 10 mg oral capsule","vsac_rx_chemo","4"
"http://www.nlm.nih.gov/research/umls/rxnorm","1603362","panobinostat 15 mg","vsac_rx_chemo","2"
"http://www.nlm.nih.gov/research/umls/rxnorm","1603363","panobinostat 15 mg oral capsule","vsac_rx_chemo","4"
"http://www.nlm.nih.gov/research/umls/rxnorm","1603364","panobinostat 15 mg [farydak]","vsac_rx_chemo","2"
"http://www.nlm.nih.gov/research/umls/rxnorm","1603365","farydak 15 mg oral capsule","vsac_rx_chemo","4"
"http://www.nlm.nih.gov/research/umls/rxnorm","1603366","panobinostat 20 mg","vsac_rx_chemo","2"
"http://www.nlm.nih.gov/research/umls/rxnorm","1603367","panobinostat 20 mg oral capsule","vsac_rx_chemo","4"
"http://www.nlm.nih.gov/research/umls/rxnorm","1603368","panobinostat 20 mg [farydak]","vsac_rx_chemo","2"
"http://www.nlm.nih.gov/research/umls/rxnorm","1603369","farydak 20 mg oral capsule","vsac_rx_chemo","4"
"http://www.nlm.nih.gov/research/umls/rxnorm","1621","bleomycin sulfate","vsac_rx_chemo","2"
"http://www.nlm.nih.gov/research/umls/rxnorm","1622","bleomycin","vsac_rx_chemo","2"
"http://www.nlm.nih.gov/research/umls/rxnorm","1656681","methotrexate 1000 mg","vsac_rx_chemo","2"
"http://www.nlm.nih.gov/research/umls/rxnorm","1660002","thiotepa 100 mg","vsac_rx_chemo","2"
"http://www.nlm.nih.gov/research/umls/rxnorm","1660003","thiotepa injection","vsac_rx_chemo","2"
"http://www.nlm.nih.gov/research/umls/rxnorm","1660004","thiotepa 100 mg injection","vsac_rx_chemo","6"
"http://www.nlm.nih.gov/research/umls/rxnorm","1660008","thiotepa 15 mg","vsac_rx_chemo","2"
"http://www.nlm.nih.gov/research/umls/rxnorm","1660009","thiotepa 15 mg injection","vsac_rx_chemo","6"
"http://www.nlm.nih.gov/research/umls/rxnorm","1663180","paclitaxel 100 mg","vsac_rx_chemo","4"
"http://www.nlm.nih.gov/research/umls/rxnorm","1663181","paclitaxel injection","vsac_rx_chemo","4"
"http://www.nlm.nih.gov/research/umls/rxnorm","1663183","paclitaxel 100 mg [abraxane]","vsac_rx_chemo","4"
"http://www.nlm.nih.gov/research/umls/rxnorm","1663184","paclitaxel injection [abraxane]","vsac_rx_chemo","4"
"http://www.nlm.nih.gov/research/umls/rxnorm","1666923","pemetrexed disodium heptahydrate","vsac_rx_chemo","4"
"http://www.nlm.nih.gov/research/umls/rxnorm","1670304","tipiracil","vsac_rx_chemo","2"
"http://www.nlm.nih.gov/research/umls/rxnorm","1670305","tipiracil 6.14 mg","vsac_rx_chemo","2"
"http://www.nlm.nih.gov/research/umls/rxnorm","1670306","trifluridine 15 mg","vsac_rx_chemo","2"
"http://www.nlm.nih.gov/research/umls/rxnorm","1670307","tipiracil / trifluridine oral product","vsac_rx_chemo","2"
"http://www.nlm.nih.gov/research/umls/rxnorm","1670308","tipiracil / trifluridine pill","vsac_rx_chemo","2"
"http://www.nlm.nih.gov/research/umls/rxnorm","1670309","tipiracil / trifluridine oral tablet","vsac_rx_chemo","2"
"http://www.nlm.nih.gov/research/umls/rxnorm","1670310","tipiracil / trifluridine","vsac_rx_chemo","2"
"http://www.nlm.nih.gov/research/umls/rxnorm","1670311","tipiracil 6.14 mg / trifluridine 15 mg oral tablet","vsac_rx_chemo","4"
"http://www.nlm.nih.gov/research/umls/rxnorm","1670314","tipiracil 8.19 mg","vsac_rx_chemo","2"
"http://www.nlm.nih.gov/research/umls/rxnorm","1670315","trifluridine 20 mg","vsac_rx_chemo","2"
"http://www.nlm.nih.gov/research/umls/rxnorm","1670316","tipiracil 8.19 mg / trifluridine 20 mg oral tablet","vsac_rx_chemo","4"
"http://www.nlm.nih.gov/research/umls/rxnorm","1670317","lonsurf","vsac_rx_chemo","2"
"http://www.nlm.nih.gov/research/umls/rxnorm","1670318","tipiracil 6.14 mg / trifluridine 15 mg [lonsurf]","vsac_rx_chemo","2"
"http://www.nlm.nih.gov/research/umls/rxnorm","1670319","tipiracil / trifluridine oral tablet [lonsurf]","vsac_rx_chemo","2"
"http://www.nlm.nih.gov/research/umls/rxnorm","1670320","lonsurf oral product","vsac_rx_chemo","2"
"http://www.nlm.nih.gov/research/umls/rxnorm","1670321","lonsurf pill","vsac_rx_chemo","2"
"http://www.nlm.nih.gov/research/umls/rxnorm","1670322","lonsurf (trifluridine 15 mg / tipiracil 6.14 mg) oral tablet","vsac_rx_chemo","2"
"http://www.nlm.nih.gov/research/umls/rxnorm","1670323","tipiracil 8.19 mg / trifluridine 20 mg [lonsurf]","vsac_rx_chemo","2"
"http://www.nlm.nih.gov/research/umls/rxnorm","1670324","lonsurf (trifluridine 20 mg / tipiracil 8.19 mg) oral tablet","vsac_rx_chemo","2"
"http://www.nlm.nih.gov/research/umls/rxnorm","1716278","trabectedin","vsac_rx_chemo","2"
"http://www.nlm.nih.gov/research/umls/rxnorm","1718586","trabectedin 1 mg","vsac_rx_chemo","2"
"http://www.nlm.nih.gov/research/umls/rxnorm","1718587","trabectedin injectable product","vsac_rx_chemo","2"
"http://www.nlm.nih.gov/research/umls/rxnorm","1718588","trabectedin injection","vsac_rx_chemo","2"
"http://www.nlm.nih.gov/research/umls/rxnorm","1718589","trabectedin 1 mg injection","vsac_rx_chemo","6"
"http://www.nlm.nih.gov/research/umls/rxnorm","1718590","yondelis","vsac_rx_chemo","2"
"http://www.nlm.nih.gov/research/umls/rxnorm","1718591","trabectedin 1 mg [yondelis]","vsac_rx_chemo","2"
"http://www.nlm.nih.gov/research/umls/rxnorm","1718592","trabectedin injection [yondelis]","vsac_rx_chemo","2"
"http://www.nlm.nih.gov/research/umls/rxnorm","1718593","yondelis injectable product","vsac_rx_chemo","2"
"http://www.nlm.nih.gov/research/umls/rxnorm","1718594","yondelis 1 mg injection","vsac_rx_chemo","4"
"http://www.nlm.nih.gov/research/umls/rxnorm","1718998","gemcitabine 200 mg","vsac_rx_chemo","2"
"http://www.nlm.nih.gov/research/umls/rxnorm","1718999","gemcitabine injection","vsac_rx_chemo","2"
"http://www.nlm.nih.gov/research/umls/rxnorm","1719000","gemcitabine 200 mg injection","vsac_rx_chemo","6"
"http://www.nlm.nih.gov/research/umls/rxnorm","1719002","gemcitabine 1000 mg","vsac_rx_chemo","2"
"http://www.nlm.nih.gov/research/umls/rxnorm","1719003","gemcitabine 1 gm injection","vsac_rx_chemo","6"
"http://www.nlm.nih.gov/research/umls/rxnorm","1719004","gemcitabine 2000 mg","vsac_rx_chemo","2"
"http://www.nlm.nih.gov/research/umls/rxnorm","1719005","gemcitabine 2 gm injection","vsac_rx_chemo","6"
"http://www.nlm.nih.gov/research/umls/rxnorm","1719767","irinotecan hydrochloride liposome","vsac_rx_chemo","2"
"http://www.nlm.nih.gov/research/umls/rxnorm","1719768","irinotecan liposomal","vsac_rx_chemo","4"
"http://www.nlm.nih.gov/research/umls/rxnorm","1719769","irinotecan hydrochloride liposome 4.3 mg/ml","vsac_rx_chemo","4"
"http://www.nlm.nih.gov/research/umls/rxnorm","1719772","10 ml irinotecan hydrochloride liposome 4.3 mg/ml injection","vsac_rx_chemo","4"
"http://www.nlm.nih.gov/research/umls/rxnorm","1719773","onivyde","vsac_rx_chemo","4"
"http://www.nlm.nih.gov/research/umls/rxnorm","1719774","irinotecan hydrochloride liposome 4.3 mg/ml [onivyde]","vsac_rx_chemo","4"
"http://www.nlm.nih.gov/research/umls/rxnorm","1719776","onivyde injectable product","vsac_rx_chemo","4"
"http://www.nlm.nih.gov/research/umls/rxnorm","1719777","10 ml irinotecan hydrochloride liposome 4.3 mg/ml injection [onivyde]","vsac_rx_chemo","4"
"http://www.nlm.nih.gov/research/umls/rxnorm","1720734","lomustine 5 mg","vsac_rx_chemo","4"
"http://www.nlm.nih.gov/research/umls/rxnorm","1720735","lomustine 5 mg oral capsule","vsac_rx_chemo","10"
"http://www.nlm.nih.gov/research/umls/rxnorm","1720736","lomustine 5 mg [gleostine]","vsac_rx_chemo","4"
"http://www.nlm.nih.gov/research/umls/rxnorm","1720737","gleostine 5 mg oral capsule","vsac_rx_chemo","8"
"http://www.nlm.nih.gov/research/umls/rxnorm","1720960","26.3 ml gemcitabine 38 mg/ml injection","vsac_rx_chemo","3"
"http://www.nlm.nih.gov/research/umls/rxnorm","1720975","52.6 ml gemcitabine 38 mg/ml injection","vsac_rx_chemo","3"
"http://www.nlm.nih.gov/research/umls/rxnorm","1720977","5.26 ml gemcitabine 38 mg/ml injection","vsac_rx_chemo","3"
"http://www.nlm.nih.gov/research/umls/rxnorm","1724135","nelarabine injection","vsac_rx_chemo","2"
"http://www.nlm.nih.gov/research/umls/rxnorm","1724137","nelarabine injection [arranon]","vsac_rx_chemo","2"
"http://www.nlm.nih.gov/research/umls/rxnorm","1724153","omacetaxine mepesuccinate 3.5 mg","vsac_rx_chemo","2"
"http://www.nlm.nih.gov/research/umls/rxnorm","1724154","omacetaxine mepesuccinate injection","vsac_rx_chemo","2"
"http://www.nlm.nih.gov/research/umls/rxnorm","1724156","omacetaxine mepesuccinate 3.5 mg [synribo]","vsac_rx_chemo","2"
"http://www.nlm.nih.gov/research/umls/rxnorm","1724157","omacetaxine mepesuccinate injection [synribo]","vsac_rx_chemo","2"
"http://www.nlm.nih.gov/research/umls/rxnorm","1724266","romidepsin 10 mg","vsac_rx_chemo","4"
"http://www.nlm.nih.gov/research/umls/rxnorm","1724267","romidepsin injection","vsac_rx_chemo","4"
"http://www.nlm.nih.gov/research/umls/rxnorm","1724269","romidepsin 10 mg [istodax]","vsac_rx_chemo","4"
"http://www.nlm.nih.gov/research/umls/rxnorm","1724270","romidepsin injection [istodax]","vsac_rx_chemo","4"
"http://www.nlm.nih.gov/research/umls/rxnorm","1724292","temozolomide injection","vsac_rx_chemo","4"
"http://www.nlm.nih.gov/research/umls/rxnorm","1724294","temozolomide injection [temodar]","vsac_rx_chemo","4"
"http://www.nlm.nih.gov/research/umls/rxnorm","1726096","bendamustine hydrochloride 25 mg/ml","vsac_rx_chemo","2"
"http://www.nlm.nih.gov/research/umls/rxnorm","1726097","bendamustine hcl 25 mg/ml injectable solution","vsac_rx_chemo","3"
"http://www.nlm.nih.gov/research/umls/rxnorm","1726098","bendeka","vsac_rx_chemo","2"
"http://www.nlm.nih.gov/research/umls/rxnorm","1726099","bendamustine hydrochloride 25 mg/ml [bendeka]","vsac_rx_chemo","2"
"http://www.nlm.nih.gov/research/umls/rxnorm","1726100","bendamustine injectable solution [bendeka]","vsac_rx_chemo","2"
"http://www.nlm.nih.gov/research/umls/rxnorm","1726101","bendeka injectable product","vsac_rx_chemo","2"
"http://www.nlm.nih.gov/research/umls/rxnorm","1726102","bendeka 25 mg/ml injectable solution","vsac_rx_chemo","4"
"http://www.nlm.nih.gov/research/umls/rxnorm","1726269","ixabepilone 45 mg","vsac_rx_chemo","2"
"http://www.nlm.nih.gov/research/umls/rxnorm","1726270","ixabepilone injection","vsac_rx_chemo","2"
"http://www.nlm.nih.gov/research/umls/rxnorm","1726271","ixabepilone 45 mg injection","vsac_rx_chemo","6"
"http://www.nlm.nih.gov/research/umls/rxnorm","1726272","ixabepilone 45 mg [ixempra]","vsac_rx_chemo","2"
"http://www.nlm.nih.gov/research/umls/rxnorm","1726273","ixabepilone injection [ixempra]","vsac_rx_chemo","2"
"http://www.nlm.nih.gov/research/umls/rxnorm","1726274","ixempra 45 mg injection","vsac_rx_chemo","4"
"http://www.nlm.nih.gov/research/umls/rxnorm","1726275","ixabepilone 15 mg","vsac_rx_chemo","2"
"http://www.nlm.nih.gov/research/umls/rxnorm","1726276","ixabepilone 15 mg injection","vsac_rx_chemo","6"
"http://www.nlm.nih.gov/research/umls/rxnorm","1726277","ixabepilone 15 mg [ixempra]","vsac_rx_chemo","2"
"http://www.nlm.nih.gov/research/umls/rxnorm","1726278","ixempra 15 mg injection","vsac_rx_chemo","4"
"http://www.nlm.nih.gov/research/umls/rxnorm","1726318","irinotecan injection","vsac_rx_chemo","4"
"http://www.nlm.nih.gov/research/umls/rxnorm","1726319","2 ml irinotecan hydrochloride 20 mg/ml injection","vsac_rx_chemo","5"
"http://www.nlm.nih.gov/research/umls/rxnorm","1726320","irinotecan injection [camptosar]","vsac_rx_chemo","4"
"http://www.nlm.nih.gov/research/umls/rxnorm","1726321","2 ml camptosar 20 mg/ml injection","vsac_rx_chemo","4"
"http://www.nlm.nih.gov/research/umls/rxnorm","1726324","5 ml irinotecan hydrochloride 20 mg/ml injection","vsac_rx_chemo","5"
"http://www.nlm.nih.gov/research/umls/rxnorm","1726325","5 ml camptosar 20 mg/ml injection","vsac_rx_chemo","4"
"http://www.nlm.nih.gov/research/umls/rxnorm","1726333","15 ml irinotecan hydrochloride 20 mg/ml injection","vsac_rx_chemo","5"
"http://www.nlm.nih.gov/research/umls/rxnorm","1726335","15 ml camptosar 20 mg/ml injection","vsac_rx_chemo","4"
"http://www.nlm.nih.gov/research/umls/rxnorm","1726492","25 ml irinotecan hydrochloride 20 mg/ml injection","vsac_rx_chemo","5"
"http://www.nlm.nih.gov/research/umls/rxnorm","1726496","azacitidine 100 mg","vsac_rx_chemo","4"
"http://www.nlm.nih.gov/research/umls/rxnorm","1726497","azacitidine injection","vsac_rx_chemo","4"
"http://www.nlm.nih.gov/research/umls/rxnorm","1726499","azacitidine 100 mg [vidaza]","vsac_rx_chemo","4"
"http://www.nlm.nih.gov/research/umls/rxnorm","1726500","azacitidine injection [vidaza]","vsac_rx_chemo","4"
"http://www.nlm.nih.gov/research/umls/rxnorm","1726671","bleomycin 15 unt","vsac_rx_chemo","2"
"http://www.nlm.nih.gov/research/umls/rxnorm","1726672","bleomycin injection","vsac_rx_chemo","2"
"http://www.nlm.nih.gov/research/umls/rxnorm","1726673","bleomycin 15 unt injection","vsac_rx_chemo","6"
"http://www.nlm.nih.gov/research/umls/rxnorm","1726675","bleomycin 30 unt","vsac_rx_chemo","2"
"http://www.nlm.nih.gov/research/umls/rxnorm","1726676","bleomycin 30 unt injection","vsac_rx_chemo","6"
"http://www.nlm.nih.gov/research/umls/rxnorm","1728058","pegaspargase injection","vsac_rx_chemo","2"
"http://www.nlm.nih.gov/research/umls/rxnorm","1728060","pegaspargase injection [oncaspar]","vsac_rx_chemo","2"
"http://www.nlm.nih.gov/research/umls/rxnorm","1728070","pemetrexed 500 mg","vsac_rx_chemo","4"
"http://www.nlm.nih.gov/research/umls/rxnorm","1728071","pemetrexed injection","vsac_rx_chemo","4"
"http://www.nlm.nih.gov/research/umls/rxnorm","1728072","pemetrexed 500 mg injection","vsac_rx_chemo","9"
"http://www.nlm.nih.gov/research/umls/rxnorm","1728073","pemetrexed 500 mg [alimta]","vsac_rx_chemo","4"
"http://www.nlm.nih.gov/research/umls/rxnorm","1728074","pemetrexed injection [alimta]","vsac_rx_chemo","4"
"http://www.nlm.nih.gov/research/umls/rxnorm","1728075","alimta 500 mg injection","vsac_rx_chemo","4"
"http://www.nlm.nih.gov/research/umls/rxnorm","1728076","pemetrexed 100 mg","vsac_rx_chemo","4"
"http://www.nlm.nih.gov/research/umls/rxnorm","1728077","pemetrexed 100 mg injection","vsac_rx_chemo","9"
"http://www.nlm.nih.gov/research/umls/rxnorm","1728078","pemetrexed 100 mg [alimta]","vsac_rx_chemo","4"
"http://www.nlm.nih.gov/research/umls/rxnorm","1728079","alimta 100 mg injection","vsac_rx_chemo","4"
"http://www.nlm.nih.gov/research/umls/rxnorm","1729193","floxuridine 500 mg","vsac_rx_chemo","2"
"http://www.nlm.nih.gov/research/umls/rxnorm","1729194","floxuridine injection","vsac_rx_chemo","2"
"http://www.nlm.nih.gov/research/umls/rxnorm","1729351","busulfan injection","vsac_rx_chemo","2"
"http://www.nlm.nih.gov/research/umls/rxnorm","1729353","busulfan injection [busulfex]","vsac_rx_chemo","2"
"http://www.nlm.nih.gov/research/umls/rxnorm","1729367","carmustine 100 mg","vsac_rx_chemo","3"
"http://www.nlm.nih.gov/research/umls/rxnorm","1729368","carmustine injection","vsac_rx_chemo","3"
"http://www.nlm.nih.gov/research/umls/rxnorm","1729370","carmustine 100 mg [bicnu]","vsac_rx_chemo","3"
"http://www.nlm.nih.gov/research/umls/rxnorm","1729371","carmustine injection [bicnu]","vsac_rx_chemo","3"
"http://www.nlm.nih.gov/research/umls/rxnorm","1729404","vinorelbine injection","vsac_rx_chemo","3"
"http://www.nlm.nih.gov/research/umls/rxnorm","1729407","vinorelbine injection [navelbine]","vsac_rx_chemo","3"
"http://www.nlm.nih.gov/research/umls/rxnorm","1729418","1 ml vinorelbine 10 mg/ml injection","vsac_rx_chemo","3"
"http://www.nlm.nih.gov/research/umls/rxnorm","1729419","1 ml vinorelbine 10 mg/ml injection [navelbine]","vsac_rx_chemo","3"
"http://www.nlm.nih.gov/research/umls/rxnorm","1729422","5 ml vinorelbine 10 mg/ml injection","vsac_rx_chemo","3"
"http://www.nlm.nih.gov/research/umls/rxnorm","1729423","5 ml vinorelbine 10 mg/ml injection [navelbine]","vsac_rx_chemo","3"
"http://www.nlm.nih.gov/research/umls/rxnorm","1731087","dactinomycin 0.5 mg","vsac_rx_chemo","4"
"http://www.nlm.nih.gov/research/umls/rxnorm","1731088","dactinomycin injection","vsac_rx_chemo","4"
"http://www.nlm.nih.gov/research/umls/rxnorm","1731090","dactinomycin 0.5 mg [cosmegen]","vsac_rx_chemo","4"
"http://www.nlm.nih.gov/research/umls/rxnorm","1731091","dactinomycin injection [cosmegen]","vsac_rx_chemo","4"
"http://www.nlm.nih.gov/research/umls/rxnorm","1731336","dacarbazine 200 mg","vsac_rx_chemo","2"
"http://www.nlm.nih.gov/research/umls/rxnorm","1731337","dacarbazine injection","vsac_rx_chemo","2"
"http://www.nlm.nih.gov/research/umls/rxnorm","1731338","dacarbazine 200 mg injection","vsac_rx_chemo","6"
"http://www.nlm.nih.gov/research/umls/rxnorm","1731339","dacarbazine 100 mg","vsac_rx_chemo","2"
"http://www.nlm.nih.gov/research/umls/rxnorm","1731340","dacarbazine 100 mg injection","vsac_rx_chemo","6"
"http://www.nlm.nih.gov/research/umls/rxnorm","1731354","cytarabine injection","vsac_rx_chemo","2"
"http://www.nlm.nih.gov/research/umls/rxnorm","1731355","5 ml ara-c 20 mg/ml injection","vsac_rx_chemo","3"
"http://www.nlm.nih.gov/research/umls/rxnorm","1732171","epirubicin injection","vsac_rx_chemo","4"
"http://www.nlm.nih.gov/research/umls/rxnorm","1732174","epirubicin injection [ellence]","vsac_rx_chemo","4"
"http://www.nlm.nih.gov/research/umls/rxnorm","1732182","25 ml epirubicin hydrochloride 2 mg/ml injection","vsac_rx_chemo","6"
"http://www.nlm.nih.gov/research/umls/rxnorm","1732183","25 ml epirubicin hydrochloride 2 mg/ml injection [ellence]","vsac_rx_chemo","4"
"http://www.nlm.nih.gov/research/umls/rxnorm","1732186","100 ml epirubicin hydrochloride 2 mg/ml injection","vsac_rx_chemo","6"
"http://www.nlm.nih.gov/research/umls/rxnorm","1732187","100 ml epirubicin hydrochloride 2 mg/ml injection [ellence]","vsac_rx_chemo","4"
"http://www.nlm.nih.gov/research/umls/rxnorm","1734339","etoposide injection","vsac_rx_chemo","4"
"http://www.nlm.nih.gov/research/umls/rxnorm","1734340","etoposide 100 mg injection","vsac_rx_chemo","10"
"http://www.nlm.nih.gov/research/umls/rxnorm","1734342","etoposide 100 mg [etopophos]","vsac_rx_chemo","4"
"http://www.nlm.nih.gov/research/umls/rxnorm","1734343","etoposide injection [etopophos]","vsac_rx_chemo","4"
"http://www.nlm.nih.gov/research/umls/rxnorm","1734344","etopophos injectable product","vsac_rx_chemo","4"
"http://www.nlm.nih.gov/research/umls/rxnorm","1734915","cyclophosphamide 500 mg","vsac_rx_chemo","4"
"http://www.nlm.nih.gov/research/umls/rxnorm","1734916","cyclophosphamide injection","vsac_rx_chemo","6"
"http://www.nlm.nih.gov/research/umls/rxnorm","1734917","cyclophosphamide 500 mg injection","vsac_rx_chemo","9"
"http://www.nlm.nih.gov/research/umls/rxnorm","1734918","cyclophosphamide 1000 mg","vsac_rx_chemo","4"
"http://www.nlm.nih.gov/research/umls/rxnorm","1734919","cyclophosphamide 1 gm injection","vsac_rx_chemo","9"
"http://www.nlm.nih.gov/research/umls/rxnorm","1734920","cyclophosphamide 2000 mg","vsac_rx_chemo","4"
"http://www.nlm.nih.gov/research/umls/rxnorm","1734921","cyclophosphamide 2 gm injection","vsac_rx_chemo","12"
"http://www.nlm.nih.gov/research/umls/rxnorm","1736560","eribulin injection","vsac_rx_chemo","4"
"http://www.nlm.nih.gov/research/umls/rxnorm","1736562","eribulin injection [halaven]","vsac_rx_chemo","4"
"http://www.nlm.nih.gov/research/umls/rxnorm","1736580","daunorubicin injection","vsac_rx_chemo","4"
"http://www.nlm.nih.gov/research/umls/rxnorm","1736775","oxaliplatin injection","vsac_rx_chemo","3"
"http://www.nlm.nih.gov/research/umls/rxnorm","1736776","10 ml oxaliplatin 5 mg/ml injection","vsac_rx_chemo","4"
"http://www.nlm.nih.gov/research/umls/rxnorm","1736781","20 ml oxaliplatin 5 mg/ml injection","vsac_rx_chemo","4"
"http://www.nlm.nih.gov/research/umls/rxnorm","1736783","oxaliplatin 50 mg","vsac_rx_chemo","2"
"http://www.nlm.nih.gov/research/umls/rxnorm","1736784","oxaliplatin 50 mg injection","vsac_rx_chemo","8"
"http://www.nlm.nih.gov/research/umls/rxnorm","1736785","oxaliplatin 100 mg","vsac_rx_chemo","2"
"http://www.nlm.nih.gov/research/umls/rxnorm","1736786","oxaliplatin 100 mg injection","vsac_rx_chemo","8"
"http://www.nlm.nih.gov/research/umls/rxnorm","1736852","cisplatin 50 mg","vsac_rx_chemo","8"
"http://www.nlm.nih.gov/research/umls/rxnorm","1736853","cisplatin injection","vsac_rx_chemo","10"
"http://www.nlm.nih.gov/research/umls/rxnorm","1736854","cisplatin 50 mg injection","vsac_rx_chemo","18"
"http://www.nlm.nih.gov/research/umls/rxnorm","1740862","fludarabine phosphate 50 mg","vsac_rx_chemo","2"
"http://www.nlm.nih.gov/research/umls/rxnorm","1740863","fludarabine injection","vsac_rx_chemo","2"
"http://www.nlm.nih.gov/research/umls/rxnorm","1740864","fludarabine phosphate 50 mg injection","vsac_rx_chemo","6"
"http://www.nlm.nih.gov/research/umls/rxnorm","1740865","2 ml fludarabine phosphate 25 mg/ml injection","vsac_rx_chemo","3"
"http://www.nlm.nih.gov/research/umls/rxnorm","1740892","mitomycin 5 mg","vsac_rx_chemo","4"
"http://www.nlm.nih.gov/research/umls/rxnorm","1740893","mitomycin injection","vsac_rx_chemo","4"
"http://www.nlm.nih.gov/research/umls/rxnorm","1740894","mitomycin 5 mg injection","vsac_rx_chemo","9"
"http://www.nlm.nih.gov/research/umls/rxnorm","1740897","mitomycin 40 mg","vsac_rx_chemo","4"
"http://www.nlm.nih.gov/research/umls/rxnorm","1740898","mitomycin 40 mg injection","vsac_rx_chemo","9"
"http://www.nlm.nih.gov/research/umls/rxnorm","1740899","mitomycin 20 mg","vsac_rx_chemo","4"
"http://www.nlm.nih.gov/research/umls/rxnorm","1740900","mitomycin 20 mg injection","vsac_rx_chemo","9"
"http://www.nlm.nih.gov/research/umls/rxnorm","1740948","melphalan 50 mg","vsac_rx_chemo","2"
"http://www.nlm.nih.gov/research/umls/rxnorm","1740949","melphalan injection","vsac_rx_chemo","2"
"http://www.nlm.nih.gov/research/umls/rxnorm","1740951","melphalan 50 mg [alkeran]","vsac_rx_chemo","2"
"http://www.nlm.nih.gov/research/umls/rxnorm","1740952","melphalan injection [alkeran]","vsac_rx_chemo","2"
"http://www.nlm.nih.gov/research/umls/rxnorm","1745086","evomela","vsac_rx_chemo","2"
"http://www.nlm.nih.gov/research/umls/rxnorm","1745087","melphalan 50 mg [evomela]","vsac_rx_chemo","2"
"http://www.nlm.nih.gov/research/umls/rxnorm","1745088","melphalan injection [evomela]","vsac_rx_chemo","2"
"http://www.nlm.nih.gov/research/umls/rxnorm","1745089","evomela injectable product","vsac_rx_chemo","2"
"http://www.nlm.nih.gov/research/umls/rxnorm","1745090","evomela 50 mg injection","vsac_rx_chemo","4"
"http://www.nlm.nih.gov/research/umls/rxnorm","1790093","doxorubicin hydrochloride 50 mg","vsac_rx_chemo","4"
"http://www.nlm.nih.gov/research/umls/rxnorm","1790094","doxorubicin injection","vsac_rx_chemo","4"
"http://www.nlm.nih.gov/research/umls/rxnorm","1790095","doxorubicin hydrochloride 50 mg injection","vsac_rx_chemo","6"
"http://www.nlm.nih.gov/research/umls/rxnorm","1790097","5 ml doxorubicin hydrochloride 2 mg/ml injection","vsac_rx_chemo","6"
"http://www.nlm.nih.gov/research/umls/rxnorm","1790099","10 ml doxorubicin hydrochloride 2 mg/ml injection","vsac_rx_chemo","6"
"http://www.nlm.nih.gov/research/umls/rxnorm","1790100","25 ml doxorubicin hydrochloride 2 mg/ml injection","vsac_rx_chemo","6"
"http://www.nlm.nih.gov/research/umls/rxnorm","1790102","doxorubicin hydrochloride 10 mg","vsac_rx_chemo","4"
"http://www.nlm.nih.gov/research/umls/rxnorm","1790103","doxorubicin hydrochloride 10 mg injection","vsac_rx_chemo","6"
"http://www.nlm.nih.gov/research/umls/rxnorm","1790115","10 ml doxorubicin hydrochloride liposome 2 mg/ml injection","vsac_rx_chemo","4"
"http://www.nlm.nih.gov/research/umls/rxnorm","1790127","25 ml doxorubicin hydrochloride liposome 2 mg/ml injection","vsac_rx_chemo","4"
"http://www.nlm.nih.gov/research/umls/rxnorm","1790128","25 ml doxorubicin hydrochloride liposome 2 mg/ml injection [doxil]","vsac_rx_chemo","4"
"http://www.nlm.nih.gov/research/umls/rxnorm","1790131","10 ml doxorubicin hydrochloride liposome 2 mg/ml injection [doxil]","vsac_rx_chemo","4"
"http://www.nlm.nih.gov/research/umls/rxnorm","1791492","idarubicin injection","vsac_rx_chemo","4"
"http://www.nlm.nih.gov/research/umls/rxnorm","1791493","20 ml idarubicin hydrochloride 1 mg/ml injection","vsac_rx_chemo","6"
"http://www.nlm.nih.gov/research/umls/rxnorm","1791494","idarubicin injection [idamycin]","vsac_rx_chemo","4"
"http://www.nlm.nih.gov/research/umls/rxnorm","1791495","20 ml idarubicin hydrochloride 1 mg/ml injection [idamycin]","vsac_rx_chemo","4"
"http://www.nlm.nih.gov/research/umls/rxnorm","1791498","10 ml idarubicin hydrochloride 1 mg/ml injection","vsac_rx_chemo","6"
"http://www.nlm.nih.gov/research/umls/rxnorm","1791499","10 ml idarubicin hydrochloride 1 mg/ml injection [idamycin]","vsac_rx_chemo","4"
"http://www.nlm.nih.gov/research/umls/rxnorm","1791500","5 ml idarubicin hydrochloride 1 mg/ml injection","vsac_rx_chemo","6"
"http://www.nlm.nih.gov/research/umls/rxnorm","1791501","5 ml idarubicin hydrochloride 1 mg/ml injection [idamycin]","vsac_rx_chemo","4"
"http://www.nlm.nih.gov/research/umls/rxnorm","1791586","ifosfamide 3000 mg","vsac_rx_chemo","3"
"http://www.nlm.nih.gov/research/umls/rxnorm","1791587","ifosfamide injection","vsac_rx_chemo","3"
"http://www.nlm.nih.gov/research/umls/rxnorm","1791588","ifosfamide 3 gm injection","vsac_rx_chemo","8"
"http://www.nlm.nih.gov/research/umls/rxnorm","1791589","ifosfamide 3000 mg [ifex]","vsac_rx_chemo","3"
"http://www.nlm.nih.gov/research/umls/rxnorm","1791590","ifosfamide injection [ifex]","vsac_rx_chemo","3"
"http://www.nlm.nih.gov/research/umls/rxnorm","1791591","ifex 3 gm injection","vsac_rx_chemo","6"
"http://www.nlm.nih.gov/research/umls/rxnorm","1791592","ifosfamide 1000 mg","vsac_rx_chemo","3"
"http://www.nlm.nih.gov/research/umls/rxnorm","1791593","ifosfamide 1 gm injection","vsac_rx_chemo","8"
"http://www.nlm.nih.gov/research/umls/rxnorm","1791594","ifosfamide 1000 mg [ifex]","vsac_rx_chemo","3"
"http://www.nlm.nih.gov/research/umls/rxnorm","1791595","ifex 1 gm injection","vsac_rx_chemo","6"
"http://www.nlm.nih.gov/research/umls/rxnorm","1791597","60 ml ifosfamide 50 mg/ml injection","vsac_rx_chemo","4"
"http://www.nlm.nih.gov/research/umls/rxnorm","1791599","20 ml ifosfamide 50 mg/ml injection","vsac_rx_chemo","4"
"http://www.nlm.nih.gov/research/umls/rxnorm","1791700","fluorouracil injection","vsac_rx_chemo","2"
"http://www.nlm.nih.gov/research/umls/rxnorm","1791701","10 ml 5-5-fluorouracil 50 mg/ml injection","vsac_rx_chemo","3"
"http://www.nlm.nih.gov/research/umls/rxnorm","1791736","20 ml 5-5-fluorouracil 50 mg/ml injection","vsac_rx_chemo","3"
"http://www.nlm.nih.gov/research/umls/rxnorm","1794543","pentostatin 10 mg","vsac_rx_chemo","2"
"http://www.nlm.nih.gov/research/umls/rxnorm","1794544","pentostatin injection","vsac_rx_chemo","2"
"http://www.nlm.nih.gov/research/umls/rxnorm","1794546","pentostatin 10 mg [nipent]","vsac_rx_chemo","2"
"http://www.nlm.nih.gov/research/umls/rxnorm","1794547","pentostatin injection [nipent]","vsac_rx_chemo","2"
"http://www.nlm.nih.gov/research/umls/rxnorm","1796418","pralatrexate injection","vsac_rx_chemo","4"
"http://www.nlm.nih.gov/research/umls/rxnorm","1796419","1 ml pralatrexate 20 mg/ml injection","vsac_rx_chemo","6"
"http://www.nlm.nih.gov/research/umls/rxnorm","1796420","pralatrexate injection [folotyn]","vsac_rx_chemo","4"
"http://www.nlm.nih.gov/research/umls/rxnorm","1796421","1 ml pralatrexate 20 mg/ml injection [folotyn]","vsac_rx_chemo","4"
"http://www.nlm.nih.gov/research/umls/rxnorm","1796424","2 ml pralatrexate 20 mg/ml injection","vsac_rx_chemo","6"
"http://www.nlm.nih.gov/research/umls/rxnorm","1796425","2 ml pralatrexate 20 mg/ml injection [folotyn]","vsac_rx_chemo","4"
"http://www.nlm.nih.gov/research/umls/rxnorm","1797528","40 ml oxaliplatin 5 mg/ml injection","vsac_rx_chemo","4"
"http://www.nlm.nih.gov/research/umls/rxnorm","1799302","doxorubicin hydrochloride 2 mg/ml [adriamycin]","vsac_rx_chemo","4"
"http://www.nlm.nih.gov/research/umls/rxnorm","1799303","doxorubicin injection [adriamycin]","vsac_rx_chemo","4"
"http://www.nlm.nih.gov/research/umls/rxnorm","1799304","adriamycin injectable product","vsac_rx_chemo","2"
"http://www.nlm.nih.gov/research/umls/rxnorm","1799305","5 ml doxorubicin hydrochloride 2 mg/ml injection [adriamycin]","vsac_rx_chemo","4"
"http://www.nlm.nih.gov/research/umls/rxnorm","1799307","25 ml doxorubicin hydrochloride 2 mg/ml injection [adriamycin]","vsac_rx_chemo","4"
"http://www.nlm.nih.gov/research/umls/rxnorm","1799308","10 ml doxorubicin hydrochloride 2 mg/ml injection [adriamycin]","vsac_rx_chemo","4"
"http://www.nlm.nih.gov/research/umls/rxnorm","1799309","doxorubicin injectable solution [adriamycin]","vsac_rx_chemo","4"
"http://www.nlm.nih.gov/research/umls/rxnorm","1799310","adriamycin 2 mg/ml injectable solution","vsac_rx_chemo","4"
"http://www.nlm.nih.gov/research/umls/rxnorm","1799414","topotecan 4 mg","vsac_rx_chemo","3"
"http://www.nlm.nih.gov/research/umls/rxnorm","1799415","topotecan injection","vsac_rx_chemo","3"
"http://www.nlm.nih.gov/research/umls/rxnorm","1799416","topotecan 4 mg injection","vsac_rx_chemo","8"
"http://www.nlm.nih.gov/research/umls/rxnorm","1799417","topotecan 4 mg [hycamtin]","vsac_rx_chemo","3"
"http://www.nlm.nih.gov/research/umls/rxnorm","1799418","topotecan injection [hycamtin]","vsac_rx_chemo","3"
"http://www.nlm.nih.gov/research/umls/rxnorm","1799424","4 ml topotecan 1 mg/ml injection","vsac_rx_chemo","4"
"http://www.nlm.nih.gov/research/umls/rxnorm","1804772","vinblastine sulfate 1 mg/ml","vsac_rx_chemo","4"
"http://www.nlm.nih.gov/research/umls/rxnorm","1804979","belinostat 500 mg","vsac_rx_chemo","2"
"http://www.nlm.nih.gov/research/umls/rxnorm","1804980","belinostat injection","vsac_rx_chemo","2"
"http://www.nlm.nih.gov/research/umls/rxnorm","1804982","belinostat 500 mg [beleodaq]","vsac_rx_chemo","2"
"http://www.nlm.nih.gov/research/umls/rxnorm","1804983","belinostat injection [beleodaq]","vsac_rx_chemo","2"
"http://www.nlm.nih.gov/research/umls/rxnorm","1804999","bendamustine hydrochloride 100 mg","vsac_rx_chemo","2"
"http://www.nlm.nih.gov/research/umls/rxnorm","1805000","bendamustine injection","vsac_rx_chemo","2"
"http://www.nlm.nih.gov/research/umls/rxnorm","1805001","bendamustine hcl 100 mg injection","vsac_rx_chemo","3"
"http://www.nlm.nih.gov/research/umls/rxnorm","1805002","bendamustine hydrochloride 100 mg [treanda]","vsac_rx_chemo","2"
"http://www.nlm.nih.gov/research/umls/rxnorm","1805003","bendamustine injection [treanda]","vsac_rx_chemo","2"
"http://www.nlm.nih.gov/research/umls/rxnorm","1805004","treanda 100 mg injection","vsac_rx_chemo","4"
"http://www.nlm.nih.gov/research/umls/rxnorm","1805006","bendamustine hydrochloride 25 mg","vsac_rx_chemo","2"
"http://www.nlm.nih.gov/research/umls/rxnorm","1805007","bendamustine hcl 25 mg injection","vsac_rx_chemo","3"
"http://www.nlm.nih.gov/research/umls/rxnorm","1805008","bendamustine hydrochloride 25 mg [treanda]","vsac_rx_chemo","2"
"http://www.nlm.nih.gov/research/umls/rxnorm","1805009","treanda 25 mg injection","vsac_rx_chemo","4"
"http://www.nlm.nih.gov/research/umls/rxnorm","1806666","clofarabine injection","vsac_rx_chemo","2"
"http://www.nlm.nih.gov/research/umls/rxnorm","1806668","clofarabine injection [clolar]","vsac_rx_chemo","2"
"http://www.nlm.nih.gov/research/umls/rxnorm","1806906","decitabine 50 mg","vsac_rx_chemo","2"
"http://www.nlm.nih.gov/research/umls/rxnorm","1806907","decitabine injection","vsac_rx_chemo","2"
"http://www.nlm.nih.gov/research/umls/rxnorm","1806909","decitabine 50 mg [dacogen]","vsac_rx_chemo","2"
"http://www.nlm.nih.gov/research/umls/rxnorm","1806910","decitabine injection [dacogen]","vsac_rx_chemo","2"
"http://www.nlm.nih.gov/research/umls/rxnorm","1809088","streptozocin 1000 mg","vsac_rx_chemo","2"
"http://www.nlm.nih.gov/research/umls/rxnorm","1809089","streptozocin injection","vsac_rx_chemo","2"
"http://www.nlm.nih.gov/research/umls/rxnorm","1809091","streptozocin 1000 mg [zanosar]","vsac_rx_chemo","2"
"http://www.nlm.nih.gov/research/umls/rxnorm","1809092","streptozocin injection [zanosar]","vsac_rx_chemo","2"
"http://www.nlm.nih.gov/research/umls/rxnorm","1812332","cabazitaxel injection","vsac_rx_chemo","2"
"http://www.nlm.nih.gov/research/umls/rxnorm","1812334","cabazitaxel injection [jevtana]","vsac_rx_chemo","2"
"http://www.nlm.nih.gov/research/umls/rxnorm","1812477","mitomycin 20 mg [mutamycin]","vsac_rx_chemo","4"
"http://www.nlm.nih.gov/research/umls/rxnorm","1812478","mitomycin injection [mutamycin]","vsac_rx_chemo","4"
"http://www.nlm.nih.gov/research/umls/rxnorm","1812479","mutamycin injectable product","vsac_rx_chemo","2"
"http://www.nlm.nih.gov/research/umls/rxnorm","1812480","mitomycin 20 mg injection [mutamycin]","vsac_rx_chemo","4"
"http://www.nlm.nih.gov/research/umls/rxnorm","1812481","mitomycin 40 mg [mutamycin]","vsac_rx_chemo","4"
"http://www.nlm.nih.gov/research/umls/rxnorm","1812482","mitomycin 40 mg injection [mutamycin]","vsac_rx_chemo","4"
"http://www.nlm.nih.gov/research/umls/rxnorm","1812483","mitomycin 5 mg [mutamycin]","vsac_rx_chemo","4"
"http://www.nlm.nih.gov/research/umls/rxnorm","1812484","mitomycin 5 mg injection [mutamycin]","vsac_rx_chemo","4"
"http://www.nlm.nih.gov/research/umls/rxnorm","1828","busulfan","vsac_rx_chemo","2"
"http://www.nlm.nih.gov/research/umls/rxnorm","1860479","docetaxel injection","vsac_rx_chemo","4"
"http://www.nlm.nih.gov/research/umls/rxnorm","1860480","1 ml docetaxel 20 mg/ml injection","vsac_rx_chemo","6"
"http://www.nlm.nih.gov/research/umls/rxnorm","1860485","4 ml docetaxel 20 mg/ml injection","vsac_rx_chemo","6"
"http://www.nlm.nih.gov/research/umls/rxnorm","1860619","2 ml docetaxel 10 mg/ml injection","vsac_rx_chemo","6"
"http://www.nlm.nih.gov/research/umls/rxnorm","1861411","8 ml docetaxel 20 mg/ml injection","vsac_rx_chemo","6"
"http://www.nlm.nih.gov/research/umls/rxnorm","1863308","teniposide injection","vsac_rx_chemo","3"
"http://www.nlm.nih.gov/research/umls/rxnorm","1863342","vincristine injection","vsac_rx_chemo","8"
"http://www.nlm.nih.gov/research/umls/rxnorm","1863343","1 ml vincristine sulfate 1 mg/ml injection","vsac_rx_chemo","10"
"http://www.nlm.nih.gov/research/umls/rxnorm","1863346","vincristine injection [vincasar]","vsac_rx_chemo","8"
"http://www.nlm.nih.gov/research/umls/rxnorm","1863347","1 ml vincristine sulfate 1 mg/ml injection [vincasar]","vsac_rx_chemo","8"
"http://www.nlm.nih.gov/research/umls/rxnorm","1863354","2 ml vincristine sulfate 1 mg/ml injection","vsac_rx_chemo","10"
"http://www.nlm.nih.gov/research/umls/rxnorm","1863355","2 ml vincristine sulfate 1 mg/ml injection [vincasar]","vsac_rx_chemo","8"
"http://www.nlm.nih.gov/research/umls/rxnorm","1872061","doxorubicin hydrochloride 20 mg","vsac_rx_chemo","4"
"http://www.nlm.nih.gov/research/umls/rxnorm","1872062","doxorubicin hydrochloride 20 mg injection","vsac_rx_chemo","6"
"http://www.nlm.nih.gov/research/umls/rxnorm","1919206","thiotepa 100 mg [tepadina]","vsac_rx_chemo","2"
"http://www.nlm.nih.gov/research/umls/rxnorm","1919207","thiotepa injection [tepadina]","vsac_rx_chemo","2"
"http://www.nlm.nih.gov/research/umls/rxnorm","1919208","tepadina injectable product","vsac_rx_chemo","2"
"http://www.nlm.nih.gov/research/umls/rxnorm","1919209","tepadina 100 mg injection","vsac_rx_chemo","4"
"http://www.nlm.nih.gov/research/umls/rxnorm","1919210","thiotepa 15 mg [tepadina]","vsac_rx_chemo","2"
"http://www.nlm.nih.gov/research/umls/rxnorm","1919211","tepadina 15 mg injection","vsac_rx_chemo","4"
"http://www.nlm.nih.gov/research/umls/rxnorm","1921590","methotrexate oral liquid product","vsac_rx_chemo","3"
"http://www.nlm.nih.gov/research/umls/rxnorm","1921591","methotrexate oral solution","vsac_rx_chemo","3"
"http://www.nlm.nih.gov/research/umls/rxnorm","1921592","methotrexate 2.5 mg/ml oral solution","vsac_rx_chemo","8"
"http://www.nlm.nih.gov/research/umls/rxnorm","1921593","xatmep","vsac_rx_chemo","3"
"http://www.nlm.nih.gov/research/umls/rxnorm","1921594","methotrexate 2.5 mg/ml [xatmep]","vsac_rx_chemo","3"
"http://www.nlm.nih.gov/research/umls/rxnorm","1921595","methotrexate oral solution [xatmep]","vsac_rx_chemo","3"
"http://www.nlm.nih.gov/research/umls/rxnorm","1921596","xatmep oral liquid product","vsac_rx_chemo","3"
"http://www.nlm.nih.gov/research/umls/rxnorm","1921597","xatmep oral product","vsac_rx_chemo","3"
"http://www.nlm.nih.gov/research/umls/rxnorm","1921598","xatmep 2.5 mg/ml oral solution","vsac_rx_chemo","6"
"http://www.nlm.nih.gov/research/umls/rxnorm","194000","capecitabine","vsac_rx_chemo","2"
"http://www.nlm.nih.gov/research/umls/rxnorm","1942738","cytarabine liposome 100 mg","vsac_rx_chemo","2"
"http://www.nlm.nih.gov/research/umls/rxnorm","1942739","daunorubicin liposomal 44 mg","vsac_rx_chemo","4"
"http://www.nlm.nih.gov/research/umls/rxnorm","1942743","cytarabine 100 mg / daunorubicin 44 mg liposome injection","vsac_rx_chemo","9"
"http://www.nlm.nih.gov/research/umls/rxnorm","1942744","vyxeos","vsac_rx_chemo","2"
"http://www.nlm.nih.gov/research/umls/rxnorm","1942745","cytarabine liposome 100 mg / daunorubicin liposomal 44 mg [vyxeos]","vsac_rx_chemo","4"
"http://www.nlm.nih.gov/research/umls/rxnorm","1942747","vyxeos injectable product","vsac_rx_chemo","2"
"http://www.nlm.nih.gov/research/umls/rxnorm","1942748","ara-c liposome 100 mg / daunorubicin liposomal 44 mg injection [vyxeos]","vsac_rx_chemo","4"
"http://www.nlm.nih.gov/research/umls/rxnorm","194337","vorinostat","vsac_rx_chemo","2"
"http://www.nlm.nih.gov/research/umls/rxnorm","196239","raltitrexed","vsac_rx_chemo","2"
"http://www.nlm.nih.gov/research/umls/rxnorm","197323","altretamine 50 mg oral capsule","vsac_rx_chemo","6"
"http://www.nlm.nih.gov/research/umls/rxnorm","197422","busulfan 2 mg oral tablet","vsac_rx_chemo","6"
"http://www.nlm.nih.gov/research/umls/rxnorm","197462","chlorambucil 2 mg oral tablet","vsac_rx_chemo","6"
"http://www.nlm.nih.gov/research/umls/rxnorm","197549","cyclophosphamide 25 mg oral tablet","vsac_rx_chemo","9"
"http://www.nlm.nih.gov/research/umls/rxnorm","197550","cyclophosphamide 50 mg oral tablet","vsac_rx_chemo","9"
"http://www.nlm.nih.gov/research/umls/rxnorm","197687","etoposide 50 mg oral capsule","vsac_rx_chemo","10"
"http://www.nlm.nih.gov/research/umls/rxnorm","197797","hydroxyurea 500 mg oral capsule","vsac_rx_chemo","6"
"http://www.nlm.nih.gov/research/umls/rxnorm","197894","lomustine 10 mg oral capsule","vsac_rx_chemo","10"
"http://www.nlm.nih.gov/research/umls/rxnorm","197895","lomustine 100 mg oral capsule","vsac_rx_chemo","10"
"http://www.nlm.nih.gov/research/umls/rxnorm","197896","lomustine 40 mg oral capsule","vsac_rx_chemo","10"
"http://www.nlm.nih.gov/research/umls/rxnorm","197919","melphalan 2 mg oral tablet","vsac_rx_chemo","6"
"http://www.nlm.nih.gov/research/umls/rxnorm","197931","mercaptopurine 50 mg oral tablet","vsac_rx_chemo","8"
"http://www.nlm.nih.gov/research/umls/rxnorm","197988","mitotane 500 mg oral tablet","vsac_rx_chemo","6"
"http://www.nlm.nih.gov/research/umls/rxnorm","197989","mitoxantrone 2 mg/ml injectable solution","vsac_rx_chemo","9"
"http://www.nlm.nih.gov/research/umls/rxnorm","198269","thioguanine 40 mg oral tablet","vsac_rx_chemo","10"
"http://www.nlm.nih.gov/research/umls/rxnorm","199315","etoposide 100 mg oral capsule","vsac_rx_chemo","10"
"http://www.nlm.nih.gov/research/umls/rxnorm","199316","5-5-fluorouracil 25 mg/ml injectable solution","vsac_rx_chemo","2"
"http://www.nlm.nih.gov/research/umls/rxnorm","1998781","gemcitabine 100 mg/ml","vsac_rx_chemo","2"
"http://www.nlm.nih.gov/research/umls/rxnorm","1998782","gemcitabine injectable solution","vsac_rx_chemo","2"
"http://www.nlm.nih.gov/research/umls/rxnorm","1998783","gemcitabine 100 mg/ml injectable solution","vsac_rx_chemo","6"
"http://www.nlm.nih.gov/research/umls/rxnorm","1999307","hydroxyurea 100 mg","vsac_rx_chemo","2"
"http://www.nlm.nih.gov/research/umls/rxnorm","1999308","hydroxyurea 100 mg oral tablet","vsac_rx_chemo","6"
"http://www.nlm.nih.gov/research/umls/rxnorm","1999309","siklos","vsac_rx_chemo","2"
"http://www.nlm.nih.gov/research/umls/rxnorm","1999310","hydroxyurea 100 mg [siklos]","vsac_rx_chemo","2"
"http://www.nlm.nih.gov/research/umls/rxnorm","1999311","hydroxyurea oral tablet [siklos]","vsac_rx_chemo","2"
"http://www.nlm.nih.gov/research/umls/rxnorm","1999312","siklos oral product","vsac_rx_chemo","2"
"http://www.nlm.nih.gov/research/umls/rxnorm","1999313","siklos pill","vsac_rx_chemo","2"
"http://www.nlm.nih.gov/research/umls/rxnorm","1999314","siklos 100 mg oral tablet","vsac_rx_chemo","4"
"http://www.nlm.nih.gov/research/umls/rxnorm","1999315","hydroxyurea 1000 mg [siklos]","vsac_rx_chemo","2"
"http://www.nlm.nih.gov/research/umls/rxnorm","1999316","siklos 1000 mg oral tablet","vsac_rx_chemo","4"
"http://www.nlm.nih.gov/research/umls/rxnorm","2001099","doxorubicin hydrochloride 50 mg [adriamycin]","vsac_rx_chemo","4"
"http://www.nlm.nih.gov/research/umls/rxnorm","2001100","adriamycin 50 mg injection","vsac_rx_chemo","4"
"http://www.nlm.nih.gov/research/umls/rxnorm","2001101","doxorubicin hydrochloride 10 mg [adriamycin]","vsac_rx_chemo","4"
"http://www.nlm.nih.gov/research/umls/rxnorm","2001102","adriamycin 10 mg injection","vsac_rx_chemo","4"
"http://www.nlm.nih.gov/research/umls/rxnorm","2002002","10 ml daunorubicin 5 mg/ml injection","vsac_rx_chemo","6"
"http://www.nlm.nih.gov/research/umls/rxnorm","200327","capecitabine 150 mg oral tablet","vsac_rx_chemo","6"
"http://www.nlm.nih.gov/research/umls/rxnorm","200328","capecitabine 500 mg oral tablet","vsac_rx_chemo","6"
"http://www.nlm.nih.gov/research/umls/rxnorm","200342","hydroxyurea 200 mg oral capsule","vsac_rx_chemo","6"
"http://www.nlm.nih.gov/research/umls/rxnorm","200343","hydroxyurea 300 mg oral capsule","vsac_rx_chemo","6"
"http://www.nlm.nih.gov/research/umls/rxnorm","200344","hydroxyurea 400 mg oral capsule","vsac_rx_chemo","6"
"http://www.nlm.nih.gov/research/umls/rxnorm","2017575","cytarabine / daunorubicin","vsac_rx_chemo","4"
"http://www.nlm.nih.gov/research/umls/rxnorm","202632","adrucil","vsac_rx_chemo","2"
"http://www.nlm.nih.gov/research/umls/rxnorm","202994","leukeran","vsac_rx_chemo","2"
"http://www.nlm.nih.gov/research/umls/rxnorm","203010","myleran","vsac_rx_chemo","2"
"http://www.nlm.nih.gov/research/umls/rxnorm","203129","mitoxantrone hydrochloride","vsac_rx_chemo","4"
"http://www.nlm.nih.gov/research/umls/rxnorm","203213","epirubicin hydrochloride","vsac_rx_chemo","4"
"http://www.nlm.nih.gov/research/umls/rxnorm","203472","hycamtin","vsac_rx_chemo","3"
"http://www.nlm.nih.gov/research/umls/rxnorm","203599","cosmegen","vsac_rx_chemo","2"
"http://www.nlm.nih.gov/research/umls/rxnorm","203652","camptosar","vsac_rx_chemo","4"
"http://www.nlm.nih.gov/research/umls/rxnorm","203766","ellence","vsac_rx_chemo","2"
"http://www.nlm.nih.gov/research/umls/rxnorm","203801","matulane","vsac_rx_chemo","3"
"http://www.nlm.nih.gov/research/umls/rxnorm","204257","lysodren","vsac_rx_chemo","2"
"http://www.nlm.nih.gov/research/umls/rxnorm","204298","mutamycin","vsac_rx_chemo","2"
"http://www.nlm.nih.gov/research/umls/rxnorm","205562","emcyt 140 mg oral capsule","vsac_rx_chemo","4"
"http://www.nlm.nih.gov/research/umls/rxnorm","2056898","pemetrexed disodium hemipentahydrate","vsac_rx_chemo","4"
"http://www.nlm.nih.gov/research/umls/rxnorm","2058857","gemcitabine 10 mg/ml","vsac_rx_chemo","2"
"http://www.nlm.nih.gov/research/umls/rxnorm","2058858","120 ml gemcitabine 10 mg/ml injection","vsac_rx_chemo","2"
"http://www.nlm.nih.gov/research/umls/rxnorm","2058859","infugem","vsac_rx_chemo","2"
"http://www.nlm.nih.gov/research/umls/rxnorm","2058860","gemcitabine 10 mg/ml [infugem]","vsac_rx_chemo","2"
"http://www.nlm.nih.gov/research/umls/rxnorm","2058861","gemcitabine injection [infugem]","vsac_rx_chemo","2"
"http://www.nlm.nih.gov/research/umls/rxnorm","2058862","infugem injectable product","vsac_rx_chemo","2"
"http://www.nlm.nih.gov/research/umls/rxnorm","2058863","120 ml gemcitabine 10 mg/ml injection [infugem]","vsac_rx_chemo","2"
"http://www.nlm.nih.gov/research/umls/rxnorm","2058866","140 ml gemcitabine 10 mg/ml injection","vsac_rx_chemo","2"
"http://www.nlm.nih.gov/research/umls/rxnorm","2058867","140 ml gemcitabine 10 mg/ml injection [infugem]","vsac_rx_chemo","2"
"http://www.nlm.nih.gov/research/umls/rxnorm","2058880","150 ml gemcitabine 10 mg/ml injection","vsac_rx_chemo","2"
"http://www.nlm.nih.gov/research/umls/rxnorm","2058881","150 ml gemcitabine 10 mg/ml injection [infugem]","vsac_rx_chemo","2"
"http://www.nlm.nih.gov/research/umls/rxnorm","2058882","160 ml gemcitabine 10 mg/ml injection","vsac_rx_chemo","2"
"http://www.nlm.nih.gov/research/umls/rxnorm","2058883","160 ml gemcitabine 10 mg/ml injection [infugem]","vsac_rx_chemo","2"
"http://www.nlm.nih.gov/research/umls/rxnorm","2058890","170 ml gemcitabine 10 mg/ml injection","vsac_rx_chemo","2"
"http://www.nlm.nih.gov/research/umls/rxnorm","2058891","170 ml gemcitabine 10 mg/ml injection [infugem]","vsac_rx_chemo","2"
"http://www.nlm.nih.gov/research/umls/rxnorm","2058892","180 ml gemcitabine 10 mg/ml injection","vsac_rx_chemo","2"
"http://www.nlm.nih.gov/research/umls/rxnorm","2058893","180 ml gemcitabine 10 mg/ml injection [infugem]","vsac_rx_chemo","2"
"http://www.nlm.nih.gov/research/umls/rxnorm","2058894","190 ml gemcitabine 10 mg/ml injection","vsac_rx_chemo","2"
"http://www.nlm.nih.gov/research/umls/rxnorm","2058895","190 ml gemcitabine 10 mg/ml injection [infugem]","vsac_rx_chemo","2"
"http://www.nlm.nih.gov/research/umls/rxnorm","2058912","130 ml gemcitabine 10 mg/ml injection","vsac_rx_chemo","2"
"http://www.nlm.nih.gov/research/umls/rxnorm","2058918","130 ml gemcitabine 10 mg/ml injection [infugem]","vsac_rx_chemo","2"
"http://www.nlm.nih.gov/research/umls/rxnorm","2058927","200 ml gemcitabine 10 mg/ml injection","vsac_rx_chemo","2"
"http://www.nlm.nih.gov/research/umls/rxnorm","2058928","200 ml gemcitabine 10 mg/ml injection [infugem]","vsac_rx_chemo","2"
"http://www.nlm.nih.gov/research/umls/rxnorm","2058933","220 ml gemcitabine 10 mg/ml injection","vsac_rx_chemo","2"
"http://www.nlm.nih.gov/research/umls/rxnorm","2058934","220 ml gemcitabine 10 mg/ml injection [infugem]","vsac_rx_chemo","2"
"http://www.nlm.nih.gov/research/umls/rxnorm","206831","toposar 20 mg/ml injectable solution","vsac_rx_chemo","8"
"http://www.nlm.nih.gov/research/umls/rxnorm","207373","lysodren 500 mg oral tablet","vsac_rx_chemo","4"
"http://www.nlm.nih.gov/research/umls/rxnorm","207588","matulane 50 mg oral capsule","vsac_rx_chemo","6"
"http://www.nlm.nih.gov/research/umls/rxnorm","207948","zanosar 1 gm injection","vsac_rx_chemo","4"
"http://www.nlm.nih.gov/research/umls/rxnorm","2105","carmustine","vsac_rx_chemo","3"
"http://www.nlm.nih.gov/research/umls/rxnorm","2105851","daurismo","vsac_rx_chemo","2"
"http://www.nlm.nih.gov/research/umls/rxnorm","2121416","calaspargase pegol","vsac_rx_chemo","2"
"http://www.nlm.nih.gov/research/umls/rxnorm","2121417","calaspargase pegol-mknl","vsac_rx_chemo","2"
"http://www.nlm.nih.gov/research/umls/rxnorm","2121418","calaspargase pegol-mknl 750 unt/ml","vsac_rx_chemo","2"
"http://www.nlm.nih.gov/research/umls/rxnorm","2121419","calaspargase pegol injectable product","vsac_rx_chemo","2"
"http://www.nlm.nih.gov/research/umls/rxnorm","2121420","calaspargase pegol injection","vsac_rx_chemo","2"
"http://www.nlm.nih.gov/research/umls/rxnorm","2121421","5 ml calaspargase pegol-mknl 750 unt/ml injection","vsac_rx_chemo","2"
"http://www.nlm.nih.gov/research/umls/rxnorm","2121422","asparlas","vsac_rx_chemo","2"
"http://www.nlm.nih.gov/research/umls/rxnorm","2121423","calaspargase pegol-mknl 750 unt/ml [asparlas]","vsac_rx_chemo","2"
"http://www.nlm.nih.gov/research/umls/rxnorm","2121424","calaspargase pegol injection [asparlas]","vsac_rx_chemo","2"
"http://www.nlm.nih.gov/research/umls/rxnorm","2121425","asparlas injectable product","vsac_rx_chemo","2"
"http://www.nlm.nih.gov/research/umls/rxnorm","2121426","5 ml calaspargase pegol-mknl 750 unt/ml injection [asparlas]","vsac_rx_chemo","2"
"http://www.nlm.nih.gov/research/umls/rxnorm","212994","gliadel wafer 7.7 mg intracavitary drug implant","vsac_rx_chemo","6"
"http://www.nlm.nih.gov/research/umls/rxnorm","213040","5 ml pegaspargase 750 unt/ml injection [oncaspar]","vsac_rx_chemo","2"
"http://www.nlm.nih.gov/research/umls/rxnorm","213282","droxia 200 mg oral capsule","vsac_rx_chemo","4"
"http://www.nlm.nih.gov/research/umls/rxnorm","213283","droxia 300 mg oral capsule","vsac_rx_chemo","4"
"http://www.nlm.nih.gov/research/umls/rxnorm","213284","droxia 400 mg oral capsule","vsac_rx_chemo","4"
"http://www.nlm.nih.gov/research/umls/rxnorm","213292","xeloda 150 mg oral tablet","vsac_rx_chemo","4"
"http://www.nlm.nih.gov/research/umls/rxnorm","213293","xeloda 500 mg oral tablet","vsac_rx_chemo","4"
"http://www.nlm.nih.gov/research/umls/rxnorm","213841","adrucil 50 mg/ml injectable solution","vsac_rx_chemo","4"
"http://www.nlm.nih.gov/research/umls/rxnorm","214468","daunorubicin liposomal","vsac_rx_chemo","4"
"http://www.nlm.nih.gov/research/umls/rxnorm","214525","doxorubicin liposome","vsac_rx_chemo","4"
"http://www.nlm.nih.gov/research/umls/rxnorm","216755","droxia","vsac_rx_chemo","2"
"http://www.nlm.nih.gov/research/umls/rxnorm","217357","gliadel","vsac_rx_chemo","3"
"http://www.nlm.nih.gov/research/umls/rxnorm","217701","ifex","vsac_rx_chemo","3"
"http://www.nlm.nih.gov/research/umls/rxnorm","2178262","belrapzo","vsac_rx_chemo","2"
"http://www.nlm.nih.gov/research/umls/rxnorm","2178263","bendamustine hydrochloride 25 mg/ml [belrapzo]","vsac_rx_chemo","2"
"http://www.nlm.nih.gov/research/umls/rxnorm","2178264","bendamustine injectable solution [belrapzo]","vsac_rx_chemo","2"
"http://www.nlm.nih.gov/research/umls/rxnorm","2178265","belrapzo injectable product","vsac_rx_chemo","2"
"http://www.nlm.nih.gov/research/umls/rxnorm","2178266","belrapzo 25 mg/ml injectable solution","vsac_rx_chemo","4"
"http://www.nlm.nih.gov/research/umls/rxnorm","2181523","asparaginase erwinia chrysanthemi 10000 unt","vsac_rx_chemo","2"
"http://www.nlm.nih.gov/research/umls/rxnorm","2181524","asparaginase injection","vsac_rx_chemo","2"
"http://www.nlm.nih.gov/research/umls/rxnorm","2181526","asparaginase erwinia chrysanthemi 10000 unt [erwinaze]","vsac_rx_chemo","2"
"http://www.nlm.nih.gov/research/umls/rxnorm","2181527","asparaginase injection [erwinaze]","vsac_rx_chemo","2"
"http://www.nlm.nih.gov/research/umls/rxnorm","220347","toposar","vsac_rx_chemo","4"
"http://www.nlm.nih.gov/research/umls/rxnorm","220725","valstar","vsac_rx_chemo","2"
"http://www.nlm.nih.gov/research/umls/rxnorm","220961","xeloda","vsac_rx_chemo","2"
"http://www.nlm.nih.gov/research/umls/rxnorm","220991","zanosar","vsac_rx_chemo","2"
"http://www.nlm.nih.gov/research/umls/rxnorm","221085","cyclophosphamide lyophilized","vsac_rx_chemo","4"
"http://www.nlm.nih.gov/research/umls/rxnorm","221087","daunorubicin citrate liposome","vsac_rx_chemo","4"
"http://www.nlm.nih.gov/research/umls/rxnorm","224911","oncaspar","vsac_rx_chemo","2"
"http://www.nlm.nih.gov/research/umls/rxnorm","224952","idamycin","vsac_rx_chemo","2"
"http://www.nlm.nih.gov/research/umls/rxnorm","226719","etopophos 100 mg injection","vsac_rx_chemo","8"
"http://www.nlm.nih.gov/research/umls/rxnorm","227575","vincasar","vsac_rx_chemo","4"
"http://www.nlm.nih.gov/research/umls/rxnorm","2284502","irinotecan injection [onivyde]","vsac_rx_chemo","4"
"http://www.nlm.nih.gov/research/umls/rxnorm","2284505","vincristine injection [marqibo]","vsac_rx_chemo","8"
"http://www.nlm.nih.gov/research/umls/rxnorm","2284506","doxorubicin injection [doxil]","vsac_rx_chemo","4"
"http://www.nlm.nih.gov/research/umls/rxnorm","2285806","cytarabine / daunorubicin injection [vyxeos]","vsac_rx_chemo","4"
"http://www.nlm.nih.gov/research/umls/rxnorm","2285807","cytarabine / daunorubicin injection","vsac_rx_chemo","4"
"http://www.nlm.nih.gov/research/umls/rxnorm","2285813","cytarabine / daunorubicin injectable product","vsac_rx_chemo","4"
"http://www.nlm.nih.gov/research/umls/rxnorm","2289410","romidepsin 5 mg/ml","vsac_rx_chemo","4"
"http://www.nlm.nih.gov/research/umls/rxnorm","2289413","5.5 ml romidepsin 5 mg/ml injection","vsac_rx_chemo","4"
"http://www.nlm.nih.gov/research/umls/rxnorm","2346","chlorambucil","vsac_rx_chemo","2"
"http://www.nlm.nih.gov/research/umls/rxnorm","235857","melphalan hydrochloride","vsac_rx_chemo","2"
"http://www.nlm.nih.gov/research/umls/rxnorm","236234","gemcitabine hydrochloride","vsac_rx_chemo","2"
"http://www.nlm.nih.gov/research/umls/rxnorm","2374729","lurbinectedin","vsac_rx_chemo","2"
"http://www.nlm.nih.gov/research/umls/rxnorm","2374730","lurbinectedin 4 mg","vsac_rx_chemo","2"
"http://www.nlm.nih.gov/research/umls/rxnorm","2374731","lurbinectedin injectable product","vsac_rx_chemo","2"
"http://www.nlm.nih.gov/research/umls/rxnorm","2374732","lurbinectedin injection","vsac_rx_chemo","2"
"http://www.nlm.nih.gov/research/umls/rxnorm","2374733","lurbinectedin 4 mg injection","vsac_rx_chemo","4"
"http://www.nlm.nih.gov/research/umls/rxnorm","2374734","zepzelca","vsac_rx_chemo","2"
"http://www.nlm.nih.gov/research/umls/rxnorm","2374735","lurbinectedin 4 mg [zepzelca]","vsac_rx_chemo","2"
"http://www.nlm.nih.gov/research/umls/rxnorm","2374736","lurbinectedin injection [zepzelca]","vsac_rx_chemo","2"
"http://www.nlm.nih.gov/research/umls/rxnorm","2374737","zepzelca injectable product","vsac_rx_chemo","2"
"http://www.nlm.nih.gov/research/umls/rxnorm","2374738","zepzelca 4 mg injection","vsac_rx_chemo","4"
"http://www.nlm.nih.gov/research/umls/rxnorm","2375816","mitomycin pyelocalyceal product","vsac_rx_chemo","4"
"http://www.nlm.nih.gov/research/umls/rxnorm","2375817","mitomycin powder for pyelocalyceal solution","vsac_rx_chemo","4"
"http://www.nlm.nih.gov/research/umls/rxnorm","2375818","mitomycin 40 mg powder for pyelocalyceal solution","vsac_rx_chemo","6"
"http://www.nlm.nih.gov/research/umls/rxnorm","2375819","jelmyto","vsac_rx_chemo","2"
"http://www.nlm.nih.gov/research/umls/rxnorm","2375820","mitomycin 40 mg [jelmyto]","vsac_rx_chemo","4"
"http://www.nlm.nih.gov/research/umls/rxnorm","2375821","mitomycin powder for pyelocalyceal solution [jelmyto]","vsac_rx_chemo","4"
"http://www.nlm.nih.gov/research/umls/rxnorm","2375822","jelmyto pyelocalyceal product","vsac_rx_chemo","2"
"http://www.nlm.nih.gov/research/umls/rxnorm","2375823","jelmyto 40 mg powder for pyelocalyceal solution","vsac_rx_chemo","4"
"http://www.nlm.nih.gov/research/umls/rxnorm","2384449","cedazuridine","vsac_rx_chemo","2"
"http://www.nlm.nih.gov/research/umls/rxnorm","2384451","cedazuridine 100 mg","vsac_rx_chemo","2"
"http://www.nlm.nih.gov/research/umls/rxnorm","2384452","decitabine 35 mg","vsac_rx_chemo","2"
"http://www.nlm.nih.gov/research/umls/rxnorm","2384453","cedazuridine / decitabine oral product","vsac_rx_chemo","2"
"http://www.nlm.nih.gov/research/umls/rxnorm","2384454","cedazuridine / decitabine pill","vsac_rx_chemo","2"
"http://www.nlm.nih.gov/research/umls/rxnorm","2384455","cedazuridine / decitabine oral tablet","vsac_rx_chemo","2"
"http://www.nlm.nih.gov/research/umls/rxnorm","2384456","cedazuridine / decitabine","vsac_rx_chemo","2"
"http://www.nlm.nih.gov/research/umls/rxnorm","2384457","cedazuridine 100 mg / decitabine 35 mg oral tablet","vsac_rx_chemo","4"
"http://www.nlm.nih.gov/research/umls/rxnorm","2384458","cedazuridine 100 mg / decitabine 35 mg (5) oral tablet pack","vsac_rx_chemo","4"
"http://www.nlm.nih.gov/research/umls/rxnorm","2384459","inqovi","vsac_rx_chemo","2"
"http://www.nlm.nih.gov/research/umls/rxnorm","2384460","cedazuridine 100 mg / decitabine 35 mg [inqovi]","vsac_rx_chemo","2"
"http://www.nlm.nih.gov/research/umls/rxnorm","2384461","cedazuridine / decitabine oral tablet [inqovi]","vsac_rx_chemo","2"
"http://www.nlm.nih.gov/research/umls/rxnorm","2384462","inqovi oral product","vsac_rx_chemo","2"
"http://www.nlm.nih.gov/research/umls/rxnorm","2384463","inqovi pill","vsac_rx_chemo","2"
"http://www.nlm.nih.gov/research/umls/rxnorm","2384464","inqovi 35 mg / 100 mg oral tablet","vsac_rx_chemo","4"
"http://www.nlm.nih.gov/research/umls/rxnorm","2384465","inqovi 5 tablet pack","vsac_rx_chemo","4"
"http://www.nlm.nih.gov/research/umls/rxnorm","2386858","cyclophosphamide 200 mg/ml","vsac_rx_chemo","4"
"http://www.nlm.nih.gov/research/umls/rxnorm","2386859","cyclophosphamide 200 mg/ml injectable solution","vsac_rx_chemo","9"
"http://www.nlm.nih.gov/research/umls/rxnorm","239","aclarubicin","vsac_rx_chemo","2"
"http://www.nlm.nih.gov/research/umls/rxnorm","239177","fluorouracil 50 mg/ml injectable solution","vsac_rx_chemo","6"
"http://www.nlm.nih.gov/research/umls/rxnorm","239178","vinblastine sulfate 1 mg/ml injectable solution","vsac_rx_chemo","12"
"http://www.nlm.nih.gov/research/umls/rxnorm","239179","dactinomycin 500 mcg injection","vsac_rx_chemo","9"
"http://www.nlm.nih.gov/research/umls/rxnorm","239180","streptozocin 1 gm injection","vsac_rx_chemo","6"
"http://www.nlm.nih.gov/research/umls/rxnorm","2396760","azacitidine 200 mg","vsac_rx_chemo","4"
"http://www.nlm.nih.gov/research/umls/rxnorm","2396761","azacitidine oral product","vsac_rx_chemo","4"
"http://www.nlm.nih.gov/research/umls/rxnorm","2396762","azacitidine pill","vsac_rx_chemo","4"
"http://www.nlm.nih.gov/research/umls/rxnorm","2396763","azacitidine oral tablet","vsac_rx_chemo","4"
"http://www.nlm.nih.gov/research/umls/rxnorm","2396764","azacitidine 200 mg oral tablet","vsac_rx_chemo","6"
"http://www.nlm.nih.gov/research/umls/rxnorm","2396765","onureg","vsac_rx_chemo","2"
"http://www.nlm.nih.gov/research/umls/rxnorm","2396766","azacitidine 200 mg [onureg]","vsac_rx_chemo","4"
"http://www.nlm.nih.gov/research/umls/rxnorm","2396767","azacitidine oral tablet [onureg]","vsac_rx_chemo","4"
"http://www.nlm.nih.gov/research/umls/rxnorm","2396768","onureg oral product","vsac_rx_chemo","2"
"http://www.nlm.nih.gov/research/umls/rxnorm","2396769","onureg pill","vsac_rx_chemo","2"
"http://www.nlm.nih.gov/research/umls/rxnorm","2396770","azacitidine 200 mg oral tablet [onureg]","vsac_rx_chemo","4"
"http://www.nlm.nih.gov/research/umls/rxnorm","2396771","azacitidine 300 mg","vsac_rx_chemo","4"
"http://www.nlm.nih.gov/research/umls/rxnorm","2396772","azacitidine 300 mg oral tablet","vsac_rx_chemo","6"
"http://www.nlm.nih.gov/research/umls/rxnorm","2396773","azacitidine 300 mg [onureg]","vsac_rx_chemo","4"
"http://www.nlm.nih.gov/research/umls/rxnorm","2396774","azacitidine 300 mg oral tablet [onureg]","vsac_rx_chemo","4"
"http://www.nlm.nih.gov/research/umls/rxnorm","240416","cytarabine 20 mg/ml injectable solution","vsac_rx_chemo","6"
"http://www.nlm.nih.gov/research/umls/rxnorm","240573","pentostatin 10 mg injection","vsac_rx_chemo","6"
"http://www.nlm.nih.gov/research/umls/rxnorm","240906","5 ml pegaspargase 750 unt/ml injection","vsac_rx_chemo","3"
"http://www.nlm.nih.gov/research/umls/rxnorm","245255","ara-c 50 mg/ml injectable solution","vsac_rx_chemo","2"
"http://www.nlm.nih.gov/research/umls/rxnorm","245839","vindesine 1 mg/ml injectable solution","vsac_rx_chemo","2"
"http://www.nlm.nih.gov/research/umls/rxnorm","24614","etoposide phosphate","vsac_rx_chemo","2"
"http://www.nlm.nih.gov/research/umls/rxnorm","24698","fludarabine","vsac_rx_chemo","2"
"http://www.nlm.nih.gov/research/umls/rxnorm","2473230","paclitaxel poliglumex","vsac_rx_chemo","4"
"http://www.nlm.nih.gov/research/umls/rxnorm","249284","raltitrexed 0.5 mg/ml injectable solution","vsac_rx_chemo","2"
"http://www.nlm.nih.gov/research/umls/rxnorm","249364","20 ml ara-c 100 mg/ml injection","vsac_rx_chemo","3"
"http://www.nlm.nih.gov/research/umls/rxnorm","25102","fludarabine phosphate","vsac_rx_chemo","2"
"http://www.nlm.nih.gov/research/umls/rxnorm","252320","tegafur 100 mg / uracil 224 mg oral capsule","vsac_rx_chemo","4"
"http://www.nlm.nih.gov/research/umls/rxnorm","253113","10 ml busulfan 6 mg/ml injection","vsac_rx_chemo","3"
"http://www.nlm.nih.gov/research/umls/rxnorm","2531369","melphalan flufenamide","vsac_rx_chemo","2"
"http://www.nlm.nih.gov/research/umls/rxnorm","2531370","melphalan flufenamide hydrochloride","vsac_rx_chemo","2"
"http://www.nlm.nih.gov/research/umls/rxnorm","2531371","melphalan flufenamide 20 mg","vsac_rx_chemo","2"
"http://www.nlm.nih.gov/research/umls/rxnorm","2531372","melphalan flufenamide injectable product","vsac_rx_chemo","2"
"http://www.nlm.nih.gov/research/umls/rxnorm","2531373","melphalan flufenamide injection","vsac_rx_chemo","2"
"http://www.nlm.nih.gov/research/umls/rxnorm","2531374","melphalan flufenamide 20 mg injection","vsac_rx_chemo","4"
"http://www.nlm.nih.gov/research/umls/rxnorm","2555","cisplatin","vsac_rx_chemo","8"
"http://www.nlm.nih.gov/research/umls/rxnorm","2561249","asparaginase erwinia chrysanthemi (recombinant)-rywn","vsac_rx_chemo","2"
"http://www.nlm.nih.gov/research/umls/rxnorm","2561250","asparaginase erwinia chrysanthemi (recombinant)-rywn 20 mg/ml","vsac_rx_chemo","2"
"http://www.nlm.nih.gov/research/umls/rxnorm","2561251","asparaginase erwinia chrysanthemi (recombinant)-rywn 10 mg per 0.5 ml injection","vsac_rx_chemo","4"
"http://www.nlm.nih.gov/research/umls/rxnorm","2561252","rylaze","vsac_rx_chemo","2"
"http://www.nlm.nih.gov/research/umls/rxnorm","2561253","asparaginase erwinia chrysanthemi (recombinant)-rywn 20 mg/ml [rylaze]","vsac_rx_chemo","2"
"http://www.nlm.nih.gov/research/umls/rxnorm","2561254","asparaginase injection [rylaze]","vsac_rx_chemo","2"
"http://www.nlm.nih.gov/research/umls/rxnorm","2561255","rylaze injectable product","vsac_rx_chemo","2"
"http://www.nlm.nih.gov/research/umls/rxnorm","2561256","0.5 ml asparaginase erwinia chrysanthemi (recombinant)-rywn 20 mg/ml injection [rylaze]","vsac_rx_chemo","2"
"http://www.nlm.nih.gov/research/umls/rxnorm","2568661","5 ml cyclophosphamide 200 mg/ml injection","vsac_rx_chemo","6"
"http://www.nlm.nih.gov/research/umls/rxnorm","2568663","2.5 ml cyclophosphamide 200 mg/ml injection","vsac_rx_chemo","6"
"http://www.nlm.nih.gov/research/umls/rxnorm","2590669","pemetrexed monohydrate","vsac_rx_chemo","4"
"http://www.nlm.nih.gov/research/umls/rxnorm","2590670","pemetrexed 25 mg/ml","vsac_rx_chemo","4"
"http://www.nlm.nih.gov/research/umls/rxnorm","2590671","pemetrexed injectable solution","vsac_rx_chemo","4"
"http://www.nlm.nih.gov/research/umls/rxnorm","2590672","pemetrexed 25 mg/ml injectable solution","vsac_rx_chemo","6"
"http://www.nlm.nih.gov/research/umls/rxnorm","2590673","pemfexy","vsac_rx_chemo","2"
"http://www.nlm.nih.gov/research/umls/rxnorm","2590674","pemetrexed 25 mg/ml [pemfexy]","vsac_rx_chemo","4"
"http://www.nlm.nih.gov/research/umls/rxnorm","2590675","pemfexy injectable product","vsac_rx_chemo","2"
"http://www.nlm.nih.gov/research/umls/rxnorm","2590676","pemetrexed injectable solution [pemfexy]","vsac_rx_chemo","4"
"http://www.nlm.nih.gov/research/umls/rxnorm","2590677","pemetrexed 25 mg/ml injectable solution [pemfexy]","vsac_rx_chemo","4"
"http://www.nlm.nih.gov/research/umls/rxnorm","2601727","pemetrexed 1000 mg","vsac_rx_chemo","4"
"http://www.nlm.nih.gov/research/umls/rxnorm","2601728","pemetrexed (as disodium heptahydrate) 1 gm injection","vsac_rx_chemo","4"
"http://www.nlm.nih.gov/research/umls/rxnorm","2602135","pemetrexed 750 mg","vsac_rx_chemo","4"
"http://www.nlm.nih.gov/research/umls/rxnorm","2602136","pemetrexed 750 mg injection","vsac_rx_chemo","6"
"http://www.nlm.nih.gov/research/umls/rxnorm","2602363","20 ml pemetrexed 25 mg/ml injection","vsac_rx_chemo","4"
"http://www.nlm.nih.gov/research/umls/rxnorm","2602365","40 ml pemetrexed 25 mg/ml injection","vsac_rx_chemo","4"
"http://www.nlm.nih.gov/research/umls/rxnorm","2602366","4 ml pemetrexed 25 mg/ml injection","vsac_rx_chemo","4"
"http://www.nlm.nih.gov/research/umls/rxnorm","2604776","pemetrexed tromethamine anhydrous","vsac_rx_chemo","4"
"http://www.nlm.nih.gov/research/umls/rxnorm","2605053","carmustine 300 mg","vsac_rx_chemo","2"
"http://www.nlm.nih.gov/research/umls/rxnorm","2605054","carmustine 300 mg injection","vsac_rx_chemo","6"
"http://www.nlm.nih.gov/research/umls/rxnorm","2605055","carmustine 50 mg","vsac_rx_chemo","2"
"http://www.nlm.nih.gov/research/umls/rxnorm","2605056","carmustine 50 mg injection","vsac_rx_chemo","6"
"http://www.nlm.nih.gov/research/umls/rxnorm","2605341","34 ml pemetrexed 25 mg/ml injection","vsac_rx_chemo","4"
"http://www.nlm.nih.gov/research/umls/rxnorm","261288","temodar 5 mg oral capsule","vsac_rx_chemo","8"
"http://www.nlm.nih.gov/research/umls/rxnorm","261289","temodar 20 mg oral capsule","vsac_rx_chemo","8"
"http://www.nlm.nih.gov/research/umls/rxnorm","261290","temodar 100 mg oral capsule","vsac_rx_chemo","8"
"http://www.nlm.nih.gov/research/umls/rxnorm","261291","temodar 250 mg oral capsule","vsac_rx_chemo","8"
"http://www.nlm.nih.gov/research/umls/rxnorm","261663","temodar","vsac_rx_chemo","3"
"http://www.nlm.nih.gov/research/umls/rxnorm","262063","valrubicin 40 mg/ml irrigation solution [valstar]","vsac_rx_chemo","2"
"http://www.nlm.nih.gov/research/umls/rxnorm","2622910","vivimusta","vsac_rx_chemo","2"
"http://www.nlm.nih.gov/research/umls/rxnorm","2622911","bendamustine hydrochloride 25 mg/ml [vivimusta]","vsac_rx_chemo","2"
"http://www.nlm.nih.gov/research/umls/rxnorm","2622912","vivimusta injectable product","vsac_rx_chemo","2"
"http://www.nlm.nih.gov/research/umls/rxnorm","2622913","bendamustine injectable solution [vivimusta]","vsac_rx_chemo","2"
"http://www.nlm.nih.gov/research/umls/rxnorm","2622914","vivimusta 25 mg/ml injectable solution","vsac_rx_chemo","4"
"http://www.nlm.nih.gov/research/umls/rxnorm","266573","topotecan hydrochloride","vsac_rx_chemo","2"
"http://www.nlm.nih.gov/research/umls/rxnorm","27100","omacetaxine mepesuccinate","vsac_rx_chemo","2"
"http://www.nlm.nih.gov/research/umls/rxnorm","274342","etopophos","vsac_rx_chemo","4"
"http://www.nlm.nih.gov/research/umls/rxnorm","274771","nelarabine","vsac_rx_chemo","2"
"http://www.nlm.nih.gov/research/umls/rxnorm","282443","pemetrexed disodium","vsac_rx_chemo","4"
"http://www.nlm.nih.gov/research/umls/rxnorm","283475","hydroxyurea 1000 mg oral tablet","vsac_rx_chemo","6"
"http://www.nlm.nih.gov/research/umls/rxnorm","283510","methotrexate 15 mg oral tablet","vsac_rx_chemo","8"
"http://www.nlm.nih.gov/research/umls/rxnorm","283511","methotrexate 5 mg oral tablet","vsac_rx_chemo","8"
"http://www.nlm.nih.gov/research/umls/rxnorm","283671","methotrexate 7.5 mg oral tablet","vsac_rx_chemo","8"
"http://www.nlm.nih.gov/research/umls/rxnorm","284425","10 ml busulfan 6 mg/ml injection [busulfex]","vsac_rx_chemo","2"
"http://www.nlm.nih.gov/research/umls/rxnorm","284592","trexall 5 mg oral tablet","vsac_rx_chemo","6"
"http://www.nlm.nih.gov/research/umls/rxnorm","284593","trexall 10 mg oral tablet","vsac_rx_chemo","6"
"http://www.nlm.nih.gov/research/umls/rxnorm","284594","trexall 7.5 mg oral tablet","vsac_rx_chemo","6"
"http://www.nlm.nih.gov/research/umls/rxnorm","284595","trexall 15 mg oral tablet","vsac_rx_chemo","6"
"http://www.nlm.nih.gov/research/umls/rxnorm","284676","busulfex","vsac_rx_chemo","2"
"http://www.nlm.nih.gov/research/umls/rxnorm","284900","trexall","vsac_rx_chemo","3"
"http://www.nlm.nih.gov/research/umls/rxnorm","287734","methotrexate sodium","vsac_rx_chemo","2"
"http://www.nlm.nih.gov/research/umls/rxnorm","3002","cyclophosphamide","vsac_rx_chemo","6"
"http://www.nlm.nih.gov/research/umls/rxnorm","3041","cytarabine","vsac_rx_chemo","2"
"http://www.nlm.nih.gov/research/umls/rxnorm","309012","carmustine 100 mg injection","vsac_rx_chemo","8"
"http://www.nlm.nih.gov/research/umls/rxnorm","309013","carmustine 7.7 mg drug implant","vsac_rx_chemo","4"
"http://www.nlm.nih.gov/research/umls/rxnorm","309311","cisplatin 1 mg/ml injectable solution","vsac_rx_chemo","18"
"http://www.nlm.nih.gov/research/umls/rxnorm","309650","4 ml daunorubicin 5 mg/ml injection","vsac_rx_chemo","6"
"http://www.nlm.nih.gov/research/umls/rxnorm","3098","dacarbazine","vsac_rx_chemo","2"
"http://www.nlm.nih.gov/research/umls/rxnorm","3100","dactinomycin","vsac_rx_chemo","4"
"http://www.nlm.nih.gov/research/umls/rxnorm","310194","estramustine 140 mg oral capsule","vsac_rx_chemo","3"
"http://www.nlm.nih.gov/research/umls/rxnorm","310248","etoposide 20 mg/ml injectable solution","vsac_rx_chemo","10"
"http://www.nlm.nih.gov/research/umls/rxnorm","310351","floxuridine 500 mg injection","vsac_rx_chemo","6"
"http://www.nlm.nih.gov/research/umls/rxnorm","3109","daunorubicin","vsac_rx_chemo","4"
"http://www.nlm.nih.gov/research/umls/rxnorm","311487","melphalan 50 mg injection","vsac_rx_chemo","6"
"http://www.nlm.nih.gov/research/umls/rxnorm","311625","methotrexate 1 gm injection","vsac_rx_chemo","8"
"http://www.nlm.nih.gov/research/umls/rxnorm","312199","paclitaxel 6 mg/ml injectable solution","vsac_rx_chemo","9"
"http://www.nlm.nih.gov/research/umls/rxnorm","312463","plicamycin 0.5 mg/ml injectable solution","vsac_rx_chemo","2"
"http://www.nlm.nih.gov/research/umls/rxnorm","313209","temozolomide 20 mg oral capsule","vsac_rx_chemo","10"
"http://www.nlm.nih.gov/research/umls/rxnorm","313210","temozolomide 250 mg oral capsule","vsac_rx_chemo","10"
"http://www.nlm.nih.gov/research/umls/rxnorm","313211","temozolomide 5 mg oral capsule","vsac_rx_chemo","10"
"http://www.nlm.nih.gov/research/umls/rxnorm","313213","5 ml teniposide 10 mg/ml injection","vsac_rx_chemo","4"
"http://www.nlm.nih.gov/research/umls/rxnorm","313567","valrubicin 200 mg per 5 ml (40 mg/ml) irrigation solution","vsac_rx_chemo","2"
"http://www.nlm.nih.gov/research/umls/rxnorm","314167","procarbazine 50 mg oral capsule","vsac_rx_chemo","4"
"http://www.nlm.nih.gov/research/umls/rxnorm","31435","valrubicin","vsac_rx_chemo","2"
"http://www.nlm.nih.gov/research/umls/rxnorm","315148","methotrexate (as methotrexate sodium) 2.5 mg/ml injectable solution","vsac_rx_chemo","3"
"http://www.nlm.nih.gov/research/umls/rxnorm","315322","altretamine 50 mg","vsac_rx_chemo","2"
"http://www.nlm.nih.gov/research/umls/rxnorm","315503","busulfan 6 mg/ml","vsac_rx_chemo","2"
"http://www.nlm.nih.gov/research/umls/rxnorm","315557","capecitabine 150 mg","vsac_rx_chemo","2"
"http://www.nlm.nih.gov/research/umls/rxnorm","315558","capecitabine 500 mg","vsac_rx_chemo","2"
"http://www.nlm.nih.gov/research/umls/rxnorm","315626","chlorambucil 2 mg","vsac_rx_chemo","2"
"http://www.nlm.nih.gov/research/umls/rxnorm","315746","cyclophosphamide 25 mg","vsac_rx_chemo","6"
"http://www.nlm.nih.gov/research/umls/rxnorm","315747","cyclophosphamide 50 mg","vsac_rx_chemo","6"
"http://www.nlm.nih.gov/research/umls/rxnorm","315912","etoposide 20 mg/ml","vsac_rx_chemo","4"
"http://www.nlm.nih.gov/research/umls/rxnorm","315913","etoposide 50 mg","vsac_rx_chemo","4"
"http://www.nlm.nih.gov/research/umls/rxnorm","315950","fluorouracil 50 mg/ml","vsac_rx_chemo","2"
"http://www.nlm.nih.gov/research/umls/rxnorm","316067","hydroxyurea 200 mg","vsac_rx_chemo","2"
"http://www.nlm.nih.gov/research/umls/rxnorm","316068","hydroxyurea 300 mg","vsac_rx_chemo","2"
"http://www.nlm.nih.gov/research/umls/rxnorm","316069","hydroxyurea 400 mg","vsac_rx_chemo","2"
"http://www.nlm.nih.gov/research/umls/rxnorm","316070","hydroxyurea 500 mg","vsac_rx_chemo","2"
"http://www.nlm.nih.gov/research/umls/rxnorm","316160","lomustine 10 mg","vsac_rx_chemo","4"
"http://www.nlm.nih.gov/research/umls/rxnorm","316161","lomustine 100 mg","vsac_rx_chemo","4"
"http://www.nlm.nih.gov/research/umls/rxnorm","316162","lomustine 40 mg","vsac_rx_chemo","4"
"http://www.nlm.nih.gov/research/umls/rxnorm","316246","mercaptopurine 50 mg","vsac_rx_chemo","3"
"http://www.nlm.nih.gov/research/umls/rxnorm","316312","mitotane 500 mg","vsac_rx_chemo","2"
"http://www.nlm.nih.gov/research/umls/rxnorm","316429","paclitaxel 6 mg/ml","vsac_rx_chemo","4"
"http://www.nlm.nih.gov/research/umls/rxnorm","316450","pegaspargase 750 unt/ml","vsac_rx_chemo","2"
"http://www.nlm.nih.gov/research/umls/rxnorm","316769","teniposide 10 mg/ml","vsac_rx_chemo","2"
"http://www.nlm.nih.gov/research/umls/rxnorm","316813","thioguanine 40 mg","vsac_rx_chemo","4"
"http://www.nlm.nih.gov/research/umls/rxnorm","317160","temozolomide 100 mg oral capsule","vsac_rx_chemo","10"
"http://www.nlm.nih.gov/research/umls/rxnorm","317620","busulfan 2 mg","vsac_rx_chemo","2"
"http://www.nlm.nih.gov/research/umls/rxnorm","317646","melphalan 2 mg","vsac_rx_chemo","2"
"http://www.nlm.nih.gov/research/umls/rxnorm","323879","alimta","vsac_rx_chemo","2"
"http://www.nlm.nih.gov/research/umls/rxnorm","32592","oxaliplatin","vsac_rx_chemo","3"
"http://www.nlm.nih.gov/research/umls/rxnorm","328303","cisplatin 1 mg/ml","vsac_rx_chemo","8"
"http://www.nlm.nih.gov/research/umls/rxnorm","328407","methotrexate 2.5 mg","vsac_rx_chemo","3"
"http://www.nlm.nih.gov/research/umls/rxnorm","328431","fludarabine phosphate 25 mg/ml","vsac_rx_chemo","2"
"http://www.nlm.nih.gov/research/umls/rxnorm","328493","mitoxantrone 2 mg/ml","vsac_rx_chemo","4"
"http://www.nlm.nih.gov/research/umls/rxnorm","328546","procarbazine 50 mg","vsac_rx_chemo","3"
"http://www.nlm.nih.gov/research/umls/rxnorm","329674","daunorubicin 5 mg/ml","vsac_rx_chemo","4"
"http://www.nlm.nih.gov/research/umls/rxnorm","329753","etoposide 100 mg","vsac_rx_chemo","4"
"http://www.nlm.nih.gov/research/umls/rxnorm","330028","methotrexate 2.5 mg/ml","vsac_rx_chemo","3"
"http://www.nlm.nih.gov/research/umls/rxnorm","330405","temozolomide 20 mg","vsac_rx_chemo","4"
"http://www.nlm.nih.gov/research/umls/rxnorm","330431","estramustine 140 mg","vsac_rx_chemo","2"
"http://www.nlm.nih.gov/research/umls/rxnorm","330459","ifosfamide 50 mg/ml","vsac_rx_chemo","2"
"http://www.nlm.nih.gov/research/umls/rxnorm","330562","vinorelbine 10 mg/ml","vsac_rx_chemo","2"
"http://www.nlm.nih.gov/research/umls/rxnorm","330797","temozolomide 100 mg","vsac_rx_chemo","4"
"http://www.nlm.nih.gov/research/umls/rxnorm","331482","temozolomide 5 mg","vsac_rx_chemo","4"
"http://www.nlm.nih.gov/research/umls/rxnorm","331483","temozolomide 250 mg","vsac_rx_chemo","4"
"http://www.nlm.nih.gov/research/umls/rxnorm","331560","hydroxyurea 1000 mg","vsac_rx_chemo","2"
"http://www.nlm.nih.gov/research/umls/rxnorm","331568","methotrexate 10 mg","vsac_rx_chemo","3"
"http://www.nlm.nih.gov/research/umls/rxnorm","331569","methotrexate 15 mg","vsac_rx_chemo","3"
"http://www.nlm.nih.gov/research/umls/rxnorm","331779","cytarabine 100 mg/ml","vsac_rx_chemo","2"
"http://www.nlm.nih.gov/research/umls/rxnorm","332422","cytarabine 20 mg/ml","vsac_rx_chemo","2"
"http://www.nlm.nih.gov/research/umls/rxnorm","332454","methotrexate 5 mg","vsac_rx_chemo","3"
"http://www.nlm.nih.gov/research/umls/rxnorm","332455","methotrexate 7.5 mg","vsac_rx_chemo","3"
"http://www.nlm.nih.gov/research/umls/rxnorm","333668","cytarabine 50 mg/ml","vsac_rx_chemo","2"
"http://www.nlm.nih.gov/research/umls/rxnorm","334799","fluorouracil 250 mg","vsac_rx_chemo","2"
"http://www.nlm.nih.gov/research/umls/rxnorm","335658","tegafur 100 mg","vsac_rx_chemo","2"
"http://www.nlm.nih.gov/research/umls/rxnorm","335659","uracil 224 mg","vsac_rx_chemo","2"
"http://www.nlm.nih.gov/research/umls/rxnorm","336841","treosulfan 250 mg","vsac_rx_chemo","2"
"http://www.nlm.nih.gov/research/umls/rxnorm","337523","ixabepilone","vsac_rx_chemo","2"
"http://www.nlm.nih.gov/research/umls/rxnorm","33764","pirarubicin","vsac_rx_chemo","2"
"http://www.nlm.nih.gov/research/umls/rxnorm","340255","plicamycin 0.5 mg/ml","vsac_rx_chemo","2"
"http://www.nlm.nih.gov/research/umls/rxnorm","340520","carmustine 7.7 mg","vsac_rx_chemo","3"
"http://www.nlm.nih.gov/research/umls/rxnorm","34132","pegaspargase","vsac_rx_chemo","2"
"http://www.nlm.nih.gov/research/umls/rxnorm","342947","topotecan 1 mg/ml","vsac_rx_chemo","2"
"http://www.nlm.nih.gov/research/umls/rxnorm","342949","vindesine 1 mg/ml","vsac_rx_chemo","2"
"http://www.nlm.nih.gov/research/umls/rxnorm","343027","bicnu","vsac_rx_chemo","3"
"http://www.nlm.nih.gov/research/umls/rxnorm","343106","valrubicin 40 mg/ml","vsac_rx_chemo","2"
"http://www.nlm.nih.gov/research/umls/rxnorm","346209","carboplatin 10 mg/ml","vsac_rx_chemo","8"
"http://www.nlm.nih.gov/research/umls/rxnorm","346447","aclarubicin 2 mg/ml","vsac_rx_chemo","2"
"http://www.nlm.nih.gov/research/umls/rxnorm","352384","ifosfamide / mesna","vsac_rx_chemo","3"
"http://www.nlm.nih.gov/research/umls/rxnorm","358733","raltitrexed 0.5 mg/ml","vsac_rx_chemo","2"
"http://www.nlm.nih.gov/research/umls/rxnorm","358819","oxaliplatin 5 mg/ml","vsac_rx_chemo","2"
"http://www.nlm.nih.gov/research/umls/rxnorm","360546","mitobronitol 125 mg","vsac_rx_chemo","2"
"http://www.nlm.nih.gov/research/umls/rxnorm","360547","methotrexate 100 mg/ml","vsac_rx_chemo","3"
"http://www.nlm.nih.gov/research/umls/rxnorm","362845","fluorouracil injectable solution [adrucil]","vsac_rx_chemo","2"
"http://www.nlm.nih.gov/research/umls/rxnorm","362881","etoposide injectable solution [toposar]","vsac_rx_chemo","4"
"http://www.nlm.nih.gov/research/umls/rxnorm","3639","doxorubicin","vsac_rx_chemo","4"
"http://www.nlm.nih.gov/research/umls/rxnorm","366197","estramustine oral capsule [emcyt]","vsac_rx_chemo","2"
"http://www.nlm.nih.gov/research/umls/rxnorm","366431","temozolomide oral capsule [temodar]","vsac_rx_chemo","4"
"http://www.nlm.nih.gov/research/umls/rxnorm","366459","hydroxyurea oral capsule [droxia]","vsac_rx_chemo","2"
"http://www.nlm.nih.gov/research/umls/rxnorm","366728","procarbazine oral capsule [matulane]","vsac_rx_chemo","3"
"http://www.nlm.nih.gov/research/umls/rxnorm","366743","hydroxyurea oral capsule [hydrea]","vsac_rx_chemo","2"
"http://www.nlm.nih.gov/research/umls/rxnorm","368138","methotrexate oral tablet [trexall]","vsac_rx_chemo","3"
"http://www.nlm.nih.gov/research/umls/rxnorm","368280","capecitabine oral tablet [xeloda]","vsac_rx_chemo","2"
"http://www.nlm.nih.gov/research/umls/rxnorm","368349","chlorambucil oral tablet [leukeran]","vsac_rx_chemo","2"
"http://www.nlm.nih.gov/research/umls/rxnorm","368542","busulfan oral tablet [myleran]","vsac_rx_chemo","2"
"http://www.nlm.nih.gov/research/umls/rxnorm","368664","thioguanine oral tablet [tabloid]","vsac_rx_chemo","4"
"http://www.nlm.nih.gov/research/umls/rxnorm","368750","mitotane oral tablet [lysodren]","vsac_rx_chemo","2"
"http://www.nlm.nih.gov/research/umls/rxnorm","368873","melphalan oral tablet [alkeran]","vsac_rx_chemo","2"
"http://www.nlm.nih.gov/research/umls/rxnorm","370551","altretamine oral capsule","vsac_rx_chemo","2"
"http://www.nlm.nih.gov/research/umls/rxnorm","370657","hydroxyurea oral tablet","vsac_rx_chemo","2"
"http://www.nlm.nih.gov/research/umls/rxnorm","370658","hydroxyurea oral capsule","vsac_rx_chemo","2"
"http://www.nlm.nih.gov/research/umls/rxnorm","371165","busulfan oral tablet","vsac_rx_chemo","2"
"http://www.nlm.nih.gov/research/umls/rxnorm","371250","capecitabine oral tablet","vsac_rx_chemo","2"
"http://www.nlm.nih.gov/research/umls/rxnorm","371375","chlorambucil oral tablet","vsac_rx_chemo","2"
"http://www.nlm.nih.gov/research/umls/rxnorm","371664","cyclophosphamide oral tablet","vsac_rx_chemo","6"
"http://www.nlm.nih.gov/research/umls/rxnorm","371676","cytarabine injectable solution","vsac_rx_chemo","2"
"http://www.nlm.nih.gov/research/umls/rxnorm","372082","estramustine oral capsule","vsac_rx_chemo","2"
"http://www.nlm.nih.gov/research/umls/rxnorm","372132","etoposide oral capsule","vsac_rx_chemo","4"
"http://www.nlm.nih.gov/research/umls/rxnorm","372227","fluorouracil oral capsule","vsac_rx_chemo","2"
"http://www.nlm.nih.gov/research/umls/rxnorm","372228","fluorouracil injectable solution","vsac_rx_chemo","2"
"http://www.nlm.nih.gov/research/umls/rxnorm","372458","idarubicin oral capsule","vsac_rx_chemo","4"
"http://www.nlm.nih.gov/research/umls/rxnorm","372631","lomustine oral capsule","vsac_rx_chemo","4"
"http://www.nlm.nih.gov/research/umls/rxnorm","372756","melphalan oral tablet","vsac_rx_chemo","2"
"http://www.nlm.nih.gov/research/umls/rxnorm","372782","mercaptopurine oral tablet","vsac_rx_chemo","3"
"http://www.nlm.nih.gov/research/umls/rxnorm","372835","methotrexate injectable solution","vsac_rx_chemo","3"
"http://www.nlm.nih.gov/research/umls/rxnorm","372836","methotrexate oral tablet","vsac_rx_chemo","3"
"http://www.nlm.nih.gov/research/umls/rxnorm","372942","mitotane oral tablet","vsac_rx_chemo","2"
"http://www.nlm.nih.gov/research/umls/rxnorm","373602","procarbazine oral capsule","vsac_rx_chemo","3"
"http://www.nlm.nih.gov/research/umls/rxnorm","374023","tegafur / uracil oral capsule","vsac_rx_chemo","2"
"http://www.nlm.nih.gov/research/umls/rxnorm","374104","thioguanine oral tablet","vsac_rx_chemo","4"
"http://www.nlm.nih.gov/research/umls/rxnorm","374186","treosulfan oral capsule","vsac_rx_chemo","2"
"http://www.nlm.nih.gov/research/umls/rxnorm","374376","doxorubicin injectable solution","vsac_rx_chemo","4"
"http://www.nlm.nih.gov/research/umls/rxnorm","374610","temozolomide oral capsule","vsac_rx_chemo","4"
"http://www.nlm.nih.gov/research/umls/rxnorm","375173","mitoxantrone injectable solution","vsac_rx_chemo","4"
"http://www.nlm.nih.gov/research/umls/rxnorm","376433","cisplatin injectable solution","vsac_rx_chemo","10"
"http://www.nlm.nih.gov/research/umls/rxnorm","376666","cyclophosphamide injectable solution","vsac_rx_chemo","6"
"http://www.nlm.nih.gov/research/umls/rxnorm","376667","plicamycin injectable solution","vsac_rx_chemo","2"
"http://www.nlm.nih.gov/research/umls/rxnorm","376857","vinblastine injectable solution","vsac_rx_chemo","8"
"http://www.nlm.nih.gov/research/umls/rxnorm","376888","docetaxel injectable solution","vsac_rx_chemo","4"
"http://www.nlm.nih.gov/research/umls/rxnorm","376889","topotecan injectable solution","vsac_rx_chemo","3"
"http://www.nlm.nih.gov/research/umls/rxnorm","376890","etoposide injectable solution","vsac_rx_chemo","4"
"http://www.nlm.nih.gov/research/umls/rxnorm","376891","vindesine injectable solution","vsac_rx_chemo","2"
"http://www.nlm.nih.gov/research/umls/rxnorm","377111","paclitaxel injectable solution","vsac_rx_chemo","4"
"http://www.nlm.nih.gov/research/umls/rxnorm","377233","asparaginase injectable solution","vsac_rx_chemo","2"
"http://www.nlm.nih.gov/research/umls/rxnorm","37776","temozolomide","vsac_rx_chemo","4"
"http://www.nlm.nih.gov/research/umls/rxnorm","378102","raltitrexed injectable solution","vsac_rx_chemo","2"
"http://www.nlm.nih.gov/research/umls/rxnorm","378110","aclarubicin injectable solution","vsac_rx_chemo","2"
"http://www.nlm.nih.gov/research/umls/rxnorm","378363","carboplatin injectable solution","vsac_rx_chemo","12"
"http://www.nlm.nih.gov/research/umls/rxnorm","378774","carmustine drug implant","vsac_rx_chemo","3"
"http://www.nlm.nih.gov/research/umls/rxnorm","379269","mitobronitol oral tablet","vsac_rx_chemo","2"
"http://www.nlm.nih.gov/research/umls/rxnorm","3815","emcyt","vsac_rx_chemo","2"
"http://www.nlm.nih.gov/research/umls/rxnorm","38508","treosulfan","vsac_rx_chemo","2"
"http://www.nlm.nih.gov/research/umls/rxnorm","393413","fludarabine oral tablet","vsac_rx_chemo","2"
"http://www.nlm.nih.gov/research/umls/rxnorm","39541","vinorelbine","vsac_rx_chemo","3"
"http://www.nlm.nih.gov/research/umls/rxnorm","3995","epirubicin","vsac_rx_chemo","4"
"http://www.nlm.nih.gov/research/umls/rxnorm","40048","carboplatin","vsac_rx_chemo","12"
"http://www.nlm.nih.gov/research/umls/rxnorm","405951","carmustine drug implant [gliadel]","vsac_rx_chemo","3"
"http://www.nlm.nih.gov/research/umls/rxnorm","4089","estramustine","vsac_rx_chemo","2"
"http://www.nlm.nih.gov/research/umls/rxnorm","4090","estramustine phosphate sodium","vsac_rx_chemo","2"
"http://www.nlm.nih.gov/research/umls/rxnorm","4132","ethoglucid","vsac_rx_chemo","2"
"http://www.nlm.nih.gov/research/umls/rxnorm","4179","etoposide","vsac_rx_chemo","4"
"http://www.nlm.nih.gov/research/umls/rxnorm","42512","adriamycin","vsac_rx_chemo","2"
"http://www.nlm.nih.gov/research/umls/rxnorm","44151","clofarabine","vsac_rx_chemo","2"
"http://www.nlm.nih.gov/research/umls/rxnorm","4488","floxuridine","vsac_rx_chemo","2"
"http://www.nlm.nih.gov/research/umls/rxnorm","4492","fluorouracil","vsac_rx_chemo","2"
"http://www.nlm.nih.gov/research/umls/rxnorm","452837","topotecan 1 mg","vsac_rx_chemo","3"
"http://www.nlm.nih.gov/research/umls/rxnorm","4582","tegafur","vsac_rx_chemo","2"
"http://www.nlm.nih.gov/research/umls/rxnorm","466523","doxorubicin hydrochloride liposome","vsac_rx_chemo","4"
"http://www.nlm.nih.gov/research/umls/rxnorm","466977","tegafur / uracil","vsac_rx_chemo","2"
"http://www.nlm.nih.gov/research/umls/rxnorm","485246","azacitidine 100 mg injection","vsac_rx_chemo","9"
"http://www.nlm.nih.gov/research/umls/rxnorm","486417","clofarabine 1 mg/ml","vsac_rx_chemo","2"
"http://www.nlm.nih.gov/research/umls/rxnorm","486419","20 ml clofarabine 1 mg/ml injection","vsac_rx_chemo","3"
"http://www.nlm.nih.gov/research/umls/rxnorm","486610","paclitaxel protein-bound","vsac_rx_chemo","4"
"http://www.nlm.nih.gov/research/umls/rxnorm","493622","clolar","vsac_rx_chemo","2"
"http://www.nlm.nih.gov/research/umls/rxnorm","51499","irinotecan","vsac_rx_chemo","4"
"http://www.nlm.nih.gov/research/umls/rxnorm","5296","altretamine","vsac_rx_chemo","2"
"http://www.nlm.nih.gov/research/umls/rxnorm","53557","navelbine","vsac_rx_chemo","3"
"http://www.nlm.nih.gov/research/umls/rxnorm","544913","clofarabine 1 mg/ml [clolar]","vsac_rx_chemo","2"
"http://www.nlm.nih.gov/research/umls/rxnorm","544915","20 ml clofarabine 1 mg/ml injection [clolar]","vsac_rx_chemo","2"
"http://www.nlm.nih.gov/research/umls/rxnorm","544939","cytarabine injectable suspension","vsac_rx_chemo","2"
"http://www.nlm.nih.gov/research/umls/rxnorm","544940","ara-c 50 mg/ml injectable suspension","vsac_rx_chemo","2"
"http://www.nlm.nih.gov/research/umls/rxnorm","545203","vidaza","vsac_rx_chemo","2"
"http://www.nlm.nih.gov/research/umls/rxnorm","545206","azacitidine 100 mg injection [vidaza]","vsac_rx_chemo","4"
"http://www.nlm.nih.gov/research/umls/rxnorm","5552","hydroxyurea","vsac_rx_chemo","2"
"http://www.nlm.nih.gov/research/umls/rxnorm","564078","busulfan 2 mg [myleran]","vsac_rx_chemo","2"
"http://www.nlm.nih.gov/research/umls/rxnorm","564080","chlorambucil 2 mg [leukeran]","vsac_rx_chemo","2"
"http://www.nlm.nih.gov/research/umls/rxnorm","564088","melphalan 2 mg [alkeran]","vsac_rx_chemo","2"
"http://www.nlm.nih.gov/research/umls/rxnorm","564106","thioguanine 40 mg [tabloid]","vsac_rx_chemo","4"
"http://www.nlm.nih.gov/research/umls/rxnorm","564113","hydroxyurea 500 mg [hydrea]","vsac_rx_chemo","2"
"http://www.nlm.nih.gov/research/umls/rxnorm","5650","idarubicin","vsac_rx_chemo","4"
"http://www.nlm.nih.gov/research/umls/rxnorm","565262","vinorelbine 10 mg/ml [navelbine]","vsac_rx_chemo","2"
"http://www.nlm.nih.gov/research/umls/rxnorm","5657","ifosfamide","vsac_rx_chemo","3"
"http://www.nlm.nih.gov/research/umls/rxnorm","566462","estramustine 140 mg [emcyt]","vsac_rx_chemo","2"
"http://www.nlm.nih.gov/research/umls/rxnorm","567639","etoposide 20 mg/ml [toposar]","vsac_rx_chemo","4"
"http://www.nlm.nih.gov/research/umls/rxnorm","568141","mitotane 500 mg [lysodren]","vsac_rx_chemo","2"
"http://www.nlm.nih.gov/research/umls/rxnorm","568345","procarbazine 50 mg [matulane]","vsac_rx_chemo","3"
"http://www.nlm.nih.gov/research/umls/rxnorm","56946","paclitaxel","vsac_rx_chemo","4"
"http://www.nlm.nih.gov/research/umls/rxnorm","572946","carmustine 7.7 mg [gliadel]","vsac_rx_chemo","3"
"http://www.nlm.nih.gov/research/umls/rxnorm","572979","pegaspargase 750 unt/ml [oncaspar]","vsac_rx_chemo","2"
"http://www.nlm.nih.gov/research/umls/rxnorm","57308","topotecan","vsac_rx_chemo","3"
"http://www.nlm.nih.gov/research/umls/rxnorm","573195","hydroxyurea 200 mg [droxia]","vsac_rx_chemo","2"
"http://www.nlm.nih.gov/research/umls/rxnorm","573196","hydroxyurea 300 mg [droxia]","vsac_rx_chemo","2"
"http://www.nlm.nih.gov/research/umls/rxnorm","573197","hydroxyurea 400 mg [droxia]","vsac_rx_chemo","2"
"http://www.nlm.nih.gov/research/umls/rxnorm","573202","capecitabine 150 mg [xeloda]","vsac_rx_chemo","2"
"http://www.nlm.nih.gov/research/umls/rxnorm","573203","capecitabine 500 mg [xeloda]","vsac_rx_chemo","2"
"http://www.nlm.nih.gov/research/umls/rxnorm","573495","carboplatin 10 mg/ml [paraplatin]","vsac_rx_chemo","8"
"http://www.nlm.nih.gov/research/umls/rxnorm","573686","fluorouracil 50 mg/ml [adrucil]","vsac_rx_chemo","2"
"http://www.nlm.nih.gov/research/umls/rxnorm","574513","temozolomide 5 mg [temodar]","vsac_rx_chemo","4"
"http://www.nlm.nih.gov/research/umls/rxnorm","574514","temozolomide 20 mg [temodar]","vsac_rx_chemo","4"
"http://www.nlm.nih.gov/research/umls/rxnorm","574515","temozolomide 100 mg [temodar]","vsac_rx_chemo","4"
"http://www.nlm.nih.gov/research/umls/rxnorm","574516","temozolomide 250 mg [temodar]","vsac_rx_chemo","4"
"http://www.nlm.nih.gov/research/umls/rxnorm","574649","valrubicin 40 mg/ml [valstar]","vsac_rx_chemo","2"
"http://www.nlm.nih.gov/research/umls/rxnorm","574864","busulfan 6 mg/ml [busulfex]","vsac_rx_chemo","2"
"http://www.nlm.nih.gov/research/umls/rxnorm","575019","methotrexate 5 mg [trexall]","vsac_rx_chemo","3"
"http://www.nlm.nih.gov/research/umls/rxnorm","575020","methotrexate 10 mg [trexall]","vsac_rx_chemo","3"
"http://www.nlm.nih.gov/research/umls/rxnorm","575021","methotrexate 7.5 mg [trexall]","vsac_rx_chemo","3"
"http://www.nlm.nih.gov/research/umls/rxnorm","575022","methotrexate 15 mg [trexall]","vsac_rx_chemo","3"
"http://www.nlm.nih.gov/research/umls/rxnorm","583214","paclitaxel 100 mg injection","vsac_rx_chemo","9"
"http://www.nlm.nih.gov/research/umls/rxnorm","583218","abraxane 100 mg injection","vsac_rx_chemo","4"
"http://www.nlm.nih.gov/research/umls/rxnorm","589511","abraxane","vsac_rx_chemo","2"
"http://www.nlm.nih.gov/research/umls/rxnorm","597195","carboplatin 10 mg/ml injectable solution","vsac_rx_chemo","21"
"http://www.nlm.nih.gov/research/umls/rxnorm","603564","nelarabine 5 mg/ml","vsac_rx_chemo","2"
"http://www.nlm.nih.gov/research/umls/rxnorm","603566","50 ml nelarabine 5 mg/ml injection","vsac_rx_chemo","3"
"http://www.nlm.nih.gov/research/umls/rxnorm","613324","arranon","vsac_rx_chemo","2"
"http://www.nlm.nih.gov/research/umls/rxnorm","616364","nelarabine 5 mg/ml [arranon]","vsac_rx_chemo","2"
"http://www.nlm.nih.gov/research/umls/rxnorm","616366","50 ml nelarabine 5 mg/ml injection [arranon]","vsac_rx_chemo","2"
"http://www.nlm.nih.gov/research/umls/rxnorm","632","mitomycin","vsac_rx_chemo","4"
"http://www.nlm.nih.gov/research/umls/rxnorm","636242","dacogen","vsac_rx_chemo","2"
"http://www.nlm.nih.gov/research/umls/rxnorm","636631","decitabine 50 mg injection","vsac_rx_chemo","6"
"http://www.nlm.nih.gov/research/umls/rxnorm","637549","topotecan 1 mg/ml injectable solution","vsac_rx_chemo","6"
"http://www.nlm.nih.gov/research/umls/rxnorm","637550","hycamtin 4 mg injection","vsac_rx_chemo","6"
"http://www.nlm.nih.gov/research/umls/rxnorm","644989","dacogen 50 mg injection","vsac_rx_chemo","4"
"http://www.nlm.nih.gov/research/umls/rxnorm","6466","lomustine","vsac_rx_chemo","2"
"http://www.nlm.nih.gov/research/umls/rxnorm","662019","pralatrexate","vsac_rx_chemo","4"
"http://www.nlm.nih.gov/research/umls/rxnorm","6674","chlormethine","vsac_rx_chemo","2"
"http://www.nlm.nih.gov/research/umls/rxnorm","668577","vorinostat 100 mg","vsac_rx_chemo","2"
"http://www.nlm.nih.gov/research/umls/rxnorm","668578","vorinostat oral capsule","vsac_rx_chemo","2"
"http://www.nlm.nih.gov/research/umls/rxnorm","668579","vorinostat 100 mg oral capsule","vsac_rx_chemo","4"
"http://www.nlm.nih.gov/research/umls/rxnorm","668604","vorinostat 100 mg [zolinza]","vsac_rx_chemo","2"
"http://www.nlm.nih.gov/research/umls/rxnorm","668605","vorinostat oral capsule [zolinza]","vsac_rx_chemo","2"
"http://www.nlm.nih.gov/research/umls/rxnorm","668606","zolinza 100 mg oral capsule","vsac_rx_chemo","4"
"http://www.nlm.nih.gov/research/umls/rxnorm","66925","procarbazine hydrochloride","vsac_rx_chemo","2"
"http://www.nlm.nih.gov/research/umls/rxnorm","6718","melphalan","vsac_rx_chemo","2"
"http://www.nlm.nih.gov/research/umls/rxnorm","682524","zolinza","vsac_rx_chemo","2"
"http://www.nlm.nih.gov/research/umls/rxnorm","68446","pemetrexed","vsac_rx_chemo","4"
"http://www.nlm.nih.gov/research/umls/rxnorm","6851","methotrexate","vsac_rx_chemo","3"
"http://www.nlm.nih.gov/research/umls/rxnorm","686161","carboplatin 10 mg/ml injectable solution [paraplatin]","vsac_rx_chemo","12"
"http://www.nlm.nih.gov/research/umls/rxnorm","690313","cyclophosphamide / mannitol","vsac_rx_chemo","4"
"http://www.nlm.nih.gov/research/umls/rxnorm","6995","plicamycin","vsac_rx_chemo","2"
"http://www.nlm.nih.gov/research/umls/rxnorm","6996","mitobronitol","vsac_rx_chemo","2"
"http://www.nlm.nih.gov/research/umls/rxnorm","7004","mitotane","vsac_rx_chemo","2"
"http://www.nlm.nih.gov/research/umls/rxnorm","7005","mitoxantrone","vsac_rx_chemo","4"
"http://www.nlm.nih.gov/research/umls/rxnorm","700882","temozolomide 140 mg","vsac_rx_chemo","4"
"http://www.nlm.nih.gov/research/umls/rxnorm","700883","temozolomide 140 mg oral capsule","vsac_rx_chemo","10"
"http://www.nlm.nih.gov/research/umls/rxnorm","700884","temozolomide 180 mg","vsac_rx_chemo","4"
"http://www.nlm.nih.gov/research/umls/rxnorm","700885","temozolomide 180 mg oral capsule","vsac_rx_chemo","10"
"http://www.nlm.nih.gov/research/umls/rxnorm","705616","temozolomide 140 mg [temodar]","vsac_rx_chemo","4"
"http://www.nlm.nih.gov/research/umls/rxnorm","705617","temodar 140 mg oral capsule","vsac_rx_chemo","8"
"http://www.nlm.nih.gov/research/umls/rxnorm","705618","temozolomide 180 mg [temodar]","vsac_rx_chemo","4"
"http://www.nlm.nih.gov/research/umls/rxnorm","705619","temodar 180 mg oral capsule","vsac_rx_chemo","8"
"http://www.nlm.nih.gov/research/umls/rxnorm","72962","docetaxel","vsac_rx_chemo","4"
"http://www.nlm.nih.gov/research/umls/rxnorm","739","amsacrine","vsac_rx_chemo","2"
"http://www.nlm.nih.gov/research/umls/rxnorm","741098","treanda","vsac_rx_chemo","2"
"http://www.nlm.nih.gov/research/umls/rxnorm","744825","ixempra","vsac_rx_chemo","2"
"http://www.nlm.nih.gov/research/umls/rxnorm","747192","topotecan oral capsule","vsac_rx_chemo","3"
"http://www.nlm.nih.gov/research/umls/rxnorm","747193","topotecan 1 mg oral capsule","vsac_rx_chemo","4"
"http://www.nlm.nih.gov/research/umls/rxnorm","747194","topotecan 0.25 mg","vsac_rx_chemo","3"
"http://www.nlm.nih.gov/research/umls/rxnorm","747195","topotecan 0.25 mg oral capsule","vsac_rx_chemo","4"
"http://www.nlm.nih.gov/research/umls/rxnorm","748736","topotecan 0.25 mg [hycamtin]","vsac_rx_chemo","3"
"http://www.nlm.nih.gov/research/umls/rxnorm","748737","topotecan oral capsule [hycamtin]","vsac_rx_chemo","3"
"http://www.nlm.nih.gov/research/umls/rxnorm","748738","hycamtin 0.25 mg oral capsule","vsac_rx_chemo","6"
"http://www.nlm.nih.gov/research/umls/rxnorm","748739","topotecan 1 mg [hycamtin]","vsac_rx_chemo","3"
"http://www.nlm.nih.gov/research/umls/rxnorm","748740","hycamtin 1 mg oral capsule","vsac_rx_chemo","6"
"http://www.nlm.nih.gov/research/umls/rxnorm","790322","bendamustine injectable solution","vsac_rx_chemo","2"
"http://www.nlm.nih.gov/research/umls/rxnorm","8011","pentostatin","vsac_rx_chemo","2"
"http://www.nlm.nih.gov/research/umls/rxnorm","80773","doxil","vsac_rx_chemo","2"
"http://www.nlm.nih.gov/research/umls/rxnorm","81992","daunorubicin hydrochloride","vsac_rx_chemo","4"
"http://www.nlm.nih.gov/research/umls/rxnorm","82124","idarubicin hydrochloride","vsac_rx_chemo","4"
"http://www.nlm.nih.gov/research/umls/rxnorm","828705","fludarabine phosphate 10 mg","vsac_rx_chemo","2"
"http://www.nlm.nih.gov/research/umls/rxnorm","828706","fludarabine phosphate 10 mg oral tablet","vsac_rx_chemo","6"
"http://www.nlm.nih.gov/research/umls/rxnorm","835945","temozolomide 100 mg injection","vsac_rx_chemo","8"
"http://www.nlm.nih.gov/research/umls/rxnorm","835948","temodar 100 mg injection","vsac_rx_chemo","8"
"http://www.nlm.nih.gov/research/umls/rxnorm","836377","epirubicin hydrochloride 2 mg/ml","vsac_rx_chemo","4"
"http://www.nlm.nih.gov/research/umls/rxnorm","836379","epirubicin hydrochloride 2 mg/ml [ellence]","vsac_rx_chemo","4"
"http://www.nlm.nih.gov/research/umls/rxnorm","861049","asparaginase 5000 unt/ml","vsac_rx_chemo","2"
"http://www.nlm.nih.gov/research/umls/rxnorm","861050","asparaginase 10,000 unt per 2 ml injectable solution","vsac_rx_chemo","2"
"http://www.nlm.nih.gov/research/umls/rxnorm","8637","prednimustine","vsac_rx_chemo","2"
"http://www.nlm.nih.gov/research/umls/rxnorm","865177","pralatrexate 20 mg/ml","vsac_rx_chemo","4"
"http://www.nlm.nih.gov/research/umls/rxnorm","865180","folotyn","vsac_rx_chemo","2"
"http://www.nlm.nih.gov/research/umls/rxnorm","865181","pralatrexate 20 mg/ml [folotyn]","vsac_rx_chemo","4"
"http://www.nlm.nih.gov/research/umls/rxnorm","8702","procarbazine","vsac_rx_chemo","3"
"http://www.nlm.nih.gov/research/umls/rxnorm","876399","alkeran 50 mg injection","vsac_rx_chemo","4"
"http://www.nlm.nih.gov/research/umls/rxnorm","877436","istodax","vsac_rx_chemo","2"
"http://www.nlm.nih.gov/research/umls/rxnorm","877510","romidepsin","vsac_rx_chemo","4"
"http://www.nlm.nih.gov/research/umls/rxnorm","877513","romidepsin 10 mg injection","vsac_rx_chemo","6"
"http://www.nlm.nih.gov/research/umls/rxnorm","877516","istodax 10 mg injection","vsac_rx_chemo","4"
"http://www.nlm.nih.gov/research/umls/rxnorm","894892","vincristine sulfate 1 mg/ml","vsac_rx_chemo","6"
"http://www.nlm.nih.gov/research/umls/rxnorm","894894","vincristine sulfate 1 mg/ml [vincasar]","vsac_rx_chemo","6"
"http://www.nlm.nih.gov/research/umls/rxnorm","904159","irinotecan hydrochloride 20 mg/ml","vsac_rx_chemo","4"
"http://www.nlm.nih.gov/research/umls/rxnorm","904161","irinotecan hydrochloride 20 mg/ml [camptosar]","vsac_rx_chemo","4"
"http://www.nlm.nih.gov/research/umls/rxnorm","93698","carboplatin injectable solution [paraplatin]","vsac_rx_chemo","12"
"http://www.nlm.nih.gov/research/umls/rxnorm","968804","cytarabine liposome","vsac_rx_chemo","2"
"http://www.nlm.nih.gov/research/umls/rxnorm","996051","cabazitaxel","vsac_rx_chemo","2"
"http://www.nlm.nih.gov/research/umls/rxnorm","996055","jevtana","vsac_rx_chemo","2"
"http://www.nlm.nih.gov/research/umls/rxnorm","996151","idarubicin hydrochloride 1 mg/ml","vsac_rx_chemo","4"
"http://www.nlm.nih.gov/research/umls/rxnorm","996153","idarubicin hydrochloride 1 mg/ml [idamycin]","vsac_rx_chemo","4"
"http://www.nlm.nih.gov/research/umls/rxnorm","996155","idarubicin hydrochloride 10 mg","vsac_rx_chemo","4"
"http://www.nlm.nih.gov/research/umls/rxnorm","996156","idarubicin hydrochloride 10 mg oral capsule","vsac_rx_chemo","4"
"http://www.nlm.nih.gov/research/umls/rxnorm","996157","idarubicin hydrochloride 25 mg","vsac_rx_chemo","4"
"http://www.nlm.nih.gov/research/umls/rxnorm","996158","idarubicin hydrochloride 25 mg oral capsule","vsac_rx_chemo","4"
"http://www.nlm.nih.gov/research/umls/rxnorm","996159","idarubicin hydrochloride 5 mg","vsac_rx_chemo","4"
"http://www.nlm.nih.gov/research/umls/rxnorm","996160","idarubicin hydrochloride 5 mg oral capsule","vsac_rx_chemo","4"
"http://www.nlm.nih.gov/research/umls/rxnorm","1001405","docetaxel 20 mg/ml injectable solution","vsac_rx_chemo_advanced","9"
"http://www.nlm.nih.gov/research/umls/rxnorm","1001433","1.5 ml cabazitaxel 40 mg/ml injection","vsac_rx_chemo_advanced","3"
"http://www.nlm.nih.gov/research/umls/rxnorm","1045456","2 ml eribulin mesylate 0.5 mg/ml injection","vsac_rx_chemo_advanced","6"
"http://www.nlm.nih.gov/research/umls/rxnorm","105585","methotrexate 2.5 mg oral tablet","vsac_rx_chemo_advanced","8"
"http://www.nlm.nih.gov/research/umls/rxnorm","105586","methotrexate 10 mg oral tablet","vsac_rx_chemo_advanced","8"
"http://www.nlm.nih.gov/research/umls/rxnorm","1093280","docetaxel 10 mg/ml injectable solution","vsac_rx_chemo_advanced","9"
"http://www.nlm.nih.gov/research/umls/rxnorm","1191138","doxorubicin hydrochloride 2 mg/ml injectable solution","vsac_rx_chemo_advanced","6"
"http://www.nlm.nih.gov/research/umls/rxnorm","1193331","ruxolitinib 10 mg oral tablet","vsac_rx_chemo_advanced","4"
"http://www.nlm.nih.gov/research/umls/rxnorm","1193339","ruxolitinib 5 mg oral tablet","vsac_rx_chemo_advanced","4"
"http://www.nlm.nih.gov/research/umls/rxnorm","1193343","ruxolitinib 15 mg oral tablet","vsac_rx_chemo_advanced","4"
"http://www.nlm.nih.gov/research/umls/rxnorm","1193347","ruxolitinib 20 mg oral tablet","vsac_rx_chemo_advanced","4"
"http://www.nlm.nih.gov/research/umls/rxnorm","1193351","ruxolitinib 25 mg oral tablet","vsac_rx_chemo_advanced","4"
"http://www.nlm.nih.gov/research/umls/rxnorm","1437968","cyclophosphamide 25 mg oral capsule","vsac_rx_chemo_advanced","12"
"http://www.nlm.nih.gov/research/umls/rxnorm","1437969","cyclophosphamide 50 mg oral capsule","vsac_rx_chemo_advanced","12"
"http://www.nlm.nih.gov/research/umls/rxnorm","1441402","0.4 ml methotrexate 25 mg/ml auto-injector","vsac_rx_chemo_advanced","2"
"http://www.nlm.nih.gov/research/umls/rxnorm","1441411","0.4 ml methotrexate 37.5 mg/ml auto-injector","vsac_rx_chemo_advanced","2"
"http://www.nlm.nih.gov/research/umls/rxnorm","1441416","0.4 ml methotrexate 50 mg/ml auto-injector","vsac_rx_chemo_advanced","2"
"http://www.nlm.nih.gov/research/umls/rxnorm","1441422","0.4 ml methotrexate 62.5 mg/ml auto-injector","vsac_rx_chemo_advanced","2"
"http://www.nlm.nih.gov/research/umls/rxnorm","1536484","mercaptopurine 100 mg per 5 ml oral suspension","vsac_rx_chemo_advanced","4"
"http://www.nlm.nih.gov/research/umls/rxnorm","1543547","belinostat 500 mg injection","vsac_rx_chemo_advanced","6"
"http://www.nlm.nih.gov/research/umls/rxnorm","1544378","0.2 ml methotrexate 50 mg/ml auto-injector","vsac_rx_chemo_advanced","2"
"http://www.nlm.nih.gov/research/umls/rxnorm","1544385","0.25 ml methotrexate 50 mg/ml auto-injector","vsac_rx_chemo_advanced","2"
"http://www.nlm.nih.gov/research/umls/rxnorm","1544387","0.3 ml methotrexate 50 mg/ml auto-injector","vsac_rx_chemo_advanced","2"
"http://www.nlm.nih.gov/research/umls/rxnorm","1544389","0.35 ml methotrexate 50 mg/ml auto-injector","vsac_rx_chemo_advanced","2"
"http://www.nlm.nih.gov/research/umls/rxnorm","1544395","0.45 ml methotrexate 50 mg/ml auto-injector","vsac_rx_chemo_advanced","2"
"http://www.nlm.nih.gov/research/umls/rxnorm","1544397","0.5 ml methotrexate 50 mg/ml auto-injector","vsac_rx_chemo_advanced","2"
"http://www.nlm.nih.gov/research/umls/rxnorm","1544401","0.6 ml methotrexate 50 mg/ml auto-injector","vsac_rx_chemo_advanced","2"
"http://www.nlm.nih.gov/research/umls/rxnorm","1544403","0.15 ml methotrexate 50 mg/ml auto-injector","vsac_rx_chemo_advanced","2"
"http://www.nlm.nih.gov/research/umls/rxnorm","1655956","40 ml methotrexate 25 mg/ml injection","vsac_rx_chemo_advanced","1"
"http://www.nlm.nih.gov/research/umls/rxnorm","1655959","10 ml methotrexate 25 mg/ml injection","vsac_rx_chemo_advanced","2"
"http://www.nlm.nih.gov/research/umls/rxnorm","1655960","2 ml methotrexate 25 mg/ml injection","vsac_rx_chemo_advanced","1"
"http://www.nlm.nih.gov/research/umls/rxnorm","1655967","4 ml methotrexate 25 mg/ml injection","vsac_rx_chemo_advanced","2"
"http://www.nlm.nih.gov/research/umls/rxnorm","1655968","8 ml methotrexate 25 mg/ml injection","vsac_rx_chemo_advanced","2"
"http://www.nlm.nih.gov/research/umls/rxnorm","1660004","thiotepa 100 mg injection","vsac_rx_chemo_advanced","6"
"http://www.nlm.nih.gov/research/umls/rxnorm","1660009","thiotepa 15 mg injection","vsac_rx_chemo_advanced","6"
"http://www.nlm.nih.gov/research/umls/rxnorm","1718589","trabectedin 1 mg injection","vsac_rx_chemo_advanced","6"
"http://www.nlm.nih.gov/research/umls/rxnorm","1719000","gemcitabine 200 mg injection","vsac_rx_chemo_advanced","6"
"http://www.nlm.nih.gov/research/umls/rxnorm","1719003","gemcitabine 1 gm injection","vsac_rx_chemo_advanced","6"
"http://www.nlm.nih.gov/research/umls/rxnorm","1719005","gemcitabine 2 gm injection","vsac_rx_chemo_advanced","6"
"http://www.nlm.nih.gov/research/umls/rxnorm","1720735","lomustine 5 mg oral capsule","vsac_rx_chemo_advanced","10"
"http://www.nlm.nih.gov/research/umls/rxnorm","1720960","26.3 ml gemcitabine 38 mg/ml injection","vsac_rx_chemo_advanced","3"
"http://www.nlm.nih.gov/research/umls/rxnorm","1720975","52.6 ml gemcitabine 38 mg/ml injection","vsac_rx_chemo_advanced","3"
"http://www.nlm.nih.gov/research/umls/rxnorm","1720977","5.26 ml gemcitabine 38 mg/ml injection","vsac_rx_chemo_advanced","3"
"http://www.nlm.nih.gov/research/umls/rxnorm","1726097","bendamustine hcl 25 mg/ml injectable solution","vsac_rx_chemo_advanced","3"
"http://www.nlm.nih.gov/research/umls/rxnorm","1726271","ixabepilone 45 mg injection","vsac_rx_chemo_advanced","6"
"http://www.nlm.nih.gov/research/umls/rxnorm","1726276","ixabepilone 15 mg injection","vsac_rx_chemo_advanced","6"
"http://www.nlm.nih.gov/research/umls/rxnorm","1726319","2 ml irinotecan hydrochloride 20 mg/ml injection","vsac_rx_chemo_advanced","5"
"http://www.nlm.nih.gov/research/umls/rxnorm","1726324","5 ml irinotecan hydrochloride 20 mg/ml injection","vsac_rx_chemo_advanced","5"
"http://www.nlm.nih.gov/research/umls/rxnorm","1726333","15 ml irinotecan hydrochloride 20 mg/ml injection","vsac_rx_chemo_advanced","5"
"http://www.nlm.nih.gov/research/umls/rxnorm","1726492","25 ml irinotecan hydrochloride 20 mg/ml injection","vsac_rx_chemo_advanced","5"
"http://www.nlm.nih.gov/research/umls/rxnorm","1726673","bleomycin 15 unt injection","vsac_rx_chemo_advanced","6"
"http://www.nlm.nih.gov/research/umls/rxnorm","1726676","bleomycin 30 unt injection","vsac_rx_chemo_advanced","6"
"http://www.nlm.nih.gov/research/umls/rxnorm","1728072","pemetrexed 500 mg injection","vsac_rx_chemo_advanced","9"
"http://www.nlm.nih.gov/research/umls/rxnorm","1728077","pemetrexed 100 mg injection","vsac_rx_chemo_advanced","9"
"http://www.nlm.nih.gov/research/umls/rxnorm","1731338","dacarbazine 200 mg injection","vsac_rx_chemo_advanced","6"
"http://www.nlm.nih.gov/research/umls/rxnorm","1731340","dacarbazine 100 mg injection","vsac_rx_chemo_advanced","6"
"http://www.nlm.nih.gov/research/umls/rxnorm","1731355","5 ml ara-c 20 mg/ml injection","vsac_rx_chemo_advanced","3"
"http://www.nlm.nih.gov/research/umls/rxnorm","1732182","25 ml epirubicin hydrochloride 2 mg/ml injection","vsac_rx_chemo_advanced","6"
"http://www.nlm.nih.gov/research/umls/rxnorm","1732186","100 ml epirubicin hydrochloride 2 mg/ml injection","vsac_rx_chemo_advanced","6"
"http://www.nlm.nih.gov/research/umls/rxnorm","1734340","etoposide 100 mg injection","vsac_rx_chemo_advanced","10"
"http://www.nlm.nih.gov/research/umls/rxnorm","1734917","cyclophosphamide 500 mg injection","vsac_rx_chemo_advanced","9"
"http://www.nlm.nih.gov/research/umls/rxnorm","1734919","cyclophosphamide 1 gm injection","vsac_rx_chemo_advanced","9"
"http://www.nlm.nih.gov/research/umls/rxnorm","1734921","cyclophosphamide 2 gm injection","vsac_rx_chemo_advanced","12"
"http://www.nlm.nih.gov/research/umls/rxnorm","1736776","10 ml oxaliplatin 5 mg/ml injection","vsac_rx_chemo_advanced","4"
"http://www.nlm.nih.gov/research/umls/rxnorm","1736781","20 ml oxaliplatin 5 mg/ml injection","vsac_rx_chemo_advanced","4"
"http://www.nlm.nih.gov/research/umls/rxnorm","1736784","oxaliplatin 50 mg injection","vsac_rx_chemo_advanced","8"
"http://www.nlm.nih.gov/research/umls/rxnorm","1736786","oxaliplatin 100 mg injection","vsac_rx_chemo_advanced","8"
"http://www.nlm.nih.gov/research/umls/rxnorm","1736854","cisplatin 50 mg injection","vsac_rx_chemo_advanced","18"
"http://www.nlm.nih.gov/research/umls/rxnorm","1740864","fludarabine phosphate 50 mg injection","vsac_rx_chemo_advanced","6"
"http://www.nlm.nih.gov/research/umls/rxnorm","1740865","2 ml fludarabine phosphate 25 mg/ml injection","vsac_rx_chemo_advanced","3"
"http://www.nlm.nih.gov/research/umls/rxnorm","1740894","mitomycin 5 mg injection","vsac_rx_chemo_advanced","9"
"http://www.nlm.nih.gov/research/umls/rxnorm","1740898","mitomycin 40 mg injection","vsac_rx_chemo_advanced","9"
"http://www.nlm.nih.gov/research/umls/rxnorm","1740900","mitomycin 20 mg injection","vsac_rx_chemo_advanced","9"
"http://www.nlm.nih.gov/research/umls/rxnorm","1747179","0.4 ml methotrexate 31.3 mg/ml auto-injector","vsac_rx_chemo_advanced","2"
"http://www.nlm.nih.gov/research/umls/rxnorm","1747185","0.4 ml methotrexate 43.8 mg/ml auto-injector","vsac_rx_chemo_advanced","2"
"http://www.nlm.nih.gov/research/umls/rxnorm","1747192","0.4 ml methotrexate 56.3 mg/ml auto-injector","vsac_rx_chemo_advanced","2"
"http://www.nlm.nih.gov/research/umls/rxnorm","1790095","doxorubicin hydrochloride 50 mg injection","vsac_rx_chemo_advanced","6"
"http://www.nlm.nih.gov/research/umls/rxnorm","1790097","5 ml doxorubicin hydrochloride 2 mg/ml injection","vsac_rx_chemo_advanced","6"
"http://www.nlm.nih.gov/research/umls/rxnorm","1790099","10 ml doxorubicin hydrochloride 2 mg/ml injection","vsac_rx_chemo_advanced","6"
"http://www.nlm.nih.gov/research/umls/rxnorm","1790100","25 ml doxorubicin hydrochloride 2 mg/ml injection","vsac_rx_chemo_advanced","6"
"http://www.nlm.nih.gov/research/umls/rxnorm","1790103","doxorubicin hydrochloride 10 mg injection","vsac_rx_chemo_advanced","6"
"http://www.nlm.nih.gov/research/umls/rxnorm","1791493","20 ml idarubicin hydrochloride 1 mg/ml injection","vsac_rx_chemo_advanced","6"
"http://www.nlm.nih.gov/research/umls/rxnorm","1791498","10 ml idarubicin hydrochloride 1 mg/ml injection","vsac_rx_chemo_advanced","6"
"http://www.nlm.nih.gov/research/umls/rxnorm","1791500","5 ml idarubicin hydrochloride 1 mg/ml injection","vsac_rx_chemo_advanced","6"
"http://www.nlm.nih.gov/research/umls/rxnorm","1791588","ifosfamide 3 gm injection","vsac_rx_chemo_advanced","8"
"http://www.nlm.nih.gov/research/umls/rxnorm","1791593","ifosfamide 1 gm injection","vsac_rx_chemo_advanced","8"
"http://www.nlm.nih.gov/research/umls/rxnorm","1791597","60 ml ifosfamide 50 mg/ml injection","vsac_rx_chemo_advanced","4"
"http://www.nlm.nih.gov/research/umls/rxnorm","1791599","20 ml ifosfamide 50 mg/ml injection","vsac_rx_chemo_advanced","4"
"http://www.nlm.nih.gov/research/umls/rxnorm","1791701","10 ml 5-5-fluorouracil 50 mg/ml injection","vsac_rx_chemo_advanced","3"
"http://www.nlm.nih.gov/research/umls/rxnorm","1791736","20 ml 5-5-fluorouracil 50 mg/ml injection","vsac_rx_chemo_advanced","3"
"http://www.nlm.nih.gov/research/umls/rxnorm","1796419","1 ml pralatrexate 20 mg/ml injection","vsac_rx_chemo_advanced","6"
"http://www.nlm.nih.gov/research/umls/rxnorm","1796424","2 ml pralatrexate 20 mg/ml injection","vsac_rx_chemo_advanced","6"
"http://www.nlm.nih.gov/research/umls/rxnorm","1797528","40 ml oxaliplatin 5 mg/ml injection","vsac_rx_chemo_advanced","4"
"http://www.nlm.nih.gov/research/umls/rxnorm","1799416","topotecan 4 mg injection","vsac_rx_chemo_advanced","8"
"http://www.nlm.nih.gov/research/umls/rxnorm","1799424","4 ml topotecan 1 mg/ml injection","vsac_rx_chemo_advanced","4"
"http://www.nlm.nih.gov/research/umls/rxnorm","1805001","bendamustine hcl 100 mg injection","vsac_rx_chemo_advanced","3"
"http://www.nlm.nih.gov/research/umls/rxnorm","1805007","bendamustine hcl 25 mg injection","vsac_rx_chemo_advanced","3"
"http://www.nlm.nih.gov/research/umls/rxnorm","1860480","1 ml docetaxel 20 mg/ml injection","vsac_rx_chemo_advanced","6"
"http://www.nlm.nih.gov/research/umls/rxnorm","1860485","4 ml docetaxel 20 mg/ml injection","vsac_rx_chemo_advanced","6"
"http://www.nlm.nih.gov/research/umls/rxnorm","1860619","2 ml docetaxel 10 mg/ml injection","vsac_rx_chemo_advanced","6"
"http://www.nlm.nih.gov/research/umls/rxnorm","1861411","8 ml docetaxel 20 mg/ml injection","vsac_rx_chemo_advanced","6"
"http://www.nlm.nih.gov/research/umls/rxnorm","1863343","1 ml vincristine sulfate 1 mg/ml injection","vsac_rx_chemo_advanced","10"
"http://www.nlm.nih.gov/research/umls/rxnorm","1863354","2 ml vincristine sulfate 1 mg/ml injection","vsac_rx_chemo_advanced","10"
"http://www.nlm.nih.gov/research/umls/rxnorm","1872062","doxorubicin hydrochloride 20 mg injection","vsac_rx_chemo_advanced","6"
"http://www.nlm.nih.gov/research/umls/rxnorm","1921592","methotrexate 2.5 mg/ml oral solution","vsac_rx_chemo_advanced","8"
"http://www.nlm.nih.gov/research/umls/rxnorm","1942743","cytarabine 100 mg / daunorubicin 44 mg liposome injection","vsac_rx_chemo_advanced","9"
"http://www.nlm.nih.gov/research/umls/rxnorm","1946772","methotrexate 25 mg/ml injectable solution","vsac_rx_chemo_advanced","4"
"http://www.nlm.nih.gov/research/umls/rxnorm","197323","altretamine 50 mg oral capsule","vsac_rx_chemo_advanced","6"
"http://www.nlm.nih.gov/research/umls/rxnorm","197422","busulfan 2 mg oral tablet","vsac_rx_chemo_advanced","6"
"http://www.nlm.nih.gov/research/umls/rxnorm","197462","chlorambucil 2 mg oral tablet","vsac_rx_chemo_advanced","6"
"http://www.nlm.nih.gov/research/umls/rxnorm","197687","etoposide 50 mg oral capsule","vsac_rx_chemo_advanced","10"
"http://www.nlm.nih.gov/research/umls/rxnorm","197797","hydroxyurea 500 mg oral capsule","vsac_rx_chemo_advanced","6"
"http://www.nlm.nih.gov/research/umls/rxnorm","197894","lomustine 10 mg oral capsule","vsac_rx_chemo_advanced","10"
"http://www.nlm.nih.gov/research/umls/rxnorm","197895","lomustine 100 mg oral capsule","vsac_rx_chemo_advanced","10"
"http://www.nlm.nih.gov/research/umls/rxnorm","197896","lomustine 40 mg oral capsule","vsac_rx_chemo_advanced","10"
"http://www.nlm.nih.gov/research/umls/rxnorm","197919","melphalan 2 mg oral tablet","vsac_rx_chemo_advanced","6"
"http://www.nlm.nih.gov/research/umls/rxnorm","197931","mercaptopurine 50 mg oral tablet","vsac_rx_chemo_advanced","8"
"http://www.nlm.nih.gov/research/umls/rxnorm","197988","mitotane 500 mg oral tablet","vsac_rx_chemo_advanced","6"
"http://www.nlm.nih.gov/research/umls/rxnorm","197989","mitoxantrone 2 mg/ml injectable solution","vsac_rx_chemo_advanced","9"
"http://www.nlm.nih.gov/research/umls/rxnorm","198269","thioguanine 40 mg oral tablet","vsac_rx_chemo_advanced","10"
"http://www.nlm.nih.gov/research/umls/rxnorm","1992545","6 ml arsenic trioxide 2 mg/ml injection","vsac_rx_chemo_advanced","2"
"http://www.nlm.nih.gov/research/umls/rxnorm","199315","etoposide 100 mg oral capsule","vsac_rx_chemo_advanced","10"
"http://www.nlm.nih.gov/research/umls/rxnorm","1998783","gemcitabine 100 mg/ml injectable solution","vsac_rx_chemo_advanced","6"
"http://www.nlm.nih.gov/research/umls/rxnorm","1999308","hydroxyurea 100 mg oral tablet","vsac_rx_chemo_advanced","6"
"http://www.nlm.nih.gov/research/umls/rxnorm","2002002","10 ml daunorubicin 5 mg/ml injection","vsac_rx_chemo_advanced","6"
"http://www.nlm.nih.gov/research/umls/rxnorm","200327","capecitabine 150 mg oral tablet","vsac_rx_chemo_advanced","6"
"http://www.nlm.nih.gov/research/umls/rxnorm","200328","capecitabine 500 mg oral tablet","vsac_rx_chemo_advanced","6"
"http://www.nlm.nih.gov/research/umls/rxnorm","200342","hydroxyurea 200 mg oral capsule","vsac_rx_chemo_advanced","6"
"http://www.nlm.nih.gov/research/umls/rxnorm","200343","hydroxyurea 300 mg oral capsule","vsac_rx_chemo_advanced","6"
"http://www.nlm.nih.gov/research/umls/rxnorm","200344","hydroxyurea 400 mg oral capsule","vsac_rx_chemo_advanced","6"
"http://www.nlm.nih.gov/research/umls/rxnorm","239177","fluorouracil 50 mg/ml injectable solution","vsac_rx_chemo_advanced","6"
"http://www.nlm.nih.gov/research/umls/rxnorm","239178","vinblastine sulfate 1 mg/ml injectable solution","vsac_rx_chemo_advanced","12"
"http://www.nlm.nih.gov/research/umls/rxnorm","239179","dactinomycin 500 mcg injection","vsac_rx_chemo_advanced","9"
"http://www.nlm.nih.gov/research/umls/rxnorm","239180","streptozocin 1 gm injection","vsac_rx_chemo_advanced","6"
"http://www.nlm.nih.gov/research/umls/rxnorm","240416","cytarabine 20 mg/ml injectable solution","vsac_rx_chemo_advanced","6"
"http://www.nlm.nih.gov/research/umls/rxnorm","240573","pentostatin 10 mg injection","vsac_rx_chemo_advanced","6"
"http://www.nlm.nih.gov/research/umls/rxnorm","240754","10 ml cladribine 1 mg/ml injection","vsac_rx_chemo_advanced","2"
"http://www.nlm.nih.gov/research/umls/rxnorm","240906","5 ml pegaspargase 750 unt/ml injection","vsac_rx_chemo_advanced","3"
"http://www.nlm.nih.gov/research/umls/rxnorm","249364","20 ml ara-c 100 mg/ml injection","vsac_rx_chemo_advanced","3"
"http://www.nlm.nih.gov/research/umls/rxnorm","253113","10 ml busulfan 6 mg/ml injection","vsac_rx_chemo_advanced","3"
"http://www.nlm.nih.gov/research/umls/rxnorm","283475","hydroxyurea 1000 mg oral tablet","vsac_rx_chemo_advanced","6"
"http://www.nlm.nih.gov/research/umls/rxnorm","283510","methotrexate 15 mg oral tablet","vsac_rx_chemo_advanced","8"
"http://www.nlm.nih.gov/research/umls/rxnorm","283511","methotrexate 5 mg oral tablet","vsac_rx_chemo_advanced","8"
"http://www.nlm.nih.gov/research/umls/rxnorm","283671","methotrexate 7.5 mg oral tablet","vsac_rx_chemo_advanced","8"
"http://www.nlm.nih.gov/research/umls/rxnorm","308725","bexarotene 75 mg oral capsule","vsac_rx_chemo_advanced","4"
"http://www.nlm.nih.gov/research/umls/rxnorm","309012","carmustine 100 mg injection","vsac_rx_chemo_advanced","8"
"http://www.nlm.nih.gov/research/umls/rxnorm","309013","carmustine 7.7 mg drug implant","vsac_rx_chemo_advanced","4"
"http://www.nlm.nih.gov/research/umls/rxnorm","309311","cisplatin 1 mg/ml injectable solution","vsac_rx_chemo_advanced","18"
"http://www.nlm.nih.gov/research/umls/rxnorm","309650","4 ml daunorubicin 5 mg/ml injection","vsac_rx_chemo_advanced","6"
"http://www.nlm.nih.gov/research/umls/rxnorm","310194","estramustine 140 mg oral capsule","vsac_rx_chemo_advanced","3"
"http://www.nlm.nih.gov/research/umls/rxnorm","310248","etoposide 20 mg/ml injectable solution","vsac_rx_chemo_advanced","10"
"http://www.nlm.nih.gov/research/umls/rxnorm","310351","floxuridine 500 mg injection","vsac_rx_chemo_advanced","6"
"http://www.nlm.nih.gov/research/umls/rxnorm","311487","melphalan 50 mg injection","vsac_rx_chemo_advanced","6"
"http://www.nlm.nih.gov/research/umls/rxnorm","311625","methotrexate 1 gm injection","vsac_rx_chemo_advanced","8"
"http://www.nlm.nih.gov/research/umls/rxnorm","312199","paclitaxel 6 mg/ml injectable solution","vsac_rx_chemo_advanced","9"
"http://www.nlm.nih.gov/research/umls/rxnorm","313209","temozolomide 20 mg oral capsule","vsac_rx_chemo_advanced","10"
"http://www.nlm.nih.gov/research/umls/rxnorm","313210","temozolomide 250 mg oral capsule","vsac_rx_chemo_advanced","10"
"http://www.nlm.nih.gov/research/umls/rxnorm","313211","temozolomide 5 mg oral capsule","vsac_rx_chemo_advanced","10"
"http://www.nlm.nih.gov/research/umls/rxnorm","313213","5 ml teniposide 10 mg/ml injection","vsac_rx_chemo_advanced","4"
"http://www.nlm.nih.gov/research/umls/rxnorm","314167","procarbazine 50 mg oral capsule","vsac_rx_chemo_advanced","4"
"http://www.nlm.nih.gov/research/umls/rxnorm","317160","temozolomide 100 mg oral capsule","vsac_rx_chemo_advanced","10"
"http://www.nlm.nih.gov/research/umls/rxnorm","485246","azacitidine 100 mg injection","vsac_rx_chemo_advanced","9"
"http://www.nlm.nih.gov/research/umls/rxnorm","486419","20 ml clofarabine 1 mg/ml injection","vsac_rx_chemo_advanced","3"
"http://www.nlm.nih.gov/research/umls/rxnorm","583214","paclitaxel 100 mg injection","vsac_rx_chemo_advanced","9"
"http://www.nlm.nih.gov/research/umls/rxnorm","597195","carboplatin 10 mg/ml injectable solution","vsac_rx_chemo_advanced","21"
"http://www.nlm.nih.gov/research/umls/rxnorm","603566","50 ml nelarabine 5 mg/ml injection","vsac_rx_chemo_advanced","3"
"http://www.nlm.nih.gov/research/umls/rxnorm","636631","decitabine 50 mg injection","vsac_rx_chemo_advanced","6"
"http://www.nlm.nih.gov/research/umls/rxnorm","700883","temozolomide 140 mg oral capsule","vsac_rx_chemo_advanced","10"
"http://www.nlm.nih.gov/research/umls/rxnorm","700885","temozolomide 180 mg oral capsule","vsac_rx_chemo_advanced","10"
"http://www.nlm.nih.gov/research/umls/rxnorm","747193","topotecan 1 mg oral capsule","vsac_rx_chemo_advanced","4"
"http://www.nlm.nih.gov/research/umls/rxnorm","747195","topotecan 0.25 mg oral capsule","vsac_rx_chemo_advanced","4"
"http://www.nlm.nih.gov/research/umls/rxnorm","828706","fludarabine phosphate 10 mg oral tablet","vsac_rx_chemo_advanced","6"
"http://www.nlm.nih.gov/research/umls/rxnorm","829926","10 ml arsenic trioxide 1 mg/ml injection","vsac_rx_chemo_advanced","2"
"http://www.nlm.nih.gov/research/umls/rxnorm","1152129","cisplatin injectable product","vsac_rx_class_platinum","10"
"http://www.nlm.nih.gov/research/umls/rxnorm","1156104","carboplatin injectable product","vsac_rx_class_platinum","12"
"http://www.nlm.nih.gov/research/umls/rxnorm","1182364","paraplatin injectable product","vsac_rx_class_platinum","6"
"http://www.nlm.nih.gov/research/umls/rxnorm","152200","paraplatin","vsac_rx_class_platinum","5"
"http://www.nlm.nih.gov/research/umls/rxnorm","1736852","cisplatin 50 mg","vsac_rx_class_platinum","8"
"http://www.nlm.nih.gov/research/umls/rxnorm","1736853","cisplatin injection","vsac_rx_class_platinum","10"
"http://www.nlm.nih.gov/research/umls/rxnorm","1736854","cisplatin 50 mg injection","vsac_rx_class_platinum","18"
"http://www.nlm.nih.gov/research/umls/rxnorm","2555","cisplatin","vsac_rx_class_platinum","8"
"http://www.nlm.nih.gov/research/umls/rxnorm","309311","cisplatin 1 mg/ml injectable solution","vsac_rx_class_platinum","18"
"http://www.nlm.nih.gov/research/umls/rxnorm","328303","cisplatin 1 mg/ml","vsac_rx_class_platinum","8"
"http://www.nlm.nih.gov/research/umls/rxnorm","346209","carboplatin 10 mg/ml","vsac_rx_class_platinum","8"
"http://www.nlm.nih.gov/research/umls/rxnorm","376433","cisplatin injectable solution","vsac_rx_class_platinum","10"
"http://www.nlm.nih.gov/research/umls/rxnorm","378363","carboplatin injectable solution","vsac_rx_class_platinum","12"
"http://www.nlm.nih.gov/research/umls/rxnorm","40048","carboplatin","vsac_rx_class_platinum","12"
"http://www.nlm.nih.gov/research/umls/rxnorm","573495","carboplatin 10 mg/ml [paraplatin]","vsac_rx_class_platinum","8"
"http://www.nlm.nih.gov/research/umls/rxnorm","597195","carboplatin 10 mg/ml injectable solution","vsac_rx_class_platinum","21"
"http://www.nlm.nih.gov/research/umls/rxnorm","686161","carboplatin 10 mg/ml injectable solution [paraplatin]","vsac_rx_class_platinum","12"
"http://www.nlm.nih.gov/research/umls/rxnorm","93698","carboplatin injectable solution [paraplatin]","vsac_rx_class_platinum","12"
"http://www.nlm.nih.gov/research/umls/rxnorm","1247774","DOXOrubicin hydrochloride liposome 2 MG/ML [LipoDox]"
"http://www.nlm.nih.gov/research/umls/rxnorm","1724308","temsirolimus 25 MG/ML Injection"
"http://www.nlm.nih.gov/research/umls/rxnorm","1724309","temsirolimus 25 MG/ML Injection [Torisel]"
"http://www.nlm.nih.gov/research/umls/rxnorm","1790098","DOXOrubicin hydrochloride 2 MG/ML Injection"
"http://www.nlm.nih.gov/research/umls/rxnorm","1790116","DOXOrubicin hydrochloride liposome 2 MG/ML Injection"
"http://www.nlm.nih.gov/research/umls/rxnorm","1790129","DOXOrubicin hydrochloride liposome 2 MG/ML Injection [Doxil]"
"http://www.nlm.nih.gov/research/umls/rxnorm","1790177","25 ML DOXOrubicin hydrochloride liposome 2 MG/ML Injection [LipoDox]"
"http://www.nlm.nih.gov/research/umls/rxnorm","1790178","DOXOrubicin hydrochloride liposome 2 MG/ML Injection [LipoDox]"
"http://www.nlm.nih.gov/research/umls/rxnorm","1790181","10 ML DOXOrubicin hydrochloride liposome 2 MG/ML Injection [LipoDox]"
"http://www.nlm.nih.gov/research/umls/rxnorm","1799306","DOXOrubicin hydrochloride 2 MG/ML Injection [Adriamycin]"
"http://www.nlm.nih.gov/research/umls/rxnorm","2284504","DOXOrubicin Injection [LipoDox]"
"http://www.nlm.nih.gov/research/umls/rxnorm","2596861","sirolimus 0.002 MG/MG"
"http://www.nlm.nih.gov/research/umls/rxnorm","2596862","sirolimus Topical Product"
"http://www.nlm.nih.gov/research/umls/rxnorm","2596863","sirolimus Topical Gel"
"http://www.nlm.nih.gov/research/umls/rxnorm","2596864","sirolimus 0.2 % Topical Gel"
"http://www.nlm.nih.gov/research/umls/rxnorm","2596866","sirolimus 0.002 MG/MG [Hyftor]"
"http://www.nlm.nih.gov/research/umls/rxnorm","2596868","sirolimus Topical Gel [Hyftor]"
"http://www.nlm.nih.gov/research/umls/rxnorm","2596869","sirolimus 0.002 MG/MG Topical Gel [Hyftor]"
"http://www.nlm.nih.gov/research/umls/rxnorm","2645409","DOXOrubicin hydrochloride Injection"
"http://www.nlm.nih.gov/research/umls/rxnorm","2645510","DOXOrubicin hydrochloride Injectable Solution"
"http://www.nlm.nih.gov/research/umls/rxnorm","2645949","DOXOrubicin hydrochloride liposome Injection"
"http://www.nlm.nih.gov/research/umls/rxnorm","2654527","DOXOrubicin hydrochloride Injectable Solution [Adriamycin]"
"http://www.nlm.nih.gov/research/umls/rxnorm","2655548","DOXOrubicin hydrochloride liposome Injection [Doxil]"
"http://www.nlm.nih.gov/research/umls/rxnorm","2656508","DOXOrubicin hydrochloride liposome Injection [LipoDox]"
"http://www.nlm.nih.gov/research/umls/rxnorm","2657399","DOXOrubicin hydrochloride Injection [Adriamycin]"
"http://www.nlm.nih.gov/research/umls/rxnorm","2660771","DOXOrubicin hydrochloride liposome Injectable Product"
"http://www.nlm.nih.gov/research/umls/rxnorm","2662060","DOXOrubicin hydrochloride Injectable Product"
"http://www.nlm.nih.gov/research/umls/rxnorm","2675322","DOXOrubicin hydrochloride liposome 2 MG/ML [Caelyx]"
"http://www.nlm.nih.gov/research/umls/rxnorm","2675324","DOXOrubicin Injection [Caelyx]"
"http://www.nlm.nih.gov/research/umls/rxnorm","2675325","DOXOrubicin hydrochloride liposome Injection [Caelyx]"
"http://www.nlm.nih.gov/research/umls/rxnorm","2675326","10 ML DOXOrubicin hydrochloride liposome 2 MG/ML Injection [Caelyx]"
"http://www.nlm.nih.gov/research/umls/rxnorm","2675327","DOXOrubicin hydrochloride liposome 2 MG/ML Injection [Caelyx]"
"http://www.nlm.nih.gov/research/umls/rxnorm","2675983","4-hydroxycyclophosphamide"
"http://www.nlm.nih.gov/research/umls/rxnorm","2679072","cycloPHOSphamide 100 MG/ML"
"http://www.nlm.nih.gov/research/umls/rxnorm","2685198","everolimus 2.5 MG [Torpenz]"
"http://www.nlm.nih.gov/research/umls/rxnorm","2685198","everolimus 2.5 MG [Torpenz]"
"http://www.nlm.nih.gov/research/umls/rxnorm","2685200","Torpenz Pill"
"http://www.nlm.nih.gov/research/umls/rxnorm","2685203","everolimus 10 MG [Torpenz]"
"http://www.nlm.nih.gov/research/umls/rxnorm","2685203","everolimus 10 MG [Torpenz]"
"http://www.nlm.nih.gov/research/umls/rxnorm","2685205","everolimus 5 MG [Torpenz]"
"http://www.nlm.nih.gov/research/umls/rxnorm","2685205","everolimus 5 MG [Torpenz]"
"http://www.nlm.nih.gov/research/umls/rxnorm","2685207","everolimus 7.5 MG [Torpenz]"
"http://www.nlm.nih.gov/research/umls/rxnorm","2685207","everolimus 7.5 MG [Torpenz]"
"http://www.nlm.nih.gov/research/umls/rxnorm","2690647","vorasidenib"
"http://www.nlm.nih.gov/research/umls/rxnorm","2690648","vorasidenib citrate"
"http://www.nlm.nih.gov/research/umls/rxnorm","2690649","vorasidenib 10 MG"
"http://www.nlm.nih.gov/research/umls/rxnorm","2690650","vorasidenib Oral Product"
"http://www.nlm.nih.gov/research/umls/rxnorm","2690651","vorasidenib Pill"
"http://www.nlm.nih.gov/research/umls/rxnorm","2690652","vorasidenib Oral Tablet"
"http://www.nlm.nih.gov/research/umls/rxnorm","2690653","vorasidenib 10 MG Oral Tablet"
"http://www.nlm.nih.gov/research/umls/rxnorm","2690655","vorasidenib 10 MG [Voranigo]"
"http://www.nlm.nih.gov/research/umls/rxnorm","2690658","vorasidenib Oral Tablet [Voranigo]"
"http://www.nlm.nih.gov/research/umls/rxnorm","2690659","vorasidenib 10 MG Oral Tablet [Voranigo]"
"http://www.nlm.nih.gov/research/umls/rxnorm","2690660","vorasidenib 40 MG"
"http://www.nlm.nih.gov/research/umls/rxnorm","2690661","vorasidenib 40 MG Oral Tablet"
"http://www.nlm.nih.gov/research/umls/rxnorm","2690662","vorasidenib 40 MG [Voranigo]"
"http://www.nlm.nih.gov/research/umls/rxnorm","2690663","vorasidenib 40 MG Oral Tablet [Voranigo]"
"http://www.nlm.nih.gov/research/umls/rxnorm","2690857","{16 (tovorafenib 100 MG Oral Tablet) } Pack"
"http://www.nlm.nih.gov/research/umls/rxnorm","2690858","ojemda 400 MG Weekly Dose Carton Pack"
"http://www.nlm.nih.gov/research/umls/rxnorm","2690858","{16 (tovorafenib 100 MG Oral Tablet [Ojemda]) } Pack [Ojemda 400 MG Once Weekly Carton]"
"http://www.nlm.nih.gov/research/umls/rxnorm","2690859","{20 (tovorafenib 100 MG Oral Tablet) } Pack"
"http://www.nlm.nih.gov/research/umls/rxnorm","2690860","ojemda 500 MG Weekly Dose Carton Pack"
"http://www.nlm.nih.gov/research/umls/rxnorm","2690860","{20 (tovorafenib 100 MG Oral Tablet [Ojemda]) } Pack [Ojemda 500 MG Once Weekly Carton]"
"http://www.nlm.nih.gov/research/umls/rxnorm","2690861","{24 (tovorafenib 100 MG Oral Tablet) } Pack"
"http://www.nlm.nih.gov/research/umls/rxnorm","2690862","ojemda 600 MG Weekly Dose Carton Pack"
"http://www.nlm.nih.gov/research/umls/rxnorm","2690862","{24 (tovorafenib 100 MG Oral Tablet [Ojemda]) } Pack [Ojemda 600 MG Once Weekly Carton]"
"http://www.nlm.nih.gov/research/umls/rxnorm","2700660","bevacizumab-tnjn"
"http://www.nlm.nih.gov/research/umls/rxnorm","2700732","bevacizumab-tnjn 25 MG/ML"
"http://www.nlm.nih.gov/research/umls/rxnorm","2700733","bevacizumab-tnjn Injectable Product"
"http://www.nlm.nih.gov/research/umls/rxnorm","2700734","bevacizumab-tnjn Injection"
"http://www.nlm.nih.gov/research/umls/rxnorm","2700735","4 ML bevacizumab-tnjn 25 MG/ML Injection"
"http://www.nlm.nih.gov/research/umls/rxnorm","2700736","bevacizumab-tnjn 25 MG/ML Injection"
"http://www.nlm.nih.gov/research/umls/rxnorm","2700737","Avzivi"
"http://www.nlm.nih.gov/research/umls/rxnorm","2700738","bevacizumab-tnjn 25 MG/ML [Avzivi]"
"http://www.nlm.nih.gov/research/umls/rxnorm","2700738","bevacizumab-tnjn 25 MG/ML [Avzivi]"
"http://www.nlm.nih.gov/research/umls/rxnorm","2700739","Avzivi Injectable Product"
"http://www.nlm.nih.gov/research/umls/rxnorm","2700740","bevacizumab Injection [Avzivi]"
"http://www.nlm.nih.gov/research/umls/rxnorm","2700740","bevacizumab Injection [Avzivi]"
"http://www.nlm.nih.gov/research/umls/rxnorm","2700741","bevacizumab-tnjn Injection [Avzivi]"
"http://www.nlm.nih.gov/research/umls/rxnorm","2700741","bevacizumab-tnjn Injection [Avzivi]"
"http://www.nlm.nih.gov/research/umls/rxnorm","2700742","4 ML Avzivi 25 MG/ML Injection"
"http://www.nlm.nih.gov/research/umls/rxnorm","2700742","4 ML bevacizumab-tnjn 25 MG/ML Injection [Avzivi]"
"http://www.nlm.nih.gov/research/umls/rxnorm","2700743","Avzivi 25 MG/ML Injection"
"http://www.nlm.nih.gov/research/umls/rxnorm","2700743","bevacizumab-tnjn 25 MG/ML Injection [Avzivi]"
"http://www.nlm.nih.gov/research/umls/rxnorm","2700744","16 ML bevacizumab-tnjn 25 MG/ML Injection"
"http://www.nlm.nih.gov/research/umls/rxnorm","2700745","16 ML Avzivi 25 MG/ML Injection"
"http://www.nlm.nih.gov/research/umls/rxnorm","2700745","16 ML bevacizumab-tnjn 25 MG/ML Injection [Avzivi]"
"http://www.nlm.nih.gov/research/umls/rxnorm","2700791","nivolumab-nvhy"
"http://www.nlm.nih.gov/research/umls/rxnorm","2700792","nivolumab-nvhy 120 MG/ML"
"http://www.nlm.nih.gov/research/umls/rxnorm","2700793","hyaluronidase / nivolumab"
"http://www.nlm.nih.gov/research/umls/rxnorm","2700794","hyaluronidase / nivolumab Injectable Product"
"http://www.nlm.nih.gov/research/umls/rxnorm","2700795","hyaluronidase / nivolumab Injection"
"http://www.nlm.nih.gov/research/umls/rxnorm","2700796","hyaluronidase-nvhy / nivolumab-nvhy Injectable Product"
"http://www.nlm.nih.gov/research/umls/rxnorm","2700797","hyaluronidase-nvhy / nivolumab-nvhy Injection"
"http://www.nlm.nih.gov/research/umls/rxnorm","2700798","nivolumab-hyaluronidase-nvhy 600 MG / 10,000 UNT in 5 ML Injection"
"http://www.nlm.nih.gov/research/umls/rxnorm","2700799","hyaluronidase-nvhy 2000 UNT/ML / nivolumab-nvhy 120 MG/ML Injection"
"http://www.nlm.nih.gov/research/umls/rxnorm","2700801","hyaluronidase-nvhy 2000 UNT/ML / nivolumab-nvhy 120 MG/ML [Opdivo Qvantig]"
"http://www.nlm.nih.gov/research/umls/rxnorm","2700803","hyaluronidase / nivolumab Injection [Opdivo Qvantig]"
"http://www.nlm.nih.gov/research/umls/rxnorm","2700804","hyaluronidase-nvhy / nivolumab-nvhy Injection [Opdivo Qvantig]"
"http://www.nlm.nih.gov/research/umls/rxnorm","2700805","Opdivo Qvantig (nivolumab-hyaluronidase-nvhy 600 MG / 10,000 UNT) per 5 ML Injection"
"http://www.nlm.nih.gov/research/umls/rxnorm","2700806","hyaluronidase-nvhy 2000 UNT/ML / nivolumab-nvhy 120 MG/ML Injection [Opdivo Qvantig]"
"http://www.nlm.nih.gov/research/umls/rxnorm","2703027","cycloPHOSphamide 500 MG/ML Injectable Solution"
"http://www.nlm.nih.gov/research/umls/rxnorm","2703029","cycloPHOSphamide 500 MG/ML [Frindovyx]"
"http://www.nlm.nih.gov/research/umls/rxnorm","2703031","cycloPHOSphamide Injectable Solution [Frindovyx]"
"http://www.nlm.nih.gov/research/umls/rxnorm","2703032","cycloPHOSphamide 500 MG/ML Injectable Solution [Frindovyx]"
"http://www.nlm.nih.gov/research/umls/rxnorm","2712044","bevacizumab-nwgd"
"http://www.nlm.nih.gov/research/umls/rxnorm","2712045","bevacizumab-nwgd 25 MG/ML"
"http://www.nlm.nih.gov/research/umls/rxnorm","2712046","bevacizumab-nwgd Injectable Product"
"http://www.nlm.nih.gov/research/umls/rxnorm","2712047","bevacizumab-nwgd Injection"
"http://www.nlm.nih.gov/research/umls/rxnorm","2712048","4 ML bevacizumab-nwgd 25 MG/ML Injection"
"http://www.nlm.nih.gov/research/umls/rxnorm","2712049","bevacizumab-nwgd 25 MG/ML Injection"
"http://www.nlm.nih.gov/research/umls/rxnorm","2712050","Jobevne"
"http://www.nlm.nih.gov/research/umls/rxnorm","2712051","bevacizumab-nwgd 25 MG/ML [Jobevne]"
"http://www.nlm.nih.gov/research/umls/rxnorm","2712051","bevacizumab-nwgd 25 MG/ML [Jobevne]"
"http://www.nlm.nih.gov/research/umls/rxnorm","2712052","Jobevne Injectable Product"
"http://www.nlm.nih.gov/research/umls/rxnorm","2712053","bevacizumab Injection [Jobevne]"
"http://www.nlm.nih.gov/research/umls/rxnorm","2712053","bevacizumab Injection [Jobevne]"
"http://www.nlm.nih.gov/research/umls/rxnorm","2712054","bevacizumab-nwgd Injection [Jobevne]"
"http://www.nlm.nih.gov/research/umls/rxnorm","2712054","bevacizumab-nwgd Injection [Jobevne]"
"http://www.nlm.nih.gov/research/umls/rxnorm","2712055","4 ML bevacizumab-nwgd 25 MG/ML Injection [Jobevne]"
"http://www.nlm.nih.gov/research/umls/rxnorm","2712055","Jobevne 100 MG in 4 ML Injection"
"http://www.nlm.nih.gov/research/umls/rxnorm","2712056","Jobevne 25 MG/ML Injection"
"http://www.nlm.nih.gov/research/umls/rxnorm","2712056","bevacizumab-nwgd 25 MG/ML Injection [Jobevne]"
"http://www.nlm.nih.gov/research/umls/rxnorm","2712057","16 ML bevacizumab-nwgd 25 MG/ML Injection"
"http://www.nlm.nih.gov/research/umls/rxnorm","2712058","16 ML bevacizumab-nwgd 25 MG/ML Injection [Jobevne]"
"http://www.nlm.nih.gov/research/umls/rxnorm","2712058","Jobevne 400 MG in 16 ML Injection"
"http://www.nlm.nih.gov/research/umls/rxnorm","2712352","sirolimus protein-bound"
"http://www.nlm.nih.gov/research/umls/rxnorm","2717265","sirolimus 2.4 MG"
"http://www.nlm.nih.gov/research/umls/rxnorm","2717266","sirolimus Delayed Release Oral Tablet"
"http://www.nlm.nih.gov/research/umls/rxnorm","2717267","sirolimus 2.4 MG Delayed Release Oral Tablet"
"http://www.nlm.nih.gov/research/umls/rxnorm","2717269","sirolimus 2.4 MG [Felycin]"
"http://www.nlm.nih.gov/research/umls/rxnorm","2717272","sirolimus Delayed Release Oral Tablet [Felycin]"
"http://www.nlm.nih.gov/research/umls/rxnorm","2717273","sirolimus 2.4 MG Delayed Release Oral Tablet [Felycin]"
"http://www.nlm.nih.gov/research/umls/rxnorm","2717274","sirolimus 1.2 MG"
"http://www.nlm.nih.gov/research/umls/rxnorm","2717275","sirolimus 1.2 MG Delayed Release Oral Tablet"
"http://www.nlm.nih.gov/research/umls/rxnorm","2717276","sirolimus 1.2 MG [Felycin]"
"http://www.nlm.nih.gov/research/umls/rxnorm","2717277","sirolimus 1.2 MG Delayed Release Oral Tablet [Felycin]"
"http://www.nlm.nih.gov/research/umls/rxnorm","2717278","sirolimus 0.4 MG"
"http://www.nlm.nih.gov/research/umls/rxnorm","2717279","sirolimus 0.4 MG Delayed Release Oral Tablet"
"http://www.nlm.nih.gov/research/umls/rxnorm","2717280","sirolimus 0.4 MG [Felycin]"
"http://www.nlm.nih.gov/research/umls/rxnorm","2717281","sirolimus 0.4 MG Delayed Release Oral Tablet [Felycin]"
"http://www.nlm.nih.gov/research/umls/rxnorm","2721599","CARBOplatin 10 MG/ML [Kyxata]"
"http://www.nlm.nih.gov/research/umls/rxnorm","2721599","CARBOplatin 10 MG/ML [Kyxata]"
"http://www.nlm.nih.gov/research/umls/rxnorm","2721601","CARBOplatin Injectable Solution [Kyxata]"
"http://www.nlm.nih.gov/research/umls/rxnorm","2721601","CARBOplatin Injectable Solution [Kyxata]"
"http://www.nlm.nih.gov/research/umls/rxnorm","2721602","CARBOplatin 10 MG/ML Injectable Solution [Kyxata]"
"http://www.nlm.nih.gov/research/umls/rxnorm","2721602","CARBOplatin 10 MG/ML Injectable Solution [Kyxata]"
"http://www.nlm.nih.gov/research/umls/rxnorm","329664","cycloPHOSphamide 20 MG/ML"
"http://www.nlm.nih.gov/research/umls/rxnorm","360864","ifosfamide 80 MG/ML"
"http://www.nlm.nih.gov/research/umls/rxnorm","432527","thalidomide 100 MG Oral Tablet"
"http://www.nlm.nih.gov/research/umls/rxnorm","438828","cycloPHOSphamide 10 MG/ML"
"http://www.nlm.nih.gov/research/umls/rxnorm","438830","cycloPHOSphamide 5 MG/ML"
"http://www.nlm.nih.gov/research/umls/rxnorm","438831","cycloPHOSphamide 7.5 MG/ML"
"http://www.nlm.nih.gov/research/umls/rxnorm","440545","ifosfamide 200 MG/ML"
"http://www.nlm.nih.gov/research/umls/rxnorm","440546","ifosfamide 40 MG/ML"
"http://www.nlm.nih.gov/research/umls/rxnorm","451835","etoposide 10 MG/ML"
"http://www.nlm.nih.gov/research/umls/rxnorm","452059","thalidomide Oral Tablet"
"http://www.nlm.nih.gov/research/umls/rxnorm","545125","CARBOplatin 5 MG/ML"
"http://www.nlm.nih.gov/research/umls/rxnorm","545125","CARBOplatin 5 MG/ML"
"http://www.nlm.nih.gov/research/umls/rxnorm","845508","{28 (everolimus 10 MG Oral Tablet) } Pack"
"http://www.nlm.nih.gov/research/umls/rxnorm","845516","{28 (everolimus 5 MG Oral Tablet) } Pack"
"http://www.nlm.nih.gov/research/umls/rxnorm","894901","vinCRIStine sulfate 0.1 MG/ML"
"http://www.nlm.nih.gov/research/umls/rxnorm","894903","vinCRIStine sulfate 0.2 MG/ML"
"http://www.nlm.nih.gov/research/umls/rxnorm","899367","{10 (20 ML ifosfamide 50 MG/ML Injection) / 10 (mesna 100 MG/ML Injectable Solution) } Pack"
"http://www.nlm.nih.gov/research/umls/rxnorm","900173","{2 (60 ML ifosfamide 50 MG/ML Injection) / 6 (mesna 100 MG/ML Injectable Solution) } Pack"
"http://www.nlm.nih.gov/research/umls/rxnorm","900175","{5 (20 ML ifosfamide 50 MG/ML Injection) / 3 (mesna 100 MG/ML Injectable Solution) } Pack"
